make[4]: Entering directory '/mnt/git-volume/linux-mainline'
make[5]: Entering directory '/mnt/git-volume/kernel-test-mainline/build/randdefconfig-x86_64'
*** Default configuration is based on 'x86_64_defconfig'
#
# configuration written to .config
#
make[5]: Leaving directory '/mnt/git-volume/kernel-test-mainline/build/randdefconfig-x86_64'
make[4]: Leaving directory '/mnt/git-volume/linux-mainline'
make[4]: Entering directory '/mnt/git-volume/linux-mainline'
make[5]: Entering directory '/mnt/git-volume/kernel-test-mainline/build/randdefconfig-x86_64'
.config:5466:warning: override: reassigning to symbol HAVE_FUNCTION_ARG_ACCESS_API
.config:5467:warning: override: reassigning to symbol KRETPROBE_ON_RETHOOK
.config:5468:warning: override: reassigning to symbol BCMA_POSSIBLE
.config:5469:warning: override: reassigning to symbol WLAN_VENDOR_MARVELL
.config:5470:warning: override: reassigning to symbol INPUT_FF_MEMLESS
.config:5471:warning: override: reassigning to symbol HUGETLB_PMD_PAGE_TABLE_SHARING
.config:5472:warning: override: reassigning to symbol ARCH_HAS_SYNC_CORE_BEFORE_USERMODE
.config:5473:warning: override: reassigning to symbol AIO
.config:5474:warning: override: reassigning to symbol HARDIRQS_SW_RESEND
.config:5475:warning: override: reassigning to symbol NF_CONNTRACK
.config:5476:warning: override: reassigning to symbol DECOMPRESS_ZSTD
.config:5477:warning: override: reassigning to symbol MITIGATION_TSA
.config:5478:warning: override: reassigning to symbol ZSTD_COMMON
.config:5479:warning: override: reassigning to symbol X86_X2APIC
.config:5480:warning: override: reassigning to symbol COMPAT_32
.config:5481:warning: override: reassigning to symbol WLAN_VENDOR_MICROCHIP
.config:5482:warning: override: reassigning to symbol GENERIC_IOMAP
.config:5483:warning: override: reassigning to symbol X86_DISABLED_FEATURE_SEV_SNP
.config:5484:warning: override: reassigning to symbol NETFILTER_XT_MATCH_CONNTRACK
.config:5485:warning: override: reassigning to symbol NVMEM
.config:5486:warning: override: reassigning to symbol SPARSEMEM_VMEMMAP
.config:5487:warning: override: reassigning to symbol HAVE_NOINSTR_VALIDATION
.config:5488:warning: override: reassigning to symbol RING_BUFFER
.config:5489:warning: override: reassigning to symbol NFS_USE_KERNEL_DNS
.config:5490:warning: override: reassigning to symbol NLS_UTF8
.config:5491:warning: override: reassigning to symbol USB_COMMON
.config:5492:warning: override: reassigning to symbol IOMMU_API
.config:5493:warning: override: reassigning to symbol KEXEC
.config:5494:warning: override: reassigning to symbol IOMMU_DMA
.config:5495:warning: override: reassigning to symbol HAVE_FUTEX_ROBUST_UNLOCK
.config:5496:warning: override: reassigning to symbol EDAC_SUPPORT
.config:5497:warning: override: reassigning to symbol INOTIFY_USER
.config:5498:warning: override: reassigning to symbol BLOCK_LEGACY_AUTOLOAD
.config:5499:warning: override: reassigning to symbol VIRTIO_DMA_SHARED_BUFFER
.config:5500:warning: override: reassigning to symbol GENERIC_CLOCKEVENTS_MIN_ADJUST
.config:5501:warning: override: reassigning to symbol CRYPTO_LIB_AES_CBC_MACS
.config:5502:warning: override: reassigning to symbol DRM_DISPLAY_DSC_HELPER
.config:5503:warning: override: reassigning to symbol NET_SELFTESTS
.config:5504:warning: override: reassigning to symbol RT_MUTEXES
.config:5505:warning: override: reassigning to symbol KVM_GUEST
.config:5506:warning: override: reassigning to symbol DEBUG_BUGVERBOSE
.config:5507:warning: override: reassigning to symbol ACPI_SLEEP
.config:5508:warning: override: reassigning to symbol CC_CAN_LINK
.config:5509:warning: override: reassigning to symbol I2C_SMBUS
.config:5510:warning: override: reassigning to symbol NEED_SG_DMA_FLAGS
.config:5511:warning: override: reassigning to symbol SCSI_COMMON
.config:5512:warning: override: reassigning to symbol IOMMU_SVA
.config:5513:warning: override: reassigning to symbol UNIX
.config:5514:warning: override: reassigning to symbol DRM_VIRTIO_GPU_KMS
.config:5515:warning: override: reassigning to symbol HAVE_DYNAMIC_FTRACE_NO_PATCHABLE
.config:5516:warning: override: reassigning to symbol SERIAL_8250_PERICOM
.config:5517:warning: override: reassigning to symbol VMAP_STACK
.config:5518:warning: override: reassigning to symbol NET_VENDOR_AMD
.config:5519:warning: override: reassigning to symbol PRINTK_TIME
.config:5520:warning: override: reassigning to symbol WLAN_VENDOR_INTEL
.config:5521:warning: override: reassigning to symbol DRM_DISPLAY_DP_HELPER
.config:5522:warning: override: reassigning to symbol GENERIC_IRQ_RESERVATION_MODE
.config:5523:warning: override: reassigning to symbol NET_VENDOR_ROCKER
.config:5524:warning: override: reassigning to symbol CC_HAS_NAMED_AS_FIXED_SANITIZERS
.config:5525:warning: override: reassigning to symbol X86_ACPI_CPUFREQ
.config:5526:warning: override: reassigning to symbol NFS_ACL_SUPPORT
.config:5527:warning: override: reassigning to symbol SERIAL_CORE_CONSOLE
.config:5528:warning: override: reassigning to symbol RTC_INTF_PROC
.config:5529:warning: override: reassigning to symbol DMI_SCAN_MACHINE_NON_EFI_FALLBACK
.config:5530:warning: override: reassigning to symbol HOTPLUG_CORE_SYNC_DEAD
.config:5531:warning: override: reassigning to symbol X86_AMD_PSTATE
.config:5532:warning: override: reassigning to symbol NET_VENDOR_EZCHIP
.config:5533:warning: override: reassigning to symbol MMU_GATHER_MERGE_VMAS
.config:5534:warning: override: reassigning to symbol ARCH_ENABLE_MEMORY_HOTPLUG
.config:5535:warning: override: reassigning to symbol HAVE_ARCH_KCSAN
.config:5536:warning: override: reassigning to symbol ETHTOOL_NETLINK
.config:5537:warning: override: reassigning to symbol DRM
.config:5538:warning: override: reassigning to symbol CGROUP_NET_PRIO
.config:5539:warning: override: reassigning to symbol DEFAULT_CUBIC
.config:5540:warning: override: reassigning to symbol NET_VENDOR_REALTEK
.config:5541:warning: override: reassigning to symbol PCI_MMCONFIG
.config:5542:warning: override: reassigning to symbol ARCH_HAS_SYSCALL_WRAPPER
.config:5543:warning: override: reassigning to symbol FTRACE
.config:5544:warning: override: reassigning to symbol DEBUG_MISC
.config:5545:warning: override: reassigning to symbol NET_VENDOR_DAVICOM
.config:5546:warning: override: reassigning to symbol KVFREE_RCU_BATCHED
.config:5547:warning: override: reassigning to symbol NF_NAT
.config:5548:warning: override: reassigning to symbol GENERIC_IRQ_EFFECTIVE_AFF_MASK
.config:5549:warning: override: reassigning to symbol MQ_IOSCHED_KYBER
.config:5550:warning: override: reassigning to symbol DRM_I915_CAPTURE_ERROR
.config:5551:warning: override: reassigning to symbol TRACEPOINTS
.config:5552:warning: override: reassigning to symbol CRYPTO_ECB
.config:5553:warning: override: reassigning to symbol IO_URING_ZCRX
.config:5554:warning: override: reassigning to symbol WLAN_VENDOR_INTERSIL
.config:5555:warning: override: reassigning to symbol IOMMU_PT_AMDV1
.config:5556:warning: override: reassigning to symbol XZ_DEC
.config:5557:warning: override: reassigning to symbol WERROR
.config:5558:warning: override: reassigning to symbol PADATA
.config:5559:warning: override: reassigning to symbol NET_VENDOR_3COM
.config:5560:warning: override: reassigning to symbol BQL
.config:5561:warning: override: reassigning to symbol SCHED_MM_CID
.config:5562:warning: override: reassigning to symbol XXHASH
.config:5563:warning: override: reassigning to symbol PID_NS
.config:5564:warning: override: reassigning to symbol X86
.config:5565:warning: override: reassigning to symbol NET_VENDOR_SYNOPSYS
.config:5566:warning: override: reassigning to symbol PM_SLEEP
.config:5567:warning: override: reassigning to symbol WIRELESS
.config:5568:warning: override: reassigning to symbol X86_DISABLED_FEATURE_USER_SHSTK
.config:5569:warning: override: reassigning to symbol WLAN_VENDOR_ATH
.config:5570:warning: override: reassigning to symbol NLATTR
.config:5571:warning: override: reassigning to symbol USB_PCI_AMD
.config:5572:warning: override: reassigning to symbol NET_VENDOR_INTEL
.config:5573:warning: override: reassigning to symbol ACPI_THERMAL
.config:5574:warning: override: reassigning to symbol ACPI_FAN
.config:5575:warning: override: reassigning to symbol ARCH_HAS_FAST_MULTIPLIER
.config:5576:warning: override: reassigning to symbol IP_ADVANCED_ROUTER
.config:5577:warning: override: reassigning to symbol TRACING
.config:5578:warning: override: reassigning to symbol CC_HAS_AUTO_VAR_INIT_ZERO_BARE
.config:5579:warning: override: reassigning to symbol RTC_LIB
.config:5580:warning: override: reassigning to symbol FIB_RULES
.config:5581:warning: override: reassigning to symbol AS_WRUSS
.config:5582:warning: override: reassigning to symbol LOCK_DEBUGGING_SUPPORT
.config:5583:warning: override: reassigning to symbol HW_RANDOM_VIA
.config:5584:warning: override: reassigning to symbol CC_NO_STRINGOP_OVERFLOW
.config:5585:warning: override: reassigning to symbol NETCONSOLE
.config:5586:warning: override: reassigning to symbol FSNOTIFY
.config:5587:warning: override: reassigning to symbol IP_PNP
.config:5588:warning: override: reassigning to symbol RTC_DRV_CMOS
.config:5589:warning: override: reassigning to symbol HAVE_CMPXCHG_LOCAL
.config:5590:warning: override: reassigning to symbol PCIEASPM_DEFAULT
.config:5591:warning: override: reassigning to symbol ARCH_HAS_PTE_SPECIAL
.config:5592:warning: override: reassigning to symbol NO_HZ_COMMON
.config:5593:warning: override: reassigning to symbol HAVE_ARCH_JUMP_LABEL
.config:5594:warning: override: reassigning to symbol DMA_ACPI
.config:5595:warning: override: reassigning to symbol RSEQ
.config:5596:warning: override: reassigning to symbol SOCK_CGROUP_DATA
.config:5597:warning: override: reassigning to symbol SCHED_MC
.config:5598:warning: override: reassigning to symbol SERIAL_8250
.config:5599:warning: override: reassigning to symbol CRYPTO_CBC
.config:5600:warning: override: reassigning to symbol MITIGATION_RFDS
.config:5601:warning: override: reassigning to symbol TCP_CONG_CUBIC
.config:5602:warning: override: reassigning to symbol NFS_V3
.config:5603:warning: override: reassigning to symbol EFI_MIXED
.config:5604:warning: override: reassigning to symbol ARCH_MIGHT_HAVE_PC_SERIO
.config:5605:warning: override: reassigning to symbol CPU_IDLE_GOV_HALTPOLL
.config:5606:warning: override: reassigning to symbol GROUP_SCHED_WEIGHT
.config:5607:warning: override: reassigning to symbol HAVE_OBJTOOL_MCOUNT
.config:5608:warning: override: reassigning to symbol VIRTIO_CONSOLE
.config:5609:warning: override: reassigning to symbol HAVE_NOINSTR_HACK
.config:5610:warning: override: reassigning to symbol HAVE_ARCH_KASAN_VMALLOC
.config:5611:warning: override: reassigning to symbol I2C_I801
.config:5612:warning: override: reassigning to symbol NET_VENDOR_SILAN
.config:5613:warning: override: reassigning to symbol CRYPTO_LIB_SHA512
.config:5614:warning: override: reassigning to symbol QUOTA_NETLINK_INTERFACE
.config:5615:warning: override: reassigning to symbol CRC_OPTIMIZATIONS
.config:5616:warning: override: reassigning to symbol SERIO_SERPORT
.config:5617:warning: override: reassigning to symbol SLUB_DEBUG
.config:5618:warning: override: reassigning to symbol NET_CLS_CGROUP
.config:5619:warning: override: reassigning to symbol NFS_V4
.config:5620:warning: override: reassigning to symbol UID16
.config:5621:warning: override: reassigning to symbol MEMFD_CREATE
.config:5622:warning: override: reassigning to symbol ARCH_HIBERNATION_HEADER
.config:5623:warning: override: reassigning to symbol PREEMPTION
.config:5624:warning: override: reassigning to symbol HAVE_ARCH_WITHIN_STACK_FRAMES
.config:5625:warning: override: reassigning to symbol INSTRUCTION_DECODER
.config:5626:warning: override: reassigning to symbol ACPI_DEBUG
.config:5627:warning: override: reassigning to symbol ACPI_PRMT
.config:5628:warning: override: reassigning to symbol IRQ_MSI_LIB
.config:5629:warning: override: reassigning to symbol PCCARD_NONSTATIC
.config:5630:warning: override: reassigning to symbol LEGACY_VSYSCALL_XONLY
.config:5631:warning: override: reassigning to symbol ARCH_SUPPORTS_SCHED_SMT
.config:5632:warning: override: reassigning to symbol X86_MCE_AMD
.config:5633:warning: override: reassigning to symbol HAS_DMA
.config:5634:warning: override: reassigning to symbol NET_VENDOR_SMSC
.config:5635:warning: override: reassigning to symbol NET_VENDOR_CISCO
.config:5636:warning: override: reassigning to symbol ARCH_MAY_HAVE_PC_FDC
.config:5637:warning: override: reassigning to symbol NET_9P_FD
.config:5638:warning: override: reassigning to symbol SND_HDA_COMPONENT
.config:5639:warning: override: reassigning to symbol GENERIC_ENTRY
.config:5640:warning: override: reassigning to symbol ASYMMETRIC_KEY_TYPE
.config:5641:warning: override: reassigning to symbol SCSI_DMA
.config:5642:warning: override: reassigning to symbol SND_SEQUENCER
.config:5643:warning: override: reassigning to symbol HAVE_STATIC_CALL
.config:5644:warning: override: reassigning to symbol PERF_EVENTS_INTEL_CSTATE
.config:5645:warning: override: reassigning to symbol CRYPTO_HASH
.config:5646:warning: override: reassigning to symbol RTC_NVMEM
.config:5647:warning: override: reassigning to symbol SCHEDSTATS
.config:5648:warning: override: reassigning to symbol DEBUG_FS
.config:5649:warning: override: reassigning to symbol FUTEX_MPOL
.config:5650:warning: override: reassigning to symbol X86_CPUID
.config:5651:warning: override: reassigning to symbol X86_64_ACPI_NUMA
.config:5652:warning: override: reassigning to symbol SERIAL_8250_EXTENDED
.config:5653:warning: override: reassigning to symbol ARCH_HAS_SET_DIRECT_MAP
.config:5654:warning: override: reassigning to symbol CRYPTO_AUTHENC
.config:5655:warning: override: reassigning to symbol DMADEVICES
.config:5656:warning: override: reassigning to symbol DEBUG_STACK_USAGE
.config:5657:warning: override: reassigning to symbol ARCH_HAS_CPU_CACHE_INVALIDATE_MEMREGION
.config:5658:warning: override: reassigning to symbol ACPI_DOCK
.config:5659:warning: override: reassigning to symbol FS_POSIX_ACL
.config:5660:warning: override: reassigning to symbol NET_VENDOR_ALIBABA
.config:5661:warning: override: reassigning to symbol EFI_RUNTIME_MAP
.config:5662:warning: override: reassigning to symbol CRYPTO_SKCIPHER2
.config:5663:warning: override: reassigning to symbol MITIGATION_RETHUNK
.config:5664:warning: override: reassigning to symbol CRYPTO_AES
.config:5665:warning: override: reassigning to symbol CC_HAS_ASM_INLINE
.config:5666:warning: override: reassigning to symbol ARCH_HAS_GENERIC_CRASHKERNEL_RESERVATION
.config:5667:warning: override: reassigning to symbol NETFS_SUPPORT
.config:5668:warning: override: reassigning to symbol X86_VERBOSE_BOOTUP
.config:5669:warning: override: reassigning to symbol HAVE_EXIT_THREAD
.config:5670:warning: override: reassigning to symbol HAS_IOMEM
.config:5671:warning: override: reassigning to symbol CGROUP_HUGETLB
.config:5672:warning: override: reassigning to symbol INPUT_KEYBOARD
.config:5673:warning: override: reassigning to symbol SND_PCMCIA
.config:5674:warning: override: reassigning to symbol ARCH_HAS_PREEMPT_LAZY
.config:5675:warning: override: reassigning to symbol X86_INTEL_MEMORY_PROTECTION_KEYS
.config:5676:warning: override: reassigning to symbol ARCH_SUPPORTS_MSEAL_SYSTEM_MAPPINGS
.config:5677:warning: override: reassigning to symbol HAVE_OBJTOOL
.config:5678:warning: override: reassigning to symbol SUNRPC_BACKCHANNEL
.config:5679:warning: override: reassigning to symbol SERIAL_8250_MID
.config:5680:warning: override: reassigning to symbol SYSTEM_TRUSTED_KEYRING
.config:5681:warning: override: reassigning to symbol DEVMEM
.config:5682:warning: override: reassigning to symbol NF_CONNTRACK_IRC
.config:5683:warning: override: reassigning to symbol E1000E
.config:5684:warning: override: reassigning to symbol PREEMPT_RCU
.config:5685:warning: override: reassigning to symbol LD_ORPHAN_WARN
.config:5686:warning: override: reassigning to symbol HAVE_ARCH_VMAP_STACK
.config:5687:warning: override: reassigning to symbol DECOMPRESS_XZ
.config:5688:warning: override: reassigning to symbol FUNCTION_ALIGNMENT_16B
.config:5689:warning: override: reassigning to symbol QUEUED_RWLOCKS
.config:5690:warning: override: reassigning to symbol E100
.config:5691:warning: override: reassigning to symbol KRETPROBES
.config:5692:warning: override: reassigning to symbol CGROUP_PERF
.config:5693:warning: override: reassigning to symbol DMIID
.config:5694:warning: override: reassigning to symbol FWNODE_MDIO
.config:5695:warning: override: reassigning to symbol CORE_DUMP_DEFAULT_ELF_HEADERS
.config:5696:warning: override: reassigning to symbol X86_IOPL_IOPERM
.config:5697:warning: override: reassigning to symbol ARCH_MEMORY_ORDER_TSO
.config:5698:warning: override: reassigning to symbol HAVE_ARCH_KASAN
.config:5699:warning: override: reassigning to symbol OLD_SIGSUSPEND3
.config:5700:warning: override: reassigning to symbol HIBERNATION_SNAPSHOT_DEV
.config:5701:warning: override: reassigning to symbol ARCH_WANT_BATCHED_UNMAP_TLB_FLUSH
.config:5702:warning: override: reassigning to symbol AMD_IOMMU
.config:5703:warning: override: reassigning to symbol USB_SUPPORT
.config:5704:warning: override: reassigning to symbol PREEMPT_BUILD
.config:5705:warning: override: reassigning to symbol MODULE_UNLOAD
.config:5706:warning: override: reassigning to symbol PROC_FS
.config:5707:warning: override: reassigning to symbol SECCOMP
.config:5708:warning: override: reassigning to symbol IP_PNP_RARP
.config:5709:warning: override: reassigning to symbol DECOMPRESS_LZO
.config:5710:warning: override: reassigning to symbol CC_HAS_INT128
.config:5711:warning: override: reassigning to symbol NET_VENDOR_CHELSIO
.config:5712:warning: override: reassigning to symbol HAVE_ARCH_PREL32_RELOCATIONS
.config:5713:warning: override: reassigning to symbol PCI
.config:5714:warning: override: reassigning to symbol HIBERNATION
.config:5715:warning: override: reassigning to symbol FONT_SUPPORT
.config:5716:warning: override: reassigning to symbol MODULES_TREE_LOOKUP
.config:5717:warning: override: reassigning to symbol PTP_1588_CLOCK_VMCLOCK
.config:5718:warning: override: reassigning to symbol HAVE_KPROBES_ON_FTRACE
.config:5719:warning: override: reassigning to symbol HAVE_ARCH_SOFT_DIRTY
.config:5720:warning: override: reassigning to symbol AGP_INTEL
.config:5721:warning: override: reassigning to symbol PCIE_PME
.config:5722:warning: override: reassigning to symbol HAVE_HW_BREAKPOINT
.config:5723:warning: override: reassigning to symbol GENERIC_NET_UTILS
.config:5724:warning: override: reassigning to symbol IRQ_WORK
.config:5725:warning: override: reassigning to symbol VIRTIO_PCI
.config:5726:warning: override: reassigning to symbol SERIAL_8250_DWLIB
.config:5727:warning: override: reassigning to symbol ACPI_CPU_FREQ_PSS
.config:5728:warning: override: reassigning to symbol ARCH_SUPPORTS_ACPI
.config:5729:warning: override: reassigning to symbol CRYPTO_GCM
.config:5730:warning: override: reassigning to symbol FAT_FS
.config:5731:warning: override: reassigning to symbol HAVE_ARCH_SECCOMP_FILTER
.config:5732:warning: override: reassigning to symbol FHANDLE
.config:5733:warning: override: reassigning to symbol X86_NEED_RELOCS
.config:5734:warning: override: reassigning to symbol IRQ_DOMAIN_HIERARCHY
.config:5735:warning: override: reassigning to symbol CONTEXT_TRACKING_IDLE
.config:5736:warning: override: reassigning to symbol NETPOLL
.config:5737:warning: override: reassigning to symbol CC_HAS_AUTO_VAR_INIT_ZERO
.config:5738:warning: override: reassigning to symbol SERIAL_CORE
.config:5739:warning: override: reassigning to symbol GENERIC_PT
.config:5740:warning: override: reassigning to symbol SLUB
.config:5741:warning: override: reassigning to symbol CRYPTO_ACOMP2
.config:5742:warning: override: reassigning to symbol KALLSYMS_ALL
.config:5743:warning: override: reassigning to symbol HAVE_ASM_MODVERSIONS
.config:5744:warning: override: reassigning to symbol PARAVIRT
.config:5745:warning: override: reassigning to symbol USB
.config:5746:warning: override: reassigning to symbol X509_CERTIFICATE_PARSER
.config:5747:warning: override: reassigning to symbol MODIFY_LDT_SYSCALL
.config:5748:warning: override: reassigning to symbol YENTA_TI
.config:5749:warning: override: reassigning to symbol IA32_EMULATION
.config:5750:warning: override: reassigning to symbol NET_VENDOR_MUCSE
.config:5751:warning: override: reassigning to symbol YENTA_O2
.config:5752:warning: override: reassigning to symbol ARCH_HIBERNATION_POSSIBLE
.config:5753:warning: override: reassigning to symbol LOCK_SPIN_ON_OWNER
.config:5754:warning: override: reassigning to symbol HID
.config:5755:warning: override: reassigning to symbol ZLIB_DEFLATE
.config:5756:warning: override: reassigning to symbol HAVE_SYSCALL_TRACEPOINTS
.config:5757:warning: override: reassigning to symbol NFS_V3_ACL
.config:5758:warning: override: reassigning to symbol NET_IP_TUNNEL
.config:5759:warning: override: reassigning to symbol VIRTIO_PCI_LEGACY
.config:5760:warning: override: reassigning to symbol MOUSE_PS2_LIFEBOOK
.config:5761:warning: override: reassigning to symbol VGA_CONSOLE
.config:5762:warning: override: reassigning to symbol MITIGATION_MMIO_STALE_DATA
.config:5763:warning: override: reassigning to symbol HDMI
.config:5764:warning: override: reassigning to symbol ARCH_USES_PG_ARCH_2
.config:5765:warning: override: reassigning to symbol CRYPTO_LIB_BLAKE2S_ARCH
.config:5779:warning: override: reassigning to symbol PRINTK
.config:5783:warning: override: reassigning to symbol TTY
.config:5786:warning: override: reassigning to symbol BLK_DEV_INITRD
.config:5787:warning: override: reassigning to symbol RD_GZIP
.config:5790:warning: override: reassigning to symbol BINFMT_ELF
.config:5791:warning: override: reassigning to symbol BINFMT_SCRIPT
.config:5794:warning: override: reassigning to symbol TMPFS
.config:5797:warning: override: reassigning to symbol KERNEL_GZIP
.config:5800:warning: override: reassigning to symbol DRM
.config:5801:warning: override: reassigning to symbol SOUND
.config:5802:warning: override: reassigning to symbol STAGING
.config:5803:warning: override: reassigning to symbol INFINIBAND
.config:5804:warning: override: reassigning to symbol MEDIA_SUPPORT
.config:5806:warning: override: reassigning to symbol SERIAL_8250
.config:5807:warning: override: reassigning to symbol SERIAL_8250_CONSOLE
#
# configuration written to .config
#
make[5]: Leaving directory '/mnt/git-volume/kernel-test-mainline/build/randdefconfig-x86_64'
make[4]: Leaving directory '/mnt/git-volume/linux-mainline'
make[4]: Entering directory '/mnt/git-volume/linux-mainline'
make[5]: Entering directory '/mnt/git-volume/kernel-test-mainline/build/randdefconfig-x86_64'
  SYNC    include/config/auto.conf.cmd
  UPD     arch/x86/include/generated/asm/cpufeaturemasks.h
  HOSTCC  arch/x86/tools/relocs_32.o
  HOSTCC  scripts/selinux/mdp/mdp
  HOSTCC  arch/x86/tools/relocs_64.o
  HOSTCC  arch/x86/tools/relocs_common.o
  DESCEND objtool
  HOSTCC  arch/x86/tools/vdso2c
  HOSTLD  arch/x86/tools/relocs
  HOSTCC  scripts/kallsyms
  HOSTCC  scripts/sorttable.o
  HOSTCC  scripts/elf-parse.o
  HOSTCC  scripts/asn1_compiler
  HOSTLD  scripts/sorttable
  CC      scripts/mod/empty.o
  HOSTCC  scripts/mod/mk_elfconfig
  CC      scripts/mod/devicetable-offsets.s
  MKELF   scripts/mod/elfconfig.h
  HOSTCC  scripts/mod/modpost.o
  HOSTCC  scripts/mod/sumversion.o
  HOSTCC  scripts/mod/symsearch.o
  HOSTCC  scripts/mod/file2alias.o
  HOSTLD  scripts/mod/modpost
  CC      kernel/bounds.s
  CC      arch/x86/kernel/asm-offsets.s
  UPD     include/generated/asm-offsets.h
  CC      kernel/sched/rq-offsets.s
  UPD     include/generated/rq-offsets.h
  CALL    /mnt/git-volume/linux-mainline/scripts/checksyscalls.sh 
  HOSTCC  usr/gen_init_cpio
  AS      arch/x86/boot/startup/la57toggle.o
  CC      init/main.o
  CC      arch/x86/boot/startup/gdt_idt.o
  GEN     usr/initramfs_data.cpio
  COPY    usr/initramfs_inc_data
  AS      usr/initramfs_data.o
  AR      usr/built-in.a
  CC      certs/system_keyring.o
  CC      kernel/fork.o
  CC      arch/x86/boot/startup/map_kernel.o
  HOSTCC  certs/extract-cert
  AR      arch/x86/boot/startup/lib.a
  OBJCOPY arch/x86/boot/startup/gdt_idt.pi.o
  OBJCOPY arch/x86/boot/startup/map_kernel.pi.o
  AR      arch/x86/boot/startup/built-in.a
  CERT    certs/x509_certificate_list
  CERT    certs/signing_key.x509
  AS      certs/system_certificates.o
  AS      arch/x86/entry/entry.o
  AR      certs/built-in.a
  AS      arch/x86/entry/entry_64.o
  CC      arch/x86/entry/syscall_64.o
  UPD     init/utsversion-tmp.h
  CC      init/do_mounts.o
  CC      mm/filemap.o
  CC      arch/x86/entry/common.o
  CC      kernel/exec_domain.o
  CC      init/do_mounts_initrd.o
  CC      arch/x86/entry/vdso/vma.o
  CC      kernel/exec_state.o
  CC      mm/mempool.o
  CC      kernel/panic.o
  CC      init/initramfs.o
  CC      arch/x86/entry/vdso/extable.o
  CC      mm/oom_kill.o
  CC      kernel/cpu.o
  CC      init/calibrate.o
  LDS     arch/x86/entry/vdso/vdso64/vdso64.lds
  AS      arch/x86/entry/vdso/vdso64/note.o
  CC      arch/x86/entry/vdso/vdso64/vclock_gettime.o
  CC      init/init_task.o
  CC      arch/x86/entry/vdso/vdso64/vgetcpu.o
  CC      arch/x86/entry/vdso/vdso64/vgetrandom.o
  CC      mm/fadvise.o
  AS      arch/x86/entry/vdso/vdso64/vgetrandom-chacha.o
  CC      arch/x86/entry/vdso/vdso64/vfutex.o
  VDSO    arch/x86/entry/vdso/vdso64/vdso64.so.dbg
  OBJCOPY arch/x86/entry/vdso/vdso64/vdso64.so
  VDSO2C  arch/x86/entry/vdso/vdso64/vdso64-image.c
  CC      arch/x86/entry/vdso/vdso64/vdso64-image.o
  CC      init/version.o
  AR      arch/x86/entry/vdso/vdso64/built-in.a
  AR      arch/x86/entry/vdso/built-in.a
  CC      arch/x86/entry/vsyscall/vsyscall_64.o
  CC      kernel/exit.o
  AR      init/built-in.a
  CC      mm/maccess.o
  CC      fs/open.o
  AS      arch/x86/entry/vsyscall/vsyscall_emu_64.o
  AR      arch/x86/entry/vsyscall/built-in.a
  AS      arch/x86/entry/thunk.o
  AR      arch/x86/entry/built-in.a
  CC      arch/x86/events/core.o
  CC      mm/page-writeback.o
  CC      kernel/softirq.o
  CC      fs/read_write.o
  CC      kernel/resource.o
  CC      mm/folio-compat.o
  CC      arch/x86/events/probe.o
  CC      arch/x86/events/utils.o
  CC      mm/readahead.o
  CC      fs/file_table.o
  CC      kernel/sysctl.o
  CC      arch/x86/events/amd/core.o
  CC      fs/super.o
  CC      mm/swap.o
  CC      kernel/capability.o
  CC      arch/x86/events/amd/lbr.o
  CC      kernel/ptrace.o
  CC      mm/truncate.o
  CC      fs/char_dev.o
  CC      arch/x86/events/amd/ibs.o
  CC      fs/stat.o
  CC      kernel/user.o
  CC      mm/vmscan.o
  CC      kernel/signal.o
  CC      arch/x86/events/amd/uncore.o
  CC      fs/exec.o
  CC      mm/shrinker.o
  AR      arch/x86/events/amd/built-in.a
  CC      arch/x86/events/msr.o
  CC      fs/pipe.o
  CC      kernel/sys.o
  CC      arch/x86/events/intel/core.o
  CC      mm/shmem.o
  CC      fs/namei.o
  CC      kernel/umh.o
  CC      mm/util.o
  CC      kernel/workqueue.o
  CC      fs/fcntl.o
  CC      arch/x86/events/intel/bts.o
  CC      mm/mmzone.o
  CC      fs/ioctl.o
  CC      mm/vmstat.o
  CC      arch/x86/events/intel/ds.o
  CC      kernel/pid.o
  CC      fs/readdir.o
  CC      mm/backing-dev.o
  CC      fs/select.o
  CC      kernel/task_work.o
  CC      arch/x86/events/intel/knc.o
  CC      mm/mm_init.o
  CC      kernel/extable.o
  CC      arch/x86/events/intel/lbr.o
  CC      mm/percpu.o
  CC      fs/dcache.o
  CC      kernel/params.o
  CC      arch/x86/events/intel/p4.o
  CC      kernel/kthread.o
  CC      mm/slab_common.o
  CC      fs/inode.o
  CC      arch/x86/events/intel/p6.o
  CC      kernel/sys_ni.o
  CC      arch/x86/events/intel/pt.o
  CC      kernel/nsproxy.o
  CC      mm/compaction.o
  CC      fs/attr.o
  AR      arch/x86/events/intel/built-in.a
  CC      kernel/nstree.o
  CC      arch/x86/events/zhaoxin/core.o
  CC      fs/bad_inode.o
  CC      mm/show_mem.o
  CC      fs/file.o
  AR      arch/x86/events/zhaoxin/built-in.a
  AR      arch/x86/events/built-in.a
  CC      arch/x86/realmode/init.o
  CC      kernel/nscommon.o
  CC      mm/interval_tree.o
  CC      kernel/notifier.o
  AS      arch/x86/realmode/rm/header.o
  AS      arch/x86/realmode/rm/trampoline_64.o
  AS      arch/x86/realmode/rm/stack.o
  AS      arch/x86/realmode/rm/reboot.o
  AS      arch/x86/realmode/rm/wakeup_asm.o
  CC      arch/x86/realmode/rm/wakemain.o
  CC      arch/x86/realmode/rm/video-mode.o
  AS      arch/x86/realmode/rm/copy.o
  CC      fs/filesystems.o
  AS      arch/x86/realmode/rm/bioscall.o
  CC      mm/list_lru.o
  CC      arch/x86/realmode/rm/regs.o
  CC      arch/x86/realmode/rm/video-vga.o
  CC      arch/x86/realmode/rm/video-vesa.o
  CC      arch/x86/realmode/rm/video-bios.o
  CC      kernel/ksysfs.o
  PASYMS  arch/x86/realmode/rm/pasyms.h
  LDS     arch/x86/realmode/rm/realmode.lds
  LD      arch/x86/realmode/rm/realmode.elf
  RELOCS  arch/x86/realmode/rm/realmode.relocs
  OBJCOPY arch/x86/realmode/rm/realmode.bin
  AS      arch/x86/realmode/rmpiggy.o
  AR      arch/x86/realmode/built-in.a
  AS      arch/x86/kernel/head_64.o
  CC      fs/namespace.o
  CC      arch/x86/kernel/head64.o
  CC      mm/workingset.o
  CC      kernel/cred.o
  CC      arch/x86/kernel/ebda.o
  CC      mm/debug.o
  CC      kernel/reboot.o
  CC      arch/x86/kernel/platform-quirks.o
  CC      arch/x86/kernel/process_64.o
  CC      mm/gup.o
  CC      kernel/async.o
  CC      fs/seq_file.o
  CC      kernel/range.o
  CC      kernel/smpboot.o
  CC      arch/x86/kernel/signal.o
  CC      kernel/ucount.o
  CC      fs/xattr.o
  CC      mm/mmap_lock.o
  CC      arch/x86/kernel/signal_64.o
  CC      kernel/regset.o
  CC      kernel/ksyms_common.o
  CC      mm/vma_init.o
  CC      arch/x86/kernel/traps.o
  CC      fs/libfs.o
  CC      kernel/groups.o
  CC      mm/highmem.o
  CC      arch/x86/kernel/idt.o
  CC      kernel/sched/core.o
  CC      fs/fs-writeback.o
  CC      mm/memory.o
  CC      arch/x86/kernel/irq.o
  CC      fs/pnode.o
  CC      fs/splice.o
  CC      arch/x86/kernel/irq_64.o
  CC      arch/x86/kernel/dumpstack_64.o
  CC      kernel/sched/fair.o
  CC      mm/mincore.o
  CC      fs/sync.o
  CC      arch/x86/kernel/time.o
  CC      arch/x86/kernel/ioport.o
  CC      fs/utimes.o
  CC      mm/mlock.o
  CC      arch/x86/kernel/dumpstack.o
  CC      fs/d_path.o
  CC      mm/mmap.o
  CC      arch/x86/kernel/nmi.o
  CC      fs/stack.o
  CC      kernel/sched/build_policy.o
  CC      fs/fs_struct.o
  CC      arch/x86/kernel/ldt.o
  CC      mm/mmu_gather.o
  CC      fs/statfs.o
  CC      mm/mprotect.o
  AS      arch/x86/kernel/ibt_selftest.o
  CC      arch/x86/kernel/setup.o
  CC      fs/fs_pin.o
  CC      arch/x86/kernel/x86_init.o
  CC      fs/nsfs.o
  CC      mm/mremap.o
  CC      kernel/sched/build_utility.o
  CC      arch/x86/kernel/i8259.o
  CC      fs/fs_dirent.o
  CC      fs/fs_context.o
  CC      mm/msync.o
  CC      arch/x86/kernel/irqinit.o
  CC      mm/page_vma_mapped.o
  CC      fs/fs_parser.o
  CC      arch/x86/kernel/jump_label.o
  CC      mm/pagewalk.o
  CC      fs/fsopen.o
  CC      arch/x86/kernel/irq_work.o
  AR      kernel/sched/built-in.a
  CC      kernel/locking/mutex.o
  CC      fs/init.o
  CC      mm/pgtable-generic.o
  CC      arch/x86/kernel/probe_roms.o
  CC      kernel/locking/semaphore.o
  CC      fs/kernel_read_file.o
  CC      mm/rmap.o
  CC      arch/x86/kernel/sys_x86_64.o
  CC      kernel/locking/rwsem.o
  CC      fs/mnt_idmapping.o
  CC      arch/x86/kernel/espfix_64.o
  CC      kernel/locking/percpu-rwsem.o
  CC      fs/remap_range.o
  CC      mm/vmalloc.o
  CC      kernel/locking/spinlock.o
  CC      arch/x86/kernel/ksysfs.o
  CC      kernel/locking/osq_lock.o
  CC      kernel/locking/qspinlock.o
  CC      fs/pidfs.o
  CC      arch/x86/kernel/bootflag.o
  CC      kernel/locking/rtmutex_api.o
  CC      arch/x86/kernel/e820.o
  CC      kernel/locking/qrwlock.o
  CC      fs/file_attr.o
  CC      mm/vma.o
  AR      kernel/locking/built-in.a
  CC      kernel/power/qos.o
  CC      arch/x86/kernel/pci-dma.o
  CC      fs/fserror.o
  CC      arch/x86/kernel/quirks.o
  CC      kernel/power/main.o
  CC      mm/vma_exec.o
  CC      fs/nullfs.o
  CC      arch/x86/kernel/kdebugfs.o
  CC      kernel/power/console.o
  CC      fs/buffer.o
  CC      mm/process_vm_access.o
  CC      arch/x86/kernel/alternative.o
  CC      kernel/power/process.o
  CC      mm/mseal.o
  CC      arch/x86/kernel/i8253.o
  CC      fs/mpage.o
  CC      kernel/power/suspend.o
  CC      arch/x86/kernel/hw_breakpoint.o
  CC      mm/page_alloc.o
  CC      kernel/power/poweroff.o
  CC      fs/proc_namespace.o
  AR      kernel/power/built-in.a
  CC      kernel/printk/printk.o
  CC      arch/x86/kernel/tsc.o
  CC      fs/direct-io.o
  CC      arch/x86/kernel/tsc_msr.o
  CC      arch/x86/kernel/io_delay.o
  CC      fs/notify/fsnotify.o
  CC      kernel/printk/printk_safe.o
  CC      mm/page_frag_cache.o
  CC      arch/x86/kernel/rtc.o
  CC      kernel/printk/nbcon.o
  CC      fs/notify/notification.o
  CC      arch/x86/kernel/resource.o
  CC      mm/init-mm.o
  AS      arch/x86/kernel/irqflags.o
  CC      arch/x86/kernel/static_call.o
  CC      kernel/printk/printk_ringbuffer.o
  CC      fs/notify/group.o
  CC      mm/memblock.o
  CC      arch/x86/kernel/process.o
  CC      kernel/printk/sysctl.o
  CC      fs/notify/mark.o
  AR      kernel/printk/built-in.a
  CC      kernel/irq/irqdesc.o
  CC      mm/slub.o
  CC      arch/x86/kernel/fpu/init.o
  CC      fs/notify/fdinfo.o
  CC      kernel/irq/handle.o
  CC      arch/x86/kernel/fpu/bugs.o
  CC      arch/x86/kernel/fpu/core.o
  CC      fs/notify/dnotify/dnotify.o
  CC      kernel/irq/manage.o
  AR      fs/notify/dnotify/built-in.a
  AR      fs/notify/built-in.a
  CC      fs/eventpoll.o
  CC      arch/x86/kernel/fpu/regset.o
  CC      kernel/irq/spurious.o
  CC      arch/x86/kernel/fpu/signal.o
  CC      kernel/irq/resend.o
  CC      mm/madvise.o
  CC      arch/x86/kernel/fpu/xstate.o
  CC      kernel/irq/chip.o
  CC      fs/anon_inodes.o
  CC      kernel/irq/dummychip.o
  CC      mm/page_io.o
  CC      fs/signalfd.o
  AR      arch/x86/kernel/fpu/built-in.a
  CC      arch/x86/kernel/ptrace.o
  CC      kernel/irq/devres.o
  CC      fs/timerfd.o
  CC      kernel/irq/kexec.o
  CC      mm/swap_state.o
  CC      arch/x86/kernel/step.o
  CC      kernel/irq/autoprobe.o
  CC      fs/eventfd.o
  CC      kernel/irq/irqdomain.o
  CC      arch/x86/kernel/i8237.o
  CC      mm/swapfile.o
  CC      arch/x86/kernel/stacktrace.o
  CC      fs/aio.o
  CC      kernel/irq/proc.o
  CC      arch/x86/kernel/cpu/cacheinfo.o
  CC      kernel/irq/migration.o
  CC      mm/dmapool.o
  CC      kernel/irq/cpuhotplug.o
  CC      fs/locks.o
  CC      arch/x86/kernel/cpu/scattered.o
  CC      mm/hugetlb.o
  CC      arch/x86/kernel/cpu/topology_common.o
  CC      kernel/irq/pm.o
  CC      arch/x86/kernel/cpu/topology_ext.o
  CC      kernel/irq/affinity.o
  CC      fs/binfmt_misc.o
  CC      arch/x86/kernel/cpu/topology_amd.o
  CC      kernel/irq/matrix.o
  CC      arch/x86/kernel/cpu/cpuid_parser.o
  CC      arch/x86/kernel/cpu/common.o
  CC      fs/binfmt_script.o
  AR      kernel/irq/built-in.a
  CC      kernel/rcu/update.o
  CC      mm/hugetlb_sysfs.o
  CC      fs/binfmt_elf.o
  CC      arch/x86/kernel/cpu/rdrand.o
  CC      mm/hugetlb_sysctl.o
  CC      arch/x86/kernel/cpu/match.o
  CC      kernel/rcu/sync.o
  CC      arch/x86/kernel/cpu/bugs.o
  CC      kernel/rcu/srcutree.o
  CC      mm/hugetlb_vmemmap.o
  CC      fs/mbcache.o
  CC      kernel/rcu/tree.o
  CC      fs/posix_acl.o
  CC      mm/mempolicy.o
  CC      arch/x86/kernel/cpu/aperfmperf.o
  CC      fs/nfs_common/grace.o
  CC      arch/x86/kernel/cpu/cpuid-deps.o
  CC      arch/x86/kernel/cpu/cpuid_0x2_table.o
  CC      fs/nfs_common/common.o
  CC      mm/sparse.o
  CC      arch/x86/kernel/cpu/umwait.o
  AR      fs/nfs_common/built-in.a
  CC      fs/coredump.o
  CC      kernel/rcu/rcu_segcblist.o
  CC      mm/sparse-vmemmap.o
  CC      arch/x86/kernel/cpu/capflags.o
  CC      arch/x86/kernel/cpu/powerflags.o
  CC      arch/x86/kernel/cpu/topology.o
  AR      kernel/rcu/built-in.a
  CC      kernel/dma/mapping.o
  CC      arch/x86/kernel/cpu/proc.o
  CC      mm/migrate.o
  CC      arch/x86/kernel/cpu/feat_ctl.o
  CC      fs/drop_caches.o
  CC      kernel/dma/direct.o
  CC      arch/x86/kernel/cpu/intel.o
  CC      fs/sysctls.o
  CC      fs/fhandle.o
  CC      arch/x86/kernel/cpu/tsx.o
  CC      mm/memory-tiers.o
  CC      kernel/dma/ops_helpers.o
  CC      arch/x86/kernel/cpu/intel_epb.o
  CC      fs/iomap/trace.o
  CC      kernel/dma/swiotlb.o
  CC      arch/x86/kernel/cpu/amd.o
  CC      mm/early_ioremap.o
  CC      fs/iomap/iter.o
  CC      kernel/dma/remap.o
  CC      arch/x86/kernel/cpu/hygon.o
  CC      mm/numa.o
  CC      fs/iomap/buffered-io.o
  CC      arch/x86/kernel/cpu/centaur.o
  CC      mm/numa_memblks.o
  AR      kernel/dma/built-in.a
  CC      kernel/entry/common.o
  CC      arch/x86/kernel/cpu/zhaoxin.o
  CC      mm/secretmem.o
  CC      arch/x86/kernel/cpu/mce/core.o
  CC      kernel/entry/syscall-common.o
  CC      fs/iomap/direct-io.o
  CC      mm/memfd.o
  CC      fs/iomap/ioend.o
  CC      kernel/entry/syscall_user_dispatch.o
  CC      arch/x86/kernel/cpu/mce/severity.o
  CC      mm/ptdump.o
  CC      fs/iomap/fiemap.o
  AR      kernel/entry/built-in.a
  CC      kernel/unwind/user.o
  CC      arch/x86/kernel/cpu/mce/genpool.o
  CC      kernel/unwind/deferred.o
  CC      mm/execmem.o
  CC      fs/iomap/seek.o
  CC      arch/x86/kernel/cpu/mce/intel.o
  AR      kernel/unwind/built-in.a
  CC      kernel/module/main.o
  AR      mm/built-in.a
  CC      arch/x86/kernel/cpu/mce/threshold.o
  CC      ipc/util.o
  CC      fs/iomap/bio.o
  CC      fs/iomap/swapfile.o
  AR      arch/x86/kernel/cpu/mce/built-in.a
  CC      ipc/msgutil.o
  CC      arch/x86/kernel/cpu/mtrr/mtrr.o
  CC      kernel/module/strict_rwx.o
  AR      fs/iomap/built-in.a
  CC      fs/quota/dquot.o
  CC      ipc/msg.o
  CC      arch/x86/kernel/cpu/mtrr/if.o
  CC      kernel/module/kmod.o
  CC      arch/x86/kernel/cpu/mtrr/generic.o
  CC      kernel/module/tree_lookup.o
  CC      ipc/sem.o
  CC      fs/quota/quota_v2.o
  CC      kernel/module/kallsyms.o
  CC      arch/x86/kernel/cpu/mtrr/cleanup.o
  CC      fs/quota/quota_tree.o
  CC      kernel/module/procfs.o
  AR      arch/x86/kernel/cpu/mtrr/built-in.a
  CC      arch/x86/kernel/cpu/microcode/core.o
  CC      ipc/shm.o
  CC      fs/quota/quota.o
  CC      kernel/module/sysfs.o
  CC      arch/x86/kernel/cpu/microcode/intel.o
  AR      kernel/module/built-in.a
  CC      kernel/freezer.o
  CC      ipc/syscall.o
  CC      fs/quota/kqid.o
  CC      arch/x86/kernel/cpu/microcode/amd.o
  CC      kernel/profile.o
  AR      fs/quota/built-in.a
  CC      ipc/ipc_sysctl.o
  CC      fs/proc/task_mmu.o
  CC      ipc/mqueue.o
  AR      arch/x86/kernel/cpu/microcode/built-in.a
  CC      arch/x86/kernel/cpu/perfctr-watchdog.o
  CC      kernel/stacktrace.o
  CC      arch/x86/kernel/cpu/vmware.o
  CC      kernel/time/time.o
  CC      fs/proc/inode.o
  CC      ipc/namespace.o
  CC      arch/x86/kernel/cpu/hypervisor.o
  CC      kernel/time/timer.o
  CC      arch/x86/kernel/cpu/mshyperv.o
  CC      fs/proc/root.o
  CC      ipc/mq_sysctl.o
  AR      ipc/built-in.a
  CC      fs/proc/base.o
  CC      security/keys/gc.o
  CC      arch/x86/kernel/cpu/bus_lock.o
  CC      kernel/time/hrtimer.o
  CC      security/keys/key.o
  AR      arch/x86/kernel/cpu/built-in.a
  CC      arch/x86/kernel/acpi/boot.o
  CC      fs/proc/generic.o
  CC      kernel/time/sleep_timeout.o
  CC      security/keys/keyring.o
  CC      kernel/time/timekeeping.o
  CC      arch/x86/kernel/acpi/sleep.o
  CC      fs/proc/array.o
  AS      arch/x86/kernel/acpi/wakeup_64.o
  CC      security/keys/keyctl.o
  CC      arch/x86/kernel/acpi/madt_wakeup.o
  CC      fs/proc/fd.o
  CC      kernel/time/ntp.o
  AS      arch/x86/kernel/acpi/madt_playdead.o
  CC      arch/x86/kernel/acpi/cstate.o
  CC      security/keys/permission.o
  CC      kernel/time/clocksource.o
  CC      fs/proc/proc_tty.o
  AR      arch/x86/kernel/acpi/built-in.a
  CC      arch/x86/kernel/reboot.o
  CC      kernel/time/jiffies.o
  CC      fs/proc/cmdline.o
  CC      security/keys/process_keys.o
  CC      arch/x86/kernel/msr.o
  CC      kernel/time/timer_list.o
  CC      fs/proc/consoles.o
  CC      security/keys/request_key.o
  CC      kernel/time/timeconv.o
  CC      arch/x86/kernel/smp.o
  CC      fs/proc/cpuinfo.o
  CC      kernel/time/timecounter.o
  CC      kernel/time/alarmtimer.o
  CC      fs/proc/devices.o
  CC      security/keys/request_key_auth.o
  CC      arch/x86/kernel/smpboot.o
  CC      kernel/time/posix-timers.o
  CC      fs/proc/loadavg.o
  CC      security/keys/user_defined.o
  CC      fs/proc/meminfo.o
  CC      security/keys/proc.o
  CC      arch/x86/kernel/tsc_sync.o
  CC      kernel/time/posix-cpu-timers.o
  CC      arch/x86/kernel/setup_percpu.o
  CC      fs/proc/stat.o
  CC      security/keys/sysctl.o
  CC      kernel/time/posix-clock.o
  CC      fs/proc/uptime.o
  CC      security/keys/keyctl_pkey.o
  CC      arch/x86/kernel/mpparse.o
  CC      kernel/time/itimer.o
  CC      fs/proc/util.o
  AR      security/keys/built-in.a
  CC      security/commoncap.o
  CC      arch/x86/kernel/apic/apic.o
  CC      fs/proc/version.o
  CC      kernel/time/clockevents.o
  CC      security/lsm_syscalls.o
  CC      fs/proc/softirqs.o
  CC      kernel/time/tick-common.o
  CC      arch/x86/kernel/apic/apic_common.o
  CC      fs/proc/namespaces.o
  CC      security/min_addr.o
  CC      arch/x86/kernel/apic/apic_noop.o
  CC      kernel/time/tick-broadcast.o
  CC      fs/proc/self.o
  CC      arch/x86/kernel/apic/ipi.o
  CC      security/security.o
  CC      kernel/time/tick-broadcast-hrtimer.o
  CC      arch/x86/kernel/apic/vector.o
  CC      fs/proc/thread_self.o
  CC      kernel/time/tick-oneshot.o
  CC      fs/proc/proc_sysctl.o
  CC      kernel/time/tick-sched.o
  CC      arch/x86/kernel/apic/init.o
  CC      arch/x86/kernel/apic/hw_nmi.o
  CC      kernel/time/timer_migration.o
  CC      security/lsm_notifier.o
  CC      fs/proc/proc_net.o
  CC      arch/x86/kernel/apic/io_apic.o
  CC      kernel/time/vsyscall.o
  CC      security/lsm_init.o
  CC      kernel/time/namespace.o
  CC      fs/proc/kcore.o
  CC      arch/x86/kernel/apic/apic_flat_64.o
  CC      kernel/time/namespace_vdso.o
  HOSTCC  security/selinux/genheaders
  CC      fs/proc/kmsg.o
  CC      arch/x86/kernel/apic/probe_64.o
  GEN     security/selinux/flask.h security/selinux/av_permissions.h
  CC      security/selinux/avc.o
  AR      kernel/time/built-in.a
  CC      kernel/futex/core.o
  AR      arch/x86/kernel/apic/built-in.a
  CC      arch/x86/kernel/trace_clock.o
  CC      fs/proc/page.o
  CC      arch/x86/kernel/rethook.o
  CC      arch/x86/kernel/vmcore_info_64.o
  CC      kernel/futex/syscalls.o
  AR      fs/proc/built-in.a
  CC      fs/kernfs/mount.o
  CC      security/selinux/hooks.o
  CC      arch/x86/kernel/kprobes/core.o
  CC      fs/kernfs/inode.o
  CC      kernel/futex/pi.o
  CC      arch/x86/kernel/kprobes/opt.o
  CC      kernel/futex/requeue.o
  CC      fs/kernfs/dir.o
  CC      kernel/futex/waitwake.o
  AR      arch/x86/kernel/kprobes/built-in.a
  CC      arch/x86/kernel/module.o
  CC      fs/kernfs/file.o
  AR      kernel/futex/built-in.a
  CC      kernel/dma.o
  CC      arch/x86/kernel/early_printk.o
  CC      security/selinux/selinuxfs.o
  CC      kernel/smp.o
  CC      arch/x86/kernel/hpet.o
  CC      fs/kernfs/symlink.o
  CC      kernel/kallsyms.o
  CC      arch/x86/kernel/pcspeaker.o
  AR      fs/kernfs/built-in.a
  CC      fs/sysfs/file.o
  CC      security/selinux/netlink.o
  CC      arch/x86/kernel/check.o
  CC      kernel/acct.o
  CC      fs/sysfs/dir.o
  CC      security/selinux/nlmsgtab.o
  CC      arch/x86/kernel/perf_regs.o
  CC      fs/sysfs/symlink.o
  CC      kernel/vmcore_info.o
  CC      arch/x86/kernel/umip.o
  CC      security/selinux/netif.o
  CC      fs/sysfs/mount.o
  CC      kernel/elfcorehdr.o
  CC      arch/x86/kernel/unwind_orc.o
  CC      security/selinux/netnode.o
  CC      fs/sysfs/group.o
  CC      kernel/cgroup/cgroup.o
  CC      arch/x86/kernel/cet.o
  AR      fs/sysfs/built-in.a
  CC      fs/devpts/inode.o
  CC      security/selinux/netport.o
  CC      arch/x86/kernel/audit_64.o
  AR      fs/devpts/built-in.a
  CC      fs/netfs/buffered_read.o
  CC      security/selinux/status.o
  CC      arch/x86/kernel/vsmp_64.o
  CC      fs/netfs/buffered_write.o
  CC      kernel/cgroup/rstat.o
  LDS     arch/x86/kernel/vmlinux.lds
  AR      arch/x86/kernel/built-in.a
  CC      arch/x86/mm/init.o
  CC      security/selinux/initcalls.o
  CC      security/selinux/ss/ebitmap.o
  CC      fs/netfs/direct_read.o
  CC      kernel/cgroup/namespace.o
  CC      arch/x86/mm/init_64.o
  CC      fs/netfs/direct_write.o
  CC      kernel/cgroup/cgroup-v1.o
  CC      security/selinux/ss/hashtab.o
  CC      security/selinux/ss/symtab.o
  CC      fs/netfs/iterator.o
  CC      arch/x86/mm/fault.o
  CC      security/selinux/ss/sidtab.o
  CC      kernel/cgroup/freezer.o
  CC      fs/netfs/locking.o
  CC      arch/x86/mm/ioremap.o
  CC      kernel/cgroup/legacy_freezer.o
  CC      security/selinux/ss/avtab.o
  CC      fs/netfs/main.o
  CC      kernel/cgroup/pids.o
  CC      arch/x86/mm/extable.o
  CC      fs/netfs/misc.o
  CC      security/selinux/ss/policydb.o
  CC      kernel/cgroup/rdma.o
  CC      arch/x86/mm/mmap.o
  CC      fs/netfs/objects.o
  CC      kernel/cgroup/cpuset.o
  CC      arch/x86/mm/pgtable.o
  CC      fs/netfs/read_collect.o
  CC      security/selinux/ss/services.o
  CC      arch/x86/mm/physaddr.o
  CC      fs/netfs/read_pgpriv2.o
  CC      kernel/cgroup/misc.o
  CC      arch/x86/mm/tlb.o
  CC      fs/netfs/read_retry.o
  CC      kernel/cgroup/debug.o
  CC      fs/netfs/read_single.o
  CC      arch/x86/mm/cpu_entry_area.o
  AR      kernel/cgroup/built-in.a
  CC      kernel/utsname.o
  CC      security/selinux/ss/conditional.o
  CC      arch/x86/mm/maccess.o
  CC      kernel/stop_machine.o
  CC      fs/netfs/rolling_buffer.o
  CC      arch/x86/mm/pgprot.o
  CC      security/selinux/ss/mls.o
  CC      kernel/audit.o
  CC      arch/x86/mm/pat/set_memory.o
  CC      fs/netfs/write_collect.o
  CC      fs/netfs/write_issue.o
  CC      security/selinux/ss/context.o
  CC      arch/x86/mm/pat/memtype.o
  CC      kernel/auditfilter.o
  CC      fs/netfs/write_retry.o
  CC      security/selinux/netlabel.o
  CC      arch/x86/mm/pat/memtype_interval.o
  AR      fs/netfs/built-in.a
  CC      fs/ext4/balloc.o
  AR      arch/x86/mm/pat/built-in.a
  CC      arch/x86/mm/hugetlbpage.o
  CC      kernel/auditsc.o
  AR      security/selinux/built-in.a
  CC      security/lsm_audit.o
  CC      arch/x86/mm/dump_pagetables.o
  CC      fs/ext4/bitmap.o
  CC      arch/x86/mm/numa.o
  CC      kernel/audit_watch.o
  CC      security/device_cgroup.o
  CC      fs/ext4/block_validity.o
  CC      arch/x86/mm/kaslr.o
  CC      kernel/audit_fsnotify.o
  CC      security/integrity/iint.o
  CC      fs/ext4/dir.o
  CC      arch/x86/mm/pti.o
  CC      kernel/audit_tree.o
  CC      security/integrity/integrity_audit.o
  AR      arch/x86/mm/built-in.a
  CC      arch/x86/platform/efi/memmap.o
  CC      fs/ext4/ext4_jbd2.o
  CC      security/integrity/efi_secureboot.o
  CC      kernel/kprobes.o
  CC      arch/x86/platform/efi/quirks.o
  CC      fs/ext4/extents.o
  AR      security/integrity/built-in.a
  AR      security/built-in.a
  CC      crypto/api.o
  CC      arch/x86/platform/efi/efi.o
  CC      kernel/relay.o
  CC      crypto/cipher.o
  CC      arch/x86/platform/efi/efi_64.o
  CC      kernel/utsname_sysctl.o
  CC      fs/ext4/extents_status.o
  CC      kernel/delayacct.o
  CC      crypto/algapi.o
  AS      arch/x86/platform/efi/efi_stub_64.o
  AR      arch/x86/platform/efi/built-in.a
  AR      arch/x86/platform/built-in.a
  CC      arch/x86/virt/svm/cmdline.o
  CC      kernel/taskstats.o
  AR      arch/x86/virt/svm/built-in.a
  AR      arch/x86/virt/built-in.a
  AR      arch/x86/built-in.a
  CC      block/bdev.o
  CC      fs/ext4/file.o
  CC      crypto/scatterwalk.o
  CC      kernel/tsacct.o
  CC      crypto/proc.o
  CC      fs/ext4/fsmap.o
  CC      block/fops.o
  CC      kernel/trace/trace_clock.o
  CC      crypto/aead.o
  CC      kernel/trace/rethook.o
  CC      block/bio.o
  CC      fs/ext4/fsync.o
  AR      kernel/trace/built-in.a
  CC      kernel/irq_work.o
  CC      crypto/geniv.o
  CC      kernel/bpf/core.o
  CC      fs/ext4/hash.o
  CC      crypto/lskcipher.o
  CC      block/elevator.o
  CC      fs/ext4/ialloc.o
  CC      crypto/skcipher.o
  CC      block/blk-core.o
  AR      kernel/bpf/built-in.a
  CC      kernel/static_call.o
  CC      fs/ext4/indirect.o
  CC      kernel/static_call_inline.o
  CC      crypto/seqiv.o
  CC      block/blk-sysfs.o
  CC      kernel/events/core.o
  CC      crypto/echainiv.o
  CC      fs/ext4/inline.o
  CC      block/blk-flush.o
  CC      crypto/ahash.o
  CC      fs/ext4/inode.o
  CC      block/blk-settings.o
  CC      crypto/shash.o
  CC      block/blk-ioc.o
  CC      crypto/akcipher.o
  CC      block/blk-map.o
  CC      kernel/events/ring_buffer.o
  CC      fs/ext4/ioctl.o
  CC      crypto/sig.o
  CC      block/blk-merge.o
  CC      kernel/events/callchain.o
  ASN.1   crypto/rsapubkey.asn1.[ch]
  ASN.1   crypto/rsaprivkey.asn1.[ch]
  CC      crypto/rsa.o
  CC      fs/ext4/mballoc.o
  CC      block/blk-timeout.o
  CC      crypto/rsa_helper.o
  CC      kernel/events/hw_breakpoint.o
  CC      crypto/rsa-pkcs1pad.o
  CC      block/blk-lib.o
  AR      kernel/events/built-in.a
  CC      kernel/padata.o
  CC      crypto/rsassa-pkcs1.o
  CC      block/blk-mq.o
  CC      kernel/jump_label.o
  CC      crypto/acompress.o
  CC      fs/ext4/migrate.o
  CC      kernel/context_tracking.o
  CC      fs/ext4/mmp.o
  CC      crypto/scompress.o
  CC      kernel/iomem.o
  CC      block/blk-mq-tag.o
  CC      fs/ext4/move_extent.o
  CC      crypto/algboss.o
  CC      kernel/rseq.o
  CC      fs/ext4/namei.o
  CC      block/blk-mq-dma.o
  CC      crypto/testmgr.o
  AR      kernel/built-in.a
  CC      io_uring/io_uring.o
  CC      crypto/cmac.o
  CC      block/blk-stat.o
  CC      crypto/hmac.o
  CC      block/blk-mq-sysfs.o
  CC      fs/ext4/page-io.o
  CC      crypto/sha1.o
  CC      block/blk-mq-cpumap.o
  CC      io_uring/opdef.o
  CC      crypto/sha256.o
  CC      fs/ext4/readpage.o
  CC      block/blk-mq-sched.o
  CC      io_uring/kbuf.o
  CC      fs/ext4/resize.o
  CC      crypto/sha512.o
  CC      block/ioctl.o
  CC      io_uring/rsrc.o
  CC      crypto/ecb.o
  CC      fs/ext4/super.o
  CC      crypto/cbc.o
  CC      block/genhd.o
  CC      crypto/cts.o
  CC      io_uring/notif.o
  CC      crypto/ctr.o
  CC      block/ioprio.o
  CC      crypto/gcm.o
  CC      io_uring/tctx.o
  CC      block/badblocks.o
  CC      fs/ext4/symlink.o
  CC      crypto/ccm.o
  CC      io_uring/filetable.o
  CC      block/partitions/core.o
  CC      fs/ext4/sysfs.o
  CC      crypto/aes.o
  CC      io_uring/rw.o
  CC      block/partitions/msdos.o
  CC      crypto/camellia_generic.o
  CC      fs/ext4/xattr.o
  CC      block/partitions/efi.o
  CC      io_uring/poll.o
  CC      crypto/authenc.o
  AR      block/partitions/built-in.a
  CC      block/blk-rq-qos.o
  CC      fs/ext4/xattr_hurd.o
  CC      crypto/authencesn.o
  CC      block/disk-events.o
  CC      io_uring/tw.o
  CC      fs/ext4/xattr_trusted.o
  CC      crypto/krb5enc.o
  CC      block/blk-ia-ranges.o
  CC      io_uring/wait.o
  CC      fs/ext4/xattr_user.o
  CC      block/early-lookup.o
  CC      crypto/lzo.o
  CC      fs/ext4/fast_commit.o
  CC      block/bsg.o
  CC      io_uring/eventfd.o
  CC      crypto/lzo-rle.o
  CC      block/blk-cgroup.o
  CC      io_uring/uring_cmd.o
  CC      crypto/lz4.o
  CC      fs/ext4/orphan.o
  CC      crypto/asymmetric_keys/asymmetric_type.o
  CC      io_uring/openclose.o
  CC      block/blk-ioprio.o
  CC      fs/ext4/acl.o
  CC      crypto/asymmetric_keys/restrict.o
  CC      crypto/asymmetric_keys/signature.o
  CC      io_uring/sqpoll.o
  CC      block/blk-iolatency.o
  CC      fs/ext4/xattr_security.o
  CC      crypto/asymmetric_keys/public_key.o
  ASN.1   crypto/asymmetric_keys/x509.asn1.[ch]
  ASN.1   crypto/asymmetric_keys/x509_akid.asn1.[ch]
  CC      crypto/asymmetric_keys/x509_loader.o
  AR      fs/ext4/built-in.a
  CC      block/blk-iocost.o
  CC      fs/jbd2/transaction.o
  CC      crypto/asymmetric_keys/x509_public_key.o
  CC      io_uring/xattr.o
  ASN.1   crypto/asymmetric_keys/pkcs7.asn1.[ch]
  CC      crypto/asymmetric_keys/pkcs7_trust.o
  CC      io_uring/nop.o
  CC      fs/jbd2/commit.o
  CC      crypto/asymmetric_keys/pkcs7_verify.o
  CC      block/mq-deadline.o
  CC      io_uring/fs.o
  CC      crypto/asymmetric_keys/x509.asn1.o
  CC      crypto/asymmetric_keys/x509_akid.asn1.o
  CC      crypto/asymmetric_keys/x509_cert_parser.o
  CC      fs/jbd2/recovery.o
  CC      io_uring/splice.o
  CC      crypto/asymmetric_keys/pkcs7.asn1.o
  CC      crypto/asymmetric_keys/pkcs7_parser.o
  CC      block/blk-pm.o
  CC      fs/jbd2/checkpoint.o
  AR      crypto/asymmetric_keys/built-in.a
  CC      crypto/krb5/krb5_kdf.o
  CC      io_uring/sync.o
  CC      block/holder.o
  CC      fs/jbd2/revoke.o
  CC      crypto/krb5/krb5_api.o
  CC      io_uring/msg_ring.o
  AR      block/built-in.a
  CC      lib/argv_split.o
  CC      crypto/krb5/rfc3961_simplified.o
  CC      fs/jbd2/journal.o
  CC      lib/bug.o
  CC      io_uring/advise.o
  CC      io_uring/statx.o
  CC      lib/buildid.o
  CC      crypto/krb5/rfc3962_aes.o
  AR      fs/jbd2/built-in.a
  CC      fs/ramfs/inode.o
  CC      io_uring/timeout.o
  CC      crypto/krb5/rfc6803_camellia.o
  CC      lib/clz_tab.o
  CC      lib/cmdline.o
  CC      lib/cpumask.o
  CC      fs/ramfs/file-mmu.o
  CC      crypto/krb5/rfc8009_aes2.o
  CC      io_uring/cancel.o
  CC      lib/ctype.o
  CC      lib/dec_and_lock.o
  CC      lib/decompress.o
  CC      lib/decompress_bunzip2.o
  AR      fs/ramfs/built-in.a
  CC      fs/hugetlbfs/inode.o
  AR      crypto/krb5/built-in.a
  CC      crypto/rsapubkey.asn1.o
  CC      crypto/rsaprivkey.asn1.o
  AR      crypto/built-in.a
  AS      arch/x86/lib/bhi.o
  AS      arch/x86/lib/clear_page_64.o
  CC      arch/x86/lib/cmdline.o
  CC      io_uring/waitid.o
  AS      arch/x86/lib/cmpxchg16b_emu.o
  CC      arch/x86/lib/copy_mc.o
  CC      lib/decompress_inflate.o
  AS      arch/x86/lib/copy_mc_64.o
  AS      arch/x86/lib/copy_page_64.o
  AR      fs/hugetlbfs/built-in.a
  AS      arch/x86/lib/copy_user_64.o
  CC      lib/decompress_unlz4.o
  CC      fs/fat/cache.o
  AS      arch/x86/lib/copy_user_uncached_64.o
  CC      arch/x86/lib/cpu.o
  CC      io_uring/register.o
  AS      arch/x86/lib/csum-copy_64.o
  CC      arch/x86/lib/csum-partial_64.o
  CC      lib/decompress_unlzma.o
  CC      arch/x86/lib/csum-wrappers_64.o
  CC      fs/fat/dir.o
  CC      arch/x86/lib/delay.o
  CC      lib/decompress_unlzo.o
  AS      arch/x86/lib/getuser.o
  CC      arch/x86/lib/inat.o
  CC      arch/x86/lib/insn-eval.o
  CC      io_uring/truncate.o
  CC      lib/decompress_unxz.o
  CC      fs/fat/fatent.o
  CC      lib/decompress_unzstd.o
  CC      arch/x86/lib/insn.o
  CC      io_uring/memmap.o
  CC      arch/x86/lib/kaslr.o
  AS      arch/x86/lib/memcpy_64.o
  AS      arch/x86/lib/memmove_64.o
  AS      arch/x86/lib/memset_64.o
  CC      arch/x86/lib/misc.o
  CC      lib/dump_stack.o
  CC      arch/x86/lib/pc-conf-reg.o
  AS      arch/x86/lib/putuser.o
  AS      arch/x86/lib/retpoline.o
  CC      arch/x86/lib/usercopy.o
  CC      io_uring/alloc_cache.o
  CC      fs/fat/file.o
  CC      lib/earlycpio.o
  CC      lib/extable.o
  CC      arch/x86/lib/usercopy_64.o
  CC      io_uring/query.o
  CC      lib/flex_proportions.o
  CC      arch/x86/lib/msr-smp.o
  CC      fs/fat/inode.o
  CC      lib/idr.o
  CC      arch/x86/lib/cache-smp.o
  CC      arch/x86/lib/msr.o
  CC      io_uring/loop.o
  CC      lib/iomem_copy.o
  CC      lib/irq_regs.o
  CC      io_uring/io-wq.o
  CC      fs/fat/misc.o
  CC      lib/is_single_threaded.o
  AS      arch/x86/lib/msr-reg.o
  CC      arch/x86/lib/msr-reg-export.o
  CC      lib/klist.o
  AS      arch/x86/lib/hweight.o
  CC      arch/x86/lib/iomem.o
  CC      fs/fat/nfs.o
  CC      lib/kobject.o
  CC      io_uring/futex.o
  AR      arch/x86/lib/lib.a
  AR      arch/x86/lib/built-in.a
  CC      drivers/leds/led-core.o
  CC      lib/kobject_uevent.o
  CC      fs/fat/namei_vfat.o
  CC      drivers/leds/led-class.o
  CC      io_uring/epoll.o
  CC      drivers/leds/led-triggers.o
  CC      lib/logic_pio.o
  CC      fs/fat/namei_msdos.o
  CC      io_uring/napi.o
  AR      drivers/leds/built-in.a
  CC      drivers/video/console/dummycon.o
  CC      lib/maple_tree.o
  AR      fs/fat/built-in.a
  CC      fs/isofs/namei.o
  CC      drivers/video/console/vgacon.o
  CC      io_uring/net.o
  CC      fs/isofs/inode.o
  AR      drivers/video/console/built-in.a
  CC      drivers/video/backlight/backlight.o
  AR      drivers/video/backlight/built-in.a
  AR      drivers/video/built-in.a
  CC      io_uring/cmd_net.o
  CC      drivers/acpi/tables.o
  CC      fs/isofs/dir.o
  CC      lib/memcat_p.o
  CC      fs/isofs/util.o
  CC      lib/nmi_backtrace.o
  CC      io_uring/fdinfo.o
  CC      drivers/acpi/osi.o
  CC      fs/isofs/rock.o
  CC      drivers/acpi/osl.o
  CC      lib/objpool.o
  CC      io_uring/bpf_filter.o
  CC      lib/plist.o
  CC      lib/radix-tree.o
  CC      fs/isofs/export.o
  AR      io_uring/built-in.a
  CC      net/devres.o
  CC      drivers/acpi/utils.o
  CC      lib/ratelimit.o
  CC      fs/isofs/joliet.o
  CC      lib/rbtree.o
  CC      drivers/acpi/reboot.o
  CC      lib/seq_buf.o
  CC      fs/isofs/compress.o
  CC      net/socket.o
  CC      drivers/acpi/nvs.o
  CC      lib/siphash.o
  AR      fs/isofs/built-in.a
  CC      fs/nfs/client.o
  CC      lib/string.o
  CC      lib/sys_info.o
  CC      drivers/acpi/wakeup.o
  CC      drivers/acpi/sleep.o
  CC      lib/timerqueue.o
  CC      lib/union_find.o
  CC      net/core/sock.o
  CC      lib/vsprintf.o
  CC      fs/nfs/dir.o
  CC      drivers/acpi/device_sysfs.o
  CC      drivers/acpi/device_pm.o
  CC      fs/nfs/file.o
  CC      lib/win_minmax.o
  CC      drivers/acpi/proc.o
  CC      net/core/skbuff.o
  CC      lib/xarray.o
  CC      drivers/acpi/bus.o
  CC      fs/nfs/getroot.o
  CC      lib/lockref.o
  CC      lib/bcd.o
  CC      lib/sort.o
  CC      drivers/acpi/glue.o
  CC      lib/parser.o
  CC      lib/debug_locks.o
  CC      fs/nfs/inode.o
  CC      lib/random32.o
  CC      drivers/acpi/scan.o
  CC      lib/bust_spinlocks.o
  CC      lib/kasprintf.o
  CC      net/core/datagram.o
  CC      drivers/acpi/mipi-disco-img.o
  CC      lib/bitmap.o
  CC      fs/nfs/super.o
  CC      drivers/acpi/resource.o
  CC      lib/scatterlist.o
  CC      drivers/acpi/acpi_processor.o
  CC      net/core/stream.o
  CC      fs/nfs/io.o
  CC      lib/list_sort.o
  CC      lib/uuid.o
  CC      lib/iov_iter.o
  CC      drivers/acpi/processor_core.o
  CC      net/core/scm.o
  CC      drivers/acpi/processor_pdc.o
  CC      fs/nfs/direct.o
  CC      drivers/acpi/ec.o
  CC      lib/clz_ctz.o
  CC      lib/bsearch.o
  CC      net/core/gen_stats.o
  CC      fs/nfs/pagelist.o
  CC      drivers/acpi/acpi_apd.o
  CC      lib/find_bit.o
  CC      lib/llist.o
  CC      lib/lwq.o
  CC      drivers/acpi/acpi_platform.o
  CC      lib/memweight.o
  CC      net/core/gen_estimator.o
  CC      lib/kfifo.o
  CC      drivers/acpi/acpi_pnp.o
  CC      fs/nfs/read.o
  CC      lib/percpu-refcount.o
  CC      drivers/acpi/power.o
  CC      net/core/net_namespace.o
  CC      lib/rhashtable.o
  CC      drivers/acpi/event.o
  CC      fs/nfs/symlink.o
  CC      lib/base64.o
  CC      lib/once.o
  CC      drivers/acpi/evged.o
  CC      net/core/secure_seq.o
  CC      fs/nfs/unlink.o
  CC      lib/refcount.o
  CC      drivers/acpi/sysfs.o
  CC      lib/rcuref.o
  CC      lib/usercopy.o
  CC      drivers/acpi/property.o
  CC      lib/errseq.o
  CC      lib/bucket_locks.o
  CC      net/core/flow_dissector.o
  CC      fs/nfs/write.o
  CC      drivers/acpi/acpi_lpat.o
  CC      lib/generic-radix-tree.o
  CC      lib/bitmap-str.o
  CC      drivers/acpi/acpi_lpit.o
  CC      drivers/acpi/acpi_pcc.o
  CC      lib/string_helpers.o
  CC      fs/nfs/namespace.o
  CC      net/core/sysctl_net_core.o
  CC      drivers/acpi/acpi_mrrm.o
  CC      lib/hexdump.o
  CC      lib/kstrtox.o
  CC      fs/nfs/mount_clnt.o
  CC      net/core/dev.o
  CC      drivers/acpi/acpica/dsargs.o
  CC      lib/math/div64.o
  CC      lib/math/gcd.o
  CC      lib/math/lcm.o
  CC      lib/math/int_log.o
  CC      drivers/acpi/acpica/dscontrol.o
  CC      lib/math/int_pow.o
  CC      lib/math/int_sqrt.o
  CC      lib/math/reciprocal_div.o
  AR      lib/math/built-in.a
  CC      lib/crc/crc16.o
  CC      drivers/acpi/acpica/dsdebug.o
  CC      fs/nfs/nfstrace.o
  CC      lib/crc/crc-ccitt.o
  CC      drivers/acpi/acpica/dsfield.o
  HOSTCC  lib/crc/gen_crc32table
  AS      lib/crc/x86/crc32-pclmul.o
  AS      lib/crc/x86/crc32c-3way.o
  GEN     lib/crc/crc32table.h
  CC      lib/crc/crc32-main.o
  CC      drivers/acpi/acpica/dsinit.o
  CC      fs/nfs/export.o
  CC      drivers/acpi/acpica/dsmethod.o
  AR      lib/crc/built-in.a
  CC      lib/crypto/hash_info.o
  CC      drivers/acpi/acpica/dsmthdat.o
  CC      lib/crypto/memneq.o
  CC      drivers/acpi/acpica/dsobject.o
  CC      lib/crypto/utils.o
  CC      fs/nfs/sysfs.o
  CC      drivers/acpi/acpica/dsopcode.o
  CC      lib/crypto/aes.o
  CC      drivers/acpi/acpica/dspkginit.o
  AS      lib/crypto/x86/aes-aesni.o
  CC      lib/crypto/arc4.o
  CC      net/core/dev_api.o
  CC      fs/nfs/fs_context.o
  CC      drivers/acpi/acpica/dsutils.o
  CC      lib/crypto/blake2s.o
  CC      drivers/acpi/acpica/dswexec.o
  CC      net/core/dev_addr_lists.o
  CC      drivers/acpi/acpica/dswload.o
  AS      lib/crypto/x86/blake2s-core.o
  CC      lib/crypto/chacha-block-generic.o
  CC      lib/crypto/gf128hash.o
  CC      fs/nfs/sysctl.o
  CC      drivers/acpi/acpica/dswload2.o
  AS      lib/crypto/x86/ghash-pclmul.o
  AS      lib/crypto/x86/polyval-pclmul-avx.o
  CC      lib/crypto/md5.o
  CC      drivers/acpi/acpica/dswscope.o
  CC      net/core/dst.o
  CC      drivers/acpi/acpica/dswstate.o
  AR      fs/nfs/built-in.a
  CC      fs/exportfs/expfs.o
  CC      lib/crypto/sha1.o
  CC      drivers/acpi/acpica/evevent.o
  AS      lib/crypto/x86/sha1-ssse3-and-avx.o
  AS      lib/crypto/x86/sha1-avx2-asm.o
  AS      lib/crypto/x86/sha1-ni-asm.o
  AR      fs/exportfs/built-in.a
  CC      lib/crypto/sha256.o
  CC      fs/lockd/clntlock.o
  CC      drivers/acpi/acpica/evgpe.o
  CC      net/core/netevent.o
  CC      drivers/acpi/acpica/evgpeblk.o
  AS      lib/crypto/x86/sha256-ssse3-asm.o
  AS      lib/crypto/x86/sha256-avx-asm.o
  AS      lib/crypto/x86/sha256-avx2-asm.o
  AS      lib/crypto/x86/sha256-ni-asm.o
  CC      lib/crypto/sha512.o
  CC      net/core/neighbour.o
  CC      drivers/acpi/acpica/evgpeinit.o
  CC      fs/lockd/clntproc.o
  AS      lib/crypto/x86/sha512-ssse3-asm.o
  AS      lib/crypto/x86/sha512-avx-asm.o
  AS      lib/crypto/x86/sha512-avx2-asm.o
  CC      drivers/acpi/acpica/evgpeutil.o
  CC      lib/crypto/mpi/generic_mpih-lshift.o
  CC      drivers/acpi/acpica/evglock.o
  CC      lib/crypto/mpi/generic_mpih-mul1.o
  CC      drivers/acpi/acpica/evhandler.o
  CC      fs/lockd/clntxdr.o
  CC      lib/crypto/mpi/generic_mpih-mul2.o
  CC      drivers/acpi/acpica/evmisc.o
  CC      net/core/rtnetlink.o
  CC      drivers/acpi/acpica/evregion.o
  CC      lib/crypto/mpi/generic_mpih-mul3.o
  CC      drivers/acpi/acpica/evrgnini.o
  CC      fs/lockd/host.o
  CC      lib/crypto/mpi/generic_mpih-rshift.o
  CC      drivers/acpi/acpica/evsci.o
  CC      drivers/acpi/acpica/evxface.o
  CC      lib/crypto/mpi/generic_mpih-sub1.o
  CC      fs/lockd/svc.o
  CC      drivers/acpi/acpica/evxfevnt.o
  CC      lib/crypto/mpi/generic_mpih-add1.o
  CC      drivers/acpi/acpica/evxfgpe.o
  CC      drivers/acpi/acpica/evxfregn.o
  CC      lib/crypto/mpi/mpicoder.o
  CC      net/core/utils.o
  CC      fs/lockd/svclock.o
  CC      drivers/acpi/acpica/exconcat.o
  CC      lib/crypto/mpi/mpi-add.o
  CC      drivers/acpi/acpica/exconfig.o
  CC      drivers/acpi/acpica/exconvrt.o
  CC      net/core/link_watch.o
  CC      lib/crypto/mpi/mpi-bit.o
  CC      fs/lockd/svcshare.o
  CC      drivers/acpi/acpica/excreate.o
  CC      lib/crypto/mpi/mpi-cmp.o
  CC      drivers/acpi/acpica/exdebug.o
  CC      net/core/filter.o
  CC      drivers/acpi/acpica/exdump.o
  CC      lib/crypto/mpi/mpi-sub-ui.o
  CC      drivers/acpi/acpica/exfield.o
  CC      fs/lockd/svcproc.o
  CC      lib/crypto/mpi/mpi-div.o
  CC      drivers/acpi/acpica/exfldio.o
  CC      lib/crypto/mpi/mpi-mod.o
  CC      drivers/acpi/acpica/exmisc.o
  CC      drivers/acpi/acpica/exmutex.o
  CC      fs/lockd/svcsubs.o
  CC      lib/crypto/mpi/mpi-mul.o
  CC      drivers/acpi/acpica/exnames.o
  CC      lib/crypto/mpi/mpih-cmp.o
  CC      drivers/acpi/acpica/exoparg1.o
  CC      fs/lockd/mon.o
  CC      drivers/acpi/acpica/exoparg2.o
  CC      lib/crypto/mpi/mpih-div.o
  CC      drivers/acpi/acpica/exoparg3.o
  CC      drivers/acpi/acpica/exoparg6.o
  CC      fs/lockd/trace.o
  CC      lib/crypto/mpi/mpih-mul.o
  CC      net/core/sock_diag.o
  CC      drivers/acpi/acpica/exprep.o
  CC      drivers/acpi/acpica/exregion.o
  CC      lib/crypto/mpi/mpi-pow.o
  CC      drivers/acpi/acpica/exresnte.o
  CC      fs/lockd/netlink.o
  CC      drivers/acpi/acpica/exresolv.o
  CC      net/core/dev_ioctl.o
  CC      lib/crypto/mpi/mpiutil.o
  CC      drivers/acpi/acpica/exresop.o
  CC      fs/lockd/nlm3xdr_gen.o
  AR      lib/crypto/mpi/built-in.a
  AR      lib/crypto/built-in.a
  CC      lib/vdso/datastore.o
  CC      drivers/acpi/acpica/exserial.o
  AR      lib/vdso/built-in.a
  CC      lib/iomap.o
  CC      drivers/acpi/acpica/exstore.o
  CC      net/core/tso.o
  CC      fs/lockd/procfs.o
  CC      drivers/acpi/acpica/exstoren.o
  CC      lib/iomap_copy.o
  CC      drivers/acpi/acpica/exstorob.o
  CC      lib/devres.o
  AR      fs/lockd/built-in.a
  CC      fs/nls/nls_base.o
  CC      drivers/acpi/acpica/exsystem.o
  CC      lib/assoc_array.o
  CC      net/core/sock_reuseport.o
  CC      fs/nls/nls_cp437.o
  CC      drivers/acpi/acpica/extrace.o
  CC      fs/nls/nls_ascii.o
  CC      lib/bitrev.o
  CC      drivers/acpi/acpica/exutils.o
  CC      fs/nls/nls_iso8859-1.o
  CC      lib/xxhash.o
  CC      drivers/acpi/acpica/hwacpi.o
  AR      fs/nls/built-in.a
  CC      fs/autofs/init.o
  CC      net/core/fib_notifier.o
  CC      lib/genalloc.o
  CC      drivers/acpi/acpica/hwesleep.o
  CC      drivers/acpi/acpica/hwgpe.o
  CC      lib/zlib_inflate/inffast.o
  CC      fs/autofs/inode.o
  CC      lib/zlib_inflate/inflate.o
  CC      net/core/xdp.o
  CC      drivers/acpi/acpica/hwregs.o
  CC      lib/zlib_inflate/infutil.o
  CC      drivers/acpi/acpica/hwsleep.o
  CC      lib/zlib_inflate/inftrees.o
  CC      fs/autofs/root.o
  CC      lib/zlib_inflate/inflate_syms.o
  CC      drivers/acpi/acpica/hwvalid.o
  AR      lib/zlib_inflate/built-in.a
  CC      lib/lzo/lzo1x_compress.o
  CC      net/core/flow_offload.o
  CC      drivers/acpi/acpica/hwxface.o
  CC      fs/autofs/symlink.o
  CC      lib/lzo/lzo1x_compress_safe.o
  CC      drivers/acpi/acpica/hwxfsleep.o
  CC      drivers/acpi/acpica/nsaccess.o
  CC      lib/lzo/lzo1x_decompress_safe.o
  CC      fs/autofs/waitq.o
  CC      net/core/gro.o
  CC      drivers/acpi/acpica/nsalloc.o
  AR      lib/lzo/built-in.a
  CC      lib/lz4/lz4_compress.o
  CC      drivers/acpi/acpica/nsarguments.o
  CC      fs/autofs/expire.o
  CC      drivers/acpi/acpica/nsconvert.o
  CC      lib/lz4/lz4_decompress.o
  CC      drivers/acpi/acpica/nsdump.o
  CC      fs/autofs/dev-ioctl.o
  CC      net/core/netdev-genl.o
  CC      drivers/acpi/acpica/nseval.o
  AR      lib/lz4/built-in.a
  CC      lib/zstd/zstd_decompress_module.o
  CC      drivers/acpi/acpica/nsinit.o
  AR      fs/autofs/built-in.a
  CC      fs/9p/vfs_super.o
  CC      lib/zstd/decompress/huf_decompress.o
  CC      drivers/acpi/acpica/nsload.o
  CC      net/core/netdev-genl-gen.o
  CC      drivers/acpi/acpica/nsnames.o
  CC      fs/9p/vfs_inode.o
  CC      drivers/acpi/acpica/nsobject.o
  CC      net/core/netdev_work.o
  CC      drivers/acpi/acpica/nsparse.o
  CC      lib/zstd/decompress/zstd_ddict.o
  CC      lib/zstd/decompress/zstd_decompress.o
  CC      fs/9p/vfs_inode_dotl.o
  CC      drivers/acpi/acpica/nspredef.o
  CC      lib/zstd/decompress/zstd_decompress_block.o
  CC      net/core/gso.o
  CC      drivers/acpi/acpica/nsprepkg.o
  CC      fs/9p/vfs_addr.o
  CC      drivers/acpi/acpica/nsrepair.o
  CC      drivers/acpi/acpica/nsrepair2.o
  CC      net/core/net-sysfs.o
  CC      fs/9p/vfs_file.o
  CC      drivers/acpi/acpica/nssearch.o
  CC      lib/zstd/zstd_common_module.o
  CC      drivers/acpi/acpica/nsutils.o
  CC      lib/zstd/common/debug.o
  CC      lib/zstd/common/entropy_common.o
  CC      lib/zstd/common/error_private.o
  CC      fs/9p/vfs_dir.o
  CC      lib/zstd/common/fse_decompress.o
  CC      drivers/acpi/acpica/nswalk.o
  CC      lib/zstd/common/zstd_common.o
  AR      lib/zstd/built-in.a
  CC      lib/xz/xz_dec_syms.o
  CC      drivers/acpi/acpica/nsxfeval.o
  CC      net/core/hotdata.o
  CC      lib/xz/xz_dec_stream.o
  CC      fs/9p/vfs_dentry.o
  CC      drivers/acpi/acpica/nsxfname.o
  CC      lib/xz/xz_dec_lzma2.o
  CC      drivers/acpi/acpica/nsxfobj.o
  CC      fs/9p/v9fs.o
  CC      net/core/netdev_config.o
  CC      drivers/acpi/acpica/psargs.o
  CC      lib/xz/xz_dec_bcj.o
  AR      lib/xz/built-in.a
  CC      lib/percpu_counter.o
  CC      drivers/acpi/acpica/psloop.o
  CC      fs/9p/fid.o
  CC      net/core/netdev_rx_queue.o
  CC      drivers/acpi/acpica/psobject.o
  CC      lib/syscall.o
  CC      drivers/acpi/acpica/psopcode.o
  CC      lib/errname.o
  CC      fs/9p/xattr.o
  CC      lib/nlattr.o
  CC      drivers/acpi/acpica/psopinfo.o
  CC      net/core/netdev_queues.o
  CC      drivers/acpi/acpica/psparse.o
  AR      fs/9p/built-in.a
  AR      fs/built-in.a
  CC      arch/x86/power/cpu.o
  CC      drivers/acpi/acpica/psscope.o
  CC      lib/cpu_rmap.o
  CC      drivers/acpi/acpica/pstree.o
  CC      net/core/net-procfs.o
  CC      lib/glob.o
  AR      arch/x86/power/built-in.a
  CC      lib/strncpy_from_user.o
  CC      drivers/acpi/acpica/psutils.o
  CC      lib/strnlen_user.o
  CC      drivers/acpi/acpica/pswalk.o
  CC      lib/net_utils.o
  CC      lib/sg_pool.o
  CC      drivers/acpi/acpica/psxface.o
  CC      net/core/selftests.o
  CC      drivers/acpi/acpica/rsaddr.o
  CC      lib/stackdepot.o
  CC      lib/asn1_decoder.o
  CC      drivers/acpi/acpica/rscalc.o
  CC      lib/fonts/fonts.o
  CC      drivers/acpi/acpica/rscreate.o
  CC      drivers/acpi/ac.o
  CC      lib/fonts/font_8x16.o
  CC      net/core/ptp_classifier.o
  CC      drivers/acpi/acpica/rsdumpinfo.o
  CC      drivers/acpi/button.o
  AR      lib/fonts/built-in.a
  CC      lib/oid_registry.o
  CC      drivers/acpi/acpica/rsinfo.o
  CC      lib/ucs2_string.o
  CC      drivers/acpi/acpica/rsio.o
  CC      drivers/acpi/acpi_video.o
  CC      lib/sbitmap.o
  CC      net/core/netclassid_cgroup.o
  CC      drivers/acpi/acpica/rsirq.o
  CC      drivers/acpi/acpica/rslist.o
  CC      lib/group_cpus.o
  CC      drivers/acpi/video_detect.o
  CC      drivers/acpi/acpica/rsmemory.o
  CC      net/core/dst_cache.o
  CC      lib/fw_table.o
  CC      drivers/acpi/acpica/rsmisc.o
  CC      drivers/acpi/processor_driver.o
  AR      lib/lib.a
  AR      lib/built-in.a
  CC      drivers/acpi/acpica/rsserial.o
  CC      drivers/acpi/acpica/rsutils.o
  CC      net/core/gro_cells.o
  CC      net/core/failover.o
  CC      drivers/acpi/acpica/rsxface.o
  CC      drivers/acpi/processor_thermal.o
  CC      drivers/acpi/acpica/tbdata.o
  CC      drivers/acpi/processor_idle.o
  CC      drivers/acpi/acpica/tbfadt.o
  CC      drivers/acpi/acpica/tbfind.o
  AR      net/core/built-in.a
  CC      net/ethernet/eth.o
  CC      drivers/acpi/acpica/tbinstal.o
  CC      drivers/acpi/acpica/tbprint.o
  CC      drivers/acpi/acpica/tbutils.o
  CC      drivers/acpi/processor_throttling.o
  CC      drivers/acpi/acpica/tbxface.o
  CC      drivers/acpi/acpica/tbxfload.o
  CC      drivers/acpi/acpica/tbxfroot.o
  AR      net/ethernet/built-in.a
  CC      drivers/acpi/processor_perflib.o
  CC      net/sched/sch_generic.o
  CC      drivers/acpi/container.o
  CC      drivers/acpi/acpica/utaddress.o
  CC      drivers/acpi/acpica/utalloc.o
  CC      drivers/acpi/acpi_memhotplug.o
  CC      drivers/acpi/battery.o
  CC      drivers/acpi/acpica/utascii.o
  CC      drivers/acpi/bgrt.o
  CC      drivers/acpi/acpica/utbuffer.o
  CC      drivers/acpi/spcr.o
  CC      drivers/acpi/x86/apple.o
  CC      net/sched/sch_mq.o
  CC      drivers/acpi/acpica/utcksum.o
  CC      drivers/acpi/x86/cmos_rtc.o
  CC      drivers/acpi/x86/s2idle.o
  CC      drivers/acpi/acpica/utcopy.o
  CC      drivers/acpi/acpica/utexcep.o
  CC      drivers/acpi/x86/utils.o
  CC      net/sched/sch_frag.o
  CC      drivers/acpi/x86/blacklist.o
  CC      drivers/acpi/acpica/utdebug.o
  CC      drivers/acpi/acpica/utdecode.o
  CC      drivers/acpi/acpica/utdelete.o
  AR      drivers/acpi/x86/built-in.a
  CC      drivers/acpi/acpica/uterror.o
  CC      drivers/acpi/acpica/uteval.o
  CC      drivers/acpi/acpica/utglobal.o
  CC      drivers/acpi/acpica/uthex.o
  CC      net/sched/sch_api.o
  CC      drivers/acpi/acpica/utids.o
  CC      drivers/acpi/acpica/utinit.o
  CC      drivers/acpi/acpica/utlock.o
  CC      drivers/acpi/acpica/utmath.o
  CC      net/sched/sch_blackhole.o
  CC      drivers/acpi/acpica/utmisc.o
  CC      net/sched/cls_api.o
  CC      drivers/acpi/acpica/utmutex.o
  CC      drivers/acpi/acpica/utnonansi.o
  CC      drivers/acpi/acpica/utobject.o
  CC      net/sched/act_api.o
  CC      drivers/acpi/acpica/utosi.o
  CC      drivers/acpi/acpica/utownerid.o
  CC      drivers/acpi/acpica/utpredef.o
  CC      drivers/acpi/acpica/utresdecode.o
  CC      drivers/acpi/acpica/utresrc.o
  CC      drivers/acpi/acpica/utstate.o
  CC      drivers/acpi/acpica/utstring.o
  CC      net/sched/sch_fifo.o
  CC      drivers/acpi/acpica/utstrsuppt.o
  CC      net/sched/ematch.o
  CC      drivers/acpi/acpica/utstrtoul64.o
  CC      drivers/acpi/acpica/utxface.o
  CC      drivers/acpi/acpica/utxfinit.o
  CC      drivers/acpi/acpica/utxferror.o
  CC      drivers/acpi/acpica/utxfmutex.o
  AR      net/sched/built-in.a
  CC      net/netlink/af_netlink.o
  CC      net/netlink/genetlink.o
  CC      net/netlink/policy.o
  AR      drivers/acpi/acpica/built-in.a
  AR      drivers/acpi/built-in.a
  CC      drivers/pnp/core.o
  CC      drivers/pnp/card.o
  CC      drivers/pnp/driver.o
  CC      drivers/pnp/resource.o
  CC      drivers/pnp/manager.o
  AR      net/netlink/built-in.a
  CC      net/ethtool/ioctl.o
  CC      drivers/pnp/support.o
  CC      drivers/pnp/interface.o
  CC      drivers/pnp/quirks.o
  CC      drivers/pnp/system.o
  CC      drivers/pnp/pnpacpi/core.o
  CC      net/netfilter/core.o
  CC      net/netfilter/nf_log.o
  CC      drivers/pnp/pnpacpi/rsparser.o
  CC      net/ethtool/common.o
  AR      drivers/pnp/pnpacpi/built-in.a
  AR      drivers/pnp/built-in.a
  CC      net/netfilter/nf_queue.o
  AR      drivers/virtio/built-in.a
  CC      drivers/tty/tty_io.o
  CC      net/netfilter/nf_sockopt.o
  AR      net/ethtool/built-in.a
  CC      net/netfilter/utils.o
  CC      net/ipv4/route.o
  CC      net/xfrm/xfrm_policy.o
  CC      drivers/tty/n_tty.o
  CC      net/netfilter/nfnetlink.o
  CC      drivers/tty/tty_ioctl.o
  CC      drivers/tty/tty_ldisc.o
  CC      net/netfilter/nfnetlink_log.o
  CC      net/ipv4/inetpeer.o
  CC      net/xfrm/xfrm_state.o
  CC      drivers/tty/tty_buffer.o
  CC      net/ipv4/protocol.o
  CC      drivers/tty/tty_port.o
  CC      net/netfilter/x_tables.o
  CC      drivers/tty/tty_mutex.o
  CC      net/ipv4/ip_input.o
  CC      drivers/tty/tty_ldsem.o
  CC      net/xfrm/xfrm_hash.o
  CC      net/netfilter/xt_tcpudp.o
  CC      drivers/tty/tty_baudrate.o
  CC      net/xfrm/xfrm_input.o
  CC      drivers/tty/tty_jobctrl.o
  CC      net/ipv4/ip_fragment.o
  CC      net/netfilter/xt_NFLOG.o
  CC      drivers/tty/n_null.o
  CC      net/xfrm/xfrm_output.o
  CC      drivers/tty/pty.o
  CC      net/ipv4/ip_forward.o
  CC      net/netfilter/xt_SECMARK.o
  CC      drivers/tty/tty_audit.o
  CC      net/netfilter/xt_TCPMSS.o
  CC      net/xfrm/xfrm_sysctl.o
  CC      net/ipv4/ip_options.o
  CC      drivers/tty/sysrq.o
  CC      net/netfilter/xt_policy.o
  CC      net/xfrm/xfrm_replay.o
  CC      drivers/tty/vt/vt_ioctl.o
  CC      net/ipv4/ip_output.o
  CC      drivers/tty/vt/vc_screen.o
  AR      net/netfilter/built-in.a
  CC      net/ipv4/ip_sockglue.o
  CC      net/xfrm/xfrm_device.o
  CC      drivers/tty/vt/selection.o
  CC      net/ipv4/inet_hashtables.o
  CC      net/xfrm/xfrm_nat_keepalive.o
  CC      drivers/tty/vt/keyboard.o
  CC      net/ipv4/inet_timewait_sock.o
  CC      net/xfrm/xfrm_algo.o
  CC      drivers/tty/vt/vt.o
  CC      net/ipv4/inet_connection_sock.o
  CC      net/ipv4/tcp.o
  CC      net/xfrm/xfrm_user.o
  CC      drivers/tty/vt/defkeymap.o
  CC      net/ipv4/tcp_input.o
  CC      drivers/tty/vt/consolemap.o
  AR      net/xfrm/built-in.a
  CC      net/ipv4/tcp_output.o
  CC      net/ipv6/af_inet6.o
  HOSTCC  drivers/tty/vt/conmakehash
  CC      drivers/tty/vt/ucs.o
  CONMK   drivers/tty/vt/consolemap_deftbl.c
  CC      drivers/tty/vt/consolemap_deftbl.o
  AR      drivers/tty/vt/built-in.a
  CC      drivers/tty/serial/serial_core.o
  CC      net/ipv6/anycast.o
  CC      drivers/tty/serial/serial_base_bus.o
  CC      net/ipv4/tcp_timer.o
  CC      net/ipv4/tcp_ipv4.o
  CC      drivers/tty/serial/serial_ctrl.o
  CC      net/ipv6/ip6_output.o
  CC      drivers/tty/serial/serial_port.o
  CC      net/ipv4/tcp_minisocks.o
  CC      drivers/tty/serial/earlycon.o
  CC      net/ipv4/tcp_cong.o
  CC      drivers/tty/serial/8250/8250_core.o
  CC      net/ipv6/ip6_input.o
  CC      drivers/tty/serial/8250/8250_platform.o
  CC      net/ipv4/tcp_metrics.o
  CC      drivers/tty/serial/8250/8250_pnp.o
  CC      drivers/tty/serial/8250/8250_port.o
  CC      net/ipv6/addrconf.o
  CC      drivers/tty/serial/8250/8250_early.o
  CC      net/ipv6/addrlabel.o
  CC      net/ipv4/tcp_fastopen.o
  AR      drivers/tty/serial/8250/built-in.a
  AR      drivers/tty/serial/built-in.a
  AR      drivers/tty/built-in.a
  CC      drivers/char/mem.o
  CC      net/ipv6/route.o
  CC      drivers/char/random.o
  CC      net/ipv4/tcp_recovery.o
  CC      net/ipv6/ip6_fib.o
  CC      drivers/char/misc.o
  CC      net/ipv4/tcp_ulp.o
  CC      drivers/char/hpet.o
  CC      net/ipv6/ipv6_sockglue.o
  CC      drivers/char/nvram.o
  CC      net/ipv4/tcp_offload.o
  CC      net/ipv6/ndisc.o
  CC      drivers/char/hw_random/core.o
  CC      net/ipv6/udp.o
  CC      net/ipv4/tcp_plb.o
  AR      drivers/char/hw_random/built-in.a
  AR      drivers/char/built-in.a
  CC      drivers/iommu/iommu.o
  CC      net/ipv6/raw.o
  CC      net/ipv4/datagram.o
  CC      drivers/iommu/iommu-pages.o
  CC      net/ipv6/icmp.o
  CC      net/ipv6/mcast.o
  CC      drivers/iommu/iommu-traces.o
  CC      net/ipv4/raw.o
  CC      drivers/iommu/iommu-sysfs.o
  CC      drivers/iommu/dma-iommu.o
  CC      net/ipv6/reassembly.o
  CC      net/ipv4/udp.o
  CC      drivers/iommu/iova.o
  CC      net/ipv6/tcp_ipv6.o
  CC      net/ipv6/ping.o
  AR      drivers/iommu/built-in.a
  CC      drivers/connector/cn_queue.o
  CC      net/ipv6/exthdrs.o
  CC      drivers/connector/connector.o
  CC      net/ipv6/datagram.o
  CC      net/ipv4/udp_offload.o
  CC      net/ipv6/ip6_flowlabel.o
  CC      drivers/connector/cn_proc.o
  CC      net/ipv6/inet6_connection_sock.o
  CC      net/ipv4/arp.o
  AR      drivers/connector/built-in.a
  CC      net/ipv6/udp_offload.o
  CC      drivers/base/component.o
  CC      net/ipv6/seg6.o
  CC      drivers/base/core.o
  CC      net/ipv4/icmp.o
  CC      net/ipv6/fib6_notifier.o
  CC      net/ipv6/rpl.o
  CC      net/ipv6/ioam6.o
  CC      net/ipv4/devinet.o
  CC      net/ipv6/sysctl_net_ipv6.o
  CC      drivers/base/bus.o
  CC      drivers/base/dd.o
  CC      drivers/base/syscore.o
  CC      net/ipv6/xfrm6_policy.o
  CC      drivers/base/driver.o
  CC      net/ipv4/af_inet.o
  CC      drivers/base/class.o
  CC      net/ipv4/igmp.o
  CC      net/ipv6/xfrm6_state.o
  CC      drivers/base/platform.o
  CC      net/ipv6/xfrm6_input.o
  CC      net/ipv4/fib_frontend.o
  CC      drivers/base/cpu.o
  CC      net/ipv4/fib_semantics.o
  CC      drivers/base/firmware.o
  CC      net/ipv6/xfrm6_output.o
  CC      net/ipv4/fib_trie.o
  CC      drivers/base/init.o
  CC      drivers/base/map.o
  CC      net/ipv4/fib_notifier.o
  CC      net/ipv6/xfrm6_protocol.o
  CC      drivers/base/devres.o
  CC      net/ipv4/inet_fragment.o
  CC      drivers/base/attribute_container.o
  CC      net/ipv4/ping.o
  CC      net/ipv6/netfilter.o
  CC      drivers/base/transport_class.o
  CC      drivers/base/topology.o
  CC      net/ipv4/ip_tunnel_core.o
  CC      net/ipv4/gre_offload.o
  CC      net/ipv6/proc.o
  CC      drivers/base/container.o
  CC      drivers/base/property.o
  CC      net/ipv4/metrics.o
  CC      net/ipv4/netlink.o
  CC      net/ipv6/syncookies.o
  CC      drivers/base/cacheinfo.o
  CC      net/ipv4/nexthop.o
  CC      drivers/base/swnode.o
  CC      net/ipv4/udp_tunnel_stub.o
  CC      net/ipv6/calipso.o
  CC      drivers/base/faux.o
  CC      net/ipv4/sysctl_net_ipv4.o
  CC      drivers/base/auxiliary.o
  CC      drivers/base/devtmpfs.o
  CC      net/ipv4/proc.o
  CC      net/ipv6/ah6.o
  CC      net/ipv4/ipmr.o
  CC      drivers/base/power/sysfs.o
  CC      drivers/base/power/generic_ops.o
  CC      net/ipv6/esp6.o
  CC      net/packet/af_packet.o
  CC      drivers/base/power/common.o
  CC      drivers/base/power/qos.o
  CC      net/ipv4/ipmr_base.o
  CC      net/ipv6/netfilter/ip6t_ipv6header.o
  CC      drivers/base/power/runtime.o
  CC      net/ipv4/syncookies.o
  AR      net/packet/built-in.a
  CC      net/sunrpc/clnt.o
  CC      drivers/base/power/wakeirq.o
  AR      net/ipv6/netfilter/built-in.a
  CC      net/ipv6/addrconf_core.o
  CC      drivers/base/power/main.o
  CC      net/ipv4/netfilter.o
  CC      net/ipv6/exthdrs_core.o
  CC      net/sunrpc/xprt.o
  CC      drivers/base/power/wakeup.o
  AR      net/ipv4/netfilter/built-in.a
  CC      net/ipv4/cipso_ipv4.o
  CC      net/ipv6/ip6_checksum.o
  CC      drivers/base/power/wakeup_stats.o
  CC      net/sunrpc/socklib.o
  CC      net/ipv6/ip6_icmp.o
  CC      drivers/base/power/trace.o
  CC      net/ipv4/xfrm4_policy.o
  CC      net/ipv6/output_core.o
  CC      net/sunrpc/xprtsock.o
  AR      drivers/base/power/built-in.a
  CC      drivers/base/firmware_loader/main.o
  CC      net/ipv4/xfrm4_state.o
  CC      drivers/base/firmware_loader/builtin/main.o
  CC      net/ipv6/protocol.o
  AR      drivers/base/firmware_loader/builtin/built-in.a
  AR      drivers/base/firmware_loader/built-in.a
  CC      drivers/base/node.o
  CC      net/ipv4/xfrm4_input.o
  CC      net/sunrpc/sched.o
  CC      drivers/base/module.o
  CC      net/ipv6/ip6_offload.o
  CC      drivers/base/auxiliary_sysfs.o
  CC      net/ipv4/xfrm4_output.o
  CC      drivers/base/physical_location.o
  CC      net/sunrpc/auth.o
  AR      drivers/base/built-in.a
  CC      drivers/block/loop.o
  CC      net/ipv4/xfrm4_protocol.o
  CC      net/ipv6/exthdrs_offload.o
  CC      net/sunrpc/auth_null.o
  CC      net/ipv6/inet6_hashtables.o
  AR      drivers/block/built-in.a
  CC      drivers/misc/eeprom/eeprom_93cx6.o
  AR      net/ipv4/built-in.a
  CC      net/wireless/core.o
  AR      drivers/misc/eeprom/built-in.a
  AR      drivers/misc/built-in.a
  CC      drivers/dma-buf/dma-buf.o
  CC      net/sunrpc/auth_tls.o
  CC      net/ipv6/mcast_snoop.o
  CC      drivers/dma-buf/dma-fence.o
  CC      net/sunrpc/auth_unix.o
  CC      net/wireless/sysfs.o
  CC      drivers/dma-buf/dma-fence-array.o
  AR      net/ipv6/built-in.a
  CC      net/mac80211/main.o
  CC      net/sunrpc/svc.o
  CC      drivers/dma-buf/dma-fence-chain.o
  CC      net/wireless/radiotap.o
  CC      drivers/dma-buf/dma-fence-unwrap.o
  CC      drivers/dma-buf/dma-resv.o
  CC      net/wireless/util.o
  CC      net/sunrpc/svcsock.o
  CC      net/mac80211/status.o
  CC      drivers/dma-buf/dma-buf-mapping.o
  CC      drivers/dma-buf/sync_file.o
  CC      net/sunrpc/svcauth.o
  AR      drivers/dma-buf/built-in.a
  CC      drivers/macintosh/mac_hid.o
  CC      net/wireless/reg.o
  CC      net/mac80211/driver-ops.o
  AR      drivers/macintosh/built-in.a
  CC      drivers/scsi/scsi.o
  CC      net/sunrpc/svcauth_unix.o
  CC      net/mac80211/sta_info.o
  CC      drivers/scsi/hosts.o
  CC      net/wireless/scan.o
  CC      net/sunrpc/addr.o
  CC      drivers/scsi/scsi_ioctl.o
  CC      net/sunrpc/rpcb_clnt.o
  CC      net/mac80211/wep.o
  CC      drivers/scsi/scsicam.o
  CC      net/wireless/nl80211.o
  CC      drivers/scsi/scsi_error.o
  CC      net/sunrpc/timer.o
  CC      net/mac80211/aead_api.o
  CC      net/mac80211/wpa.o
  CC      drivers/scsi/scsi_lib.o
  CC      net/sunrpc/xdr.o
  CC      net/mac80211/scan.o
  CC      drivers/scsi/constants.o
  CC      net/sunrpc/sunrpc_syms.o
  CC      drivers/scsi/scsi_lib_dma.o
  CC      net/mac80211/offchannel.o
  CC      drivers/scsi/scsi_scan.o
  CC      net/sunrpc/cache.o
  CC      net/mac80211/ht.o
  CC      drivers/scsi/scsi_sysfs.o
  CC      net/sunrpc/rpc_pipe.o
  CC      drivers/scsi/scsi_devinfo.o
  CC      net/mac80211/agg-tx.o
  CC      net/wireless/mlme.o
  CC      drivers/scsi/scsi_sysctl.o
  CC      net/sunrpc/sysfs.o
  CC      net/mac80211/agg-rx.o
  CC      drivers/scsi/scsi_proc.o
  CC      net/wireless/ibss.o
  CC      drivers/scsi/scsi_trace.o
  CC      net/sunrpc/svc_xprt.o
  CC      net/mac80211/vht.o
  CC      net/wireless/sme.o
  CC      drivers/scsi/scsi_logging.o
  CC      drivers/scsi/scsi_pm.o
  CC      net/mac80211/he.o
  CC      net/sunrpc/xprtmultipath.o
  CC      net/wireless/chan.o
  CC      drivers/scsi/scsi_bsg.o
  CC      net/sunrpc/netlink.o
  CC      net/mac80211/s1g.o
  CC      drivers/scsi/scsi_common.o
  CC      net/wireless/ethtool.o
  CC      drivers/scsi/scsi_transport_spi.o
  CC      net/sunrpc/stats.o
  CC      net/mac80211/ibss.o
  CC      net/wireless/mesh.o
  CC      drivers/scsi/sd.o
  CC      net/sunrpc/sysctl.o
  CC      net/mac80211/iface.o
  CC      net/wireless/ap.o
  CC      net/sunrpc/auth_gss/auth_gss.o
  CC      drivers/scsi/sr.o
  CC      net/wireless/trace.o
  CC      drivers/scsi/sr_ioctl.o
  CC      net/mac80211/link.o
  CC      net/sunrpc/auth_gss/gss_mech_switch.o
  CC      net/wireless/ocb.o
  CC      drivers/scsi/sr_vendor.o
  CC      net/sunrpc/auth_gss/svcauth_gss.o
  CC      drivers/scsi/sg.o
  CC      net/mac80211/rate.o
  CC      net/wireless/michael-mic.o
  AR      drivers/scsi/built-in.a
  CC      drivers/ata/libata-core.o
  CC      net/wireless/pmsr.o
  CC      net/sunrpc/auth_gss/gss_rpc_upcall.o
  CC      net/mac80211/tkip.o
  CC      net/wireless/shipped-certs.o
  CC      net/sunrpc/auth_gss/gss_rpc_xdr.o
  CC      net/mac80211/aes_cmac.o
  CC      drivers/ata/libata-scsi.o
  AR      net/wireless/built-in.a
  CC      net/netlabel/netlabel_user.o
  CC      net/mac80211/aes_gmac.o
  CC      net/sunrpc/auth_gss/trace.o
  CC      net/netlabel/netlabel_kapi.o
  CC      net/mac80211/fils_aead.o
  CC      drivers/ata/libata-eh.o
  CC      net/sunrpc/auth_gss/gss_krb5_mech.o
  CC      net/netlabel/netlabel_domainhash.o
  CC      net/mac80211/cfg.o
  CC      net/sunrpc/auth_gss/gss_krb5_seal.o
  CC      drivers/ata/libata-transport.o
  CC      net/netlabel/netlabel_addrlist.o
  CC      net/sunrpc/auth_gss/gss_krb5_unseal.o
  CC      drivers/ata/libata-trace.o
  CC      net/netlabel/netlabel_mgmt.o
  CC      net/mac80211/ethtool.o
  CC      drivers/ata/libata-sff.o
  CC      net/sunrpc/auth_gss/gss_krb5_wrap.o
  CC      net/mac80211/rx.o
  CC      net/netlabel/netlabel_unlabeled.o
  CC      drivers/ata/libata-acpi.o
  CC      net/sunrpc/auth_gss/gss_krb5_crypto.o
  CC      drivers/ata/libata-pata-timings.o
  CC      net/netlabel/netlabel_cipso_v4.o
  AR      net/sunrpc/auth_gss/built-in.a
  AR      net/sunrpc/built-in.a
  CC      net/rfkill/core.o
  AR      drivers/ata/built-in.a
  CC      drivers/net/loopback.o
  CC      net/rfkill/input.o
  CC      net/netlabel/netlabel_calipso.o
  CC      net/mac80211/spectmgmt.o
  AR      net/rfkill/built-in.a
  CC      net/9p/mod.o
  CC      drivers/net/phy/stubs.o
  AR      net/netlabel/built-in.a
  CC      net/sysctl_net.o
  CC      net/9p/client.o
  CC      net/mac80211/tx.o
  CC      drivers/net/phy/mdio_bus.o
  CC      net/9p/error.o
  CC      drivers/net/phy/phy.o
  CC      net/9p/protocol.o
  CC      drivers/net/phy/phy-c45.o
  CC      net/9p/trans_common.o
  AR      net/9p/built-in.a
  CC      net/dns_resolver/dns_key.o
  CC      drivers/net/phy/phy-core.o
  CC      drivers/net/phy/phy_device.o
  CC      net/mac80211/key.o
  CC      net/dns_resolver/dns_query.o
  CC      drivers/net/phy/linkmode.o
  AR      net/dns_resolver/built-in.a
  CC      net/handshake/alert.o
  CC      drivers/net/phy/phy_link_topology.o
  CC      drivers/net/phy/phy_caps.o
  CC      net/mac80211/util.o
  CC      net/handshake/genl.o
  CC      drivers/net/phy/mdio_bus_provider.o
  CC      drivers/net/phy/phy_port.o
  CC      net/handshake/netlink.o
  CC      drivers/net/phy/mdio_device.o
  CC      drivers/net/phy/mdio_devres.o
  CC      net/mac80211/parse.o
  CC      net/handshake/request.o
  CC      drivers/net/phy/phy_package.o
  CC      drivers/net/phy/realtek/realtek_main.o
  CC      net/handshake/tlshd.o
  CC      net/mac80211/wme.o
  CC      net/mac80211/chan.o
  AR      drivers/net/phy/realtek/built-in.a
  AR      drivers/net/phy/built-in.a
  CC      drivers/net/mdio/acpi_mdio.o
  CC      net/handshake/trace.o
  CC      net/mac80211/ap.o
  AR      net/handshake/built-in.a
  CC      net/mac80211/trace.o
  CC      drivers/net/mdio/fwnode_mdio.o
  CC      net/mac80211/mlme.o
  CC      net/mac80211/tdls.o
  CC      net/mac80211/ocb.o
  AR      drivers/net/mdio/built-in.a
  AR      drivers/net/ethernet/built-in.a
  AR      drivers/net/wireless/built-in.a
  CC      drivers/net/net_failover.o
  CC      net/mac80211/airtime.o
  CC      net/mac80211/eht.o
  AR      drivers/net/built-in.a
  CC      drivers/cdrom/cdrom.o
  CC      net/mac80211/uhr.o
  AR      drivers/cdrom/built-in.a
  CC      drivers/pcmcia/cs.o
  CC      net/mac80211/nan.o
  CC      drivers/pcmcia/socket_sysfs.o
  CC      drivers/pcmcia/ds.o
  CC      drivers/pcmcia/pcmcia_resource.o
  CC      drivers/pcmcia/cistpl.o
  CC      net/mac80211/led.o
  CC      net/mac80211/pm.o
  CC      drivers/pcmcia/pcmcia_cis.o
  CC      drivers/pcmcia/rsrc_mgr.o
  CC      drivers/input/serio/serio.o
  CC      net/mac80211/rc80211_minstrel_ht.o
  CC      drivers/input/serio/i8042.o
  AR      drivers/pcmcia/built-in.a
  CC      drivers/input/serio/libps2.o
  CC      drivers/input/input.o
  CC      drivers/input/input-compat.o
  AR      drivers/input/serio/built-in.a
  CC      drivers/rtc/lib.o
  CC      drivers/input/input-mt.o
  CC      drivers/input/input-poller.o
  CC      drivers/rtc/class.o
  CC      net/mac80211/wbrf.o
  CC      drivers/input/ff-core.o
  CC      drivers/input/touchscreen.o
  CC      drivers/rtc/interface.o
  CC      drivers/input/touch-overlay.o
  CC      drivers/input/sparse-keymap.o
  AR      net/mac80211/built-in.a
  AR      net/built-in.a
  CC      drivers/input/input-leds.o
  CC      drivers/rtc/dev.o
  CC      drivers/input/evdev.o
  CC      drivers/input/mouse/psmouse-base.o
  CC      drivers/input/mouse/synaptics.o
  CC      drivers/rtc/sysfs.o
  CC      drivers/rtc/rtc-mc146818-lib.o
  CC      drivers/input/mouse/focaltech.o
  CC      drivers/input/mouse/alps.o
  CC      drivers/input/mouse/byd.o
  AR      drivers/rtc/built-in.a
  CC      drivers/i2c/i2c-boardinfo.o
  CC      drivers/input/mouse/logips2pp.o
  CC      drivers/input/mouse/lifebook.o
  CC      drivers/input/mouse/trackpoint.o
  CC      drivers/i2c/i2c-core-base.o
  CC      drivers/input/mouse/cypress_ps2.o
  CC      drivers/pps/pps.o
  CC      drivers/input/mouse/psmouse-smbus.o
  CC      drivers/ptp/ptp_clock.o
  CC      drivers/pps/kapi.o
  CC      drivers/i2c/i2c-core-smbus.o
  AR      drivers/input/mouse/built-in.a
  AR      drivers/input/built-in.a
  CC      drivers/power/supply/power_supply_core.o
  CC      drivers/pps/sysfs.o
  AR      drivers/pps/built-in.a
  CC      drivers/ptp/ptp_chardev.o
  CC      drivers/ptp/ptp_sysfs.o
  CC      drivers/i2c/i2c-core-acpi.o
  CC      drivers/power/supply/power_supply_sysfs.o
  CC      drivers/power/supply/power_supply_leds.o
  CC      drivers/ptp/ptp_vclock.o
  CC      drivers/power/supply/power_supply_hwmon.o
  AR      drivers/i2c/built-in.a
  CC      drivers/hwmon/hwmon.o
  CC      drivers/thermal/thermal_core.o
  AR      drivers/power/supply/built-in.a
  AR      drivers/power/built-in.a
  CC      drivers/md/md.o
  AR      drivers/ptp/built-in.a
  CC      drivers/cpufreq/cpufreq.o
  AR      drivers/hwmon/built-in.a
  CC      drivers/cpuidle/cpuidle.o
  CC      drivers/thermal/thermal_sysfs.o
  CC      drivers/thermal/thermal_trip.o
  CC      drivers/cpuidle/driver.o
  CC      drivers/thermal/thermal_helpers.o
  CC      drivers/cpufreq/freq_table.o
  CC      drivers/cpuidle/governor.o
  CC      drivers/thermal/thermal_thresholds.o
  CC      drivers/cpufreq/cpufreq_performance.o
  CC      drivers/cpuidle/sysfs.o
  CC      drivers/cpufreq/cpufreq_userspace.o
  CC      drivers/thermal/thermal_netlink.o
  CC      drivers/cpufreq/cpufreq_ondemand.o
  CC      drivers/cpuidle/governors/menu.o
  CC      drivers/md/md-bitmap.o
  AR      drivers/cpuidle/governors/built-in.a
  CC      drivers/cpuidle/poll_state.o
  CC      drivers/cpufreq/cpufreq_governor.o
  AR      drivers/cpuidle/built-in.a
  CC      drivers/firmware/dmi_scan.o
  CC      drivers/thermal/thermal_hwmon.o
  CC      drivers/cpufreq/cpufreq_governor_attr_set.o
  CC      drivers/thermal/gov_step_wise.o
  CC      drivers/md/md-autodetect.o
  CC      drivers/firmware/memmap.o
  CC      drivers/cpufreq/intel_pstate.o
  CC      drivers/thermal/intel/intel_tcc.o
  CC      drivers/thermal/intel/therm_throt.o
  CC      drivers/firmware/efi/efi-bgrt.o
  CC      drivers/md/dm.o
  CC      drivers/firmware/efi/efi.o
  AR      drivers/thermal/intel/built-in.a
  AR      drivers/thermal/built-in.a
  CC      drivers/clocksource/acpi_pm.o
  AR      drivers/cpufreq/built-in.a
  AR      drivers/hid/built-in.a
  CC      drivers/platform/x86/wmi-bmof.o
  CC      drivers/md/dm-table.o
  CC      drivers/clocksource/i8253.o
  CC      drivers/firmware/efi/vars.o
  AR      drivers/platform/x86/built-in.a
  CC      drivers/platform/wmi/core.o
  AR      drivers/clocksource/built-in.a
  CC      drivers/mailbox/mailbox.o
  CC      drivers/firmware/efi/reboot.o
  CC      drivers/platform/wmi/marshalling.o
  CC      drivers/mailbox/pcc.o
  CC      drivers/platform/wmi/string.o
  CC      drivers/firmware/efi/memattr.o
  AR      drivers/mailbox/built-in.a
  CC      drivers/md/dm-target.o
  CC      drivers/md/dm-linear.o
  AR      drivers/platform/wmi/built-in.a
  AR      drivers/platform/built-in.a
  CC      drivers/md/dm-stripe.o
  CC      drivers/firmware/efi/tpm.o
  CC      drivers/md/dm-ioctl.o
  CC      drivers/md/dm-io.o
  CC      drivers/md/dm-kcopyd.o
  CC      drivers/firmware/efi/memmap.o
  CC      drivers/md/dm-sysfs.o
  CC      drivers/md/dm-stats.o
  CC      drivers/firmware/efi/esrt.o
  CC      drivers/md/dm-rq.o
  CC      drivers/md/dm-io-rewind.o
  CC      drivers/md/dm-builtin.o
  CC      drivers/firmware/efi/runtime-wrappers.o
  CC      drivers/md/dm-raid1.o
  CC      drivers/md/dm-log.o
  CC      drivers/md/dm-region-hash.o
  CC      drivers/firmware/efi/earlycon.o
  CC      drivers/firmware/efi/libstub/alignedmem.o
  CC      drivers/md/dm-zero.o
  CC      drivers/firmware/efi/libstub/efi-stub-helper.o
  AR      drivers/firmware/efi/built-in.a
  CC      drivers/firmware/efi/libstub/file.o
  CC      drivers/firmware/efi/libstub/gop.o
  AR      drivers/md/built-in.a
  CC      drivers/firmware/efi/libstub/lib-cmdline.o
  CC      drivers/firmware/efi/libstub/lib-ctype.o
  CC      drivers/firmware/efi/libstub/mem.o
  CC      drivers/firmware/efi/libstub/pci.o
  CC      drivers/firmware/efi/libstub/printk.o
  CC      drivers/firmware/efi/libstub/random.o
  CC      drivers/firmware/efi/libstub/randomalloc.o
  CC      drivers/firmware/efi/libstub/secureboot.o
  CC      drivers/firmware/efi/libstub/skip_spaces.o
  CC      drivers/firmware/efi/libstub/smbios.o
  CC      drivers/firmware/efi/libstub/tpm.o
  CC      drivers/firmware/efi/libstub/vsprintf.o
  CC      drivers/firmware/efi/libstub/x86-5lvl.o
  CC      drivers/firmware/efi/libstub/x86-stub.o
  STUBCPY drivers/firmware/efi/libstub/alignedmem.stub.o
  STUBCPY drivers/firmware/efi/libstub/efi-stub-helper.stub.o
  STUBCPY drivers/firmware/efi/libstub/file.stub.o
  STUBCPY drivers/firmware/efi/libstub/gop.stub.o
  STUBCPY drivers/firmware/efi/libstub/lib-cmdline.stub.o
  STUBCPY drivers/firmware/efi/libstub/lib-ctype.stub.o
  STUBCPY drivers/firmware/efi/libstub/mem.stub.o
  STUBCPY drivers/firmware/efi/libstub/pci.stub.o
  STUBCPY drivers/firmware/efi/libstub/printk.stub.o
  STUBCPY drivers/firmware/efi/libstub/random.stub.o
  STUBCPY drivers/firmware/efi/libstub/randomalloc.stub.o
  STUBCPY drivers/firmware/efi/libstub/secureboot.stub.o
  STUBCPY drivers/firmware/efi/libstub/skip_spaces.stub.o
  STUBCPY drivers/firmware/efi/libstub/smbios.stub.o
  STUBCPY drivers/firmware/efi/libstub/vsprintf.stub.o
  STUBCPY drivers/firmware/efi/libstub/tpm.stub.o
  STUBCPY drivers/firmware/efi/libstub/x86-5lvl.stub.o
  STUBCPY drivers/firmware/efi/libstub/x86-stub.stub.o
  AR      drivers/firmware/efi/libstub/lib.a
  AR      drivers/firmware/built-in.a
  AR      drivers/built-in.a
  AR      built-in.a
  AR      built-in-fixup.a
  COPY    vmlinux.a
  LD      vmlinux.o
  MODPOST vmlinux.symvers
  CC      .vmlinux.export.o
  UPD     include/generated/utsversion.h
  CC      init/version-timestamp.o
  KSYMS   .tmp_vmlinux0.kallsyms.S
  AS      .tmp_vmlinux0.kallsyms.o
  LD      .tmp_vmlinux1
  NM      .tmp_vmlinux1.syms
  KSYMS   .tmp_vmlinux1.kallsyms.S
  AS      .tmp_vmlinux1.kallsyms.o
  LD      .tmp_vmlinux2
  NM      .tmp_vmlinux2.syms
  KSYMS   .tmp_vmlinux2.kallsyms.S
  AS      .tmp_vmlinux2.kallsyms.o
  LD      vmlinux.unstripped
  NM      System.map
  SORTTAB vmlinux.unstripped
  OBJCOPY vmlinux
  GEN     modules.builtin.modinfo
  GEN     modules.builtin
  CC      arch/x86/boot/a20.o
  AS      arch/x86/boot/bioscall.o
  CC      arch/x86/boot/cmdline.o
  AS      arch/x86/boot/copy.o
  HOSTCC  arch/x86/boot/mkcpustr
  CC      arch/x86/boot/cpuflags.o
  CC      arch/x86/boot/cpucheck.o
  CC      arch/x86/boot/early_serial_console.o
  CC      arch/x86/boot/edd.o
  CC      arch/x86/boot/main.o
  CC      arch/x86/boot/memory.o
  CC      arch/x86/boot/pm.o
  AS      arch/x86/boot/pmjump.o
  CC      arch/x86/boot/printf.o
  LDS     arch/x86/boot/compressed/vmlinux.lds
  AS      arch/x86/boot/compressed/kernel_info.o
  CC      arch/x86/boot/regs.o
  CC      arch/x86/boot/string.o
  AS      arch/x86/boot/compressed/head_64.o
  CC      arch/x86/boot/tty.o
  VOFFSET arch/x86/boot/compressed/../voffset.h
  CC      arch/x86/boot/video.o
  CC      arch/x86/boot/video-mode.o
  CC      arch/x86/boot/version.o
  CC      arch/x86/boot/video-vga.o
  CC      arch/x86/boot/video-vesa.o
  CC      arch/x86/boot/video-bios.o
  CPUSTR  arch/x86/boot/cpustr.h
  CC      arch/x86/boot/cpu.o
  CC      arch/x86/boot/compressed/string.o
  CC      arch/x86/boot/compressed/cmdline.o
  CC      arch/x86/boot/compressed/error.o
  OBJCOPY arch/x86/boot/compressed/vmlinux.bin
  RELOCS  arch/x86/boot/compressed/vmlinux.relocs
  HOSTCC  arch/x86/boot/compressed/mkpiggy
  CC      arch/x86/boot/compressed/cpuflags.o
  CC      arch/x86/boot/compressed/early_serial_console.o
  CC      arch/x86/boot/compressed/kaslr.o
  CC      arch/x86/boot/compressed/ident_map_64.o
  CC      arch/x86/boot/compressed/idt_64.o
  AS      arch/x86/boot/compressed/idt_handlers_64.o
  CC      arch/x86/boot/compressed/pgtable_64.o
  CC      arch/x86/boot/compressed/acpi.o
  CC      arch/x86/boot/compressed/efi.o
  CC      arch/x86/boot/compressed/misc.o
  GZIP    arch/x86/boot/compressed/vmlinux.bin.gz
  MKPIGGY arch/x86/boot/compressed/piggy.S
  AS      arch/x86/boot/compressed/piggy.o
  LD      arch/x86/boot/compressed/vmlinux
  ZOFFSET arch/x86/boot/zoffset.h
  OBJCOPY arch/x86/boot/vmlinux.bin
  AS      arch/x86/boot/header.o
  LD      arch/x86/boot/setup.elf
  OBJCOPY arch/x86/boot/setup.bin
  BUILD   arch/x86/boot/bzImage
Kernel: arch/x86/boot/bzImage is ready  (#15)
make[5]: Leaving directory '/mnt/git-volume/kernel-test-mainline/build/randdefconfig-x86_64'
make[4]: Leaving directory '/mnt/git-volume/linux-mainline'
