make[4]: Entering directory '/mnt/git-volume/linux-stable'
make[5]: Entering directory '/mnt/git-volume/kernel-test-stable/build/randdefconfig-arm64'
  HOSTCC  scripts/kconfig/confdata.o
  HOSTLD  scripts/kconfig/conf
*** Default configuration is based on 'defconfig'
#
# configuration written to .config
#
make[5]: Leaving directory '/mnt/git-volume/kernel-test-stable/build/randdefconfig-arm64'
make[4]: Leaving directory '/mnt/git-volume/linux-stable'
make[4]: Entering directory '/mnt/git-volume/linux-stable'
make[5]: Entering directory '/mnt/git-volume/kernel-test-stable/build/randdefconfig-arm64'
.config:11983:warning: override: reassigning to symbol MUTEX_SPIN_ON_OWNER
.config:11984:warning: override: reassigning to symbol IPV6
.config:11985:warning: override: reassigning to symbol COMMON_CLK_APPLE_NCO
.config:11986:warning: override: reassigning to symbol COMMON_CLK_MT6795_VDECSYS
.config:11987:warning: override: reassigning to symbol FSL_DPAA2_PTP_CLOCK
.config:11988:warning: override: reassigning to symbol AUDIT
.config:11989:warning: override: reassigning to symbol PCIE_MOBIVEIL
.config:11990:warning: override: reassigning to symbol REGULATOR_MT6359
.config:11991:warning: override: reassigning to symbol MTK_IOMMU
.config:11992:warning: override: reassigning to symbol INPUT_HISI_POWERKEY
.config:11993:warning: override: reassigning to symbol SND_SOC_ROCKCHIP_RT5645
.config:11994:warning: override: reassigning to symbol DCACHE_WORD_ACCESS
.config:11995:warning: override: reassigning to symbol SND_SOC_LPASS_MACRO_COMMON
.config:11996:warning: override: reassigning to symbol ARM64_CNP
.config:11997:warning: override: reassigning to symbol GPIO_ZYNQMP_MODEPIN
.config:11998:warning: override: reassigning to symbol DRM_MSM_DSI_10NM_PHY
.config:11999:warning: override: reassigning to symbol SATA_SIL24
.config:12000:warning: override: reassigning to symbol NVMEM_RMEM
.config:12001:warning: override: reassigning to symbol IMX_SC_THERMAL
.config:12002:warning: override: reassigning to symbol OWL_TIMER
.config:12003:warning: override: reassigning to symbol IPQ_NSSCC_5424
.config:12004:warning: override: reassigning to symbol ARM64_SME
.config:12005:warning: override: reassigning to symbol VIRTIO_PCI
.config:12006:warning: override: reassigning to symbol BT_HCIUART_LL
.config:12007:warning: override: reassigning to symbol PCI_PWRCTRL_PWRSEQ
.config:12008:warning: override: reassigning to symbol INTERCONNECT_IMX
.config:12009:warning: override: reassigning to symbol PTP_1588_CLOCK_VMCLOCK
.config:12010:warning: override: reassigning to symbol NETFS_SUPPORT
.config:12011:warning: override: reassigning to symbol FREEZER
.config:12012:warning: override: reassigning to symbol DRM_MIPI_DSI
.config:12013:warning: override: reassigning to symbol PHY_MTK_UFS
.config:12014:warning: override: reassigning to symbol SND_SOC_WM_HUBS
.config:12015:warning: override: reassigning to symbol QCOM_CLK_APCC_MSM8996
.config:12016:warning: override: reassigning to symbol XEN
.config:12017:warning: override: reassigning to symbol COMMON_CLK_MT7986
.config:12018:warning: override: reassigning to symbol HW_RANDOM_HISI_TRNG
.config:12019:warning: override: reassigning to symbol SND_SOC_ROCKCHIP_I2S_TDM
.config:12020:warning: override: reassigning to symbol MDIO_BITBANG
.config:12021:warning: override: reassigning to symbol MTK_DEVAPC
.config:12022:warning: override: reassigning to symbol CRYPTO_ACOMP2
.config:12023:warning: override: reassigning to symbol LEGACY_TIOCSTI
.config:12024:warning: override: reassigning to symbol USB_EHCI_HCD
.config:12025:warning: override: reassigning to symbol XZ_DEC_ARMTHUMB
.config:12026:warning: override: reassigning to symbol QCOM_Q6V5_ADSP
.config:12027:warning: override: reassigning to symbol CRYPTO_AES_ARM64_CE_BLK
.config:12028:warning: override: reassigning to symbol ARCH_SOPHGO
.config:12029:warning: override: reassigning to symbol PCI_PWRCTRL
.config:12030:warning: override: reassigning to symbol QCOM_QSEECOM
.config:12031:warning: override: reassigning to symbol TASK_IO_ACCOUNTING
.config:12032:warning: override: reassigning to symbol GOOGLE_COREBOOT_TABLE
.config:12033:warning: override: reassigning to symbol SCSI_UFS_CRYPTO
.config:12034:warning: override: reassigning to symbol CROS_EC_LIGHTBAR
.config:12035:warning: override: reassigning to symbol MLX5_MPFS
.config:12036:warning: override: reassigning to symbol SYSC_R9A08G046
.config:12037:warning: override: reassigning to symbol PINCTRL_MILOS
.config:12038:warning: override: reassigning to symbol CC_NO_ARRAY_BOUNDS
.config:12039:warning: override: reassigning to symbol DW_APB_TIMER
.config:12040:warning: override: reassigning to symbol QCOM_SPMI_VADC
.config:12041:warning: override: reassigning to symbol PHY_QCOM_USB_HS
.config:12042:warning: override: reassigning to symbol CLK_RK3368
.config:12043:warning: override: reassigning to symbol RESET_ZYNQMP
.config:12044:warning: override: reassigning to symbol TOUCHSCREEN_HIMAX_HX83112B
.config:12045:warning: override: reassigning to symbol MLX5_EN_RXNFC
.config:12046:warning: override: reassigning to symbol MEDIA_SUBDRV_AUTOSELECT
.config:12047:warning: override: reassigning to symbol ATA_ACPI
.config:12048:warning: override: reassigning to symbol CLK_RCAR_CPG_LIB
.config:12049:warning: override: reassigning to symbol CLK_GLYMUR_DISPCC
.config:12050:warning: override: reassigning to symbol MTD_NAND_BRCMNAND_BRCMSTB
.config:12051:warning: override: reassigning to symbol PHY_CADENCE_SALVO
.config:12052:warning: override: reassigning to symbol FS_MBCACHE
.config:12053:warning: override: reassigning to symbol PINCTRL_UNIPHIER_LD11
.config:12054:warning: override: reassigning to symbol HARDIRQS_SW_RESEND
.config:12055:warning: override: reassigning to symbol TI_ADS1015
.config:12056:warning: override: reassigning to symbol SLUB_DEBUG
.config:12057:warning: override: reassigning to symbol SND_SOC_DAVINCI_MCASP
.config:12058:warning: override: reassigning to symbol ATH11K
.config:12059:warning: override: reassigning to symbol XILINX_ZYNQMP_DMA
.config:12060:warning: override: reassigning to symbol NVIDIA_CORESIGHT_PMU_ARCH_SYSTEM_PMU
.config:12061:warning: override: reassigning to symbol HW_RANDOM_ARM_SMCCC_TRNG
.config:12062:warning: override: reassigning to symbol BT_RTL
.config:12063:warning: override: reassigning to symbol CLK_R9A07G054
.config:12064:warning: override: reassigning to symbol PWM_TEGRA
.config:12065:warning: override: reassigning to symbol UBIFS_FS_ZSTD
.config:12066:warning: override: reassigning to symbol PCIEASPM
.config:12067:warning: override: reassigning to symbol LD_ORPHAN_WARN
.config:12068:warning: override: reassigning to symbol CRYPTO_DEFLATE
.config:12069:warning: override: reassigning to symbol CAN_RX_OFFLOAD
.config:12070:warning: override: reassigning to symbol PCIE_ROCKCHIP_DW
.config:12071:warning: override: reassigning to symbol ACPI_NUMA
.config:12072:warning: override: reassigning to symbol MTK_CMDQ_MBOX
.config:12073:warning: override: reassigning to symbol SCSI_UFS_RENESAS
.config:12074:warning: override: reassigning to symbol PINCTRL_MT6779
.config:12075:warning: override: reassigning to symbol CRC_OPTIMIZATIONS
.config:12076:warning: override: reassigning to symbol REGMAP_IRQ
.config:12077:warning: override: reassigning to symbol ARCH_R9A09G056
.config:12078:warning: override: reassigning to symbol QCOM_TSENS
.config:12079:warning: override: reassigning to symbol SPRD_COMMON_CLK
.config:12080:warning: override: reassigning to symbol IRQ_DOMAIN_HIERARCHY
.config:12081:warning: override: reassigning to symbol RTC_DRV_TEGRA
.config:12082:warning: override: reassigning to symbol COMMON_CLK_MT8192_VDECSYS
.config:12083:warning: override: reassigning to symbol MTD_DATAFLASH
.config:12084:warning: override: reassigning to symbol REGULATOR_BD718XX
.config:12085:warning: override: reassigning to symbol V4L2_MEM2MEM_DEV
.config:12086:warning: override: reassigning to symbol IOMMU_IO_PGTABLE_ARMV7S
.config:12087:warning: override: reassigning to symbol DMIID
.config:12088:warning: override: reassigning to symbol HIBERNATION
.config:12089:warning: override: reassigning to symbol DRM_MSM_KMS_FBDEV
.config:12090:warning: override: reassigning to symbol ARM64_WORKAROUND_SPECULATIVE_UNPRIV_LOAD
.config:12091:warning: override: reassigning to symbol SND_SOC_WCD_COMMON
.config:12092:warning: override: reassigning to symbol GRACE_PERIOD
.config:12093:warning: override: reassigning to symbol PHY_ROCKCHIP_INNO_HDMI
.config:12094:warning: override: reassigning to symbol NET_SCHED
.config:12095:warning: override: reassigning to symbol BATTERY_MAX17042
.config:12096:warning: override: reassigning to symbol HAVE_KVM_READONLY_MEM
.config:12097:warning: override: reassigning to symbol VIDEO_SYNOPSYS_HDMIRX_LOAD_DEFAULT_EDID
.config:12098:warning: override: reassigning to symbol FPGA_MGR_ALTERA_CVP
.config:12099:warning: override: reassigning to symbol VFIO_GROUP
.config:12100:warning: override: reassigning to symbol IPQ_CMN_PLL
.config:12101:warning: override: reassigning to symbol CRYPTO_SM3
.config:12102:warning: override: reassigning to symbol CRYPTO_LIB_GF128HASH_ARCH
.config:12103:warning: override: reassigning to symbol FB_CFB_IMAGEBLIT
.config:12104:warning: override: reassigning to symbol MEDIA_TUNER_TDA18271
.config:12105:warning: override: reassigning to symbol SPRD_SC9863A_CLK
.config:12106:warning: override: reassigning to symbol SND_SOC_MT8183
.config:12107:warning: override: reassigning to symbol REGULATOR_VCTRL
.config:12108:warning: override: reassigning to symbol FSL_XGMAC_MDIO
.config:12109:warning: override: reassigning to symbol QCOM_GENI_SE
.config:12110:warning: override: reassigning to symbol COMMON_CLK_MT8196_IMP_IIC_WRAP
.config:12111:warning: override: reassigning to symbol SWAP
.config:12112:warning: override: reassigning to symbol RMNET
.config:12113:warning: override: reassigning to symbol TRANSPARENT_HUGEPAGE_ALWAYS
.config:12114:warning: override: reassigning to symbol ARCH_R8A77965
.config:12115:warning: override: reassigning to symbol SYSVIPC_COMPAT
.config:12116:warning: override: reassigning to symbol CROS_EC_SPI
.config:12117:warning: override: reassigning to symbol PINCTRL_MSM8996
.config:12118:warning: override: reassigning to symbol ROCKCHIP_DW_DP
.config:12119:warning: override: reassigning to symbol MOUSE_PS2
.config:12120:warning: override: reassigning to symbol IR_SUNXI
.config:12121:warning: override: reassigning to symbol QCS_GCC_404
.config:12122:warning: override: reassigning to symbol XEN_BLKDEV_FRONTEND
.config:12123:warning: override: reassigning to symbol COMMON_CLK
.config:12124:warning: override: reassigning to symbol PM_DEVFREQ_EVENT
.config:12125:warning: override: reassigning to symbol THUNDER_NIC_RGX
.config:12126:warning: override: reassigning to symbol TYPEC_TCPCI
.config:12127:warning: override: reassigning to symbol SND_SOC_TEGRA210_AHUB
.config:12128:warning: override: reassigning to symbol RAVB
.config:12129:warning: override: reassigning to symbol FHANDLE
.config:12130:warning: override: reassigning to symbol HW_PERF_EVENTS
.config:12131:warning: override: reassigning to symbol PINCTRL_TPS6594
.config:12132:warning: override: reassigning to symbol RASPBERRYPI_POWER
.config:12133:warning: override: reassigning to symbol RTC_DRV_EFI
.config:12134:warning: override: reassigning to symbol INTERCONNECT_QCOM_SM8350
.config:12135:warning: override: reassigning to symbol SUNXI_MBUS
.config:12136:warning: override: reassigning to symbol PHY_QCOM_QMP
.config:12137:warning: override: reassigning to symbol QCOM_PIL_INFO
.config:12138:warning: override: reassigning to symbol NETFILTER_XT_MATCH_IPVS
.config:12139:warning: override: reassigning to symbol HW_RANDOM_OMAP
.config:12140:warning: override: reassigning to symbol PINCTRL_S700
.config:12141:warning: override: reassigning to symbol PINCTRL_MTK_MOORE
.config:12142:warning: override: reassigning to symbol MAC80211_LEDS
.config:12143:warning: override: reassigning to symbol EXT4_FS_POSIX_ACL
.config:12144:warning: override: reassigning to symbol PINCTRL_TEGRA238
.config:12145:warning: override: reassigning to symbol GPIO_PL061
.config:12146:warning: override: reassigning to symbol ARCH_HAS_NONLEAF_PMD_YOUNG
.config:12147:warning: override: reassigning to symbol USB_F_NCM
.config:12148:warning: override: reassigning to symbol ARCH_XGENE
.config:12149:warning: override: reassigning to symbol GCC_NO_STRINGOP_OVERFLOW
.config:12150:warning: override: reassigning to symbol CRYPTO_LIB_SHA512_ARCH
.config:12151:warning: override: reassigning to symbol PCIE_PME
.config:12152:warning: override: reassigning to symbol HW_RANDOM_AIROHA
.config:12153:warning: override: reassigning to symbol SND_SOC_LPASS_VA_MACRO
.config:12154:warning: override: reassigning to symbol PINCTRL_PFC_R8A779G0
.config:12155:warning: override: reassigning to symbol SCSI_COMMON
.config:12156:warning: override: reassigning to symbol DRM_SUN6I_DSI
.config:12157:warning: override: reassigning to symbol ARCH_HAS_SYSCALL_WRAPPER
.config:12158:warning: override: reassigning to symbol SECURITY
.config:12159:warning: override: reassigning to symbol COMMON_CLK_MT8192_MFGCFG
.config:12160:warning: override: reassigning to symbol ATL1C
.config:12161:warning: override: reassigning to symbol DRM_CDNS_DSI
.config:12162:warning: override: reassigning to symbol TCP_CONG_CUBIC
.config:12163:warning: override: reassigning to symbol TUN
.config:12164:warning: override: reassigning to symbol NUMA_BALANCING_DEFAULT_ENABLED
.config:12165:warning: override: reassigning to symbol COMMON_CLK_MT8188_WPESYS
.config:12166:warning: override: reassigning to symbol IIO_BUFFER
.config:12167:warning: override: reassigning to symbol NET_HANDSHAKE
.config:12168:warning: override: reassigning to symbol TI_ICSS_IEP
.config:12169:warning: override: reassigning to symbol MFD_WCD934X
.config:12170:warning: override: reassigning to symbol STANDALONE
.config:12171:warning: override: reassigning to symbol ROCKCHIP_LVDS
.config:12172:warning: override: reassigning to symbol SPLIT_PMD_PTLOCKS
.config:12173:warning: override: reassigning to symbol XZ_DEC_POWERPC
.config:12174:warning: override: reassigning to symbol SND_SOC_PCM3168A_I2C
.config:12175:warning: override: reassigning to symbol WLAN_VENDOR_ADMTEK
.config:12176:warning: override: reassigning to symbol PINCTRL_LPASS_LPI
.config:12177:warning: override: reassigning to symbol IWLDVM
.config:12178:warning: override: reassigning to symbol SYSFS
.config:12179:warning: override: reassigning to symbol MARVELL_10G_PHY
.config:12180:warning: override: reassigning to symbol DRM_RCAR_MIPI_DSI
.config:12181:warning: override: reassigning to symbol PINCTRL_QCOM_SPMI_PMIC
.config:12182:warning: override: reassigning to symbol ARM_MEDIATEK_CPUFREQ
.config:12183:warning: override: reassigning to symbol NF_CONNTRACK_EVENTS
.config:12184:warning: override: reassigning to symbol JUMP_LABEL
.config:12185:warning: override: reassigning to symbol DRM_ZYNQMP_DPSUB
.config:12186:warning: override: reassigning to symbol COMMON_CLK_MT6797
.config:12187:warning: override: reassigning to symbol CAN_M_CAN
.config:12188:warning: override: reassigning to symbol VIRTIO
.config:12189:warning: override: reassigning to symbol SND_SOC_SPDIF
.config:12190:warning: override: reassigning to symbol SPI_STM32_OSPI
.config:12191:warning: override: reassigning to symbol PHY_UNIPHIER_USB3
.config:12192:warning: override: reassigning to symbol QCOM_L3_PMU
.config:12193:warning: override: reassigning to symbol PHY_MESON_G12A_MIPI_DPHY_ANALOG
.config:12194:warning: override: reassigning to symbol CLK_INTEL_SOCFPGA
.config:12195:warning: override: reassigning to symbol ARCH_TEGRA_241_SOC
.config:12196:warning: override: reassigning to symbol ARM_QCOM_CPUFREQ_HW
.config:12197:warning: override: reassigning to symbol OVERLAY_FS_REDIRECT_ALWAYS_FOLLOW
.config:12198:warning: override: reassigning to symbol KEYBOARD_IMX_SC_KEY
.config:12199:warning: override: reassigning to symbol RASPBERRYPI_FIRMWARE
.config:12200:warning: override: reassigning to symbol PINCTRL_PFC_R8A774C0
.config:12201:warning: override: reassigning to symbol CLK_R9A09G087
.config:12202:warning: override: reassigning to symbol QCOM_SPMI_ADC_TM5
.config:12203:warning: override: reassigning to symbol NET_VENDOR_STMICRO
.config:12204:warning: override: reassigning to symbol R8169
.config:12205:warning: override: reassigning to symbol RPMSG_CTRL
.config:12206:warning: override: reassigning to symbol PHY_MVEBU_A3700_COMPHY
.config:12207:warning: override: reassigning to symbol ARCH_R8A779F0
.config:12208:warning: override: reassigning to symbol FSNOTIFY
.config:12209:warning: override: reassigning to symbol DRM_DISPLAY_HDMI_CEC_NOTIFIER_HELPER
.config:12210:warning: override: reassigning to symbol COMMON_CLK_EN7523
.config:12211:warning: override: reassigning to symbol CORESIGHT_SINK_ETBV10
.config:12212:warning: override: reassigning to symbol NET_DSA_TAG_BRCM_LEGACY_FCS
.config:12213:warning: override: reassigning to symbol SYSC_R8A77961
.config:12214:warning: override: reassigning to symbol SND_HDA_ALIGNED_MMIO
.config:12215:warning: override: reassigning to symbol SND_SOC_RT5659
.config:12216:warning: override: reassigning to symbol RFKILL
.config:12217:warning: override: reassigning to symbol SUN50I_H6_R_CCU
.config:12218:warning: override: reassigning to symbol DEVMEM
.config:12219:warning: override: reassigning to symbol MODULES
.config:12220:warning: override: reassigning to symbol NETFILTER_XT_MATCH_CONNTRACK
.config:12221:warning: override: reassigning to symbol FSL_DPAA2_ETH
.config:12222:warning: override: reassigning to symbol ROCKCHIP_VOP2
.config:12223:warning: override: reassigning to symbol COMMON_CLK_MT2712
.config:12224:warning: override: reassigning to symbol SND_VERBOSE_PROCFS
.config:12225:warning: override: reassigning to symbol MOUSE_PS2_TRACKPOINT
.config:12226:warning: override: reassigning to symbol CPU_IDLE_MULTIPLE_DRIVERS
.config:12227:warning: override: reassigning to symbol NVMEM
.config:12228:warning: override: reassigning to symbol INTERCONNECT_QCOM_SM8150
.config:12229:warning: override: reassigning to symbol SDX_GCC_75
.config:12230:warning: override: reassigning to symbol SPI_DESIGNWARE
.config:12231:warning: override: reassigning to symbol SND_SOC_XILINX_AUDIO_FORMATTER
.config:12232:warning: override: reassigning to symbol TYPEC
.config:12233:warning: override: reassigning to symbol NET_ACT_GATE
.config:12234:warning: override: reassigning to symbol UBIFS_FS_XATTR
.config:12235:warning: override: reassigning to symbol EXCLUSIVE_SYSTEM_RAM
.config:12236:warning: override: reassigning to symbol DEVFREQ_GOV_PASSIVE
.config:12237:warning: override: reassigning to symbol HW_RANDOM_IPROC_RNG200
.config:12238:warning: override: reassigning to symbol NFS_FS
.config:12239:warning: override: reassigning to symbol I2C_RK3X
.config:12240:warning: override: reassigning to symbol VIRTIO_BALLOON
.config:12241:warning: override: reassigning to symbol HAVE_SHARED_GPIOS
.config:12242:warning: override: reassigning to symbol SENSORS_CROS_EC
.config:12243:warning: override: reassigning to symbol COMMON_CLK_MT8188_VDOSYS
.config:12244:warning: override: reassigning to symbol QCOM_COMMAND_DB
.config:12245:warning: override: reassigning to symbol PNFS_BLOCK
.config:12246:warning: override: reassigning to symbol TI_K3_UDMA
.config:12247:warning: override: reassigning to symbol SND_MESON_AXG_TDMIN
.config:12248:warning: override: reassigning to symbol HAVE_PWRCTRL
.config:12249:warning: override: reassigning to symbol USB_ISP1760_DUAL_ROLE
.config:12250:warning: override: reassigning to symbol SND_SOC_LPASS_CPU
.config:12251:warning: override: reassigning to symbol SM_GCC_8650
.config:12252:warning: override: reassigning to symbol HAVE_PREEMPT_DYNAMIC
.config:12253:warning: override: reassigning to symbol TEGRA_IOMMU_SMMU
.config:12254:warning: override: reassigning to symbol NET_XGENE
.config:12255:warning: override: reassigning to symbol PINCTRL_SHIKRA
.config:12256:warning: override: reassigning to symbol PINCTRL_SM8550
.config:12257:warning: override: reassigning to symbol TI_SYSC
.config:12258:warning: override: reassigning to symbol LEDS_PWM
.config:12259:warning: override: reassigning to symbol SND_MESON_AXG_SPDIFOUT
.config:12260:warning: override: reassigning to symbol CRYPTO_AKCIPHER2
.config:12261:warning: override: reassigning to symbol PHY_ROCKCHIP_TYPEC
.config:12262:warning: override: reassigning to symbol UCS2_STRING
.config:12263:warning: override: reassigning to symbol AUDIT_GENERIC
.config:12264:warning: override: reassigning to symbol GENERIC_ARCH_TOPOLOGY
.config:12265:warning: override: reassigning to symbol INPUT_BBNSM_PWRKEY
.config:12266:warning: override: reassigning to symbol QCOM_SMP2P
.config:12267:warning: override: reassigning to symbol ARCH_HAS_PTE_SPECIAL
.config:12268:warning: override: reassigning to symbol SM_GCC_8450
.config:12269:warning: override: reassigning to symbol HAVE_KVM_IRQ_BYPASS
.config:12270:warning: override: reassigning to symbol NLS
.config:12271:warning: override: reassigning to symbol DWMAC_NUVOTON
.config:12272:warning: override: reassigning to symbol CRYPTO_DEV_FSL_DPAA2_CAAM
.config:12273:warning: override: reassigning to symbol EVENTFD
.config:12274:warning: override: reassigning to symbol MTK_SVS
.config:12275:warning: override: reassigning to symbol SND_SOC_LPASS_APQ8016
.config:12276:warning: override: reassigning to symbol CRYPTO_RSA
.config:12277:warning: override: reassigning to symbol ARCH_HAS_ACPI_TABLE_UPGRADE
.config:12278:warning: override: reassigning to symbol APPLE_WATCHDOG
.config:12279:warning: override: reassigning to symbol PCI_ATS
.config:12280:warning: override: reassigning to symbol HNS3
.config:12281:warning: override: reassigning to symbol PCI_SYSCALL
.config:12282:warning: override: reassigning to symbol RESET_QCOM_AOSS
.config:12296:warning: override: reassigning to symbol PRINTK
.config:12300:warning: override: reassigning to symbol TTY
.config:12303:warning: override: reassigning to symbol BLK_DEV_INITRD
.config:12304:warning: override: reassigning to symbol RD_GZIP
.config:12307:warning: override: reassigning to symbol BINFMT_ELF
.config:12308:warning: override: reassigning to symbol BINFMT_SCRIPT
.config:12311:warning: override: reassigning to symbol TMPFS
.config:12317:warning: override: reassigning to symbol DRM
.config:12318:warning: override: reassigning to symbol SOUND
.config:12319:warning: override: reassigning to symbol STAGING
.config:12320:warning: override: reassigning to symbol INFINIBAND
.config:12321:warning: override: reassigning to symbol MEDIA_SUPPORT
.config:12323:warning: override: reassigning to symbol SERIAL_AMBA_PL011
.config:12324:warning: override: reassigning to symbol SERIAL_AMBA_PL011_CONSOLE
.config:12326:warning: override: reassigning to symbol ARM64_4K_PAGES
#
# configuration written to .config
#
make[5]: Leaving directory '/mnt/git-volume/kernel-test-stable/build/randdefconfig-arm64'
make[4]: Leaving directory '/mnt/git-volume/linux-stable'
make[4]: Entering directory '/mnt/git-volume/linux-stable'
make[5]: Entering directory '/mnt/git-volume/kernel-test-stable/build/randdefconfig-arm64'
  SYNC    include/config/auto.conf.cmd
  UPD     include/generated/uapi/linux/version.h
  WRAP    arch/arm64/include/generated/uapi/asm/errno.h
  WRAP    arch/arm64/include/generated/asm/device.h
  WRAP    arch/arm64/include/generated/asm/percpu_types.h
  HOSTCC  scripts/sorttable.o
  HOSTLD  scripts/sorttable
  UPD     include/config/kernel.release
  UPD     include/generated/utsrelease.h
  GEN     arch/arm64/include/generated/asm/cpucap-defs.h
  GEN     arch/arm64/include/generated/asm/kernel-hwcap.h
  GEN     arch/arm64/include/generated/asm/sysreg-defs.h
  CC      scripts/mod/empty.o
  CC      scripts/mod/devicetable-offsets.s
  MKELF   scripts/mod/elfconfig.h
  HOSTCC  scripts/mod/modpost.o
  HOSTCC  scripts/mod/sumversion.o
  HOSTCC  scripts/mod/symsearch.o
  HOSTCC  scripts/mod/file2alias.o
  HOSTLD  scripts/mod/modpost
  CC      kernel/bounds.s
  CC      arch/arm64/kernel/asm-offsets.s
  UPD     include/generated/asm-offsets.h
  CC      kernel/sched/rq-offsets.s
  UPD     include/generated/rq-offsets.h
  CALL    /mnt/git-volume/linux-stable/scripts/checksyscalls.sh 
  LDS     arch/arm64/kernel/vdso/vdso.lds
  CC      arch/arm64/kernel/vdso/vgettimeofday.o
  AS      arch/arm64/kernel/vdso/note.o
  AS      arch/arm64/kernel/vdso/sigreturn.o
  CC      arch/arm64/kernel/vdso/vgetrandom.o
  AS      arch/arm64/kernel/vdso/vgetrandom-chacha.o
  LD      arch/arm64/kernel/vdso/vdso.so.dbg
  VDSOSYM include/generated/vdso-offsets.h
  OBJCOPY arch/arm64/kernel/vdso/vdso.so
  GEN     usr/initramfs_data.cpio
  COPY    usr/initramfs_inc_data
  AS      usr/initramfs_data.o
  CC      init/main.o
  AR      usr/built-in.a
  CC      arch/arm64/mm/dma-mapping.o
  CC      arch/arm64/kernel/debug-monitors.o
  CC      kernel/fork.o
  CC      arch/arm64/mm/extable.o
  AS      arch/arm64/kernel/entry.o
  CC      arch/arm64/kernel/irq.o
  CC      arch/arm64/mm/fault.o
  UPD     init/utsversion-tmp.h
  CC      init/do_mounts.o
  CC      arch/arm64/kernel/fpsimd.o
  CC      kernel/exec_domain.o
  CC      arch/arm64/mm/init.o
  CC      init/do_mounts_initrd.o
  CC      arch/arm64/kernel/entry-common.o
  CC      kernel/panic.o
  AS      arch/arm64/mm/cache.o
  CC      arch/arm64/mm/copypage.o
  CC      init/initramfs.o
  CC      kernel/cpu.o
  CC      arch/arm64/kernel/process.o
  CC      arch/arm64/mm/flush.o
  CC      init/calibrate.o
  CC      init/init_task.o
  CC      arch/arm64/mm/ioremap.o
  CC      arch/arm64/kernel/ptrace.o
  CC      kernel/exit.o
  CC      arch/arm64/mm/mmap.o
  CC      init/version.o
  CC      arch/arm64/mm/pgd.o
  AR      init/built-in.a
  CC      kernel/softirq.o
  CC      arch/arm64/kernel/setup.o
  CC      kernel/resource.o
  CC      arch/arm64/mm/mem_encrypt.o
  CC      kernel/sysctl.o
  CC      arch/arm64/kernel/signal.o
  CC      arch/arm64/mm/mmu.o
  CC      kernel/capability.o
  CC      kernel/ptrace.o
  CC      arch/arm64/kernel/sys.o
  CC      kernel/user.o
  CC      kernel/signal.o
  CC      arch/arm64/kernel/stacktrace.o
  CC      arch/arm64/mm/context.o
  CC      kernel/sys.o
  AS      arch/arm64/mm/proc.o
  CC      arch/arm64/mm/pageattr.o
  CC      arch/arm64/kernel/time.o
  CC      arch/arm64/kernel/traps.o
  CC      arch/arm64/mm/fixmap.o
  CC      kernel/umh.o
  CC      kernel/workqueue.o
  CC      arch/arm64/mm/contpte.o
  CC      arch/arm64/kernel/io.o
  CC      kernel/pid.o
  CC      arch/arm64/kernel/vdso.o
  CC      arch/arm64/mm/hugetlbpage.o
  AS      arch/arm64/kernel/hyp-stub.o
  CC      arch/arm64/kernel/psci.o
  CC      kernel/task_work.o
  CC      kernel/extable.o
  CC      arch/arm64/mm/trans_pgd.o
  CC      arch/arm64/kernel/cpu_ops.o
  CC      kernel/params.o
  CC      kernel/kthread.o
  CC      arch/arm64/kernel/return_address.o
  AS      arch/arm64/mm/trans_pgd-asm.o
  CC      arch/arm64/mm/mteswap.o
  CC      kernel/sys_ni.o
  CC      arch/arm64/kernel/cpuinfo.o
  CC      arch/arm64/mm/gcs.o
  CC      arch/arm64/kernel/cpu_errata.o
  CC      kernel/nsproxy.o
  CC      kernel/nstree.o
  CC      arch/arm64/kernel/cpufeature.o
  AR      arch/arm64/mm/built-in.a
  CC      arch/arm64/net/bpf_jit_comp.o
  CC      kernel/nscommon.o
  CC      kernel/notifier.o
  CC      kernel/ksysfs.o
  CC      arch/arm64/kernel/alternative.o
  CC      kernel/cred.o
  CC      kernel/reboot.o
  AS      arch/arm64/net/bpf_timed_may_goto.o
  AR      arch/arm64/net/built-in.a
  CC      arch/arm64/kernel/cacheinfo.o
  CC      arch/arm64/kvm/hyp-constants.s
  CC      kernel/async.o
  CC      kernel/range.o
  CC      kernel/smpboot.o
  CC      arch/arm64/kernel/smp.o
  CC      kernel/ucount.o
  CC      kernel/regset.o
  CC      arch/arm64/kvm/hyp/vhe/timer-sr.o
  CC      kernel/ksyms_common.o
  LDS     arch/arm64/kvm/hyp/nvhe/hyp.lds
  CC      arch/arm64/kvm/hyp/nvhe/timer-sr.nvhe.o
  CC      arch/arm64/kvm/hyp/vhe/sysreg-sr.o
  CC      arch/arm64/kernel/smp_spin_table.o
  CC      kernel/groups.o
  CC      arch/arm64/kvm/hyp/nvhe/sysreg-sr.nvhe.o
  CC      arch/arm64/kernel/topology.o
  CC      kernel/sched/core.o
  AS      arch/arm64/kernel/smccc-call.o
  CC      arch/arm64/kvm/hyp/vhe/debug-sr.o
  CC      arch/arm64/kernel/syscall.o
  CC      arch/arm64/kvm/hyp/nvhe/debug-sr.nvhe.o
  CC      arch/arm64/kernel/proton-pack.o
  CC      arch/arm64/kvm/hyp/vhe/switch.o
  CC      arch/arm64/kvm/hyp/nvhe/switch.nvhe.o
  CC      arch/arm64/kernel/idle.o
  CC      kernel/sched/fair.o
  CC      arch/arm64/kernel/patching.o
  CC      arch/arm64/kvm/hyp/vhe/tlb.o
  CC      arch/arm64/kvm/hyp/nvhe/tlb.nvhe.o
  CC      arch/arm64/kernel/pi/idreg-override.o
  CC      arch/arm64/kernel/pi/map_kernel.o
  CC      arch/arm64/kvm/hyp/vhe/../vgic-v3-sr.o
  AS      arch/arm64/kvm/hyp/nvhe/hyp-init.nvhe.o
  AS      arch/arm64/kvm/hyp/nvhe/host.nvhe.o
  CC      arch/arm64/kvm/hyp/nvhe/hyp-main.nvhe.o
  CC      arch/arm64/kernel/pi/map_range.o
  CC      arch/arm64/kernel/pi/lib-fdt.o
  CC      arch/arm64/kernel/pi/lib-fdt_ro.o
  CC      arch/arm64/kvm/hyp/vhe/../aarch32.o
  CC      arch/arm64/kernel/pi/relocate.o
  CC      arch/arm64/kvm/hyp/nvhe/hyp-smp.nvhe.o
  CC      kernel/sched/build_policy.o
  CC      arch/arm64/kernel/pi/kaslr_early.o
  OBJCOPY arch/arm64/kernel/pi/idreg-override.pi.o
  OBJCOPY arch/arm64/kernel/pi/map_kernel.pi.o
  OBJCOPY arch/arm64/kernel/pi/map_range.pi.o
  OBJCOPY arch/arm64/kernel/pi/lib-fdt.pi.o
  OBJCOPY arch/arm64/kernel/pi/lib-fdt_ro.pi.o
  OBJCOPY arch/arm64/kernel/pi/relocate.pi.o
  OBJCOPY arch/arm64/kernel/pi/kaslr_early.pi.o
  AR      arch/arm64/kernel/pi/built-in.a
  CC      arch/arm64/kernel/rsi.o
  CC      arch/arm64/kvm/hyp/vhe/../vgic-v2-cpuif-proxy.o
  CC      arch/arm64/kvm/hyp/nvhe/psci-relay.nvhe.o
  CC      arch/arm64/kernel/jump_label.o
  CC      arch/arm64/kernel/sys32.o
  AS      arch/arm64/kvm/hyp/vhe/../entry.o
  AS      arch/arm64/kvm/hyp/vhe/../hyp-entry.o
  CC      arch/arm64/kvm/hyp/nvhe/early_alloc.nvhe.o
  CC      arch/arm64/kvm/hyp/vhe/../exception.o
  CC      arch/arm64/kernel/signal32.o
  CC      kernel/sched/build_utility.o
  CC      arch/arm64/kvm/hyp/nvhe/page_alloc.nvhe.o
  CC      arch/arm64/kernel/sys_compat.o
  CC      arch/arm64/kvm/hyp/vhe/../vgic-v5-sr.o
  CC      arch/arm64/kernel/perf_regs.o
  AS      arch/arm64/kvm/hyp/nvhe/cache.nvhe.o
  CC      arch/arm64/kvm/hyp/nvhe/setup.nvhe.o
  AR      arch/arm64/kvm/hyp/vhe/built-in.a
  CC      arch/arm64/kvm/hyp/pgtable.o
  CC      arch/arm64/kernel/perf_callchain.o
  CC      arch/arm64/kernel/hw_breakpoint.o
  AS      arch/arm64/kernel/sleep.o
  CC      arch/arm64/kernel/suspend.o
  CC      arch/arm64/kvm/hyp/nvhe/mm.nvhe.o
  AR      kernel/sched/built-in.a
  CC      kernel/locking/mutex.o
  CC      arch/arm64/kernel/efi.o
  AS      arch/arm64/kernel/efi-rt-wrapper.o
  CC      arch/arm64/kernel/pci.o
  CC      arch/arm64/kvm/hyp/nvhe/mem_protect.nvhe.o
  CC      arch/arm64/kvm/hyp/nvhe/sys_regs.nvhe.o
  CC      kernel/locking/semaphore.o
  CC      arch/arm64/kernel/acpi.o
  CC      kernel/locking/rwsem.o
  CC      arch/arm64/kernel/acpi_numa.o
  CC      kernel/power/qos.o
  CC      kernel/locking/percpu-rwsem.o
  CC      arch/arm64/kvm/hyp/nvhe/pkvm.nvhe.o
  CC      arch/arm64/kernel/paravirt.o
  CC      kernel/locking/spinlock.o
  CC      arch/arm64/kernel/kaslr.o
  CC      kernel/power/main.o
  CC      arch/arm64/kernel/elfcore.o
  CC      kernel/locking/osq_lock.o
  CC      arch/arm64/kernel/machine_kexec.o
  CC      arch/arm64/kvm/hyp/nvhe/stacktrace.nvhe.o
  CC      kernel/power/console.o
  CC      kernel/locking/qspinlock.o
  AS      arch/arm64/kernel/relocate_kernel.o
  AS      arch/arm64/kernel/cpu-reset.o
  CC      arch/arm64/kernel/machine_kexec_file.o
  CC      arch/arm64/kvm/hyp/nvhe/ffa.nvhe.o
  CC      kernel/power/process.o
  CC      kernel/locking/rtmutex_api.o
  CC      arch/arm64/kernel/kexec_image.o
  CC      kernel/power/suspend.o
  CC      kernel/locking/qrwlock.o
  CC      arch/arm64/kernel/crash_dump.o
  CC      arch/arm64/kvm/hyp/nvhe/../vgic-v3-sr.nvhe.o
  CC      arch/arm64/kernel/vmcore_info.o
  AR      kernel/locking/built-in.a
  CC      kernel/printk/printk.o
  CC      kernel/power/poweroff.o
  CC      kernel/power/energy_model.o
  CC      arch/arm64/kernel/sdei.o
  CC      arch/arm64/kvm/hyp/nvhe/../aarch32.nvhe.o
  CC      arch/arm64/kernel/pointer_auth.o
  CC      kernel/power/em_netlink_autogen.o
  CC      kernel/printk/printk_safe.o
  CC      arch/arm64/kernel/mte.o
  CC      arch/arm64/kvm/hyp/nvhe/../vgic-v2-cpuif-proxy.nvhe.o
  CC      kernel/power/em_netlink.o
  CC      kernel/printk/nbcon.o
  AS      arch/arm64/kernel/vdso-wrap.o
  AS      arch/arm64/kernel/head.o
  LDS     arch/arm64/kernel/vmlinux.lds
  AR      arch/arm64/kernel/built-in.a
  CC      arch/arm64/crypto/ghash-ce-glue.o
  AS      arch/arm64/kvm/hyp/nvhe/../entry.nvhe.o
  CC      kernel/printk/printk_ringbuffer.o
  AS      arch/arm64/kvm/hyp/nvhe/../hyp-entry.nvhe.o
  AR      kernel/power/built-in.a
  CC      arch/arm64/kvm/hyp/nvhe/../exception.nvhe.o
  CC      kernel/irq/irqdesc.o
  AS      arch/arm64/crypto/ghash-ce-core.o
  CC      arch/arm64/crypto/aes-ce-ccm-glue.o
  CC      kernel/printk/sysctl.o
  CC      kernel/irq/handle.o
  AR      kernel/printk/built-in.a
  CC      kernel/rcu/update.o
  AS      arch/arm64/crypto/aes-ce-ccm-core.o
  CC      arch/arm64/kvm/hyp/nvhe/../pgtable.nvhe.o
  CC      arch/arm64/crypto/aes-glue-ce.o
  CC      kernel/irq/manage.o
  CC      kernel/rcu/sync.o
  CC      arch/arm64/crypto/aes-glue-neon.o
  CC      kernel/rcu/srcutree.o
  CC      kernel/irq/spurious.o
  CC      arch/arm64/kvm/hyp/nvhe/../vgic-v5-sr.nvhe.o
  AS      arch/arm64/crypto/aes-neonbs-core.o
  CC      arch/arm64/crypto/aes-neonbs-glue.o
  CC      kernel/rcu/tree.o
  CC      kernel/irq/resend.o
  AS      arch/arm64/kvm/hyp/nvhe/../../../kernel/smccc-call.nvhe.o
  AS      arch/arm64/kvm/hyp/nvhe/../../../lib/clear_page.nvhe.o
  AS      arch/arm64/kvm/hyp/nvhe/../../../lib/copy_page.nvhe.o
  AR      arch/arm64/crypto/built-in.a
  AS      arch/arm64/kvm/hyp/nvhe/../../../lib/memcpy.nvhe.o
  AS      arch/arm64/kvm/hyp/nvhe/../../../lib/memset.nvhe.o
  AS      arch/arm64/kvm/hyp/nvhe/../../../lib/tishift.nvhe.o
  CC      kernel/irq/chip.o
  LD      arch/arm64/kvm/hyp/nvhe/kvm_nvhe.tmp.o
  HYPREL  arch/arm64/kvm/hyp/nvhe/hyp-reloc.S
  AS      arch/arm64/kvm/hyp/nvhe/hyp-reloc.o
  LD      arch/arm64/kvm/hyp/nvhe/kvm_nvhe.rel.o
  HYPCOPY arch/arm64/kvm/hyp/nvhe/kvm_nvhe.o
  AR      arch/arm64/kvm/hyp/nvhe/built-in.a
  AR      arch/arm64/kvm/hyp/built-in.a
  CC      arch/arm64/kvm/../../../virt/kvm/kvm_main.o
  CC      kernel/irq/dummychip.o
  CC      kernel/irq/devres.o
  CC      kernel/irq/kexec.o
  CC      kernel/irq/generic-chip.o
  CC      kernel/irq/autoprobe.o
  CC      kernel/rcu/rcu_segcblist.o
  CC      kernel/irq/irqdomain.o
  CC      kernel/irq/proc.o
  AR      kernel/rcu/built-in.a
  CC      arch/arm64/kvm/../../../virt/kvm/eventfd.o
  CC      kernel/dma/mapping.o
  CC      kernel/irq/cpuhotplug.o
  CC      kernel/irq/pm.o
  CC      arch/arm64/kvm/../../../virt/kvm/binary_stats.o
  CC      kernel/dma/direct.o
  CC      kernel/irq/msi.o
  CC      kernel/irq/ipi.o
  CC      arch/arm64/kvm/../../../virt/kvm/vfio.o
  CC      kernel/irq/ipi-mux.o
  CC      kernel/dma/ops_helpers.o
  CC      kernel/irq/affinity.o
  CC      kernel/dma/contiguous.o
  CC      kernel/dma/coherent.o
  AR      kernel/irq/built-in.a
  CC      kernel/entry/common.o
  CC      arch/arm64/kvm/../../../virt/kvm/coalesced_mmio.o
  CC      kernel/dma/swiotlb.o
  CC      kernel/dma/pool.o
  CC      kernel/entry/virt.o
  CC      arch/arm64/kvm/../../../virt/kvm/irqchip.o
  CC      kernel/dma/remap.o
  CC      arch/arm64/kvm/../../../virt/kvm/dirty_ring.o
  AR      kernel/entry/built-in.a
  CC      kernel/freezer.o
  CC      arch/arm64/kvm/../../../virt/kvm/guest_memfd.o
  AR      kernel/dma/built-in.a
  CC      kernel/profile.o
  CC      arch/arm64/kvm/arm.o
  CC      kernel/stacktrace.o
  CC      kernel/time/time.o
  CC      kernel/time/timer.o
  CC      kernel/futex/core.o
  CC      kernel/time/hrtimer.o
  CC      kernel/time/sleep_timeout.o
  CC      kernel/futex/syscalls.o
  CC      arch/arm64/kvm/mmu.o
  CC      kernel/time/timekeeping.o
  CC      kernel/time/ntp.o
  CC      kernel/futex/pi.o
  CC      kernel/time/clocksource.o
  CC      kernel/time/jiffies.o
  CC      kernel/futex/requeue.o
  CC      kernel/time/timer_list.o
  CC      kernel/time/timeconv.o
  CC      arch/arm64/kvm/mmio.o
  CC      kernel/futex/waitwake.o
  CC      arch/arm64/kvm/psci.o
  CC      kernel/time/timecounter.o
  CC      kernel/time/alarmtimer.o
  AR      kernel/futex/built-in.a
  CC      kernel/smp.o
  CC      arch/arm64/kvm/hypercalls.o
  CC      kernel/time/posix-timers.o
  CC      arch/arm64/kvm/pvtime.o
  CC      kernel/uid16.o
  CC      kernel/kallsyms.o
  CC      arch/arm64/kvm/inject_fault.o
  CC      arch/arm64/kvm/va_layout.o
  CC      kernel/time/posix-cpu-timers.o
  CC      kernel/time/posix-clock.o
  CC      kernel/acct.o
  CC      arch/arm64/kvm/handle_exit.o
  CC      kernel/time/itimer.o
  CC      kernel/vmcore_info.o
  CC      arch/arm64/kvm/config.o
  CC      arch/arm64/kvm/guest.o
  CC      kernel/elfcorehdr.o
  CC      kernel/time/clockevents.o
  CC      kernel/crash_reserve.o
  CC      kernel/time/tick-common.o
  CC      arch/arm64/kvm/debug.o
  CC      kernel/kexec_core.o
  CC      arch/arm64/kvm/reset.o
  CC      kernel/time/tick-broadcast.o
  CC      kernel/crash_core.o
  CC      kernel/time/tick-broadcast-hrtimer.o
  CC      arch/arm64/kvm/sys_regs.o
  CC      arch/arm64/kvm/stacktrace.o
  CC      kernel/time/sched_clock.o
  CC      kernel/kexec.o
  CC      kernel/time/tick-oneshot.o
  CC      arch/arm64/kvm/vgic-sys-reg-v3.o
  CC      kernel/kexec_file.o
  CC      kernel/time/tick-sched.o
  CC      kernel/compat.o
  CC      kernel/time/timer_migration.o
  CC      arch/arm64/kvm/fpsimd.o
  CC      arch/arm64/kvm/pkvm.o
  CC      kernel/cgroup/cgroup.o
  CC      kernel/time/vsyscall.o
  CC      kernel/time/timekeeping_debug.o
  CC      kernel/time/namespace.o
  CC      arch/arm64/kvm/arch_timer.o
  CC      kernel/time/namespace_vdso.o
  CC      arch/arm64/kvm/trng.o
  AR      kernel/time/built-in.a
  CC      kernel/utsname.o
  CC      arch/arm64/kvm/vmid.o
  CC      kernel/cgroup/rstat.o
  CC      kernel/user_namespace.o
  CC      arch/arm64/kvm/emulate-nested.o
  CC      kernel/cgroup/namespace.o
  CC      arch/arm64/kvm/nested.o
  CC      kernel/pid_namespace.o
  CC      kernel/cgroup/cgroup-v1.o
  UPD     kernel/config_data
  CC      kernel/stop_machine.o
  CC      arch/arm64/kvm/at.o
  CC      kernel/seccomp.o
  CC      kernel/cgroup/freezer.o
  CC      arch/arm64/kvm/vgic/vgic.o
  CC      kernel/cgroup/legacy_freezer.o
  CC      kernel/utsname_sysctl.o
  CC      arch/arm64/kvm/vgic/vgic-init.o
  CC      kernel/taskstats.o
  CC      arch/arm64/kvm/vgic/vgic-irqfd.o
  CC      kernel/cgroup/pids.o
  CC      kernel/cgroup/cpuset.o
  CC      kernel/tsacct.o
  CC      arch/arm64/kvm/vgic/vgic-v2.o
  CC      arch/arm64/kvm/vgic/vgic-v3.o
  CC      kernel/trace/trace_clock.o
  AR      kernel/trace/built-in.a
  CC      kernel/irq_work.o
  CC      arch/arm64/kvm/vgic/vgic-v4.o
  AR      kernel/cgroup/built-in.a
  CC      kernel/cpu_pm.o
  CC      arch/arm64/kvm/vgic/vgic-mmio.o
  CC      kernel/bpf/core.o
  CC      kernel/events/core.o
  CC      arch/arm64/kvm/vgic/vgic-mmio-v2.o
  CC      arch/arm64/kvm/vgic/vgic-mmio-v3.o
  CC      arch/arm64/kvm/vgic/vgic-kvm-device.o
  CC      kernel/bpf/syscall.o
  CC      arch/arm64/kvm/vgic/vgic-its.o
  CC      arch/arm64/kvm/vgic/vgic-debug.o
  CC      arch/arm64/kvm/vgic/vgic-v3-nested.o
  CC      arch/arm64/kvm/vgic/vgic-v5.o
  CC      kernel/events/ring_buffer.o
  CC      kernel/bpf/verifier.o
  CC      arch/arm64/kvm/pmu-emul.o
  CC      kernel/events/callchain.o
  CC      kernel/events/hw_breakpoint.o
  CC      arch/arm64/kvm/pmu.o
  AR      kernel/events/built-in.a
  CC      arch/arm64/kvm/pauth.o
  CC      kernel/padata.o
  CC      kernel/jump_label.o
  CC      kernel/context_tracking.o
  AR      arch/arm64/kvm/built-in.a
  AR      arch/arm64/built-in.a
  CC      kernel/iomem.o
  CC      certs/system_keyring.o
  CC      kernel/rseq.o
  AS      certs/system_certificates.o
  AR      certs/built-in.a
  CC      kernel/exec_state.o
  CC      mm/filemap.o
  CC      mm/mempool.o
  GZIP    kernel/config_data.gz
  CC      mm/oom_kill.o
  CC      mm/fadvise.o
  CC      mm/maccess.o
  CC      mm/page-writeback.o
  CC      mm/folio-compat.o
  CC      kernel/bpf/inode.o
  CC      mm/readahead.o
  CC      mm/swap.o
  CC      mm/truncate.o
  CC      kernel/bpf/helpers.o
  CC      mm/vmscan.o
  CC      mm/shrinker.o
  CC      mm/shmem.o
  CC      mm/util.o
  CC      mm/mmzone.o
  CC      kernel/bpf/tnum.o
  CC      kernel/bpf/log.o
  CC      mm/vmstat.o
  CC      mm/backing-dev.o
  CC      mm/mm_init.o
  CC      kernel/bpf/token.o
  CC      mm/percpu.o
  CC      mm/slab_common.o
  CC      mm/compaction.o
  CC      kernel/bpf/liveness.o
  CC      mm/show_mem.o
  CC      mm/interval_tree.o
  CC      mm/list_lru.o
  CC      kernel/bpf/const_fold.o
  CC      mm/workingset.o
  CC      mm/debug.o
  CC      mm/gup.o
  CC      mm/mmap_lock.o
  CC      kernel/bpf/bpf_iter.o
  CC      mm/vma_init.o
  CC      mm/highmem.o
  CC      mm/memory.o
  CC      kernel/bpf/map_iter.o
  CC      mm/mincore.o
  CC      mm/mlock.o
  CC      kernel/bpf/task_iter.o
  CC      mm/mmap.o
  CC      mm/mmu_gather.o
  CC      kernel/bpf/prog_iter.o
  CC      mm/mprotect.o
  CC      mm/mremap.o
  CC      kernel/bpf/link_iter.o
  CC      mm/msync.o
  CC      mm/page_vma_mapped.o
  CC      kernel/bpf/hashtab.o
  CC      mm/pagewalk.o
  CC      mm/pgtable-generic.o
  CC      mm/rmap.o
  CC      mm/vmalloc.o
  CC      mm/vma.o
  CC      kernel/bpf/arraymap.o
  CC      mm/vma_exec.o
  CC      mm/process_vm_access.o
  CC      mm/mseal.o
  CC      mm/page_alloc.o
  CC      kernel/bpf/percpu_freelist.o
  CC      mm/page_frag_cache.o
  CC      kernel/bpf/bpf_lru_list.o
  CC      mm/init-mm.o
  CC      mm/memblock.o
  CC      kernel/bpf/lpm_trie.o
  CC      mm/memory_hotplug.o
  CC      kernel/bpf/map_in_map.o
  CC      mm/slub.o
  CC      mm/madvise.o
  CC      kernel/bpf/bloom_filter.o
  CC      mm/dmapool.o
  CC      mm/hugetlb.o
  CC      kernel/bpf/local_storage.o
  CC      mm/hugetlb_sysfs.o
  CC      mm/hugetlb_sysctl.o
  CC      kernel/bpf/queue_stack_maps.o
  CC      mm/hugetlb_cma.o
  CC      mm/mempolicy.o
  CC      kernel/bpf/ringbuf.o
  CC      mm/sparse.o
  CC      mm/sparse-vmemmap.o
  CC      kernel/bpf/bpf_insn_array.o
  CC      mm/mmu_notifier.o
  CC      mm/ksm.o
  CC      mm/memtest.o
  CC      kernel/bpf/bpf_local_storage.o
  CC      mm/migrate.o
  CC      mm/memory-tiers.o
  CC      kernel/bpf/bpf_task_storage.o
  CC      mm/huge_memory.o
  CC      mm/khugepaged.o
  CC      mm/page_counter.o
  CC      kernel/bpf/fixups.o
  CC      mm/memcontrol.o
  CC      mm/vmpressure.o
  CC      mm/bpf_memcontrol.o
  CC      mm/hugetlb_cgroup.o
  CC      kernel/bpf/cfg.o
  CC      mm/memory-failure.o
  CC      mm/page_isolation.o
  CC      mm/early_ioremap.o
  CC      kernel/bpf/states.o
  CC      mm/cma.o
  CC      mm/numa.o
  CC      mm/numa_memblks.o
  CC      kernel/bpf/backtrack.o
  CC      fs/open.o
  CC      mm/secretmem.o
  CC      mm/memfd.o
  CC      mm/page_reporting.o
  CC      mm/ioremap.o
  CC      kernel/bpf/check_btf.o
  CC      fs/read_write.o
  CC      mm/execmem.o
  CC      fs/file_table.o
  CC      kernel/bpf/disasm.o
  AR      mm/built-in.a
  CC      kernel/configs.o
  CC      fs/super.o
  CC      kernel/bpf/mprog.o
  CC      fs/char_dev.o
  CC      fs/stat.o
  CC      fs/exec.o
  CC      kernel/bpf/trampoline.o
  CC      fs/pipe.o
  CC      fs/namei.o
  CC      fs/fcntl.o
  CC      kernel/bpf/btf.o
  CC      fs/ioctl.o
  CC      kernel/bpf/memalloc.o
  CC      fs/readdir.o
  CC      fs/select.o
  CC      fs/dcache.o
  CC      kernel/bpf/rqspinlock.o
  CC      fs/inode.o
  CC      kernel/bpf/stream.o
  CC      kernel/bpf/arena.o
  CC      fs/attr.o
  CC      kernel/bpf/range_tree.o
  CC      fs/bad_inode.o
  CC      fs/file.o
  CC      kernel/bpf/dispatcher.o
  CC      fs/filesystems.o
  CC      kernel/bpf/devmap.o
  CC      fs/namespace.o
  CC      fs/seq_file.o
  CC      kernel/bpf/cpumap.o
  CC      kernel/bpf/offload.o
  CC      fs/xattr.o
  CC      kernel/bpf/net_namespace.o
  CC      kernel/bpf/tcx.o
  CC      fs/libfs.o
  CC      fs/fs-writeback.o
  CC      kernel/bpf/stackmap.o
  CC      kernel/bpf/cgroup_iter.o
  CC      fs/pnode.o
  CC      kernel/bpf/bpf_cgrp_storage.o
  CC      fs/splice.o
  CC      kernel/bpf/cgroup.o
  CC      fs/sync.o
  CC      kernel/bpf/reuseport_array.o
  CC      fs/utimes.o
  CC      fs/d_path.o
  CC      kernel/bpf/bpf_struct_ops.o
  CC      kernel/bpf/cpumask.o
  CC      fs/stack.o
  CC      fs/fs_struct.o
  CC      fs/statfs.o
  CC      kernel/bpf/crypto.o
  CC      kernel/bpf/relo_core.o
  CC      fs/fs_pin.o
  CC      fs/nsfs.o
  CC      fs/fs_dirent.o
  CC      fs/fs_context.o
  CC      kernel/bpf/btf_iter.o
  CC      kernel/bpf/btf_relocate.o
  CC      fs/fs_parser.o
  CC      fs/fsopen.o
  CC      kernel/bpf/kmem_cache_iter.o
  CC      fs/init.o
  CC      kernel/bpf/dmabuf_iter.o
  CC      fs/kernel_read_file.o
  CC      kernel/bpf/cnum.o
  CC      fs/mnt_idmapping.o
  CC      ipc/compat.o
  AR      kernel/bpf/built-in.a
  AR      kernel/built-in.a
  CC      security/keys/gc.o
  CC      security/commoncap.o
  CC      fs/remap_range.o
  CC      ipc/util.o
  CC      security/keys/key.o
  CC      security/min_addr.o
  CC      fs/pidfs.o
  CC      ipc/msgutil.o
  CC      security/keys/keyring.o
  CC      security/inode.o
  CC      ipc/msg.o
  CC      fs/file_attr.o
  CC      security/device_cgroup.o
  CC      security/keys/keyctl.o
  CC      ipc/sem.o
  CC      fs/fserror.o
  CC      fs/nullfs.o
  CC      fs/buffer.o
  CC      security/keys/permission.o
  CC      fs/mpage.o
  CC      ipc/shm.o
  CC      security/keys/process_keys.o
  CC      security/keys/request_key.o
  CC      fs/proc_namespace.o
  CC      ipc/syscall.o
  CC      security/keys/request_key_auth.o
  CC      security/keys/user_defined.o
  CC      fs/direct-io.o
  CC      ipc/ipc_sysctl.o
  CC      security/keys/compat.o
  CC      security/keys/proc.o
  CC      ipc/mqueue.o
  CC      security/keys/sysctl.o
  CC      fs/notify/fsnotify.o
  CC      fs/notify/notification.o
  CC      security/keys/keyctl_pkey.o
  CC      fs/notify/group.o
  CC      ipc/namespace.o
  CC      crypto/api.o
  AR      security/keys/built-in.a
  AR      security/built-in.a
  CC      fs/notify/mark.o
  CC      fs/eventpoll.o
  CC      ipc/mq_sysctl.o
  CC      crypto/cipher.o
  AR      ipc/built-in.a
  CC      fs/notify/fdinfo.o
  CC      block/bdev.o
  CC      crypto/crypto_engine.o
  CC      fs/notify/dnotify/dnotify.o
  CC      block/fops.o
  CC      crypto/algapi.o
  AR      fs/notify/dnotify/built-in.a
  CC      fs/notify/inotify/inotify_fsnotify.o
  CC      io_uring/io_uring.o
  CC      fs/notify/inotify/inotify_user.o
  CC      block/bio.o
  CC      crypto/scatterwalk.o
  AR      fs/notify/inotify/built-in.a
  CC      fs/notify/fanotify/fanotify.o
  CC      crypto/proc.o
  CC      block/elevator.o
  CC      io_uring/opdef.o
  CC      crypto/aead.o
  CC      fs/notify/fanotify/fanotify_user.o
  CC      block/blk-core.o
  CC      io_uring/kbuf.o
  CC      crypto/geniv.o
  AR      fs/notify/fanotify/built-in.a
  AR      fs/notify/built-in.a
  CC      fs/anon_inodes.o
  CC      io_uring/rsrc.o
  CC      crypto/lskcipher.o
  CC      block/blk-sysfs.o
  CC      fs/signalfd.o
  CC      crypto/skcipher.o
  CC      block/blk-flush.o
  CC      io_uring/notif.o
  CC      fs/timerfd.o
  CC      block/blk-settings.o
  CC      crypto/bpf_crypto_skcipher.o
  CC      io_uring/tctx.o
  CC      fs/eventfd.o
  CC      crypto/echainiv.o
  CC      block/blk-ioc.o
  CC      crypto/ahash.o
  CC      io_uring/filetable.o
  CC      fs/aio.o
  CC      block/blk-map.o
  CC      io_uring/rw.o
  CC      crypto/shash.o
  CC      block/blk-merge.o
  CC      fs/locks.o
  CC      crypto/akcipher.o
  CC      io_uring/poll.o
  CC      block/blk-timeout.o
  CC      crypto/sig.o
  CC      fs/binfmt_script.o
  CC      block/blk-lib.o
  CC      io_uring/tw.o
  CC      fs/binfmt_elf.o
  CC      crypto/kpp.o
  CC      block/blk-mq.o
  CC      io_uring/wait.o
  CC      crypto/dh.o
  CC      fs/compat_binfmt_elf.o
  CC      crypto/dh_helper.o
  CC      io_uring/eventfd.o
  CC      crypto/rsapubkey.asn1.o
  CC      crypto/rsaprivkey.asn1.o
  CC      crypto/rsa.o
  CC      fs/backing-file.o
  CC      block/blk-mq-tag.o
  CC      io_uring/uring_cmd.o
  CC      crypto/rsa_helper.o
  CC      crypto/rsa-pkcs1pad.o
  CC      io_uring/openclose.o
  CC      block/blk-mq-dma.o
  CC      fs/mbcache.o
  CC      crypto/rsassa-pkcs1.o
  CC      fs/posix_acl.o
  CC      block/blk-stat.o
  CC      io_uring/sqpoll.o
  CC      crypto/acompress.o
  CC      fs/coredump.o
  CC      block/blk-mq-sysfs.o
  CC      io_uring/xattr.o
  CC      crypto/scompress.o
  CC      block/blk-mq-cpumap.o
  CC      io_uring/nop.o
  CC      fs/drop_caches.o
  CC      crypto/algboss.o
  CC      block/blk-mq-sched.o
  CC      io_uring/fs.o
  CC      fs/sysctls.o
  CC      crypto/testmgr.o
  CC      fs/fhandle.o
  CC      block/ioctl.o
  CC      io_uring/splice.o
  CC      crypto/crypto_user.o
  CC      fs/iomap/trace.o
  CC      io_uring/sync.o
  CC      block/genhd.o
  CC      fs/iomap/iter.o
  CC      crypto/cmac.o
  CC      io_uring/msg_ring.o
  CC      fs/iomap/buffered-io.o
  CC      block/ioprio.o
  CC      crypto/hmac.o
  CC      io_uring/advise.o
  CC      crypto/md5.o
  CC      block/badblocks.o
  CC      io_uring/statx.o
  CC      fs/iomap/direct-io.o
  CC      crypto/sha1.o
  CC      block/partitions/core.o
  CC      io_uring/timeout.o
  CC      crypto/sha256.o
  CC      fs/iomap/ioend.o
  CC      block/partitions/msdos.o
  CC      crypto/sha512.o
  CC      io_uring/cancel.o
  CC      fs/iomap/fiemap.o
  CC      block/partitions/efi.o
  CC      crypto/sha3.o
  CC      fs/iomap/seek.o
  CC      io_uring/waitid.o
  AR      block/partitions/built-in.a
  CC      block/blk-rq-qos.o
  CC      crypto/sm3.o
  CC      fs/iomap/bio.o
  CC      io_uring/register.o
  CC      crypto/ecb.o
  CC      block/disk-events.o
  AR      fs/iomap/built-in.a
  CC      fs/quota/dquot.o
  CC      crypto/cbc.o
  CC      block/blk-ia-ranges.o
  CC      crypto/xts.o
  CC      io_uring/truncate.o
  CC      block/early-lookup.o
  CC      crypto/ctr.o
  CC      fs/quota/quota.o
  CC      io_uring/memmap.o
  CC      crypto/gcm.o
  CC      block/bsg.o
  CC      fs/quota/kqid.o
  CC      io_uring/alloc_cache.o
  CC      crypto/ccm.o
  CC      block/bsg-lib.o
  AR      fs/quota/built-in.a
  CC      fs/proc/task_mmu.o
  CC      io_uring/query.o
  CC      crypto/des_generic.o
  CC      block/blk-cgroup.o
  CC      crypto/aes.o
  CC      io_uring/loop.o
  CC      crypto/sm4.o
  CC      io_uring/zcrx.o
  CC      fs/proc/inode.o
  CC      block/blk-cgroup-rwstat.o
  CC      crypto/sm4_generic.o
  CC      block/mq-deadline.o
  CC      fs/proc/root.o
  CC      crypto/chacha.o
  CC      crypto/deflate.o
  CC      block/kyber-iosched.o
  CC      fs/proc/base.o
  CC      io_uring/io-wq.o
  CC      crypto/authenc.o
  CC      block/bfq-iosched.o
  CC      io_uring/futex.o
  CC      crypto/authencesn.o
  CC      fs/proc/generic.o
  CC      io_uring/epoll.o
  CC      crypto/lzo.o
  CC      fs/proc/array.o
  CC      io_uring/napi.o
  CC      block/bfq-wf2q.o
  CC      crypto/lzo-rle.o
  CC      fs/proc/fd.o
  CC      crypto/lz4.o
  CC      block/bfq-cgroup.o
  CC      io_uring/net.o
  CC      fs/proc/proc_tty.o
  CC      crypto/rng.o
  CC      block/bio-integrity.o
  CC      fs/proc/cmdline.o
  CC      crypto/af_alg.o
  CC      io_uring/cmd_net.o
  CC      fs/proc/consoles.o
  CC      block/blk-integrity.o
  CC      fs/proc/cpuinfo.o
  CC      crypto/algif_rng.o
  CC      block/t10-pi.o
  CC      io_uring/fdinfo.o
  CC      fs/proc/devices.o
  CC      io_uring/bpf_filter.o
  CC      block/bio-integrity-auto.o
  CC      crypto/zstd.o
  CC      fs/proc/loadavg.o
  CC      crypto/ecc.o
  CC      block/bio-integrity-fs.o
  CC      fs/proc/meminfo.o
  AR      io_uring/built-in.a
  AS      arch/arm64/lib/clear_page.o
  AS      arch/arm64/lib/clear_user.o
  AS      arch/arm64/lib/copy_from_user.o
  AS      arch/arm64/lib/copy_page.o
  AS      arch/arm64/lib/copy_to_user.o
  CC      arch/arm64/lib/csum.o
  CC      block/blk-mq-debugfs.o
  CC      arch/arm64/lib/delay.o
  CC      fs/proc/stat.o
  CC      crypto/ecdh.o
  CC      arch/arm64/lib/insn.o
  CC      fs/proc/uptime.o
  CC      block/blk-pm.o
  CC      crypto/ecdh_helper.o
  AS      arch/arm64/lib/memchr.o
  AS      arch/arm64/lib/memcmp.o
  AS      arch/arm64/lib/memcpy.o
  AS      arch/arm64/lib/memset.o
  CC      crypto/asymmetric_keys/asymmetric_type.o
  AS      arch/arm64/lib/strchr.o
  CC      fs/proc/util.o
  AS      arch/arm64/lib/strcmp.o
  AS      arch/arm64/lib/strlen.o
  CC      block/blk-crypto.o
  AS      arch/arm64/lib/strncmp.o
  AS      arch/arm64/lib/strnlen.o
  AS      arch/arm64/lib/strrchr.o
  AS      arch/arm64/lib/tishift.o
  AS      arch/arm64/lib/mte.o
  AR      arch/arm64/lib/lib.a
  AR      arch/arm64/lib/built-in.a
  CC      crypto/asymmetric_keys/restrict.o
  CC      fs/proc/version.o
  CC      lib/argv_split.o
  CC      block/blk-crypto-profile.o
  CC      crypto/asymmetric_keys/signature.o
  CC      lib/bug.o
  CC      fs/proc/softirqs.o
  CC      crypto/asymmetric_keys/public_key.o
  CC      fs/proc/namespaces.o
  CC      lib/buildid.o
  CC      block/blk-crypto-sysfs.o
  CC      crypto/asymmetric_keys/x509.asn1.o
  CC      crypto/asymmetric_keys/x509_akid.asn1.o
  CC      crypto/asymmetric_keys/x509_cert_parser.o
  CC      fs/proc/self.o
  CC      lib/clz_tab.o
  CC      block/holder.o
  CC      lib/cmdline.o
  CC      crypto/asymmetric_keys/x509_loader.o
  CC      lib/cpumask.o
  CC      crypto/asymmetric_keys/x509_public_key.o
  CC      fs/proc/thread_self.o
  AR      block/built-in.a
  CC      lib/ctype.o
  CC      lib/dec_and_lock.o
  CC      crypto/asymmetric_keys/pkcs7.asn1.o
  CC      drivers/irqchip/irqchip.o
  CC      crypto/asymmetric_keys/pkcs7_parser.o
  CC      fs/proc/proc_sysctl.o
  CC      lib/decompress.o
  CC      lib/decompress_bunzip2.o
  CC      crypto/asymmetric_keys/pkcs7_trust.o
  CC      drivers/irqchip/irq-alpine-msi.o
  CC      lib/decompress_inflate.o
  CC      crypto/asymmetric_keys/pkcs7_verify.o
  CC      lib/decompress_unlz4.o
  CC      drivers/irqchip/irq-bcm2835.o
  CC      fs/proc/proc_net.o
  AR      crypto/asymmetric_keys/built-in.a
  CC      crypto/krb5/krb5_kdf.o
  CC      lib/decompress_unlzma.o
  CC      drivers/irqchip/irq-bcm2836.o
  CC      crypto/krb5/krb5_api.o
  CC      fs/proc/vmcore.o
  CC      lib/decompress_unlzo.o
  CC      crypto/krb5/rfc3961_simplified.o
  CC      drivers/irqchip/irq-owl-sirq.o
  CC      fs/proc/kmsg.o
  CC      lib/decompress_unxz.o
  CC      drivers/irqchip/irq-tegra.o
  CC      fs/proc/page.o
  CC      crypto/krb5/rfc3962_aes.o
  CC      lib/decompress_unzstd.o
  CC      drivers/irqchip/irq-dw-apb-ictl.o
  CC      lib/dump_stack.o
  CC      crypto/krb5/rfc6803_camellia.o
  AR      fs/proc/built-in.a
  CC      fs/kernfs/mount.o
  CC      crypto/krb5/rfc8009_aes2.o
  CC      lib/earlycpio.o
  CC      drivers/irqchip/irq-sun6i-r.o
  CC      lib/extable.o
  CC      fs/kernfs/inode.o
  CC      lib/fdt.o
  AR      crypto/krb5/built-in.a
  CC      crypto/cts.o
  CC      lib/fdt_addresses.o
  CC      drivers/irqchip/irq-sunxi-nmi.o
  CC      lib/fdt_empty_tree.o
  CC      lib/fdt_ro.o
  CC      lib/fdt_rw.o
  CC      fs/kernfs/dir.o
  CC      lib/fdt_strerror.o
  CC      lib/fdt_sw.o
  CC      crypto/camellia_generic.o
  CC      lib/fdt_wip.o
  CC      drivers/irqchip/irq-gic.o
  CC      lib/flex_proportions.o
  CC      lib/idr.o
  CC      crypto/krb5enc.o
  CC      fs/kernfs/file.o
  CC      lib/iomem_copy.o
  CC      drivers/irqchip/irq-gic-common.o
  CC      lib/irq_regs.o
  CC      drivers/irqchip/irq-gic-pm.o
  CC      lib/is_single_threaded.o
  AR      crypto/built-in.a
  CC      drivers/bus/arm-cci.o
  CC      fs/kernfs/symlink.o
  CC      lib/klist.o
  CC      drivers/irqchip/irq-msi-lib.o
  CC      lib/kobject.o
  CC      drivers/irqchip/irq-gic-v2m.o
  CC      drivers/bus/hisi_lpc.o
  AR      fs/kernfs/built-in.a
  CC      fs/sysfs/file.o
  CC      lib/kobject_uevent.o
  CC      drivers/bus/brcmstb_gisb.o
  CC      drivers/irqchip/irq-gic-v3.o
  CC      fs/sysfs/dir.o
  CC      lib/logic_pio.o
  CC      fs/sysfs/symlink.o
  CC      drivers/bus/fsl-mc/fsl-mc-bus.o
  CC      lib/maple_tree.o
  CC      drivers/irqchip/irq-gic-v3-mbi.o
  CC      fs/sysfs/mount.o
  CC      drivers/bus/fsl-mc/mc-sys.o
  CC      drivers/irqchip/irq-gic-its-msi-parent.o
  CC      fs/sysfs/group.o
  CC      drivers/bus/fsl-mc/mc-io.o
  CC      drivers/irqchip/irq-gic-v3-its.o
  AR      fs/sysfs/built-in.a
  CC      fs/configfs/inode.o
  CC      drivers/bus/fsl-mc/dpbp.o
  CC      lib/memcat_p.o
  CC      drivers/bus/fsl-mc/dpcon.o
  CC      fs/configfs/file.o
  CC      lib/nmi_backtrace.o
  CC      drivers/bus/fsl-mc/dprc.o
  CC      fs/configfs/dir.o
  CC      lib/objpool.o
  CC      drivers/bus/fsl-mc/dprc-driver.o
  CC      drivers/irqchip/irq-gic-v4.o
  CC      lib/plist.o
  CC      lib/radix-tree.o
  CC      fs/configfs/symlink.o
  CC      drivers/bus/fsl-mc/fsl-mc-allocator.o
  CC      drivers/irqchip/irq-gic-v5.o
  CC      fs/configfs/mount.o
  CC      lib/ratelimit.o
  CC      drivers/bus/fsl-mc/fsl-mc-msi.o
  CC      lib/rbtree.o
  CC      lib/seq_buf.o
  CC      drivers/irqchip/irq-gic-v5-irs.o
  CC      fs/configfs/item.o
  CC      drivers/bus/fsl-mc/dpmcp.o
  CC      lib/siphash.o
  AR      fs/configfs/built-in.a
  CC      fs/devpts/inode.o
  CC      drivers/bus/fsl-mc/obj-api.o
  CC      lib/string.o
  CC      drivers/irqchip/irq-gic-v5-its.o
  CC      lib/sys_info.o
  AR      drivers/bus/fsl-mc/built-in.a
  CC      drivers/bus/imx-aipstz.o
  AR      fs/devpts/built-in.a
  CC      fs/netfs/buffered_read.o
  CC      drivers/bus/qcom-ebi2.o
  CC      lib/timerqueue.o
  CC      drivers/irqchip/irq-gic-v5-iwb.o
  CC      lib/union_find.o
  CC      lib/vsprintf.o
  CC      drivers/bus/stm32_firewall.o
  CC      fs/netfs/buffered_write.o
  CC      drivers/irqchip/irq-mbigen.o
  CC      drivers/bus/stm32_rifsc.o
  CC      fs/netfs/direct_read.o
  CC      drivers/irqchip/irq-renesas-irqc.o
  CC      drivers/bus/stm32_etzpc.o
  CC      lib/win_minmax.o
  CC      fs/netfs/direct_write.o
  CC      drivers/irqchip/irq-renesas-rzg2l.o
  CC      drivers/bus/sun50i-de2.o
  CC      lib/xarray.o
  CC      drivers/bus/sunxi-rsb.o
  CC      fs/netfs/iterator.o
  CC      drivers/irqchip/irq-renesas-rzt2h.o
  CC      lib/lockref.o
  CC      drivers/bus/simple-pm-bus.o
  CC      lib/bcd.o
  CC      fs/netfs/locking.o
  CC      lib/sort.o
  CC      drivers/irqchip/irq-renesas-rzv2h.o
  CC      lib/parser.o
  CC      drivers/bus/tegra-aconnect.o
  CC      lib/debug_locks.o
  CC      fs/netfs/main.o
  CC      drivers/bus/uniphier-system-bus.o
  CC      drivers/irqchip/irq-xilinx-intc.o
  CC      lib/random32.o
  CC      lib/bust_spinlocks.o
  CC      fs/netfs/misc.o
  CC      drivers/bus/vexpress-config.o
  CC      drivers/irqchip/irq-bcm2712-mip.o
  CC      lib/kasprintf.o
  CC      drivers/bus/mhi/host/init.o
  CC      lib/bitmap.o
  CC      fs/netfs/objects.o
  CC      drivers/irqchip/irq-bcm7038-l1.o
  CC      lib/scatterlist.o
  CC      drivers/irqchip/irq-bcm7120-l2.o
  CC      fs/netfs/read_collect.o
  CC      drivers/bus/mhi/host/main.o
  CC      drivers/irqchip/irq-brcmstb-l2.o
  CC      lib/list_sort.o
  CC      lib/uuid.o
  CC      lib/iov_iter.o
  CC      fs/netfs/read_pgpriv2.o
  CC      drivers/bus/mhi/host/pm.o
  CC      drivers/irqchip/irq-mtk-sysirq.o
  CC      fs/netfs/read_retry.o
  CC      drivers/irqchip/irq-mtk-cirq.o
  CC      lib/clz_ctz.o
  CC      lib/bsearch.o
  CC      drivers/bus/mhi/host/boot.o
  CC      fs/netfs/read_single.o
  CC      drivers/irqchip/irq-imx-gpcv2.o
  CC      lib/find_bit.o
  CC      fs/netfs/rolling_buffer.o
  CC      lib/llist.o
  CC      drivers/bus/mhi/host/pci_generic.o
  CC      lib/lwq.o
  CC      lib/memweight.o
  CC      drivers/irqchip/irq-mvebu-gicp.o
  CC      lib/kfifo.o
  CC      fs/netfs/write_collect.o
  AR      drivers/bus/mhi/host/built-in.a
  AR      drivers/bus/mhi/built-in.a
  AR      drivers/bus/built-in.a
  CC      fs/netfs/write_issue.o
  CC      drivers/irqchip/irq-mvebu-icu.o
  CC      lib/percpu-refcount.o
  CC      fs/netfs/write_retry.o
  CC      drivers/irqchip/irq-mvebu-odmi.o
  CC      drivers/irqchip/irq-mvebu-pic.o
  CC      lib/rhashtable.o
  AR      fs/netfs/built-in.a
  CC      fs/ext4/balloc.o
  CC      fs/ext4/bitmap.o
  CC      drivers/irqchip/irq-mvebu-sei.o
  CC      lib/base64.o
  CC      lib/once.o
  CC      fs/ext4/block_validity.o
  CC      drivers/irqchip/irq-ls-extirq.o
  CC      fs/ext4/dir.o
  CC      lib/refcount.o
  CC      lib/rcuref.o
  CC      fs/ext4/ext4_jbd2.o
  CC      lib/usercopy.o
  CC      drivers/irqchip/irq-ls-scfg-msi.o
  CC      fs/ext4/extents.o
  CC      lib/errseq.o
  CC      lib/bucket_locks.o
  CC      drivers/irqchip/irq-stm32mp-exti.o
  CC      fs/ext4/extents_status.o
  CC      lib/generic-radix-tree.o
  CC      lib/bitmap-str.o
  CC      drivers/irqchip/qcom-irq-combiner.o
  CC      fs/ext4/file.o
  CC      lib/string_helpers.o
  CC      fs/ext4/fsmap.o
  CC      drivers/irqchip/irq-uniphier-aidet.o
  CC      lib/hexdump.o
  CC      lib/kstrtox.o
  CC      fs/ext4/fsync.o
  CC      drivers/irqchip/irq-sni-exiu.o
  CC      drivers/irqchip/irq-meson-gpio.o
  CC      lib/debug_info.o
  CC      fs/ext4/hash.o
  CC      drivers/irqchip/qcom-pdc.o
  CC      drivers/irqchip/irq-qcom-mpm.o
  CC      drivers/irqchip/irq-imx-irqsteer.o
  CC      lib/math/div64.o
  CC      fs/ext4/ialloc.o
  CC      lib/math/gcd.o
  CC      drivers/irqchip/irq-imx-intmux.o
  CC      lib/math/lcm.o
  CC      lib/math/int_log.o
  CC      lib/math/int_pow.o
  CC      lib/math/int_sqrt.o
  CC      lib/math/reciprocal_div.o
  CC      drivers/irqchip/irq-imx-mu-msi.o
  CC      lib/math/rational.o
  CC      drivers/irqchip/irq-ti-sci-intr.o
  AR      lib/math/built-in.a
  CC      lib/crc/crc7.o
  CC      fs/ext4/indirect.o
  CC      drivers/irqchip/irq-ti-sci-inta.o
  CC      lib/crc/crc8.o
  CC      lib/crc/crc16.o
  CC      lib/crc/crc-ccitt.o
  CC      drivers/irqchip/irq-pruss-intc.o
  CC      lib/crc/crc-itu-t.o
  CC      fs/ext4/inline.o
  CC      lib/crc/crc-t10dif-main.o
  CC      drivers/irqchip/irq-mst-intc.o
  CC      fs/ext4/inode.o
  AS      lib/crc/arm64/crc-t10dif-core.o
  CC      lib/crc/crc32-main.o
  CC      drivers/irqchip/irq-sl28cpld.o
  AS      lib/crc/arm64/crc32-core.o
  CC      lib/crypto/hash_info.o
  CC      lib/crc/crc64-main.o
  CC      drivers/irqchip/irq-apple-aic.o
  CC      lib/crc/crc64-neon.o
  CC      lib/crypto/memneq.o
  AR      lib/crc/built-in.a
  CC      lib/vdso/datastore.o
  CC      lib/crypto/utils.o
  CC      drivers/irqchip/irq-aspeed-vic.o
  AR      lib/vdso/built-in.a
  CC      drivers/irqchip/irq-aspeed-i2c-ic.o
  CC      lib/crypto/aes.o
  CC      fs/ext4/ioctl.o
  CC      drivers/irqchip/irq-aspeed-scu-ic.o
  AS      lib/crypto/arm64/aes-cipher-core.o
  AS      lib/crypto/arm64/aes-ce-core.o
  AS      lib/crypto/arm64/aes-ce.o
  AS      lib/crypto/arm64/aes-neon.o
  CC      lib/crypto/arc4.o
  CC      lib/crypto/gf128mul.o
  AR      drivers/irqchip/built-in.a
  CC      lib/crypto/blake2b.o
  CC      drivers/phy/phy-core.o
  CC      drivers/pinctrl/core.o
  CC      fs/ext4/mballoc.o
  CC      lib/crypto/blake2s.o
  CC      drivers/phy/phy-core-mipi-dphy.o
  CC      drivers/pinctrl/pinctrl-utils.o
  CC      lib/crypto/chacha-block-generic.o
  CC      lib/crypto/chacha.o
  CC      drivers/phy/phy-can-transceiver.o
  CC      drivers/pinctrl/pinmux.o
  AS      lib/crypto/arm64/chacha-neon-core.o
  CC      lib/crypto/des.o
  CC      drivers/phy/phy-nxp-ptn3222.o
  CC      drivers/pinctrl/pinconf.o
  CC      fs/ext4/migrate.o
  CC      lib/crypto/gf128hash.o
  CC      drivers/pinctrl/pinconf-generic.o
  CC      drivers/phy/phy-snps-eusb2.o
  AS      lib/crypto/arm64/ghash-neon-core.o
  AS      lib/crypto/arm64/polyval-ce-core.o
  CC      lib/crypto/md5.o
  CC      fs/ext4/mmp.o
  CC      drivers/pinctrl/devicetree.o
  CC      drivers/phy/allwinner/phy-sun4i-usb.o
  CC      drivers/pinctrl/pinctrl-apple-gpio.o
  CC      lib/crypto/sha1.o
  CC      fs/ext4/move_extent.o
  AS      lib/crypto/arm64/sha1-ce-core.o
  CC      lib/crypto/sha256.o
  CC      drivers/pinctrl/pinctrl-da9062.o
  CC      drivers/phy/allwinner/phy-sun6i-mipi-dphy.o
  AS      lib/crypto/arm64/sha256-ce.o
  CC      fs/ext4/namei.o
  CC      lib/crypto/sha512.o
  CC      drivers/pinctrl/pinctrl-max77620.o
  AR      drivers/phy/allwinner/built-in.a
  CC      drivers/phy/amlogic/phy-meson8b-usb2.o
  AS      lib/crypto/arm64/sha512-ce-core.o
  AS      lib/crypto/arm64/sha512-core.o
  CC      lib/crypto/sha3.o
  CC      drivers/pinctrl/pinctrl-rk805.o
  AS      lib/crypto/arm64/sha3-ce-core.o
  CC      drivers/phy/amlogic/phy-meson-gxl-usb2.o
  CC      lib/crypto/sm3.o
  CC      drivers/pinctrl/pinctrl-rockchip.o
  CC      fs/ext4/page-io.o
  CC      drivers/phy/amlogic/phy-meson-g12a-usb2.o
  AS      lib/crypto/arm64/sm3-ce-core.o
  AS      lib/crypto/arm64/sm3-neon-core.o
  CC      lib/crypto/mpi/generic_mpih-lshift.o
  CC      fs/ext4/readpage.o
  CC      drivers/pinctrl/pinctrl-rp1.o
  CC      lib/crypto/mpi/generic_mpih-mul1.o
  CC      drivers/phy/amlogic/phy-meson-g12a-usb3-pcie.o
  CC      lib/crypto/mpi/generic_mpih-mul2.o
  CC      fs/ext4/resize.o
  CC      drivers/pinctrl/pinctrl-single.o
  CC      drivers/phy/amlogic/phy-meson-axg-pcie.o
  CC      lib/crypto/mpi/generic_mpih-mul3.o
  CC      drivers/pinctrl/pinctrl-sx150x.o
  CC      drivers/phy/amlogic/phy-meson-axg-mipi-pcie-analog.o
  CC      lib/crypto/mpi/generic_mpih-rshift.o
  CC      fs/ext4/super.o
  CC      lib/crypto/mpi/generic_mpih-sub1.o
  CC      drivers/pinctrl/pinctrl-zynqmp.o
  CC      drivers/phy/amlogic/phy-meson-axg-mipi-dphy.o
  CC      lib/crypto/mpi/generic_mpih-add1.o
  CC      drivers/pinctrl/actions/pinctrl-owl.o
  AR      drivers/phy/amlogic/built-in.a
  AR      drivers/phy/axiado/built-in.a
  CC      drivers/phy/broadcom/phy-bcm-ns2-pcie.o
  CC      lib/crypto/mpi/mpicoder.o
  CC      drivers/pinctrl/actions/pinctrl-s900.o
  CC      lib/crypto/mpi/mpi-add.o
  CC      drivers/phy/broadcom/phy-bcm-ns2-usbdrd.o
  AR      drivers/pinctrl/actions/built-in.a
  AR      drivers/pinctrl/airoha/built-in.a
  CC      drivers/pinctrl/bcm/pinctrl-bcm2835.o
  CC      fs/ext4/symlink.o
  CC      lib/crypto/mpi/mpi-bit.o
  CC      drivers/phy/broadcom/phy-brcm-sata.o
  CC      drivers/pinctrl/bcm/pinctrl-bcm4908.o
  CC      fs/ext4/sysfs.o
  CC      lib/crypto/mpi/mpi-cmp.o
  CC      drivers/pinctrl/bcm/pinctrl-brcmstb.o
  CC      drivers/phy/broadcom/phy-brcm-usb.o
  CC      lib/crypto/mpi/mpi-sub-ui.o
  CC      drivers/pinctrl/bcm/pinctrl-brcmstb-bcm2712.o
  CC      fs/ext4/xattr.o
  CC      lib/crypto/mpi/mpi-div.o
  CC      drivers/pinctrl/bcm/pinctrl-iproc-gpio.o
  CC      drivers/phy/broadcom/phy-brcm-usb-init.o
  CC      drivers/phy/broadcom/phy-brcm-usb-init-synopsys.o
  CC      lib/crypto/mpi/mpi-mod.o
  CC      drivers/pinctrl/bcm/pinctrl-ns2-mux.o
  CC      drivers/phy/broadcom/phy-bcm-sr-pcie.o
  CC      fs/ext4/xattr_hurd.o
  CC      lib/crypto/mpi/mpi-mul.o
  AR      drivers/pinctrl/bcm/built-in.a
  CC      drivers/pinctrl/cix/pinctrl-sky1-base.o
  CC      lib/crypto/mpi/mpih-cmp.o
  CC      fs/ext4/xattr_trusted.o
  CC      drivers/phy/broadcom/phy-bcm-sr-usb.o
  CC      drivers/pinctrl/cix/pinctrl-sky1.o
  CC      lib/crypto/mpi/mpih-div.o
  CC      fs/ext4/xattr_user.o
  AR      drivers/phy/broadcom/built-in.a
  CC      drivers/phy/cadence/phy-cadence-torrent.o
  AR      drivers/pinctrl/cix/built-in.a
  CC      drivers/pinctrl/freescale/pinctrl-imx.o
  CC      lib/crypto/mpi/mpih-mul.o
  CC      fs/ext4/fast_commit.o
  CC      drivers/pinctrl/freescale/pinctrl-scu.o
  CC      lib/crypto/mpi/mpi-pow.o
  CC      drivers/pinctrl/freescale/pinctrl-imx-scmi.o
  CC      lib/crypto/mpi/mpiutil.o
  CC      drivers/phy/cadence/cdns-dphy.o
  CC      fs/ext4/orphan.o
  CC      drivers/pinctrl/freescale/pinctrl-imx8mm.o
  AR      lib/crypto/mpi/built-in.a
  AR      lib/crypto/built-in.a
  CC      lib/raid/xor/xor-core.o
  CC      drivers/pinctrl/freescale/pinctrl-imx8mn.o
  CC      drivers/phy/cadence/cdns-dphy-rx.o
  CC      fs/ext4/xattr_security.o
  CC      drivers/pinctrl/freescale/pinctrl-imx8mp.o
  CC      lib/raid/xor/xor-8regs.o
  CC      lib/raid/xor/xor-32regs.o
  CC      lib/raid/xor/xor-8regs-prefetch.o
  CC      lib/raid/xor/xor-32regs-prefetch.o
  CC      drivers/phy/cadence/phy-cadence-sierra.o
  CC      drivers/pinctrl/freescale/pinctrl-imx8mq.o
  AR      fs/ext4/built-in.a
  CC      fs/jbd2/transaction.o
  CC      lib/raid/xor/arm64/xor-neon-glue.o
  CC      lib/raid/xor/xor-neon.o
  CC      drivers/pinctrl/freescale/pinctrl-imx8qm.o
  CC      lib/raid/xor/arm64/xor-eor3.o
  CC      drivers/pinctrl/freescale/pinctrl-imx8qxp.o
  AR      lib/raid/xor/built-in.a
  AR      drivers/phy/cadence/built-in.a
  AR      lib/raid/raid6/tests/built-in.a
  CC      lib/raid/raid6/algos.o
  CC      drivers/phy/freescale/phy-fsl-imx8mq-usb.o
  CC      fs/jbd2/commit.o
  CC      drivers/pinctrl/freescale/pinctrl-imx8dxl.o
  HOSTCC  lib/raid/raid6/mktables
  UNROLL  lib/raid/raid6/int1.c
  UNROLL  lib/raid/raid6/int2.c
  UNROLL  lib/raid/raid6/int4.c
  UNROLL  lib/raid/raid6/int8.c
  CC      lib/raid/raid6/recov.o
  CC      drivers/phy/freescale/phy-fsl-imx8-mipi-dphy.o
  CC      drivers/pinctrl/freescale/pinctrl-imx8ulp.o
  CC      lib/raid/raid6/arm/neon.o
  CC      fs/jbd2/recovery.o
  UNROLL  lib/raid/raid6/arm/neon1.c
  UNROLL  lib/raid/raid6/arm/neon2.c
  UNROLL  lib/raid/raid6/arm/neon4.c
  UNROLL  lib/raid/raid6/arm/neon8.c
  CC      lib/raid/raid6/arm/recov_neon.o
  CC      drivers/pinctrl/freescale/pinctrl-imx91.o
  CC      drivers/phy/freescale/phy-fsl-imx8m-pcie.o
  CC      drivers/pinctrl/freescale/pinctrl-imx93.o
  CC      lib/raid/raid6/arm/recov_neon_inner.o
  CC      fs/jbd2/checkpoint.o
  TABLE   lib/raid/raid6/tables.c
  CC      lib/raid/raid6/int1.o
  CC      lib/raid/raid6/int2.o
  CC      lib/raid/raid6/int4.o
  CC      drivers/phy/freescale/phy-fsl-samsung-hdmi.o
  CC      lib/raid/raid6/int8.o
  AR      drivers/pinctrl/freescale/built-in.a
  CC      lib/raid/raid6/arm/neon1.o
  CC      drivers/pinctrl/mediatek/mtk-eint.o
  CC      lib/raid/raid6/arm/neon2.o
  CC      fs/jbd2/revoke.o
  CC      lib/raid/raid6/arm/neon4.o
  AR      drivers/phy/freescale/built-in.a
  CC      drivers/phy/hisilicon/phy-hi6220-usb.o
  CC      lib/raid/raid6/arm/neon8.o
  CC      drivers/pinctrl/mediatek/pinctrl-mtk-common.o
  CC      lib/raid/raid6/tables.o
  AR      lib/raid/raid6/built-in.a
  AR      lib/raid/built-in.a
  CC      lib/iomap_copy.o
  CC      drivers/phy/hisilicon/phy-histb-combphy.o
  CC      fs/jbd2/journal.o
  CC      lib/devres.o
  CC      drivers/pinctrl/mediatek/pinctrl-mtk-common-v2.o
  CC      lib/cache_maint.o
  CC      drivers/phy/hisilicon/phy-hisi-inno-usb2.o
  CC      lib/hweight.o
  CC      drivers/pinctrl/mediatek/pinctrl-moore.o
  AR      fs/jbd2/built-in.a
  CC      lib/interval_tree.o
  CC      fs/squashfs/block.o
  AR      drivers/phy/hisilicon/built-in.a
  CC      drivers/phy/marvell/phy-mvebu-a3700-utmi.o
  CC      lib/assoc_array.o
  CC      drivers/pinctrl/mediatek/pinctrl-paris.o
  CC      fs/squashfs/cache.o
  CC      lib/linear_ranges.o
  CC      drivers/phy/marvell/phy-mvebu-cp110-comphy.o
  CC      drivers/pinctrl/mediatek/pinctrl-mt2712.o
  CC      fs/squashfs/dir.o
  CC      lib/packing.o
  AR      drivers/phy/marvell/built-in.a
  CC      fs/squashfs/export.o
  CC      drivers/pinctrl/mediatek/pinctrl-mt6765.o
  CC      drivers/phy/mediatek/phy-mtk-dp.o
  CC      lib/xxhash.o
  CC      fs/squashfs/file.o
  CC      lib/genalloc.o
  CC      drivers/pinctrl/mediatek/pinctrl-mt6795.o
  CC      drivers/phy/mediatek/phy-mtk-pcie.o
  CC      drivers/pinctrl/mediatek/pinctrl-mt6797.o
  CC      fs/squashfs/fragment.o
  CC      lib/zlib_inflate/inffast.o
  CC      lib/zlib_inflate/inflate.o
  CC      drivers/phy/mediatek/phy-mtk-tphy.o
  CC      fs/squashfs/id.o
  CC      lib/zlib_inflate/infutil.o
  CC      drivers/pinctrl/mediatek/pinctrl-mt6878.o
  CC      fs/squashfs/inode.o
  CC      lib/zlib_inflate/inftrees.o
  CC      lib/zlib_inflate/inflate_syms.o
  CC      drivers/pinctrl/mediatek/pinctrl-mt6893.o
  CC      fs/squashfs/namei.o
  AR      lib/zlib_inflate/built-in.a
  CC      drivers/phy/mediatek/phy-mtk-ufs.o
  CC      lib/zlib_deflate/deflate.o
  CC      drivers/pinctrl/mediatek/pinctrl-mt7622.o
  CC      fs/squashfs/super.o
  CC      lib/zlib_deflate/deftree.o
  CC      drivers/phy/mediatek/phy-mtk-hdmi.o
  CC      drivers/pinctrl/mediatek/pinctrl-mt7981.o
  CC      lib/zlib_deflate/deflate_syms.o
  CC      fs/squashfs/symlink.o
  CC      drivers/phy/mediatek/phy-mtk-hdmi-mt2701.o
  CC      drivers/pinctrl/mediatek/pinctrl-mt7986.o
  AR      lib/zlib_deflate/built-in.a
  CC      lib/reed_solomon/reed_solomon.o
  CC      drivers/pinctrl/mediatek/pinctrl-mt7988.o
  CC      fs/squashfs/decompressor.o
  CC      drivers/phy/mediatek/phy-mtk-hdmi-mt8173.o
  AR      lib/reed_solomon/built-in.a
  CC      lib/lzo/lzo1x_compress.o
  CC      drivers/pinctrl/mediatek/pinctrl-mt8167.o
  CC      fs/squashfs/page_actor.o
  CC      lib/lzo/lzo1x_compress_safe.o
  CC      drivers/phy/mediatek/phy-mtk-hdmi-mt8195.o
  CC      drivers/pinctrl/mediatek/pinctrl-mt8173.o
  CC      lib/lzo/lzo1x_decompress_safe.o
  CC      fs/squashfs/file_cache.o
  CC      drivers/pinctrl/mediatek/pinctrl-mt8183.o
  CC      drivers/phy/mediatek/phy-mtk-mipi-dsi.o
  AR      lib/lzo/built-in.a
  CC      lib/lz4/lz4_compress.o
  CC      fs/squashfs/decompressor_single.o
  CC      drivers/pinctrl/mediatek/pinctrl-mt8186.o
  CC      drivers/phy/mediatek/phy-mtk-mipi-dsi-mt8173.o
  CC      fs/squashfs/zlib_wrapper.o
  CC      drivers/pinctrl/mediatek/pinctrl-mt8188.o
  CC      lib/lz4/lz4_decompress.o
  CC      drivers/phy/mediatek/phy-mtk-mipi-dsi-mt8183.o
  AR      fs/squashfs/built-in.a
  CC      fs/ramfs/inode.o
  CC      drivers/pinctrl/mediatek/pinctrl-mt8189.o
  AR      lib/lz4/built-in.a
  CC      lib/zstd/zstd_compress_module.o
  AR      drivers/phy/mediatek/built-in.a
  CC      drivers/pinctrl/mediatek/pinctrl-mt8192.o
  CC      drivers/phy/qualcomm/phy-qcom-edp.o
  CC      fs/ramfs/file-mmu.o
  CC      lib/zstd/compress/fse_compress.o
  CC      lib/zstd/compress/hist.o
  CC      drivers/pinctrl/mediatek/pinctrl-mt8195.o
  CC      lib/zstd/compress/huf_compress.o
  AR      fs/ramfs/built-in.a
  CC      fs/hugetlbfs/inode.o
  CC      drivers/phy/qualcomm/phy-qcom-m31.o
  CC      lib/zstd/compress/zstd_compress.o
  CC      drivers/pinctrl/mediatek/pinctrl-mt8196.o
  CC      drivers/phy/qualcomm/phy-qcom-m31-eusb2.o
  CC      drivers/pinctrl/mediatek/pinctrl-mt8365.o
  AR      fs/hugetlbfs/built-in.a
  CC      fs/fat/cache.o
  CC      drivers/pinctrl/mediatek/pinctrl-mt8516.o
  CC      drivers/phy/qualcomm/phy-qcom-pcie2.o
  CC      lib/zstd/compress/zstd_compress_literals.o
  CC      lib/zstd/compress/zstd_compress_sequences.o
  CC      fs/fat/dir.o
  CC      lib/zstd/compress/zstd_compress_superblock.o
  CC      drivers/pinctrl/mediatek/pinctrl-mt6397.o
  CC      lib/zstd/compress/zstd_double_fast.o
  CC      drivers/phy/qualcomm/phy-qcom-qusb2.o
  AR      drivers/pinctrl/mediatek/built-in.a
  CC      drivers/pinctrl/meson/pinctrl-meson.o
  CC      fs/fat/fatent.o
  CC      drivers/phy/qualcomm/phy-qcom-eusb2-repeater.o
  CC      drivers/pinctrl/meson/pinctrl-meson8-pmx.o
  CC      lib/zstd/compress/zstd_fast.o
  CC      drivers/pinctrl/meson/pinctrl-meson-gxbb.o
  CC      drivers/phy/qualcomm/phy-qcom-usb-hs-28nm.o
  CC      fs/fat/file.o
  CC      drivers/pinctrl/meson/pinctrl-meson-gxl.o
  CC      lib/zstd/compress/zstd_lazy.o
  CC      drivers/phy/qualcomm/phy-qcom-usb-ss.o
  CC      fs/fat/inode.o
  CC      drivers/pinctrl/meson/pinctrl-meson-axg-pmx.o
  CC      drivers/phy/qualcomm/phy-qcom-snps-femto-v2.o
  CC      drivers/pinctrl/meson/pinctrl-meson-axg.o
  CC      fs/fat/misc.o
  CC      drivers/phy/qualcomm/phy-qcom-sgmii-eth.o
  CC      drivers/pinctrl/meson/pinctrl-meson-g12a.o
  CC      fs/fat/nfs.o
  CC      drivers/pinctrl/meson/pinctrl-meson-a1.o
  AR      drivers/phy/qualcomm/built-in.a
  CC      drivers/phy/renesas/r8a779f0-ether-serdes.o
  CC      fs/fat/namei_vfat.o
  CC      drivers/pinctrl/meson/pinctrl-meson-s4.o
  CC      drivers/phy/renesas/phy-rcar-gen3-pcie.o
  CC      drivers/pinctrl/meson/pinctrl-amlogic-a4.o
  CC      drivers/phy/renesas/phy-rcar-gen3-usb2.o
  AR      fs/fat/built-in.a
  CC      fs/exportfs/expfs.o
  AR      fs/exportfs/built-in.a
  CC      drivers/pinctrl/meson/pinctrl-amlogic-c3.o
  CC      fs/nls/nls_base.o
  CC      drivers/phy/renesas/phy-rcar-gen3-usb3.o
  CC      fs/nls/nls_cp437.o
  CC      drivers/pinctrl/meson/pinctrl-amlogic-t7.o
  CC      lib/zstd/compress/zstd_ldm.o
  CC      drivers/phy/renesas/phy-rzg3e-usb3.o
  CC      fs/nls/nls_iso8859-1.o
  CC      lib/zstd/compress/zstd_opt.o
  AR      drivers/pinctrl/meson/built-in.a
  CC      drivers/pinctrl/mvebu/pinctrl-mvebu.o
  AR      fs/nls/built-in.a
  CC      fs/ubifs/shrinker.o
  AR      drivers/phy/renesas/built-in.a
  CC      drivers/phy/rockchip/phy-rockchip-emmc.o
  CC      drivers/pinctrl/mvebu/pinctrl-armada-ap806.o
  CC      fs/ubifs/journal.o
  CC      lib/zstd/compress/zstd_preSplit.o
  CC      drivers/phy/rockchip/phy-rockchip-inno-dsidphy.o
  CC      lib/zstd/zstd_decompress_module.o
  CC      drivers/pinctrl/mvebu/pinctrl-armada-cp110.o
  CC      lib/zstd/decompress/huf_decompress.o
  CC      drivers/pinctrl/mvebu/pinctrl-armada-37xx.o
  CC      drivers/phy/rockchip/phy-rockchip-inno-usb2.o
  CC      fs/ubifs/file.o
  CC      lib/zstd/decompress/zstd_ddict.o
  CC      drivers/pinctrl/mvebu/pinctrl-ac5.o
  CC      lib/zstd/decompress/zstd_decompress.o
  CC      drivers/phy/rockchip/phy-rockchip-naneng-combphy.o
  CC      lib/zstd/decompress/zstd_decompress_block.o
  AR      drivers/pinctrl/mvebu/built-in.a
  CC      fs/ubifs/dir.o
  CC      drivers/pinctrl/qcom/pinctrl-msm.o
  CC      lib/zstd/zstd_common_module.o
  CC      drivers/phy/rockchip/phy-rockchip-pcie.o
  CC      fs/ubifs/super.o
  CC      drivers/pinctrl/qcom/pinctrl-eliza.o
  CC      lib/zstd/common/debug.o
  CC      lib/zstd/common/entropy_common.o
  CC      lib/zstd/common/error_private.o
  CC      lib/zstd/common/fse_decompress.o
  CC      drivers/pinctrl/qcom/pinctrl-glymur.o
  CC      lib/zstd/common/zstd_common.o
  AR      lib/zstd/built-in.a
  CC      lib/xz/xz_dec_syms.o
  CC      drivers/phy/rockchip/phy-rockchip-samsung-hdptx.o
  CC      drivers/pinctrl/qcom/pinctrl-ipq5018.o
  CC      lib/xz/xz_dec_stream.o
  CC      fs/ubifs/sb.o
  CC      drivers/pinctrl/qcom/pinctrl-ipq5210.o
  CC      lib/xz/xz_dec_lzma2.o
  CC      fs/ubifs/io.o
  CC      drivers/pinctrl/qcom/pinctrl-ipq5332.o
  CC      drivers/phy/rockchip/phy-rockchip-snps-pcie3.o
  CC      lib/xz/xz_dec_bcj.o
  CC      drivers/pinctrl/qcom/pinctrl-ipq5424.o
  AR      lib/xz/built-in.a
  CC      lib/percpu_counter.o
  AR      drivers/phy/rockchip/built-in.a
  CC      drivers/phy/samsung/phy-exynos-dp-video.o
  CC      fs/ubifs/tnc.o
  CC      drivers/pinctrl/qcom/pinctrl-ipq8074.o
  CC      lib/syscall.o
  CC      drivers/pinctrl/qcom/pinctrl-ipq6018.o
  CC      drivers/phy/samsung/phy-exynos-mipi-video.o
  CC      lib/errname.o
  CC      lib/nlattr.o
  CC      drivers/pinctrl/qcom/pinctrl-ipq9574.o
  CC      drivers/phy/samsung/phy-gs101-ufs.o
  CC      fs/ubifs/master.o
  CC      drivers/pinctrl/qcom/pinctrl-kaanapali.o
  CC      lib/checksum.o
  CC      drivers/phy/samsung/phy-samsung-ufs.o
  CC      drivers/pinctrl/qcom/pinctrl-msm8916.o
  CC      lib/cpu_rmap.o
  CC      fs/ubifs/scan.o
  CC      drivers/pinctrl/qcom/pinctrl-msm8953.o
  CC      lib/dynamic_queue_limits.o
  CC      drivers/phy/samsung/phy-exynos7-ufs.o
  CC      drivers/pinctrl/qcom/pinctrl-msm8976.o
  CC      fs/ubifs/replay.o
  CC      drivers/phy/samsung/phy-exynosautov9-ufs.o
  CC      lib/glob.o
  CC      drivers/pinctrl/qcom/pinctrl-msm8994.o
  CC      fs/ubifs/log.o
  CC      lib/dim/dim.o
  CC      drivers/pinctrl/qcom/pinctrl-msm8998.o
  CC      drivers/phy/samsung/phy-exynosautov920-ufs.o
  CC      lib/dim/net_dim.o
  CC      drivers/pinctrl/qcom/pinctrl-qcm2290.o
  CC      drivers/phy/samsung/phy-fsd-ufs.o
  CC      fs/ubifs/commit.o
  CC      drivers/pinctrl/qcom/pinctrl-qcs404.o
  CC      lib/dim/rdma_dim.o
  CC      drivers/phy/samsung/phy-samsung-usb2.o
  CC      drivers/pinctrl/qcom/pinctrl-qcs615.o
  CC      fs/ubifs/gc.o
  AR      lib/dim/built-in.a
  CC      lib/strncpy_from_user.o
  CC      drivers/pinctrl/qcom/pinctrl-qcs8300.o
  CC      drivers/phy/samsung/phy-exynos5-usbdrd.o
  CC      lib/strnlen_user.o
  CC      fs/ubifs/orphan.o
  CC      drivers/pinctrl/qcom/pinctrl-qdf2xxx.o
  CC      lib/net_utils.o
  CC      fs/ubifs/budget.o
  CC      drivers/pinctrl/qcom/pinctrl-qdu1000.o
  AR      drivers/phy/samsung/built-in.a
  CC      drivers/phy/socionext/phy-uniphier-usb2.o
  CC      lib/sg_split.o
  CC      drivers/pinctrl/qcom/pinctrl-sa8775p.o
  CC      fs/ubifs/find.o
  CC      lib/sg_pool.o
  CC      drivers/phy/socionext/phy-uniphier-ahci.o
  CC      drivers/pinctrl/qcom/pinctrl-sc7180.o
  CC      lib/memregion.o
  CC      drivers/pinctrl/qcom/pinctrl-sc7280.o
  CC      fs/ubifs/tnc_commit.o
  CC      lib/stmp_device.o
  AR      drivers/phy/socionext/built-in.a
  CC      drivers/phy/tegra/xusb.o
  CC      drivers/pinctrl/qcom/pinctrl-sc8180x.o
  CC      lib/irq_poll.o
  CC      drivers/pinctrl/qcom/pinctrl-sc8280xp.o
  CC      fs/ubifs/compress.o
  CC      lib/stackdepot.o
  CC      drivers/phy/tegra/xusb-tegra124.o
  CC      drivers/pinctrl/qcom/pinctrl-sdm660.o
  CC      drivers/pinctrl/qcom/pinctrl-sdm670.o
  CC      fs/ubifs/lpt.o
  CC      lib/asn1_decoder.o
  CC      drivers/phy/tegra/xusb-tegra210.o
  CC      drivers/pinctrl/qcom/pinctrl-sdm845.o
  CC      lib/fonts/fonts.o
  CC      lib/fonts/font_8x8.o
  CC      lib/fonts/font_8x16.o
  CC      fs/ubifs/lprops.o
  CC      drivers/pinctrl/qcom/pinctrl-sdx75.o
  AR      lib/fonts/built-in.a
  CC      lib/oid_registry.o
  CC      drivers/phy/tegra/xusb-tegra186.o
  CC      drivers/pinctrl/qcom/pinctrl-sm4450.o
  CC      lib/ucs2_string.o
  CC      fs/ubifs/recovery.o
  CC      drivers/pinctrl/qcom/pinctrl-sm6115.o
  CC      lib/sbitmap.o
  CC      drivers/phy/tegra/phy-tegra194-p2u.o
  CC      drivers/pinctrl/qcom/pinctrl-sm6125.o
  CC      fs/ubifs/ioctl.o
  CC      lib/group_cpus.o
  AR      drivers/phy/tegra/built-in.a
  CC      drivers/pinctrl/qcom/pinctrl-sm6350.o
  CC      drivers/phy/ti/phy-omap-usb2.o
  CC      drivers/pinctrl/qcom/pinctrl-sm6375.o
  CC      lib/devmem_is_allowed.o
  CC      fs/ubifs/lpt_commit.o
  CC      drivers/phy/ti/phy-am654-serdes.o
  CC      drivers/pinctrl/qcom/pinctrl-sm8150.o
  CC      lib/fw_table.o
  CC      drivers/phy/ti/phy-j721e-wiz.o
  CC      drivers/pinctrl/qcom/pinctrl-sm8250.o
  AR      lib/lib.a
  AR      lib/built-in.a
  CC      net/devres.o
  CC      fs/ubifs/tnc_misc.o
  CC      drivers/pinctrl/qcom/pinctrl-sm8350.o
  AR      drivers/phy/ti/built-in.a
  CC      drivers/phy/xilinx/phy-zynqmp.o
  CC      fs/ubifs/debug.o
  CC      net/socket.o
  CC      drivers/pinctrl/qcom/pinctrl-sm8450.o
  CC      drivers/pinctrl/qcom/pinctrl-sm8650.o
  AR      drivers/phy/xilinx/built-in.a
  AR      drivers/phy/built-in.a
  CC      drivers/gpio/gpiolib.o
  CC      drivers/pinctrl/qcom/pinctrl-sm8750.o
  CC      fs/ubifs/misc.o
  CC      drivers/pinctrl/qcom/pinctrl-x1e80100.o
  CC      net/core/sock.o
  CC      fs/ubifs/sysfs.o
  CC      drivers/pinctrl/qcom/pinctrl-hawi.o
  CC      drivers/gpio/gpiolib-devres.o
  AR      fs/ubifs/built-in.a
  CC      fs/autofs/init.o
  CC      drivers/pinctrl/qcom/pinctrl-ipq9650.o
  CC      drivers/gpio/gpiolib-legacy.o
  CC      drivers/pinctrl/qcom/pinctrl-nord.o
  CC      fs/autofs/inode.o
  CC      drivers/gpio/gpiolib-of.o
  CC      drivers/pinctrl/qcom/pinctrl-sm7150.o
  CC      net/core/skbuff.o
  CC      fs/autofs/root.o
  AR      drivers/pinctrl/qcom/built-in.a
  CC      drivers/pinctrl/realtek/pinctrl-rtd.o
  CC      drivers/gpio/gpiolib-cdev.o
  CC      fs/autofs/symlink.o
  CC      drivers/pinctrl/realtek/pinctrl-rtd1619b.o
  CC      drivers/gpio/gpiolib-acpi-core.o
  CC      drivers/pinctrl/realtek/pinctrl-rtd1319d.o
  CC      fs/autofs/waitq.o
  CC      drivers/pinctrl/realtek/pinctrl-rtd1315e.o
  CC      drivers/gpio/gpiolib-acpi-quirks.o
  CC      fs/autofs/expire.o
  CC      drivers/pinctrl/realtek/pinctrl-rtd1625.o
  CC      drivers/gpio/gpiolib-swnode.o
  AR      drivers/pinctrl/realtek/built-in.a
  CC      drivers/pinctrl/renesas/core.o
  CC      drivers/gpio/gpiolib-shared.o
  CC      net/core/datagram.o
  CC      fs/autofs/dev-ioctl.o
  CC      drivers/pinctrl/renesas/pinctrl.o
  CC      drivers/gpio/gpio-regmap.o
  AR      fs/autofs/built-in.a
  CC      fs/fuse/trace.o
  CC      net/core/stream.o
  CC      drivers/pinctrl/renesas/pfc-r8a7796.o
  CC      drivers/gpio/gpio-mmio.o
  CC      drivers/pinctrl/renesas/pfc-r8a77965.o
  CC      fs/fuse/dev.o
  CC      drivers/pinctrl/renesas/pfc-r8a77990.o
  CC      drivers/gpio/gpio-adp5585.o
  CC      drivers/pinctrl/renesas/pfc-r8a77951.o
  CC      net/core/scm.o
  CC      drivers/gpio/gpio-aggregator.o
  CC      drivers/pinctrl/renesas/pfc-r8a77970.o
  CC      fs/fuse/dir.o
  CC      drivers/pinctrl/renesas/pfc-r8a77980.o
  CC      net/core/gen_stats.o
  CC      drivers/gpio/gpio-altera.o
  CC      drivers/pinctrl/renesas/pfc-r8a77995.o
  CC      drivers/pinctrl/renesas/pfc-r8a779a0.o
  CC      drivers/gpio/gpio-xgs-iproc.o
  CC      net/core/gen_estimator.o
  CC      fs/fuse/file.o
  CC      drivers/pinctrl/renesas/pfc-r8a779g0.o
  CC      drivers/gpio/gpio-bd9571mwv.o
  CC      drivers/pinctrl/renesas/pfc-r8a779h0.o
  CC      net/core/net_namespace.o
  CC      drivers/gpio/gpio-blzp1600.o
  CC      drivers/pinctrl/renesas/pinctrl-rzg2l.o
  CC      fs/fuse/inode.o
  CC      drivers/gpio/gpio-brcmstb.o
  CC      net/core/secure_seq.o
  CC      fs/fuse/control.o
  CC      drivers/gpio/gpio-davinci.o
  CC      drivers/gpio/gpio-dwapb.o
  CC      net/core/flow_dissector.o
  CC      fs/fuse/xattr.o
  CC      fs/fuse/acl.o
  CC      drivers/gpio/gpio-en7523.o
  CC      drivers/gpio/gpio-imx-scu.o
  CC      fs/fuse/readdir.o
  CC      net/core/sysctl_net_core.o
  CC      drivers/gpio/gpio-macsmc.o
  CC      fs/fuse/ioctl.o
  CC      drivers/gpio/gpio-max732x.o
  CC      net/core/dev.o
  CC      drivers/pinctrl/renesas/pinctrl-rzt2h.o
  CC      fs/fuse/iomode.o
  CC      drivers/gpio/gpio-max77620.o
  CC      drivers/pinctrl/renesas/pinctrl-rzv2m.o
  CC      drivers/gpio/gpio-max77759.o
  CC      fs/fuse/passthrough.o
  CC      fs/fuse/backing.o
  AR      drivers/pinctrl/renesas/built-in.a
  CC      drivers/pinctrl/samsung/pinctrl-samsung.o
  CC      drivers/gpio/gpio-mb86s7x.o
  CC      fs/fuse/sysctl.o
  CC      drivers/gpio/gpio-mpc8xxx.o
  CC      drivers/pinctrl/samsung/pinctrl-exynos.o
  CC      fs/fuse/dev_uring.o
  CC      drivers/gpio/gpio-mvebu.o
  CC      drivers/pinctrl/samsung/pinctrl-exynos-arm64.o
  AR      drivers/pinctrl/samsung/built-in.a
  AR      drivers/pinctrl/sophgo/built-in.a
  CC      drivers/pinctrl/stm32/pinctrl-stm32.o
  CC      net/core/dev_api.o
  CC      drivers/gpio/gpio-mxc.o
  CC      fs/fuse/cuse.o
  CC      drivers/gpio/gpio-pca953x.o
  CC      net/core/dev_addr_lists.o
  CC      drivers/pinctrl/stm32/pinctrl-stm32mp257.o
  CC      fs/fuse/req_timeout.o
  CC      drivers/pinctrl/stm32/pinctrl-stm32-hdp.o
  CC      fs/fuse/req.o
  CC      drivers/gpio/gpio-pcf857x.o
  CC      net/core/dst.o
  AR      drivers/pinctrl/stm32/built-in.a
  CC      fs/fuse/poll.o
  CC      drivers/pinctrl/sunxi/pinctrl-sunxi.o
  CC      drivers/gpio/gpio-rcar.o
  CC      fs/fuse/notify.o
  CC      net/core/netevent.o
  CC      drivers/pinctrl/sunxi/pinctrl-sunxi-dt.o
  CC      drivers/gpio/gpio-rockchip.o
  AR      fs/fuse/built-in.a
  CC      fs/overlayfs/super.o
  CC      net/core/neighbour.o
  CC      drivers/pinctrl/sunxi/pinctrl-sun50i-a64.o
  CC      drivers/gpio/gpio-rtd.o
  CC      drivers/pinctrl/sunxi/pinctrl-sun50i-a64-r.o
  CC      drivers/gpio/gpio-shared-proxy.o
  CC      fs/overlayfs/namei.o
  CC      drivers/pinctrl/sunxi/pinctrl-sun50i-a100.o
  CC      drivers/gpio/gpio-sl28cpld.o
  CC      drivers/pinctrl/sunxi/pinctrl-sun50i-a100-r.o
  CC      fs/overlayfs/util.o
  CC      drivers/pinctrl/sunxi/pinctrl-sun8i-h3-r.o
  CC      drivers/gpio/gpio-syscon.o
  CC      net/core/rtnetlink.o
  CC      drivers/pinctrl/sunxi/pinctrl-sun50i-h5.o
  CC      drivers/gpio/gpio-tegra186.o
  CC      fs/overlayfs/inode.o
  CC      drivers/pinctrl/sunxi/pinctrl-sun50i-h6.o
  CC      drivers/gpio/gpio-tegra.o
  CC      drivers/pinctrl/sunxi/pinctrl-sun50i-h6-r.o
  CC      fs/overlayfs/file.o
  CC      drivers/pinctrl/sunxi/pinctrl-sun50i-h616.o
  CC      drivers/gpio/gpio-tpic2810.o
  CC      drivers/pinctrl/sunxi/pinctrl-sun50i-h616-r.o
  CC      fs/overlayfs/dir.o
  CC      net/core/utils.o
  CC      drivers/pinctrl/sunxi/pinctrl-sun55i-a523.o
  CC      drivers/gpio/gpio-tps65219.o
  CC      drivers/pinctrl/sunxi/pinctrl-sun55i-a523-r.o
  CC      fs/overlayfs/readdir.o
  CC      drivers/gpio/gpio-uniphier.o
  AR      drivers/pinctrl/sunxi/built-in.a
  CC      drivers/pinctrl/tegra/pinctrl-tegra.o
  CC      net/core/link_watch.o
  CC      drivers/gpio/gpio-vf610.o
  CC      drivers/pinctrl/tegra/pinctrl-tegra124.o
  CC      fs/overlayfs/copy_up.o
  CC      net/core/filter.o
  CC      drivers/gpio/gpio-visconti.o
  CC      drivers/pinctrl/tegra/pinctrl-tegra210.o
  CC      fs/overlayfs/export.o
  CC      drivers/pinctrl/tegra/pinctrl-tegra186.o
  CC      drivers/gpio/gpio-xgene.o
  CC      drivers/pinctrl/tegra/pinctrl-tegra194.o
  CC      fs/overlayfs/params.o
  CC      drivers/gpio/gpio-xilinx.o
  CC      drivers/pinctrl/tegra/pinctrl-tegra234.o
  CC      drivers/pinctrl/tegra/pinctrl-tegra-xusb.o
  CC      fs/overlayfs/xattrs.o
  CC      drivers/gpio/gpio-zynq.o
  AR      fs/overlayfs/built-in.a
  CC      drivers/pinctrl/tegra/pinctrl-tegra264.o
  CC      fs/9p/vfs_super.o
  CC      drivers/gpio/gpio-cadence.o
  AR      drivers/pinctrl/tegra/built-in.a
  CC      drivers/pinctrl/uniphier/pinctrl-uniphier-core.o
  AR      drivers/gpio/built-in.a
  CC      fs/9p/vfs_inode.o
  CC      fs/9p/vfs_inode_dotl.o
  CC      net/core/sock_diag.o
  CC      drivers/pinctrl/uniphier/pinctrl-uniphier-ld20.o
  CC      fs/9p/vfs_addr.o
  CC      fs/9p/vfs_file.o
  CC      drivers/pinctrl/uniphier/pinctrl-uniphier-pxs3.o
  CC      net/core/dev_ioctl.o
  CC      drivers/pinctrl/uniphier/pinctrl-uniphier-nx1.o
  CC      fs/9p/vfs_dir.o
  CC      fs/9p/vfs_dentry.o
  AR      drivers/pinctrl/uniphier/built-in.a
  CC      drivers/pinctrl/visconti/pinctrl-common.o
  CC      net/core/tso.o
  CC      fs/9p/v9fs.o
  CC      drivers/pinctrl/visconti/pinctrl-tmpv7700.o
  CC      fs/9p/fid.o
  AR      drivers/pinctrl/visconti/built-in.a
  AR      drivers/pinctrl/built-in.a
  CC      drivers/pwm/core.o
  CC      fs/9p/xattr.o
  CC      net/core/sock_reuseport.o
  CC      net/core/fib_notifier.o
  AR      fs/9p/built-in.a
  CC      fs/debugfs/inode.o
  CC      net/core/xdp.o
  CC      drivers/pwm/pwm-adp5585.o
  CC      net/core/flow_offload.o
  CC      fs/debugfs/file.o
  CC      drivers/pwm/pwm-apple.o
  CC      drivers/pwm/pwm-bcm2835.o
  CC      drivers/pwm/pwm-bcm-iproc.o
  CC      net/core/gro.o
  AR      fs/debugfs/built-in.a
  CC      drivers/pwm/pwm-brcmstb.o
  CC      fs/pstore/inode.o
  CC      fs/btrfs/super.o
  CC      drivers/pwm/pwm-cros-ec.o
  CC      fs/pstore/platform.o
  CC      net/core/netdev-genl.o
  CC      drivers/pwm/pwm-imx27.o
  CC      fs/btrfs/ctree.o
  CC      fs/pstore/ram.o
  CC      drivers/pwm/pwm-mediatek.o
  CC      fs/pstore/ram_core.o
  CC      net/core/netdev-genl-gen.o
  CC      drivers/pwm/pwm-meson.o
  AR      fs/pstore/built-in.a
  CC      fs/efivarfs/inode.o
  CC      net/core/gso.o
  CC      drivers/pwm/pwm-mtk-disp.o
  CC      fs/btrfs/extent-tree.o
  CC      fs/efivarfs/file.o
  CC      drivers/pwm/pwm-rcar.o
  CC      net/core/net-sysfs.o
  CC      drivers/pwm/pwm-rzg2l-gpt.o
  CC      fs/efivarfs/super.o
  CC      drivers/pwm/pwm-rz-mtu3.o
  CC      fs/efivarfs/vars.o
  CC      fs/btrfs/print-tree.o
  CC      drivers/pwm/pwm-renesas-tpu.o
  CC      net/core/hotdata.o
  AR      fs/efivarfs/built-in.a
  CC      net/core/netdev_config.o
  CC      drivers/pwm/pwm-rockchip.o
  CC      fs/btrfs/root-tree.o
  CC      net/core/netdev_rx_queue.o
  CC      net/core/netdev_queues.o
  CC      drivers/pwm/pwm-samsung.o
  CC      fs/btrfs/dir-item.o
  CC      drivers/pwm/pwm-sl28cpld.o
  CC      net/core/page_pool.o
  CC      net/core/page_pool_user.o
  CC      fs/btrfs/file-item.o
  CC      drivers/pwm/pwm-stm32.o
  CC      net/core/net-procfs.o
  CC      drivers/pwm/pwm-sun4i.o
  CC      net/core/selftests.o
  CC      fs/btrfs/inode-item.o
  CC      drivers/pwm/pwm-tiecap.o
  CC      net/core/ptp_classifier.o
  CC      drivers/pwm/pwm-tiehrpwm.o
  CC      net/core/gro_cells.o
  CC      fs/btrfs/disk-io.o
  CC      net/core/failover.o
  CC      drivers/pwm/pwm-visconti.o
  CC      net/core/skmsg.o
  CC      drivers/pwm/pwm-xilinx.o
  CC      net/core/sock_map.o
  AR      drivers/pwm/built-in.a
  CC      drivers/leds/led-core.o
  CC      fs/btrfs/transaction.o
  CC      drivers/leds/led-class.o
  CC      net/core/bpf_sk_storage.o
  CC      net/core/of_net.o
  CC      drivers/leds/led-class-flash.o
  CC      fs/btrfs/inode.o
  CC      drivers/leds/led-class-multicolor.o
  CC      net/core/devmem.o
  CC      net/core/netdev_work.o
  CC      drivers/leds/led-triggers.o
  CC      drivers/leds/leds-cros_ec.o
  CC      fs/btrfs/file.o
  AR      net/core/built-in.a
  CC      net/compat.o
  CC      drivers/leds/leds-gpio.o
  CC      drivers/leds/leds-lm3692x.o
  CC      net/llc/llc_core.o
  CC      fs/btrfs/defrag.o
  CC      fs/btrfs/extent_map.o
  CC      drivers/leds/leds-pca9532.o
  CC      net/llc/llc_input.o
  CC      fs/btrfs/sysfs.o
  CC      fs/btrfs/accessors.o
  CC      drivers/leds/leds-syscon.o
  CC      net/llc/llc_output.o
  CC      drivers/leds/flash/leds-qcom-flash.o
  CC      fs/btrfs/xattr.o
  AR      net/llc/built-in.a
  CC      fs/btrfs/ordered-data.o
  CC      net/ethernet/eth.o
  AR      drivers/leds/flash/built-in.a
  CC      drivers/leds/rgb/leds-qcom-lpg.o
  CC      drivers/leds/trigger/ledtrig-timer.o
  CC      drivers/leds/trigger/ledtrig-disk.o
  CC      fs/btrfs/extent_io.o
  AR      net/ethernet/built-in.a
  CC      net/802/psnap.o
  AR      drivers/leds/rgb/built-in.a
  CC      net/sched/sch_generic.o
  CC      drivers/leds/trigger/ledtrig-heartbeat.o
  CC      drivers/leds/trigger/ledtrig-cpu.o
  CC      net/802/stp.o
  CC      drivers/leds/trigger/ledtrig-default-on.o
  CC      net/sched/sch_mq.o
  CC      drivers/leds/trigger/ledtrig-panic.o
  CC      fs/btrfs/volumes.o
  CC      net/802/garp.o
  AR      drivers/leds/trigger/built-in.a
  CC      drivers/leds/blink/leds-bcm63138.o
  CC      net/sched/sch_frag.o
  AR      drivers/leds/blink/built-in.a
  AR      drivers/leds/built-in.a
  CC      net/802/mrp.o
  CC      drivers/pci/access.o
  AR      net/sched/built-in.a
  CC      net/netlink/af_netlink.o
  CC      drivers/pci/bus.o
  AR      net/802/built-in.a
  CC      net/bpf/test_run.o
  CC      fs/btrfs/async-thread.o
  CC      drivers/pci/probe.o
  CC      fs/btrfs/ioctl.o
  CC      net/netlink/genetlink.o
  CC      net/bpf/bpf_dummy_struct_ops.o
  CC      drivers/pci/host-bridge.o
  AR      net/bpf/built-in.a
  CC      net/ethtool/ioctl.o
  CC      drivers/pci/remove.o
  CC      net/netlink/policy.o
  CC      drivers/pci/pci.o
  AR      net/netlink/built-in.a
  CC      fs/btrfs/locking.o
  CC      net/netfilter/core.o
  CC      fs/btrfs/orphan.o
  CC      net/ethtool/common.o
  CC      net/netfilter/nf_log.o
  CC      fs/btrfs/export.o
  CC      drivers/pci/pci-driver.o
  CC      net/ethtool/netlink.o
  CC      net/netfilter/nf_queue.o
  CC      fs/btrfs/tree-log.o
  CC      drivers/pci/search.o
  CC      net/ethtool/bitset.o
  CC      net/netfilter/nf_sockopt.o
  CC      drivers/pci/rebar.o
  CC      drivers/pci/rom.o
  CC      net/netfilter/utils.o
  CC      net/ethtool/strset.o
  CC      fs/btrfs/free-space-cache.o
  CC      drivers/pci/setup-res.o
  CC      net/ethtool/linkinfo.o
  CC      net/netfilter/nf_bpf_link.o
  CC      drivers/pci/irq.o
  CC      net/ethtool/linkmodes.o
  CC      fs/btrfs/zlib.o
  CC      drivers/pci/vpd.o
  CC      net/netfilter/nf_conntrack_core.o
  CC      drivers/pci/setup-bus.o
  CC      net/ethtool/rss.o
  CC      fs/btrfs/lzo.o
  CC      net/netfilter/nf_conntrack_standalone.o
  CC      fs/btrfs/zstd.o
  CC      drivers/pci/vc.o
  CC      net/ethtool/linkstate.o
  CC      drivers/pci/mmap.o
  CC      net/netfilter/nf_conntrack_expect.o
  CC      fs/btrfs/compression.o
  CC      net/ethtool/debug.o
  CC      drivers/pci/devres.o
  CC      net/netfilter/nf_conntrack_helper.o
  CC      net/ethtool/wol.o
  CC      drivers/pci/msi/pcidev_msi.o
  CC      fs/btrfs/delayed-ref.o
  CC      net/ethtool/features.o
  CC      drivers/pci/msi/api.o
  CC      net/netfilter/nf_conntrack_proto.o
  CC      fs/btrfs/relocation.o
  CC      drivers/pci/msi/msi.o
  CC      net/ethtool/privflags.o
  CC      net/netfilter/nf_conntrack_proto_generic.o
  CC      drivers/pci/msi/irqdomain.o
  CC      net/ethtool/rings.o
  CC      net/netfilter/nf_conntrack_proto_tcp.o
  AR      drivers/pci/msi/built-in.a
  CC      drivers/pci/pcie/portdrv.o
  CC      fs/btrfs/delayed-inode.o
  CC      net/ethtool/channels.o
  CC      drivers/pci/pcie/rcec.o
  CC      drivers/pci/pcie/bwctrl.o
  CC      net/netfilter/nf_conntrack_proto_udp.o
  CC      fs/btrfs/scrub.o
  CC      net/ethtool/coalesce.o
  CC      drivers/pci/pcie/aspm.o
  CC      net/netfilter/nf_conntrack_proto_icmp.o
  CC      net/ethtool/pause.o
  CC      drivers/pci/pcie/aer.o
  CC      net/netfilter/nf_conntrack_extend.o
  CC      fs/btrfs/backref.o
  CC      net/ethtool/eee.o
  CC      drivers/pci/pcie/err.o
  CC      net/netfilter/nf_conntrack_acct.o
  CC      drivers/pci/pcie/tlp.o
  CC      net/ethtool/tsinfo.o
  CC      fs/btrfs/ulist.o
  CC      drivers/pci/pcie/pme.o
  CC      net/netfilter/nf_conntrack_seqadj.o
  CC      fs/btrfs/qgroup.o
  CC      net/ethtool/cabletest.o
  AR      drivers/pci/pcie/built-in.a
  CC      drivers/pci/pwrctrl/core.o
  CC      net/netfilter/nf_conntrack_proto_sctp.o
  CC      drivers/pci/pwrctrl/pci-pwrctrl-pwrseq.o
  CC      net/ethtool/tunnels.o
  CC      fs/btrfs/send.o
  CC      drivers/pci/pwrctrl/generic.o
  CC      net/netfilter/nf_log_syslog.o
  CC      drivers/pci/pwrctrl/pci-pwrctrl-tc9563.o
  CC      net/ethtool/fec.o
  CC      net/netfilter/x_tables.o
  AR      drivers/pci/pwrctrl/built-in.a
  CC      drivers/pci/proc.o
  CC      net/ethtool/eeprom.o
  CC      fs/btrfs/dev-replace.o
  CC      drivers/pci/pci-sysfs.o
  CC      net/ethtool/stats.o
  CC      net/netfilter/xt_tcpudp.o
  CC      drivers/pci/slot.o
  CC      fs/btrfs/raid56.o
  CC      net/ethtool/phc_vclocks.o
  CC      net/netfilter/xt_mark.o
  CC      drivers/pci/pci-acpi.o
  CC      net/ethtool/mm.o
  CC      net/netfilter/xt_LOG.o
  CC      fs/btrfs/uuid-tree.o
  CC      drivers/pci/iomap.o
  CC      net/ethtool/module.o
  CC      fs/btrfs/props.o
  CC      drivers/pci/of.o
  CC      net/netfilter/xt_addrtype.o
  CC      fs/btrfs/free-space-tree.o
  CC      drivers/pci/quirks.o
  CC      net/ethtool/cmis_fw_update.o
  CC      net/netfilter/ipvs/ip_vs_conn.o
  CC      net/ethtool/cmis_cdb.o
  CC      fs/btrfs/tree-checker.o
  CC      drivers/pci/hotplug/pci_hotplug_core.o
  CC      net/ethtool/pse-pd.o
  CC      net/netfilter/ipvs/ip_vs_core.o
  CC      drivers/pci/hotplug/acpi_pcihp.o
  CC      fs/btrfs/space-info.o
  CC      net/ethtool/plca.o
  CC      drivers/pci/hotplug/acpiphp_core.o
  CC      fs/btrfs/block-rsv.o
  CC      drivers/pci/hotplug/acpiphp_glue.o
  CC      net/ethtool/phy.o
  CC      net/netfilter/ipvs/ip_vs_ctl.o
  CC      fs/btrfs/delalloc-space.o
  AR      drivers/pci/hotplug/built-in.a
  CC      drivers/pci/ats.o
  CC      net/ethtool/tsconfig.o
  CC      fs/btrfs/block-group.o
  CC      drivers/pci/iov.o
  CC      net/ethtool/mse.o
  CC      drivers/pci/pci-bridge-emul.o
  CC      net/netfilter/ipvs/ip_vs_sched.o
  AR      net/ethtool/built-in.a
  CC      drivers/pci/pci-label.o
  CC      fs/btrfs/discard.o
  CC      net/ipv4/route.o
  CC      drivers/pci/syscall.o
  CC      net/netfilter/ipvs/ip_vs_xmit.o
  CC      fs/btrfs/reflink.o
  CC      drivers/pci/ecam.o
  CC      fs/btrfs/subpage.o
  CC      drivers/pci/vgaarb.o
  CC      net/ipv4/inetpeer.o
  CC      net/netfilter/ipvs/ip_vs_app.o
  CC      fs/btrfs/tree-mod-log.o
  CC      net/ipv4/protocol.o
  CC      drivers/pci/endpoint/pci-ep-cfs.o
  CC      net/netfilter/ipvs/ip_vs_sync.o
  CC      fs/btrfs/extent-io-tree.o
  CC      drivers/pci/endpoint/pci-epc-core.o
  CC      net/ipv4/ip_input.o
  CC      net/netfilter/ipvs/ip_vs_est.o
  CC      drivers/pci/endpoint/pci-epf-core.o
  CC      fs/btrfs/fs.o
  CC      net/ipv4/ip_fragment.o
  CC      drivers/pci/endpoint/pci-epc-mem.o
  CC      net/netfilter/ipvs/ip_vs_proto.o
  CC      fs/btrfs/messages.o
  CC      drivers/pci/endpoint/functions/pci-epf-test.o
  CC      net/ipv4/ip_forward.o
  CC      fs/btrfs/bio.o
  CC      net/netfilter/ipvs/ip_vs_pe.o
  AR      drivers/pci/endpoint/functions/built-in.a
  AR      drivers/pci/endpoint/built-in.a
  CC      drivers/pci/controller/cadence/pcie-cadence-hpa.o
  CC      net/ipv4/ip_options.o
  CC      fs/btrfs/lru_cache.o
  CC      drivers/pci/controller/cadence/pcie-cadence.o
  AR      net/netfilter/ipvs/built-in.a
  AR      net/netfilter/built-in.a
  CC      net/unix/af_unix.o
  CC      fs/btrfs/raid-stripe-tree.o
  CC      net/ipv4/ip_output.o
  CC      drivers/pci/controller/cadence/pcie-cadence-host-common.o
  CC      fs/btrfs/fiemap.o
  CC      drivers/pci/controller/cadence/pcie-cadence-host.o
  CC      net/unix/garbage.o
  CC      drivers/pci/controller/cadence/pcie-cadence-host-hpa.o
  CC      fs/btrfs/direct-io.o
  CC      net/ipv4/ip_sockglue.o
  CC      net/unix/sysctl_net_unix.o
  CC      drivers/pci/controller/cadence/pci-j721e.o
  CC      fs/btrfs/acl.o
  CC      net/unix/unix_bpf.o
  CC      net/ipv4/inet_hashtables.o
  CC      drivers/pci/controller/cadence/pci-sky1.o
  AR      fs/btrfs/built-in.a
  AR      fs/built-in.a
  CC      virt/lib/irqbypass.o
  AR      virt/lib/built-in.a
  AR      virt/built-in.a
  CC      net/ipv4/inet_timewait_sock.o
  AR      drivers/pci/controller/cadence/built-in.a
  CC      drivers/pci/controller/pci-aardvark.o
  AR      net/unix/built-in.a
  CC      net/ipv6/addrconf_core.o
  CC      net/ipv4/inet_connection_sock.o
  CC      drivers/pci/controller/pci-tegra.o
  CC      net/ipv4/tcp.o
  CC      net/ipv6/exthdrs_core.o
  CC      net/ipv4/tcp_input.o
  CC      drivers/pci/controller/pcie-rcar.o
  CC      net/ipv6/ip6_checksum.o
  CC      drivers/pci/controller/pcie-rcar-host.o
  CC      net/ipv6/ip6_icmp.o
  CC      drivers/pci/controller/pcie-rcar-ep.o
  CC      net/ipv4/tcp_output.o
  CC      net/ipv6/output_core.o
  CC      drivers/pci/controller/pcie-rzg3s-host.o
  CC      net/ipv6/protocol.o
  CC      drivers/pci/controller/pci-host-common.o
  CC      net/ipv4/tcp_timer.o
  CC      net/ipv6/ip6_offload.o
  CC      net/ipv4/tcp_ipv4.o
  CC      drivers/pci/controller/pci-host-generic.o
  CC      drivers/pci/controller/pci-thunder-ecam.o
  CC      net/ipv4/tcp_minisocks.o
  CC      net/ipv6/exthdrs_offload.o
  CC      drivers/pci/controller/pci-thunder-pem.o
  CC      net/ipv4/tcp_cong.o
  AR      net/ipv6/built-in.a
  CC      net/packet/af_packet.o
  CC      net/ipv4/tcp_metrics.o
  CC      drivers/pci/controller/pcie-xilinx.o
  CC      drivers/pci/controller/pcie-xilinx-nwl.o
  CC      net/ipv4/tcp_fastopen.o
  CC      net/ipv4/tcp_recovery.o
  CC      drivers/pci/controller/pcie-xilinx-cpm.o
  AR      net/packet/built-in.a
  CC      net/bridge/br.o
  CC      net/ipv4/tcp_ulp.o
  CC      net/ipv4/tcp_offload.o
  CC      drivers/pci/controller/pcie-xilinx-dma-pl.o
  CC      drivers/pci/controller/pci-xgene.o
  CC      net/bridge/br_device.o
  CC      net/ipv4/tcp_plb.o
  CC      net/ipv4/datagram.o
  CC      drivers/pci/controller/pci-xgene-msi.o
  CC      net/ipv4/raw.o
  CC      net/bridge/br_fdb.o
  CC      net/ipv4/udp.o
  CC      drivers/pci/controller/pcie-iproc.o
  CC      drivers/pci/controller/pcie-iproc-msi.o
  CC      net/ipv4/udp_offload.o
  CC      net/bridge/br_forward.o
  CC      drivers/pci/controller/pcie-iproc-platform.o
  CC      net/ipv4/arp.o
  CC      net/ipv4/icmp.o
  CC      net/bridge/br_if.o
  CC      drivers/pci/controller/pcie-altera.o
  CC      drivers/pci/controller/pcie-altera-msi.o
  CC      net/ipv4/devinet.o
  CC      net/bridge/br_input.o
  CC      net/ipv4/af_inet.o
  CC      drivers/pci/controller/pcie-rockchip.o
  CC      net/bridge/br_ioctl.o
  CC      drivers/pci/controller/pcie-mediatek-gen3.o
  CC      net/ipv4/igmp.o
  CC      net/bridge/br_stp.o
  CC      net/bridge/br_stp_bpdu.o
  CC      drivers/pci/controller/pcie-brcmstb.o
  CC      net/bridge/br_stp_if.o
  CC      net/ipv4/fib_frontend.o
  CC      net/ipv4/fib_semantics.o
  CC      drivers/pci/controller/pcie-apple.o
  CC      net/bridge/br_stp_timer.o
  CC      drivers/pci/controller/dwc/pcie-designware.o
  CC      net/ipv4/fib_trie.o
  CC      net/bridge/br_netlink.o
  CC      net/ipv4/fib_notifier.o
  CC      drivers/pci/controller/dwc/pcie-designware-host.o
  CC      net/ipv4/inet_fragment.o
  CC      net/bridge/br_netlink_tunnel.o
  CC      drivers/pci/controller/dwc/pcie-designware-ep.o
  CC      net/ipv4/ping.o
  CC      net/ipv4/ip_tunnel_core.o
  CC      drivers/pci/controller/dwc/pci-imx6.o
  CC      net/bridge/br_arp_nd_proxy.o
  CC      net/ipv4/gre_offload.o
  CC      drivers/pci/controller/dwc/pci-layerscape.o
  CC      drivers/pci/controller/dwc/pcie-qcom-common.o
  CC      net/bridge/br_sysfs_if.o
  CC      net/ipv4/metrics.o
  CC      drivers/pci/controller/dwc/pcie-qcom.o
  CC      drivers/pci/controller/dwc/pcie-armada8k.o
  CC      net/bridge/br_sysfs_br.o
  CC      net/ipv4/netlink.o
  CC      drivers/pci/controller/dwc/pcie-dw-rockchip.o
  CC      drivers/pci/controller/dwc/pcie-kirin.o
  CC      net/bridge/br_nf_core.o
  CC      drivers/pci/controller/dwc/pcie-histb.o
  CC      net/ipv4/nexthop.o
  CC      drivers/pci/controller/mobiveil/pcie-mobiveil.o
  CC      drivers/pci/controller/dwc/pci-meson.o
  CC      net/bridge/br_multicast.o
  CC      drivers/pci/controller/mobiveil/pcie-mobiveil-host.o
  CC      drivers/pci/controller/dwc/pcie-tegra194.o
  CC      net/ipv4/udp_tunnel_stub.o
  CC      drivers/pci/controller/mobiveil/pcie-layerscape-gen4.o
  AR      drivers/pci/controller/mobiveil/built-in.a
  CC      drivers/pci/controller/pcie-rockchip-host.o
  CC      drivers/pci/controller/dwc/pcie-visconti.o
  CC      net/ipv4/sysctl_net_ipv4.o
  CC      net/bridge/br_mdb.o
  CC      drivers/pci/controller/dwc/pcie-rcar-gen4.o
  CC      drivers/pci/controller/dwc/pcie-hisi.o
  CC      net/ipv4/proc.o
  CC      drivers/pci/controller/dwc/pcie-al.o
  CC      drivers/pci/controller/dwc/pcie-tegra194-acpi.o
  CC      net/bridge/br_multicast_eht.o
  CC      net/bridge/br_vlan.o
  AR      drivers/pci/controller/dwc/built-in.a
  AR      drivers/pci/controller/built-in.a
  AR      drivers/pci/built-in.a
  CC      drivers/video/aperture.o
  CC      net/ipv4/ipconfig.o
  CC      drivers/video/screen_info_generic.o
  CC      drivers/video/screen_info_pci.o
  CC      drivers/video/cmdline.o
  CC      net/ipv4/netfilter.o
  CC      drivers/video/nomodeset.o
  CC      drivers/video/console/dummycon.o
  CC      net/bridge/br_vlan_tunnel.o
  CC      drivers/char/ipmi/ipmi_msghandler.o
  AR      drivers/video/console/built-in.a
  CC      drivers/video/logo/logo.o
  CC      net/ipv4/netfilter/nf_defrag_ipv4.o
  CC      drivers/video/logo/logo_linux_clut224.o
  AR      drivers/video/logo/built-in.a
  CC      drivers/video/backlight/apple_dwi_bl.o
  CC      net/bridge/br_vlan_options.o
  CC      drivers/video/backlight/backlight.o
  AR      net/ipv4/netfilter/built-in.a
  CC      net/ipv4/inet_diag.o
  CC      drivers/char/ipmi/ipmi_devintf.o
  CC      drivers/video/backlight/gpio_backlight.o
  CC      net/bridge/br_mst.o
  CC      drivers/video/backlight/lp855x_bl.o
  CC      drivers/char/ipmi/ipmi_si_intf.o
  CC      net/ipv4/tcp_diag.o
  CC      net/bridge/br_switchdev.o
  CC      drivers/video/backlight/pwm_bl.o
  CC      drivers/char/ipmi/ipmi_kcs_sm.o
  CC      net/ipv4/tcp_cubic.o
  CC      drivers/video/backlight/qcom-wled.o
  CC      net/bridge/br_netfilter_hooks.o
  CC      drivers/char/ipmi/ipmi_smic_sm.o
  AR      drivers/video/backlight/built-in.a
  CC      drivers/video/fbdev/core/fb_notify.o
  CC      net/ipv4/tcp_bpf.o
  CC      drivers/char/ipmi/ipmi_bt_sm.o
  CC      drivers/video/fbdev/core/fb_info.o
  CC      drivers/char/ipmi/ipmi_si_hotmod.o
  AR      net/bridge/built-in.a
  CC      net/devlink/core.o
  CC      net/ipv4/udp_bpf.o
  CC      drivers/video/fbdev/core/fbmem.o
  CC      drivers/char/ipmi/ipmi_si_hardcode.o
  CC      net/devlink/netlink.o
  CC      drivers/char/ipmi/ipmi_si_platform.o
  CC      net/ipv4/bpf_tcp_ca.o
  CC      drivers/video/fbdev/core/fbcmap.o
  CC      drivers/char/ipmi/ipmi_si_mem_io.o
  CC      net/devlink/netlink_gen.o
  CC      drivers/video/fbdev/core/modedb.o
  CC      drivers/char/ipmi/ipmi_si_port_io.o
  AR      net/ipv4/built-in.a
  CC      net/dsa/stubs.o
  CC      net/devlink/dev.o
  CC      drivers/char/ipmi/ipmi_si_pci.o
  CC      drivers/video/fbdev/core/fbcvt.o
  CC      net/dsa/conduit.o
  CC      drivers/char/ipmi/ipmi_dmi.o
  CC      drivers/video/fbdev/core/fb_cmdline.o
  CC      net/devlink/port.o
  CC      drivers/char/ipmi/ipmi_plat_data.o
  CC      net/dsa/devlink.o
  CC      drivers/video/fbdev/core/fb_backlight.o
  AR      drivers/char/ipmi/built-in.a
  CC      drivers/acpi/tables.o
  CC      net/devlink/sb.o
  CC      drivers/video/fbdev/core/fbmon.o
  CC      net/dsa/dsa.o
  CC      drivers/acpi/osi.o
  CC      drivers/video/fbdev/core/fb_chrdev.o
  CC      net/devlink/dpipe.o
  CC      drivers/acpi/osl.o
  CC      drivers/video/fbdev/core/fb_procfs.o
  CC      net/dsa/netlink.o
  CC      drivers/video/fbdev/core/fbsysfs.o
  CC      drivers/acpi/utils.o
  CC      net/devlink/resource.o
  CC      net/dsa/port.o
  CC      drivers/video/fbdev/core/fbcon.o
  CC      drivers/acpi/reboot.o
  CC      net/devlink/param.o
  CC      drivers/acpi/nvs.o
  CC      net/dsa/switch.o
  CC      drivers/video/fbdev/core/bitblit.o
  CC      drivers/acpi/wakeup.o
  CC      net/devlink/region.o
  CC      drivers/acpi/device_sysfs.o
  CC      drivers/video/fbdev/core/softcursor.o
  CC      net/dsa/tag.o
  CC      drivers/acpi/device_pm.o
  CC      net/devlink/health.o
  CC      drivers/video/fbdev/core/fb_logo.o
  CC      net/dsa/tag_8021q.o
  CC      drivers/acpi/bus.o
  CC      drivers/video/fbdev/core/cfbfillrect.o
  CC      net/devlink/trap.o
  CC      net/dsa/trace.o
  CC      drivers/video/fbdev/core/cfbcopyarea.o
  CC      drivers/acpi/glue.o
  CC      drivers/acpi/scan.o
  CC      net/dsa/user.o
  CC      net/devlink/rate.o
  CC      drivers/video/fbdev/core/cfbimgblt.o
  CC      drivers/video/fbdev/core/fb_io_fops.o
  CC      drivers/acpi/mipi-disco-img.o
  CC      net/devlink/linecard.o
  CC      net/dsa/tag_brcm.o
  AR      drivers/video/fbdev/core/built-in.a
  CC      drivers/video/fbdev/efifb.o
  CC      drivers/acpi/resource.o
  CC      drivers/acpi/acpi_processor.o
  AR      drivers/video/fbdev/built-in.a
  AR      drivers/video/built-in.a
  CC      net/devlink/sh_dev.o
  CC      net/dsa/tag_none.o
  CC      drivers/pnp/core.o
  CC      drivers/acpi/processor_core.o
  CC      drivers/pnp/card.o
  CC      net/dsa/tag_ocelot.o
  AR      net/devlink/built-in.a
  CC      net/can/af_can.o
  CC      drivers/pnp/driver.o
  CC      drivers/acpi/pci_root.o
  CC      drivers/pnp/resource.o
  CC      net/dsa/tag_ocelot_8021q.o
  CC      net/can/proc.o
  CC      drivers/acpi/pci_link.o
  CC      drivers/pnp/manager.o
  CC      drivers/acpi/pci_irq.o
  CC      net/can/raw.o
  AR      net/dsa/built-in.a
  CC      drivers/acpi/acpi_apd.o
  CC      drivers/pnp/support.o
  CC      drivers/pnp/interface.o
  CC      drivers/acpi/acpi_platform.o
  CC      drivers/acpi/acpi_pnp.o
  CC      drivers/pnp/quirks.o
  CC      net/can/bcm.o
  CC      drivers/acpi/power.o
  CC      drivers/acpi/event.o
  CC      drivers/pnp/system.o
  CC      drivers/acpi/evged.o
  CC      drivers/acpi/sysfs.o
  CC      drivers/pnp/pnpacpi/core.o
  CC      net/can/gw.o
  CC      drivers/acpi/property.o
  CC      drivers/acpi/debugfs.o
  CC      drivers/pnp/pnpacpi/rsparser.o
  AR      net/can/built-in.a
  CC      drivers/acpi/acpi_lpat.o
  CC      net/bluetooth/af_bluetooth.o
  CC      drivers/acpi/irq.o
  AR      drivers/pnp/pnpacpi/built-in.a
  AR      drivers/pnp/built-in.a
  CC      drivers/amba/bus.o
  CC      drivers/acpi/prmt.o
  CC      drivers/acpi/acpi_pcc.o
  CC      net/bluetooth/hci_core.o
  CC      drivers/amba/tegra-ahb.o
  CC      drivers/acpi/pci_mcfg.o
  AR      drivers/amba/built-in.a
  CC      net/bluetooth/hci_conn.o
  CC      drivers/acpi/acpica/dsargs.o
  CC      drivers/acpi/acpica/dscontrol.o
  CC      net/8021q/vlan_core.o
  CC      drivers/acpi/acpica/dsdebug.o
  CC      drivers/acpi/acpica/dsfield.o
  CC      net/8021q/vlan.o
  CC      drivers/acpi/acpica/dsinit.o
  CC      net/8021q/vlan_dev.o
  CC      net/bluetooth/hci_event.o
  CC      drivers/acpi/acpica/dsmethod.o
  CC      drivers/acpi/acpica/dsmthdat.o
  CC      drivers/acpi/acpica/dsobject.o
  CC      net/8021q/vlan_netlink.o
  CC      net/8021q/vlan_gvrp.o
  CC      drivers/acpi/acpica/dsopcode.o
  CC      drivers/acpi/acpica/dspkginit.o
  CC      drivers/acpi/acpica/dsutils.o
  CC      net/8021q/vlan_mvrp.o
  CC      drivers/acpi/acpica/dswexec.o
  CC      drivers/acpi/acpica/dswload.o
  CC      net/wireless/core.o
  CC      net/bluetooth/mgmt.o
  CC      drivers/acpi/acpica/dswload2.o
  CC      net/8021q/vlanproc.o
  CC      drivers/acpi/acpica/dswscope.o
  AR      net/8021q/built-in.a
  CC      net/mac80211/main.o
  CC      drivers/acpi/acpica/dswstate.o
  CC      net/wireless/sysfs.o
  CC      drivers/acpi/acpica/evevent.o
  CC      drivers/acpi/acpica/evgpe.o
  CC      drivers/acpi/acpica/evgpeblk.o
  CC      net/wireless/radiotap.o
  CC      net/mac80211/status.o
  CC      drivers/acpi/acpica/evgpeinit.o
  CC      net/bluetooth/hci_sock.o
  CC      drivers/acpi/acpica/evgpeutil.o
  CC      net/wireless/util.o
  CC      drivers/acpi/acpica/evglock.o
  CC      drivers/acpi/acpica/evhandler.o
  CC      net/mac80211/driver-ops.o
  CC      drivers/acpi/acpica/evmisc.o
  CC      net/bluetooth/hci_sysfs.o
  CC      drivers/acpi/acpica/evregion.o
  CC      drivers/acpi/acpica/evrgnini.o
  CC      net/mac80211/sta_info.o
  CC      net/wireless/reg.o
  CC      net/bluetooth/l2cap_core.o
  CC      drivers/acpi/acpica/evsci.o
  CC      drivers/acpi/acpica/evxface.o
  CC      drivers/acpi/acpica/evxfevnt.o
  CC      drivers/acpi/acpica/evxfgpe.o
  CC      drivers/acpi/acpica/evxfregn.o
  CC      drivers/acpi/acpica/exconcat.o
  CC      net/mac80211/wep.o
  CC      net/wireless/scan.o
  CC      drivers/acpi/acpica/exconfig.o
  CC      net/bluetooth/l2cap_sock.o
  CC      drivers/acpi/acpica/exconvrt.o
  CC      net/mac80211/aead_api.o
  CC      drivers/acpi/acpica/excreate.o
  CC      drivers/acpi/acpica/exdebug.o
  CC      net/mac80211/wpa.o
  CC      drivers/acpi/acpica/exdump.o
  CC      net/bluetooth/smp.o
  CC      net/wireless/nl80211.o
  CC      drivers/acpi/acpica/exfield.o
  CC      net/mac80211/scan.o
  CC      drivers/acpi/acpica/exfldio.o
  CC      drivers/acpi/acpica/exmisc.o
  CC      drivers/acpi/acpica/exmutex.o
  CC      net/bluetooth/lib.o
  CC      drivers/acpi/acpica/exnames.o
  CC      net/mac80211/offchannel.o
  CC      drivers/acpi/acpica/exoparg1.o
  CC      net/bluetooth/ecdh_helper.o
  CC      drivers/acpi/acpica/exoparg2.o
  CC      net/mac80211/ht.o
  CC      drivers/acpi/acpica/exoparg3.o
  CC      net/bluetooth/mgmt_util.o
  CC      drivers/acpi/acpica/exoparg6.o
  CC      drivers/acpi/acpica/exprep.o
  CC      net/mac80211/agg-tx.o
  CC      net/bluetooth/mgmt_config.o
  CC      drivers/acpi/acpica/exregion.o
  CC      drivers/acpi/acpica/exresnte.o
  CC      drivers/acpi/acpica/exresolv.o
  CC      net/bluetooth/hci_codec.o
  CC      drivers/acpi/acpica/exresop.o
  CC      net/mac80211/agg-rx.o
  CC      drivers/acpi/acpica/exserial.o
  CC      drivers/acpi/acpica/exstore.o
  CC      net/bluetooth/eir.o
  CC      drivers/acpi/acpica/exstoren.o
  CC      net/wireless/mlme.o
  CC      net/mac80211/vht.o
  CC      drivers/acpi/acpica/exstorob.o
  CC      drivers/acpi/acpica/exsystem.o
  CC      net/bluetooth/hci_sync.o
  CC      net/mac80211/he.o
  CC      drivers/acpi/acpica/extrace.o
  CC      net/wireless/ibss.o
  CC      drivers/acpi/acpica/exutils.o
  CC      drivers/acpi/acpica/hwacpi.o
  CC      net/mac80211/s1g.o
  CC      net/wireless/sme.o
  CC      drivers/acpi/acpica/hwesleep.o
  CC      drivers/acpi/acpica/hwgpe.o
  CC      net/mac80211/ibss.o
  CC      drivers/acpi/acpica/hwregs.o
  CC      net/bluetooth/hci_drv.o
  CC      drivers/acpi/acpica/hwsleep.o
  CC      net/wireless/chan.o
  CC      drivers/acpi/acpica/hwvalid.o
  CC      net/bluetooth/coredump.o
  CC      drivers/acpi/acpica/hwxface.o
  CC      net/mac80211/iface.o
  CC      drivers/acpi/acpica/hwxfsleep.o
  CC      net/wireless/ethtool.o
  CC      drivers/acpi/acpica/hwpci.o
  CC      net/bluetooth/sco.o
  CC      drivers/acpi/acpica/nsaccess.o
  CC      drivers/acpi/acpica/nsalloc.o
  CC      net/wireless/mesh.o
  CC      net/mac80211/link.o
  CC      drivers/acpi/acpica/nsarguments.o
  CC      net/bluetooth/leds.o
  CC      drivers/acpi/acpica/nsconvert.o
  CC      drivers/acpi/acpica/nsdump.o
  CC      net/wireless/ap.o
  CC      net/mac80211/rate.o
  CC      drivers/acpi/acpica/nseval.o
  CC      net/bluetooth/hidp/core.o
  CC      drivers/acpi/acpica/nsinit.o
  CC      net/wireless/trace.o
  CC      drivers/acpi/acpica/nsload.o
  CC      drivers/acpi/acpica/nsnames.o
  CC      net/mac80211/tkip.o
  CC      net/bluetooth/hidp/sock.o
  CC      net/wireless/ocb.o
  CC      drivers/acpi/acpica/nsobject.o
  CC      drivers/acpi/acpica/nsparse.o
  AR      net/bluetooth/hidp/built-in.a
  AR      net/bluetooth/built-in.a
  CC      net/9p/mod.o
  CC      net/wireless/michael-mic.o
  CC      net/mac80211/aes_cmac.o
  CC      drivers/acpi/acpica/nspredef.o
  CC      net/9p/client.o
  CC      drivers/acpi/acpica/nsprepkg.o
  CC      net/wireless/pmsr.o
  CC      net/mac80211/aes_gmac.o
  CC      drivers/acpi/acpica/nsrepair.o
  CC      drivers/acpi/acpica/nsrepair2.o
  CC      net/9p/error.o
  CC      net/mac80211/fils_aead.o
  CC      drivers/acpi/acpica/nssearch.o
  CC      net/wireless/of.o
  CC      net/9p/protocol.o
  CC      drivers/acpi/acpica/nsutils.o
  CC      net/9p/trans_common.o
  CC      net/mac80211/cfg.o
  CC      drivers/acpi/acpica/nswalk.o
  CC      net/wireless/shipped-certs.o
  CC      drivers/acpi/acpica/nsxfeval.o
  CC      net/9p/trans_fd.o
  CC      drivers/acpi/acpica/nsxfname.o
  AR      net/wireless/built-in.a
  CC      net/mac80211/ethtool.o
  CC      drivers/acpi/acpica/nsxfobj.o
  CC      net/9p/trans_virtio.o
  CC      drivers/acpi/acpica/psargs.o
  CC      net/mac80211/rx.o
  CC      net/mac80211/spectmgmt.o
  CC      drivers/acpi/acpica/psloop.o
  CC      drivers/acpi/acpica/psobject.o
  AR      net/9p/built-in.a
  CC      net/sysctl_net.o
  CC      drivers/acpi/acpica/psopcode.o
  CC      net/mac80211/tx.o
  CC      drivers/acpi/acpica/psopinfo.o
  CC      drivers/acpi/acpica/psparse.o
  CC      net/dns_resolver/dns_key.o
  CC      drivers/acpi/acpica/psscope.o
  CC      net/dns_resolver/dns_query.o
  CC      drivers/acpi/acpica/pstree.o
  CC      drivers/acpi/acpica/psutils.o
  CC      drivers/acpi/acpica/pswalk.o
  AR      net/dns_resolver/built-in.a
  CC      net/nfc/core.o
  CC      drivers/acpi/acpica/psxface.o
  CC      drivers/acpi/acpica/rsaddr.o
  CC      drivers/acpi/acpica/rscalc.o
  CC      drivers/acpi/acpica/rscreate.o
  CC      net/mac80211/key.o
  CC      drivers/clk/clk-devres.o
  CC      net/nfc/netlink.o
  CC      drivers/acpi/acpica/rsdumpinfo.o
  CC      drivers/acpi/acpica/rsinfo.o
  CC      drivers/clk/clk-bulk.o
  CC      drivers/acpi/acpica/rsio.o
  CC      net/mac80211/util.o
  CC      drivers/acpi/acpica/rsirq.o
  CC      drivers/clk/clkdev.o
  CC      net/nfc/af_nfc.o
  CC      drivers/acpi/acpica/rslist.o
  CC      drivers/clk/clk.o
  CC      drivers/acpi/acpica/rsmemory.o
  CC      net/nfc/rawsock.o
  CC      drivers/acpi/acpica/rsmisc.o
  CC      drivers/acpi/acpica/rsserial.o
  CC      drivers/acpi/acpica/rsutils.o
  CC      drivers/clk/clk-divider.o
  CC      net/mac80211/parse.o
  CC      net/nfc/llcp_core.o
  CC      drivers/acpi/acpica/rsxface.o
  CC      drivers/acpi/acpica/tbdata.o
  CC      drivers/clk/clk-fixed-factor.o
  CC      drivers/acpi/acpica/tbfadt.o
  CC      net/nfc/llcp_commands.o
  CC      net/mac80211/wme.o
  CC      drivers/clk/clk-fixed-rate.o
  CC      drivers/acpi/acpica/tbfind.o
  CC      drivers/clk/clk-gate.o
  CC      drivers/acpi/acpica/tbinstal.o
  CC      net/nfc/llcp_sock.o
  CC      drivers/acpi/acpica/tbprint.o
  CC      net/mac80211/chan.o
  CC      drivers/clk/clk-multiplier.o
  CC      drivers/acpi/acpica/tbutils.o
  CC      drivers/clk/clk-mux.o
  CC      drivers/acpi/acpica/tbxface.o
  CC      net/nfc/nci/core.o
  CC      drivers/acpi/acpica/tbxfload.o
  CC      drivers/clk/clk-composite.o
  CC      drivers/acpi/acpica/tbxfroot.o
  CC      net/mac80211/trace.o
  CC      drivers/clk/clk-fractional-divider.o
  CC      drivers/acpi/acpica/utaddress.o
  CC      net/nfc/nci/data.o
  CC      drivers/acpi/acpica/utalloc.o
  CC      drivers/clk/clk-gpio.o
  CC      net/mac80211/mlme.o
  CC      drivers/acpi/acpica/utascii.o
  CC      drivers/acpi/acpica/utbuffer.o
  CC      net/nfc/nci/lib.o
  CC      drivers/clk/clk-conf.o
  CC      drivers/acpi/acpica/utcksum.o
  CC      drivers/clk/clk-bd718x7.o
  CC      net/nfc/nci/ntf.o
  CC      drivers/acpi/acpica/utcopy.o
  CC      drivers/acpi/acpica/utexcep.o
  CC      drivers/clk/clk-cs2000-cp.o
  CC      drivers/acpi/acpica/utdebug.o
  CC      net/nfc/nci/rsp.o
  CC      drivers/acpi/acpica/utdecode.o
  CC      drivers/clk/clk-sparx5.o
  CC      drivers/acpi/acpica/utdelete.o
  CC      net/nfc/nci/hci.o
  CC      drivers/clk/clk-fsl-flexspi.o
  CC      drivers/acpi/acpica/uterror.o
  CC      net/mac80211/tdls.o
  CC      drivers/acpi/acpica/uteval.o
  CC      drivers/clk/clk-fsl-sai.o
  AR      net/nfc/nci/built-in.a
  AR      net/nfc/built-in.a
  CC      drivers/acpi/acpica/utglobal.o
  CC      net/hsr/hsr_main.o
  CC      drivers/clk/clk-plldig.o
  CC      drivers/acpi/acpica/uthex.o
  CC      net/mac80211/ocb.o
  CC      drivers/acpi/acpica/utids.o
  CC      drivers/clk/clk-pwm.o
  CC      net/hsr/hsr_framereg.o
  CC      drivers/acpi/acpica/utinit.o
  CC      drivers/clk/clk-qoriq.o
  CC      drivers/acpi/acpica/utlock.o
  CC      net/mac80211/airtime.o
  CC      net/hsr/hsr_device.o
  CC      drivers/acpi/acpica/utmath.o
  CC      drivers/clk/clk-rk808.o
  CC      drivers/acpi/acpica/utmisc.o
  CC      drivers/clk/clk-rp1.o
  CC      drivers/acpi/acpica/utmutex.o
  CC      net/hsr/hsr_netlink.o
  CC      drivers/acpi/acpica/utnonansi.o
  CC      drivers/acpi/acpica/utobject.o
  CC      drivers/clk/clk-hi655x.o
  CC      net/hsr/hsr_slave.o
  CC      drivers/acpi/acpica/utosi.o
  CC      drivers/clk/clk-s2mps11.o
  CC      drivers/acpi/acpica/utownerid.o
  CC      net/mac80211/eht.o
  CC      net/hsr/hsr_forward.o
  CC      drivers/clk/clk-scmi.o
  CC      drivers/acpi/acpica/utpredef.o
  CC      drivers/acpi/acpica/utresdecode.o
  CC      drivers/clk/clk-scpi.o
  CC      drivers/acpi/acpica/utresrc.o
  CC      drivers/clk/clk-renesas-pcie.o
  CC      net/mac80211/uhr.o
  CC      net/hsr/hsr_debugfs.o
  CC      drivers/acpi/acpica/utstate.o
  CC      drivers/acpi/acpica/utstring.o
  CC      drivers/clk/clk-versaclock3.o
  AR      net/hsr/built-in.a
  CC      net/mac80211/nan.o
  CC      net/mac80211/led.o
  CC      drivers/acpi/acpica/utstrsuppt.o
  CC      drivers/acpi/acpica/utstrtoul64.o
  CC      drivers/clk/clk-versaclock5.o
  CC      drivers/acpi/acpica/utxface.o
  CC      net/mac80211/pm.o
  CC      net/mac80211/rc80211_minstrel_ht.o
  CC      drivers/acpi/acpica/utxfinit.o
  CC      drivers/acpi/acpica/utxferror.o
  CC      drivers/clk/clk-xgene.o
  CC      drivers/acpi/acpica/utxfmutex.o
  CC      net/mac80211/wbrf.o
  CC      drivers/clk/actions/owl-common.o
  AR      drivers/acpi/acpica/built-in.a
  CC      drivers/acpi/ac.o
  CC      drivers/clk/actions/owl-gate.o
  CC      drivers/acpi/button.o
  CC      net/switchdev/switchdev.o
  CC      net/mac80211/ap.o
  CC      drivers/clk/actions/owl-mux.o
  CC      drivers/clk/actions/owl-divider.o
  CC      drivers/acpi/fan_core.o
  CC      drivers/clk/actions/owl-factor.o
  AR      net/switchdev/built-in.a
  CC      net/qrtr/af_qrtr.o
  AR      net/mac80211/built-in.a
  CC      net/qrtr/ns.o
  CC      drivers/acpi/fan_attr.o
  CC      drivers/clk/actions/owl-composite.o
  CC      drivers/clk/actions/owl-pll.o
  CC      drivers/acpi/fan_hwmon.o
  CC      net/qrtr/smd.o
  CC      net/qrtr/tun.o
  CC      drivers/clk/actions/owl-reset.o
  CC      drivers/acpi/processor_driver.o
  CC      drivers/clk/actions/owl-s500.o
  CC      net/qrtr/mhi.o
  CC      drivers/clk/actions/owl-s700.o
  CC      drivers/clk/actions/owl-s900.o
  CC      drivers/acpi/processor_thermal.o
  CC      drivers/acpi/processor_idle.o
  AR      net/qrtr/built-in.a
  AR      net/built-in.a
  CC      drivers/acpi/processor_perflib.o
  AR      drivers/clk/actions/built-in.a
  CC      drivers/clk/aspeed/clk-aspeed.o
  CC      drivers/acpi/container.o
  CC      drivers/acpi/thermal_lib.o
  CC      drivers/acpi/thermal.o
  CC      drivers/acpi/numa/srat.o
  AR      drivers/clk/aspeed/built-in.a
  CC      drivers/clk/bcm/clk-bcm63xx.o
  CC      drivers/acpi/acpi_memhotplug.o
  CC      drivers/acpi/battery.o
  CC      drivers/clk/bcm/clk-iproc-armpll.o
  CC      drivers/acpi/numa/hmat.o
  CC      drivers/acpi/hed.o
  CC      drivers/acpi/cppc_acpi.o
  CC      drivers/clk/bcm/clk-iproc-pll.o
  CC      drivers/acpi/spcr.o
  AR      drivers/acpi/numa/built-in.a
  CC      drivers/acpi/pptt.o
  CC      drivers/clk/bcm/clk-iproc-asiu.o
  CC      drivers/acpi/apei/apei-base.o
  CC      drivers/acpi/arm64/apmt.o
  CC      drivers/clk/bcm/clk-bcm2711-dvp.o
  CC      drivers/clk/bcm/clk-bcm2835.o
  CC      drivers/acpi/apei/hest.o
  CC      drivers/acpi/arm64/gtdt.o
  CC      drivers/clk/bcm/clk-bcm2835-aux.o
  CC      drivers/clk/bcm/clk-ns2.o
  CC      drivers/clk/bcm/clk-sr.o
  CC      drivers/acpi/apei/erst.o
  CC      drivers/acpi/arm64/iort.o
  CC      drivers/acpi/arm64/cpuidle.o
  AR      drivers/clk/bcm/built-in.a
  CC      drivers/clk/berlin/berlin2-avpll.o
  CC      drivers/acpi/apei/bert.o
  CC      drivers/clk/berlin/berlin2-pll.o
  CC      drivers/clk/berlin/berlin2-div.o
  CC      drivers/acpi/arm64/amba.o
  CC      drivers/acpi/arm64/dma.o
  AR      drivers/clk/berlin/built-in.a
  CC      drivers/clk/hisilicon/clk.o
  CC      drivers/acpi/apei/ghes.o
  CC      drivers/clk/hisilicon/clkgate-separated.o
  CC      drivers/acpi/arm64/init.o
  CC      drivers/clk/hisilicon/clkdivider-hi6220.o
  CC      drivers/clk/hisilicon/clk-hisi-phase.o
  CC      drivers/clk/hisilicon/crg-hi3516cv300.o
  CC      drivers/acpi/arm64/thermal_cpufreq.o
  CC      drivers/acpi/apei/ghes_helpers.o
  CC      drivers/clk/hisilicon/clk-hi3519.o
  CC      drivers/acpi/apei/einj-core.o
  CC      drivers/clk/hisilicon/clk-hi3559a.o
  AR      drivers/acpi/arm64/built-in.a
  CC      drivers/clk/hisilicon/clk-hi3660.o
  CC      drivers/clk/hisilicon/clk-hi3670.o
  AR      drivers/acpi/apei/built-in.a
  AR      drivers/acpi/built-in.a
  CC      drivers/dma/dmaengine.o
  CC      drivers/clk/hisilicon/crg-hi3798cv200.o
  CC      drivers/clk/hisilicon/clk-hi6220.o
  CC      drivers/clk/hisilicon/reset.o
  CC      drivers/clk/hisilicon/clk-hi6220-stub.o
  CC      drivers/clk/hisilicon/clk-hi3660-stub.o
  CC      drivers/dma/virt-dma.o
  CC      drivers/dma/acpi-dma.o
  CC      drivers/dma/of-dma.o
  AR      drivers/clk/hisilicon/built-in.a
  CC      drivers/clk/imx/clk.o
  CC      drivers/dma/apple-admac.o
  CC      drivers/dma/bcm-sba-raid.o
  CC      drivers/dma/bcm2835-dma.o
  CC      drivers/clk/imx/clk-busy.o
  CC      drivers/clk/imx/clk-composite-7ulp.o
  CC      drivers/dma/sun6i-dma.o
  CC      drivers/clk/imx/clk-composite-8m.o
  CC      drivers/dma/dw-edma/dw-edma-core.o
  CC      drivers/clk/imx/clk-composite-93.o
  CC      drivers/clk/imx/clk-fracn-gppll.o
  CC      drivers/clk/imx/clk-cpu.o
  CC      drivers/dma/fsl-edma-main.o
  CC      drivers/dma/dw-edma/dw-edma-v0-core.o
  CC      drivers/soc/apple/mailbox.o
  CC      drivers/clk/imx/clk-divider-gate.o
  CC      drivers/clk/imx/clk-fixup-div.o
  CC      drivers/soc/apple/rtkit.o
  CC      drivers/soc/apple/rtkit-crashlog.o
  CC      drivers/dma/dw-edma/dw-hdma-v0-core.o
  CC      drivers/clk/imx/clk-fixup-mux.o
  CC      drivers/soc/apple/sart.o
  CC      drivers/dma/dw-edma/dw-edma-v0-debugfs.o
  CC      drivers/clk/imx/clk-frac-pll.o
  CC      drivers/pmdomain/actions/owl-sps-helper.o
  CC      drivers/clk/imx/clk-gate2.o
  CC      drivers/pmdomain/actions/owl-sps.o
  CC      drivers/dma/dw-edma/dw-hdma-v0-debugfs.o
  AR      drivers/soc/apple/built-in.a
  CC      drivers/soc/aspeed/aspeed-lpc-ctrl.o
  CC      drivers/clk/imx/clk-gate-93.o
  AR      drivers/pmdomain/actions/built-in.a
  CC      drivers/pmdomain/amlogic/meson-ee-pwrc.o
  AR      drivers/dma/dw-edma/built-in.a
  CC      drivers/dma/fsl-edma-common.o
  CC      drivers/soc/aspeed/aspeed-lpc-snoop.o
  CC      drivers/clk/imx/clk-gate-exclusive.o
  CC      drivers/pmdomain/amlogic/meson-secure-pwrc.o
  CC      drivers/soc/aspeed/aspeed-uart-routing.o
  CC      drivers/clk/imx/clk-pfd.o
  AR      drivers/pmdomain/amlogic/built-in.a
  CC      drivers/pmdomain/apple/pmgr-pwrstate.o
  CC      drivers/dma/imx-sdma.o
  CC      drivers/clk/imx/clk-pfdv2.o
  CC      drivers/soc/aspeed/aspeed-p2a-ctrl.o
  AR      drivers/pmdomain/apple/built-in.a
  CC      drivers/pmdomain/arm/scmi_perf_domain.o
  CC      drivers/clk/imx/clk-pllv1.o
  CC      drivers/soc/aspeed/aspeed-socinfo.o
  CC      drivers/clk/imx/clk-pllv2.o
  CC      drivers/pmdomain/arm/scmi_pm_domain.o
  CC      drivers/dma/k3dma.o
  AR      drivers/soc/aspeed/built-in.a
  CC      drivers/clk/imx/clk-pllv3.o
  CC      drivers/soc/bcm/brcmstb/common.o
  CC      drivers/pmdomain/arm/scpi_pm_domain.o
  CC      drivers/clk/imx/clk-pllv4.o
  CC      drivers/dma/mv_xor.o
  CC      drivers/soc/bcm/brcmstb/biuctrl.o
  AR      drivers/pmdomain/arm/built-in.a
  CC      drivers/pmdomain/bcm/bcm-pmb.o
  CC      drivers/clk/imx/clk-pll14xx.o
  AR      drivers/soc/bcm/brcmstb/built-in.a
  AR      drivers/soc/bcm/built-in.a
  CC      drivers/soc/fsl/qbman/bman_ccsr.o
  CC      drivers/pmdomain/bcm/bcm2835-power.o
  CC      drivers/clk/imx/clk-sscg-pll.o
  CC      drivers/dma/mv_xor_v2.o
  CC      drivers/soc/fsl/qbman/qman_ccsr.o
  AR      drivers/pmdomain/bcm/built-in.a
  CC      drivers/pmdomain/imx/gpcv2.o
  CC      drivers/clk/imx/clk-gpr-mux.o
  CC      drivers/dma/owl-dma.o
  CC      drivers/soc/fsl/qbman/bman_portal.o
  CC      drivers/clk/imx/clk-imx8mm.o
  CC      drivers/pmdomain/imx/scu-pd.o
  CC      drivers/dma/pl330.o
  CC      drivers/soc/fsl/qbman/qman_portal.o
  CC      drivers/clk/imx/clk-imx8mn.o
  CC      drivers/pmdomain/imx/imx8m-blk-ctrl.o
  CC      drivers/pmdomain/imx/imx8mp-blk-ctrl.o
  CC      drivers/soc/fsl/qbman/bman.o
  CC      drivers/clk/imx/clk-imx8mp.o
  CC      drivers/dma/sh/rcar-dmac.o
  CC      drivers/pmdomain/imx/imx93-pd.o
  CC      drivers/soc/fsl/qbman/qman.o
  CC      drivers/clk/imx/clk-imx8mp-audiomix.o
  CC      drivers/pmdomain/imx/imx93-blk-ctrl.o
  CC      drivers/dma/sh/usb-dmac.o
  CC      drivers/clk/imx/clk-imx8mq.o
  AR      drivers/pmdomain/imx/built-in.a
  CC      drivers/pmdomain/mediatek/mtk-mfg-pmdomain.o
  CC      drivers/soc/fsl/qbman/dpaa_sys.o
  CC      drivers/dma/sh/rz-dmac.o
  CC      drivers/clk/imx/clk-imx93.o
  CC      drivers/pmdomain/mediatek/mtk-scpsys.o
  AR      drivers/soc/fsl/qbman/built-in.a
  CC      drivers/soc/fsl/rcpm.o
  CC      drivers/clk/imx/clk-imx95-blk-ctl.o
  AR      drivers/dma/sh/built-in.a
  CC      drivers/dma/tegra186-gpc-dma.o
  CC      drivers/pmdomain/mediatek/mtk-pm-domains.o
  CC      drivers/clk/imx/clk-scu.o
  CC      drivers/soc/fsl/guts.o
  CC      drivers/soc/fsl/dpio/dpio.o
  CC      drivers/clk/imx/clk-imx8qxp.o
  CC      drivers/dma/tegra20-apb-dma.o
  CC      drivers/pmdomain/mediatek/airoha-cpu-pmdomain.o
  CC      drivers/soc/fsl/dpio/qbman-portal.o
  CC      drivers/clk/imx/clk-imx8qxp-rsrc.o
  AR      drivers/pmdomain/mediatek/built-in.a
  CC      drivers/pmdomain/qcom/cpr.o
  CC      drivers/dma/tegra210-adma.o
  CC      drivers/clk/imx/clk-imx8qm-rsrc.o
  CC      drivers/soc/fsl/dpio/dpio-service.o
  CC      drivers/clk/imx/clk-imx8dxl-rsrc.o
  CC      drivers/pmdomain/qcom/rpmpd.o
  CC      drivers/dma/mediatek/mtk-uart-apdma.o
  CC      drivers/clk/imx/clk-lpcg-scu.o
  CC      drivers/soc/fsl/dpio/dpio-driver.o
  AR      drivers/pmdomain/qcom/built-in.a
  CC      drivers/pmdomain/renesas/r8a774a1-sysc.o
  CC      drivers/pmdomain/renesas/r8a774b1-sysc.o
  CC      drivers/pmdomain/renesas/r8a774c0-sysc.o
  AR      drivers/dma/mediatek/built-in.a
  CC      drivers/dma/qcom/bam_dma.o
  CC      drivers/clk/imx/clk-imx8qxp-lpcg.o
  AR      drivers/soc/fsl/dpio/built-in.a
  CC      drivers/soc/fsl/dpaa2-console.o
  CC      drivers/pmdomain/renesas/r8a774e1-sysc.o
  CC      drivers/pmdomain/renesas/r8a7795-sysc.o
  CC      drivers/clk/imx/clk-imx8-acm.o
  AR      drivers/soc/fsl/built-in.a
  CC      drivers/soc/imx/soc-imx8m.o
  CC      drivers/dma/qcom/gpi.o
  CC      drivers/pmdomain/renesas/r8a77960-sysc.o
  CC      drivers/pmdomain/renesas/r8a77961-sysc.o
  CC      drivers/pmdomain/renesas/r8a77970-sysc.o
  CC      drivers/clk/imx/clk-imx8ulp.o
  CC      drivers/pmdomain/renesas/r8a77980-sysc.o
  CC      drivers/pmdomain/renesas/r8a77990-sysc.o
  CC      drivers/soc/imx/imx93-src.o
  CC      drivers/pmdomain/renesas/r8a77995-sysc.o
  CC      drivers/dma/qcom/hidma_mgmt.o
  CC      drivers/pmdomain/renesas/r8a779a0-sysc.o
  CC      drivers/soc/imx/soc-imx9.o
  CC      drivers/pmdomain/renesas/r8a779g0-sysc.o
  CC      drivers/clk/imx/clk-imx8ulp-sim-lpav.o
  CC      drivers/pmdomain/renesas/r8a779h0-sysc.o
  CC      drivers/pmdomain/renesas/rcar-sysc.o
  AR      drivers/soc/imx/built-in.a
  CC      drivers/soc/mediatek/mtk-cmdq-helper.o
  CC      drivers/dma/qcom/hidma_mgmt_sys.o
  AR      drivers/clk/imx/built-in.a
  CC      drivers/clk/keystone/sci-clk.o
  CC      drivers/pmdomain/renesas/rcar-gen4-sysc.o
  CC      drivers/dma/qcom/hidma_ll.o
  CC      drivers/soc/mediatek/mtk-infracfg.o
  CC      drivers/clk/keystone/syscon-clk.o
  AR      drivers/pmdomain/renesas/built-in.a
  CC      drivers/pmdomain/rockchip/pm-domains.o
  CC      drivers/soc/mediatek/mtk-pmic-wrap.o
  CC      drivers/dma/qcom/hidma.o
  AR      drivers/clk/keystone/built-in.a
  AR      drivers/pmdomain/rockchip/built-in.a
  CC      drivers/pmdomain/samsung/exynos-pm-domains.o
  CC      drivers/clk/mediatek/clk-mtk.o
  CC      drivers/soc/mediatek/mtk-regulator-coupler.o
  CC      drivers/dma/qcom/hidma_dbg.o
  AR      drivers/pmdomain/samsung/built-in.a
  CC      drivers/pmdomain/sunxi/sun20i-ppu.o
  CC      drivers/soc/mediatek/mtk-mmsys.o
  CC      drivers/clk/mediatek/clk-pll.o
  AR      drivers/dma/qcom/built-in.a
  CC      drivers/dma/stm32/stm32-dma3.o
  CC      drivers/pmdomain/sunxi/sun55i-pck600.o
  CC      drivers/clk/mediatek/clk-gate.o
  CC      drivers/soc/mediatek/mtk-mutex.o
  AR      drivers/pmdomain/sunxi/built-in.a
  CC      drivers/pmdomain/tegra/powergate-bpmp.o
  CC      drivers/clk/mediatek/clk-apmixed.o
  CC      drivers/soc/mediatek/mtk-socinfo.o
  AR      drivers/dma/stm32/built-in.a
  AR      drivers/dma/ti/built-in.a
  CC      drivers/dma/xilinx/xilinx_dma.o
  AR      drivers/pmdomain/tegra/built-in.a
  CC      drivers/pmdomain/ti/ti_sci_pm_domains.o
  CC      drivers/clk/mediatek/clk-cpumux.o
  AR      drivers/soc/mediatek/built-in.a
  CC      drivers/soc/microchip/mpfs-irqmux.o
  AR      drivers/pmdomain/ti/built-in.a
  CC      drivers/pmdomain/xilinx/zynqmp-pm-domains.o
  CC      drivers/clk/mediatek/reset.o
  CC      drivers/soc/microchip/mpfs-control-scb.o
  CC      drivers/dma/xilinx/xilinx_dpdma.o
  AR      drivers/pmdomain/xilinx/built-in.a
  CC      drivers/pmdomain/core.o
  CC      drivers/clk/mediatek/clk-mux.o
  CC      drivers/soc/microchip/mpfs-mss-top-sysreg.o
  AR      drivers/soc/microchip/built-in.a
  CC      drivers/soc/amlogic/meson-canvas.o
  AR      drivers/dma/xilinx/built-in.a
  AR      drivers/dma/built-in.a
  CC      drivers/virtio/virtio.o
  CC      drivers/clk/mediatek/clk-fhctl.o
  CC      drivers/soc/amlogic/meson-clk-measure.o
  CC      drivers/clk/mediatek/clk-pllfh.o
  CC      drivers/pmdomain/governor.o
  CC      drivers/virtio/virtio_ring.o
  AR      drivers/pmdomain/built-in.a
  CC      drivers/soc/amlogic/meson-gx-socinfo.o
  CC      drivers/clk/mediatek/clk-mt6765.o
  CC      drivers/regulator/core.o
  AR      drivers/soc/amlogic/built-in.a
  CC      drivers/soc/qcom/qcom_aoss.o
  CC      drivers/clk/mediatek/clk-mt6779.o
  CC      drivers/virtio/virtio_anchor.o
  CC      drivers/clk/mediatek/clk-mt6795-apmixedsys.o
  CC      drivers/soc/qcom/mdt_loader.o
  CC      drivers/virtio/virtio_mmio.o
  CC      drivers/clk/mediatek/clk-mt6795-infracfg.o
  CC      drivers/soc/qcom/ocmem.o
  CC      drivers/regulator/dummy.o
  CC      drivers/clk/mediatek/clk-mt6795-pericfg.o
  CC      drivers/soc/qcom/qcom_pd_mapper.o
  AR      drivers/virtio/built-in.a
  CC      drivers/reset/core.o
  CC      drivers/regulator/fixed-helper.o
  CC      drivers/clk/mediatek/clk-mt6795-topckgen.o
  CC      drivers/soc/qcom/pdr_interface.o
  CC      drivers/regulator/helpers.o
  CC      drivers/clk/mediatek/clk-mt6795-mfg.o
  CC      drivers/soc/qcom/qcom_pdr_msg.o
  CC      drivers/reset/amlogic/reset-meson.o
  CC      drivers/soc/qcom/qmi_encdec.o
  CC      drivers/clk/mediatek/clk-mt6795-mm.o
  CC      drivers/regulator/devres.o
  CC      drivers/reset/amlogic/reset-meson-aux.o
  CC      drivers/clk/mediatek/clk-mt6795-vencsys.o
  CC      drivers/soc/qcom/qmi_interface.o
  CC      drivers/reset/amlogic/reset-meson-common.o
  CC      drivers/regulator/irq_helpers.o
  CC      drivers/clk/mediatek/clk-mt7622-apmixedsys.o
  CC      drivers/reset/amlogic/reset-meson-audio-arb.o
  CC      drivers/soc/qcom/rmtfs_mem.o
  CC      drivers/regulator/of_regulator.o
  CC      drivers/clk/mediatek/clk-mt7622.o
  AR      drivers/reset/amlogic/built-in.a
  CC      drivers/reset/hisilicon/hi6220_reset.o
  CC      drivers/soc/qcom/rpmh-rsc.o
  CC      drivers/clk/mediatek/clk-mt7622-infracfg.o
  CC      drivers/reset/hisilicon/reset-hi3660.o
  CC      drivers/regulator/fixed.o
  CC      drivers/clk/mediatek/clk-mt7981-apmixed.o
  CC      drivers/soc/qcom/rpmh.o
  AR      drivers/reset/hisilicon/built-in.a
  CC      drivers/reset/tegra/reset-bpmp.o
  CC      drivers/regulator/cros-ec-regulator.o
  CC      drivers/clk/mediatek/clk-mt7981-topckgen.o
  CC      drivers/soc/qcom/rpm-proc.o
  AR      drivers/reset/tegra/built-in.a
  CC      drivers/reset/reset-berlin.o
  CC      drivers/clk/mediatek/clk-mt7981-infracfg.o
  CC      drivers/soc/qcom/smd-rpm.o
  CC      drivers/regulator/scmi-regulator.o
  CC      drivers/reset/reset-brcmstb.o
  CC      drivers/soc/qcom/smem.o
  CC      drivers/clk/mediatek/clk-mt7981-eth.o
  CC      drivers/reset/reset-brcmstb-rescal.o
  CC      drivers/regulator/axp20x-regulator.o
  CC      drivers/clk/mediatek/clk-mt7988-apmixed.o
  CC      drivers/soc/qcom/smem_state.o
  CC      drivers/reset/reset-gpio.o
  CC      drivers/regulator/bd9571mwv-regulator.o
  CC      drivers/clk/mediatek/clk-mt7988-topckgen.o
  CC      drivers/soc/qcom/smsm.o
  CC      drivers/reset/reset-imx7.o
  CC      drivers/clk/mediatek/clk-mt7988-infracfg.o
  CC      drivers/reset/reset-imx8mp-audiomix.o
  CC      drivers/regulator/da9211-regulator.o
  CC      drivers/soc/qcom/socinfo.o
  CC      drivers/clk/mediatek/clk-mt7988-eth.o
  CC      drivers/reset/reset-npcm.o
  CC      drivers/soc/qcom/spm.o
  CC      drivers/regulator/fan53555.o
  CC      drivers/clk/mediatek/clk-mt7988-xfipll.o
  CC      drivers/reset/reset-ma35d1.o
  CC      drivers/clk/mediatek/clk-mt8167-apmixedsys.o
  CC      drivers/soc/qcom/qcom_stats.o
  CC      drivers/regulator/gpio-regulator.o
  CC      drivers/reset/reset-mpfs.o
  CC      drivers/clk/mediatek/clk-mt8167.o
  CC      drivers/reset/reset-qcom-pdc.o
  CC      drivers/soc/qcom/wcnss_ctrl.o
  CC      drivers/regulator/hi6421v530-regulator.o
  CC      drivers/clk/mediatek/clk-mt8167-aud.o
  CC      drivers/reset/reset-rzg2l-usbphy-ctrl.o
  CC      drivers/soc/qcom/apr.o
  CC      drivers/clk/mediatek/clk-mt8167-img.o
  CC      drivers/regulator/hi655x-regulator.o
  CC      drivers/soc/qcom/llcc-qcom.o
  CC      drivers/reset/reset-rzv2h-usb2phy.o
  CC      drivers/clk/mediatek/clk-mt8167-mfgcfg.o
  CC      drivers/regulator/lp873x-regulator.o
  CC      drivers/reset/reset-scmi.o
  CC      drivers/clk/mediatek/clk-mt8167-mm.o
  CC      drivers/soc/qcom/kryo-l2-accessors.o
  CC      drivers/soc/qcom/icc-bwmon.o
  CC      drivers/reset/reset-simple.o
  CC      drivers/regulator/max77620-regulator.o
  CC      drivers/clk/mediatek/clk-mt8167-vdec.o
  CC      drivers/soc/qcom/qcom-pbs.o
  CC      drivers/reset/reset-sunxi.o
  CC      drivers/clk/mediatek/clk-mt8173-apmixedsys.o
  CC      drivers/regulator/max8973-regulator.o
  AR      drivers/soc/qcom/built-in.a
  CC      drivers/reset/reset-ti-sci.o
  CC      drivers/soc/renesas/renesas-soc.o
  CC      drivers/clk/mediatek/clk-mt8173-infracfg.o
  CC      drivers/regulator/max20411-regulator.o
  CC      drivers/reset/reset-ti-syscon.o
  CC      drivers/clk/mediatek/clk-mt8173-pericfg.o
  CC      drivers/soc/renesas/r9a08g045-sysc.o
  CC      drivers/soc/renesas/r9a08g046-sysc.o
  CC      drivers/clk/mediatek/clk-mt8173-topckgen.o
  CC      drivers/reset/reset-uniphier.o
  CC      drivers/regulator/mp8859.o
  CC      drivers/soc/renesas/r9a09g047-sys.o
  CC      drivers/clk/mediatek/clk-mt8173-img.o
  CC      drivers/reset/reset-uniphier-glue.o
  CC      drivers/regulator/mt6315-regulator.o
  CC      drivers/soc/renesas/r9a09g057-sys.o
  CC      drivers/clk/mediatek/clk-mt8173-mm.o
  CC      drivers/reset/reset-zynqmp.o
  CC      drivers/soc/renesas/pwc-rzv2m.o
  CC      drivers/regulator/mt6316-regulator.o
  CC      drivers/clk/mediatek/clk-mt8173-vdecsys.o
  AR      drivers/reset/built-in.a
  CC      drivers/clk/mediatek/clk-mt8173-vencsys.o
  CC      drivers/soc/renesas/rcar-rst.o
  CC      drivers/clk/mediatek/clk-mt8183-apmixedsys.o
  CC      drivers/regulator/mt6357-regulator.o
  CC      drivers/clk/mediatek/clk-mt8183.o
  CC      drivers/soc/renesas/rz-sysc.o
  CC      drivers/clk/mediatek/clk-mt8183-audio.o
  CC      drivers/regulator/mt6358-regulator.o
  CC      drivers/clk/mediatek/clk-mt8183-cam.o
  AR      drivers/soc/renesas/built-in.a
  CC      drivers/soc/rockchip/grf.o
  CC      drivers/clk/mediatek/clk-mt8183-img.o
  CC      drivers/clk/mediatek/clk-mt8183-ipu0.o
  CC      drivers/soc/rockchip/io-domain.o
  CC      drivers/regulator/mt6360-regulator.o
  CC      drivers/clk/mediatek/clk-mt8183-ipu1.o
  CC      drivers/clk/mediatek/clk-mt8183-ipu_adl.o
  CC      drivers/clk/mediatek/clk-mt8183-ipu_conn.o
  AR      drivers/soc/rockchip/built-in.a
  CC      drivers/regulator/mt6397-regulator.o
  CC      drivers/soc/samsung/exynos-chipid.o
  CC      drivers/clk/mediatek/clk-mt8183-mfgcfg.o
  CC      drivers/clk/mediatek/clk-mt8183-mm.o
  CC      drivers/soc/samsung/exynos-asv.o
  CC      drivers/regulator/qcom-pm8008-regulator.o
  CC      drivers/soc/samsung/exynos-usi.o
  CC      drivers/clk/mediatek/clk-mt8183-vdec.o
  CC      drivers/soc/samsung/exynos-pmu.o
  CC      drivers/soc/samsung/gs101-pmu.o
  CC      drivers/regulator/qcom-refgen-regulator.o
  CC      drivers/clk/mediatek/clk-mt8183-venc.o
  CC      drivers/clk/mediatek/clk-mt8186-apmixedsys.o
  AR      drivers/soc/samsung/built-in.a
  CC      drivers/soc/sunxi/sunxi_mbus.o
  CC      drivers/clk/mediatek/clk-mt8186-topckgen.o
  CC      drivers/regulator/qcom_smd-regulator.o
  CC      drivers/clk/mediatek/clk-mt8186-infra_ao.o
  CC      drivers/soc/sunxi/sunxi_sram.o
  CC      drivers/clk/mediatek/clk-mt8186-cam.o
  CC      drivers/clk/mediatek/clk-mt8186-img.o
  CC      drivers/regulator/qcom_spmi-regulator.o
  AR      drivers/soc/sunxi/built-in.a
  CC      drivers/soc/tegra/fuse/fuse-tegra.o
  CC      drivers/regulator/qcom_usb_vbus-regulator.o
  CC      drivers/clk/mediatek/clk-mt8186-imp_iic_wrap.o
  CC      drivers/regulator/pca9450-regulator.o
  CC      drivers/regulator/pf8x00-regulator.o
  CC      drivers/soc/tegra/fuse/fuse-tegra30.o
  CC      drivers/clk/mediatek/clk-mt8186-ipe.o
  CC      drivers/regulator/pfuze100-regulator.o
  CC      drivers/regulator/pwm-regulator.o
  CC      drivers/soc/tegra/fuse/tegra-apbmisc.o
  CC      drivers/clk/mediatek/clk-mt8186-mcu.o
  CC      drivers/clk/mediatek/clk-mt8186-mdp.o
  CC      drivers/soc/tegra/fuse/speedo-tegra124.o
  CC      drivers/regulator/raa215300.o
  CC      drivers/clk/mediatek/clk-mt8186-mfg.o
  CC      drivers/clk/mediatek/clk-mt8186-mm.o
  CC      drivers/soc/tegra/fuse/speedo-tegra210.o
  CC      drivers/regulator/rk808-regulator.o
  CC      drivers/clk/mediatek/clk-mt8186-vdec.o
  CC      drivers/clk/mediatek/clk-mt8186-venc.o
  AR      drivers/soc/tegra/fuse/built-in.a
  CC      drivers/soc/tegra/cbb/tegra-cbb.o
  CC      drivers/clk/mediatek/clk-mt8186-wpe.o
  CC      drivers/clk/mediatek/clk-mt8188-apmixedsys.o
  CC      drivers/regulator/s2mps11.o
  CC      drivers/soc/tegra/cbb/tegra194-cbb.o
  CC      drivers/soc/tegra/cbb/tegra234-cbb.o
  CC      drivers/clk/mediatek/clk-mt8188-topckgen.o
  CC      drivers/clk/mediatek/clk-mt8188-peri_ao.o
  CC      drivers/regulator/sun20i-regulator.o
  CC      drivers/clk/mediatek/clk-mt8188-infra_ao.o
  AR      drivers/soc/tegra/cbb/built-in.a
  CC      drivers/soc/tegra/common.o
  CC      drivers/clk/mediatek/clk-mt8188-adsp_audio26m.o
  CC      drivers/clk/mediatek/clk-mt8188-cam.o
  CC      drivers/regulator/tps65219-regulator.o
  CC      drivers/soc/tegra/flowctrl.o
  CC      drivers/clk/mediatek/clk-mt8188-ccu.o
  CC      drivers/clk/mediatek/clk-mt8188-img.o
  CC      drivers/soc/tegra/pmc.o
  CC      drivers/regulator/tps6594-regulator.o
  CC      drivers/clk/mediatek/clk-mt8188-imp_iic_wrap.o
  CC      drivers/clk/mediatek/clk-mt8188-ipe.o
  CC      drivers/clk/mediatek/clk-mt8188-mfg.o
  CC      drivers/clk/mediatek/clk-mt8188-vdec.o
  CC      drivers/regulator/tps65132-regulator.o
  CC      drivers/soc/tegra/ari-tegra186.o
  CC      drivers/clk/mediatek/clk-mt8188-venc.o
  CC      drivers/clk/mediatek/clk-mt8188-vpp0.o
  AR      drivers/soc/tegra/built-in.a
  CC      drivers/soc/ti/ti_sci_inta_msi.o
  CC      drivers/regulator/uniphier-regulator.o
  CC      drivers/soc/ti/k3-ringacc.o
  CC      drivers/clk/mediatek/clk-mt8188-vpp1.o
  CC      drivers/regulator/renesas-usb-vbus-regulator.o
  CC      drivers/clk/mediatek/clk-mt8192-apmixedsys.o
  CC      drivers/clk/mediatek/clk-mt8192.o
  AR      drivers/regulator/built-in.a
  CC      drivers/tty/tty_io.o
  CC      drivers/soc/ti/k3-socinfo.o
  CC      drivers/tty/n_tty.o
  CC      drivers/clk/mediatek/clk-mt8192-aud.o
  CC      drivers/soc/ti/pruss.o
  CC      drivers/clk/mediatek/clk-mt8192-cam.o
  CC      drivers/tty/tty_ioctl.o
  AR      drivers/soc/ti/built-in.a
  CC      drivers/soc/xilinx/zynqmp_power.o
  CC      drivers/clk/mediatek/clk-mt8192-img.o
  CC      drivers/clk/meson/meson-clkc-utils.o
  CC      drivers/clk/mediatek/clk-mt8192-imp_iic_wrap.o
  CC      drivers/clk/meson/meson-aoclk.o
  CC      drivers/tty/tty_ldisc.o
  CC      drivers/soc/xilinx/xlnx_event_manager.o
  CC      drivers/clk/mediatek/clk-mt8192-ipe.o
  CC      drivers/clk/meson/clk-cpu-dyndiv.o
  CC      drivers/tty/tty_buffer.o
  AR      drivers/soc/xilinx/built-in.a
  AR      drivers/soc/built-in.a
  CC      drivers/char/mem.o
  CC      drivers/clk/mediatek/clk-mt8192-mdp.o
  CC      drivers/clk/meson/clk-dualdiv.o
  CC      drivers/tty/tty_port.o
  CC      drivers/clk/mediatek/clk-mt8192-mm.o
  CC      drivers/char/random.o
  CC      drivers/clk/meson/clk-mpll.o
  CC      drivers/tty/tty_mutex.o
  CC      drivers/clk/mediatek/clk-mt8192-msdc.o
  CC      drivers/clk/meson/clk-phase.o
  CC      drivers/tty/tty_ldsem.o
  CC      drivers/clk/mediatek/clk-mt8192-scp_adsp.o
  CC      drivers/char/misc.o
  CC      drivers/clk/meson/clk-pll.o
  CC      drivers/clk/mediatek/clk-mt8192-venc.o
  CC      drivers/tty/tty_baudrate.o
  CC      drivers/char/virtio_console.o
  CC      drivers/clk/meson/clk-regmap.o
  CC      drivers/tty/tty_jobctrl.o
  CC      drivers/clk/mediatek/clk-mt8195-apmixedsys.o
  CC      drivers/clk/meson/sclk-div.o
  CC      drivers/clk/mediatek/clk-mt8195-topckgen.o
  CC      drivers/tty/n_null.o
  CC      drivers/char/hw_random/core.o
  CC      drivers/clk/meson/vid-pll-div.o
  CC      drivers/clk/mediatek/clk-mt8195-peri_ao.o
  CC      drivers/tty/pty.o
  CC      drivers/char/hw_random/atmel-rng.o
  CC      drivers/clk/meson/vclk.o
  CC      drivers/clk/mediatek/clk-mt8195-infra_ao.o
  CC      drivers/tty/sysrq.o
  CC      drivers/char/hw_random/exynos-trng.o
  CC      drivers/clk/meson/axg.o
  CC      drivers/clk/mediatek/clk-mt8195-apusys_pll.o
  CC      drivers/clk/meson/axg-aoclk.o
  CC      drivers/clk/mediatek/clk-mt8195-cam.o
  CC      drivers/char/hw_random/virtio-rng.o
  CC      drivers/tty/vt/vt_ioctl.o
  CC      drivers/clk/mediatek/clk-mt8195-ccu.o
  CC      drivers/clk/meson/axg-audio.o
  CC      drivers/char/hw_random/hisi-rng.o
  CC      drivers/clk/mediatek/clk-mt8195-img.o
  CC      drivers/tty/vt/vc_screen.o
  CC      drivers/clk/meson/c3-pll.o
  CC      drivers/char/hw_random/histb-rng.o
  CC      drivers/clk/mediatek/clk-mt8195-imp_iic_wrap.o
  CC      drivers/clk/meson/c3-peripherals.o
  CC      drivers/char/hw_random/bcm2835-rng.o
  CC      drivers/tty/vt/selection.o
  CC      drivers/clk/mediatek/clk-mt8195-ipe.o
  CC      drivers/clk/meson/gxbb.o
  CC      drivers/char/hw_random/bcm74110-rng.o
  CC      drivers/tty/vt/keyboard.o
  CC      drivers/clk/mediatek/clk-mt8195-mfg.o
  CC      drivers/char/hw_random/stm32-rng.o
  CC      drivers/clk/meson/gxbb-aoclk.o
  CC      drivers/clk/mediatek/clk-mt8195-scp_adsp.o
  CC      drivers/clk/meson/g12a.o
  CC      drivers/char/hw_random/meson-rng.o
  CC      drivers/tty/vt/vt.o
  CC      drivers/clk/mediatek/clk-mt8195-vdec.o
  CC      drivers/clk/meson/g12a-aoclk.o
  CC      drivers/char/hw_random/cavium-rng.o
  CC      drivers/clk/mediatek/clk-mt8195-vdo0.o
  CC      drivers/clk/meson/s4-pll.o
  CC      drivers/char/hw_random/cavium-rng-vf.o
  CC      drivers/clk/mediatek/clk-mt8195-vdo1.o
  CC      drivers/clk/meson/s4-peripherals.o
  CC      drivers/tty/vt/defkeymap.o
  CC      drivers/char/hw_random/mtk-rng.o
  CC      drivers/clk/mediatek/clk-mt8195-venc.o
  CC      drivers/tty/vt/consolemap.o
  CC      drivers/clk/meson/t7-pll.o
  CC      drivers/char/hw_random/optee-rng.o
  CC      drivers/clk/mediatek/clk-mt8195-vpp0.o
  CC      drivers/clk/meson/t7-peripherals.o
  CC      drivers/tty/vt/consolemap_deftbl.o
  COPY    drivers/tty/vt/ucs_width_table.h
  CC      drivers/tty/vt/ucs.o
  CC      drivers/char/hw_random/npcm-rng.o
  AR      drivers/tty/vt/built-in.a
  CC      drivers/tty/hvc/hvc_console.o
  CC      drivers/clk/mediatek/clk-mt8195-vpp1.o
  AR      drivers/clk/meson/built-in.a
  CC      drivers/clk/microchip/clk-mpfs.o
  CC      drivers/char/hw_random/cn10k-rng.o
  CC      drivers/clk/mediatek/clk-mt8195-wpe.o
  AR      drivers/tty/hvc/built-in.a
  CC      drivers/tty/serial/serial_core.o
  CC      drivers/clk/microchip/clk-mpfs-ccc.o
  CC      drivers/char/hw_random/rockchip-rng.o
  CC      drivers/clk/mediatek/clk-mt8196-apmixedsys.o
  AR      drivers/clk/microchip/built-in.a
  CC      drivers/tty/serial/serial_base_bus.o
  CC      drivers/char/hw_random/xilinx-trng.o
  CC      drivers/clk/mediatek/clk-mt8196-topckgen.o
  CC      drivers/tty/serial/serial_ctrl.o
  CC      drivers/clk/mediatek/clk-mt8196-topckgen2.o
  AR      drivers/char/hw_random/built-in.a
  CC      drivers/tty/serial/serial_port.o
  CC      drivers/char/tpm/tpm-chip.o
  CC      drivers/tty/serial/earlycon.o
  CC      drivers/clk/mediatek/clk-mt8196-vlpckgen.o
  CC      drivers/tty/serial/8250/8250_core.o
  CC      drivers/char/tpm/tpm-dev-common.o
  CC      drivers/clk/mediatek/clk-mt8196-peri_ao.o
  CC      drivers/tty/serial/amba-pl011.o
  CC      drivers/char/tpm/tpm-dev.o
  CC      drivers/clk/mediatek/clk-mt8196-mcu.o
  CC      drivers/tty/serial/8250/8250_platform.o
  CC      drivers/clk/mediatek/clk-mt8196-mdpsys.o
  CC      drivers/char/tpm/tpm-interface.o
  CC      drivers/tty/serial/8250/8250_pnp.o
  CC      drivers/tty/serial/bcm63xx_uart.o
  CC      drivers/clk/mediatek/clk-mt8196-mfg.o
  CC      drivers/char/tpm/tpm1-cmd.o
  CC      drivers/tty/serial/fsl_linflexuart.o
  CC      drivers/tty/serial/8250/8250_port.o
  CC      drivers/clk/mediatek/clk-mt8196-disp0.o
  CC      drivers/char/tpm/tpm2-cmd.o
  CC      drivers/clk/mediatek/clk-mt8196-disp1.o
  CC      drivers/tty/serial/fsl_lpuart.o
  CC      drivers/char/tpm/tpmrm-dev.o
  CC      drivers/clk/mediatek/clk-mt8196-vdisp_ao.o
  CC      drivers/tty/serial/8250/8250_dma.o
  CC      drivers/clk/mediatek/clk-mt8196-ovl0.o
  CC      drivers/char/tpm/tpm2-space.o
  CC      drivers/tty/serial/8250/8250_dwlib.o
  CC      drivers/tty/serial/imx.o
  CC      drivers/clk/mediatek/clk-mt8196-ovl1.o
  CC      drivers/tty/serial/8250/8250_pcilib.o
  CC      drivers/clk/mediatek/clk-mt8196-pextp.o
  CC      drivers/char/tpm/tpm-sysfs.o
  CC      drivers/tty/serial/8250/8250_early.o
  CC      drivers/tty/serial/imx_earlycon.o
  CC      drivers/clk/mediatek/clk-mt8196-ufs_ao.o
  CC      drivers/char/tpm/eventlog/common.o
  CC      drivers/tty/serial/8250/8250_bcm2835aux.o
  CC      drivers/tty/serial/meson_uart.o
  CC      drivers/clk/mediatek/clk-mt8196-vdec.o
  CC      drivers/char/tpm/eventlog/tpm1.o
  CC      drivers/tty/serial/8250/8250_bcm7271.o
  CC      drivers/clk/mediatek/clk-mt8196-venc.o
  CC      drivers/tty/serial/msm_serial.o
  CC      drivers/clk/mediatek/clk-mt8365-apmixedsys.o
  CC      drivers/char/tpm/eventlog/tpm2.o
  CC      drivers/tty/serial/8250/8250_dw.o
  CC      drivers/clk/mediatek/clk-mt8365.o
  CC      drivers/tty/serial/mvebu-uart.o
  CC      drivers/char/tpm/tpm-buf.o
  CC      drivers/tty/serial/8250/8250_em.o
  CC      drivers/clk/mediatek/clk-mt8365-apu.o
  CC      drivers/tty/serial/owl-uart.o
  CC      drivers/char/tpm/tpm2-sessions.o
  CC      drivers/tty/serial/8250/8250_exar.o
  CC      drivers/clk/mediatek/clk-mt8365-cam.o
  CC      drivers/char/tpm/tpm_ppi.o
  CC      drivers/clk/mediatek/clk-mt8365-mfg.o
  CC      drivers/clk/mediatek/clk-mt8365-mm.o
  CC      drivers/tty/serial/8250/8250_fsl.o
  CC      drivers/clk/mediatek/clk-mt8365-vdec.o
  CC      drivers/clk/mediatek/clk-mt8365-venc.o
  CC      drivers/char/tpm/eventlog/acpi.o
  CC      drivers/tty/serial/8250/8250_mtk.o
  CC      drivers/clk/mediatek/clk-mt8516-apmixedsys.o
  CC      drivers/clk/mediatek/clk-mt8516.o
  CC      drivers/tty/serial/8250/8250_of.o
  CC      drivers/tty/serial/8250/8250_omap.o
  CC      drivers/char/tpm/eventlog/efi.o
  AR      drivers/clk/mediatek/built-in.a
  CC      drivers/clk/mvebu/armada_ap_cp_helper.o
  CC      drivers/clk/mvebu/armada-37xx-xtal.o
  CC      drivers/tty/serial/8250/8250_pci.o
  CC      drivers/char/tpm/eventlog/of.o
  CC      drivers/tty/serial/8250/8250_pericom.o
  CC      drivers/clk/mvebu/armada-37xx-tbg.o
  CC      drivers/char/tpm/tpm_tis_core.o
  CC      drivers/tty/serial/8250/8250_uniphier.o
  CC      drivers/tty/serial/8250/8250_tegra.o
  CC      drivers/clk/mvebu/armada-37xx-periph.o
  CC      drivers/clk/mvebu/ap806-system-controller.o
  CC      drivers/char/tpm/tpm_tis.o
  CC      drivers/char/tpm/tpm_tis_spi_main.o
  AR      drivers/tty/serial/8250/built-in.a
  CC      drivers/tty/serial/rsci.o
  CC      drivers/clk/mvebu/cp110-system-controller.o
  CC      drivers/char/tpm/tpm_tis_spi_cr50.o
  CC      drivers/char/tpm/tpm_tis_i2c_cr50.o
  CC      drivers/tty/serial/samsung_tty.o
  AR      drivers/clk/mvebu/built-in.a
  CC      drivers/clk/nuvoton/clk-ma35d1.o
  CC      drivers/clk/nuvoton/clk-ma35d1-divider.o
  CC      drivers/char/tpm/tpm_i2c_infineon.o
  CC      drivers/clk/nuvoton/clk-ma35d1-pll.o
  CC      drivers/tty/serial/sh-sci.o
  CC      drivers/tty/serial/stm32-usart.o
  AR      drivers/char/tpm/built-in.a
  AR      drivers/char/built-in.a
  AR      drivers/clk/nuvoton/built-in.a
  CC      drivers/iommu/arm/arm-smmu/qcom_iommu.o
  CC      drivers/clk/qcom/common.o
  CC      drivers/iommu/arm/arm-smmu/arm-smmu.o
  CC      drivers/tty/serial/serial-tegra.o
  CC      drivers/tty/serial/tegra-tcu.o
  CC      drivers/clk/qcom/clk-regmap.o
  CC      drivers/clk/qcom/clk-alpha-pll.o
  CC      drivers/tty/serial/xilinx_uartps.o
  CC      drivers/clk/renesas/r8a774a1-cpg-mssr.o
  CC      drivers/iommu/arm/arm-smmu/arm-smmu-impl.o
  CC      drivers/clk/qcom/clk-pll.o
  CC      drivers/clk/renesas/r8a774b1-cpg-mssr.o
  CC      drivers/tty/serial/serial_mctrl_gpio.o
  CC      drivers/iommu/arm/arm-smmu/arm-smmu-nvidia.o
  CC      drivers/clk/qcom/clk-rcg.o
  CC      drivers/clk/renesas/r8a774c0-cpg-mssr.o
  AR      drivers/tty/serial/built-in.a
  CC      drivers/tty/serdev/core.o
  CC      drivers/clk/qcom/clk-rcg2.o
  CC      drivers/iommu/arm/arm-smmu/arm-smmu-qcom.o
  CC      drivers/clk/renesas/r8a774e1-cpg-mssr.o
  CC      drivers/clk/renesas/r8a7795-cpg-mssr.o
  CC      drivers/tty/serdev/serdev-ttyport.o
  CC      drivers/clk/qcom/clk-branch.o
  AR      drivers/iommu/arm/arm-smmu/built-in.a
  CC      drivers/clk/renesas/r8a7796-cpg-mssr.o
  CC      drivers/iommu/arm/arm-smmu-v3/arm-smmu-v3.o
  CC      drivers/clk/qcom/clk-regmap-divider.o
  AR      drivers/tty/serdev/built-in.a
  AR      drivers/tty/built-in.a
  CC      drivers/gpu/host1x/bus.o
  CC      drivers/clk/renesas/r8a77970-cpg-mssr.o
  CC      drivers/clk/qcom/clk-regmap-mux.o
  CC      drivers/clk/renesas/r8a77980-cpg-mssr.o
  CC      drivers/clk/qcom/clk-regmap-mux-div.o
  CC      drivers/gpu/host1x/syncpt.o
  CC      drivers/clk/renesas/r8a77990-cpg-mssr.o
  CC      drivers/clk/qcom/clk-regmap-phy-mux.o
  CC      drivers/clk/renesas/r8a77995-cpg-mssr.o
  CC      drivers/gpu/host1x/dev.o
  CC      drivers/clk/qcom/clk-hfpll.o
  AR      drivers/iommu/arm/arm-smmu-v3/built-in.a
  AR      drivers/iommu/arm/built-in.a
  CC      drivers/iommu/iommu.o
  CC      drivers/clk/renesas/r8a779a0-cpg-mssr.o
  CC      drivers/gpu/host1x/intr.o
  CC      drivers/clk/qcom/reset.o
  CC      drivers/clk/renesas/r8a779g0-cpg-mssr.o
  CC      drivers/clk/renesas/r8a779h0-cpg-mssr.o
  CC      drivers/clk/qcom/gdsc.o
  CC      drivers/gpu/host1x/cdma.o
  CC      drivers/iommu/iommu-pages.o
  CC      drivers/clk/renesas/r9a07g043-cpg.o
  CC      drivers/gpu/host1x/channel.o
  CC      drivers/clk/qcom/dispcc-eliza.o
  CC      drivers/iommu/iommu-traces.o
  CC      drivers/clk/renesas/r9a07g044-cpg.o
  CC      drivers/clk/qcom/gcc-eliza.o
  CC      drivers/iommu/iommu-sysfs.o
  CC      drivers/gpu/host1x/job.o
  CC      drivers/clk/renesas/r9a08g045-cpg.o
  CC      drivers/clk/qcom/tcsrcc-eliza.o
  CC      drivers/iommu/dma-iommu.o
  CC      drivers/clk/renesas/r9a08g046-cpg.o
  CC      drivers/gpu/host1x/debug.o
  CC      drivers/clk/renesas/r9a09g011-cpg.o
  CC      drivers/clk/qcom/lpass-gfm-sm8250.o
  CC      drivers/gpu/host1x/mipi.o
  CC      drivers/clk/renesas/r9a09g047-cpg.o
  CC      drivers/clk/qcom/gcc-glymur.o
  CC      drivers/iommu/io-pgtable.o
  CC      drivers/gpu/host1x/tegra114-mipi.o
  CC      drivers/clk/qcom/tcsrcc-glymur.o
  CC      drivers/iommu/io-pgtable-arm.o
  CC      drivers/clk/renesas/r9a09g057-cpg.o
  CC      drivers/gpu/host1x/fence.o
  CC      drivers/clk/qcom/cambistmclkcc-kaanapali.o
  CC      drivers/gpu/host1x/hw/host1x01.o
  CC      drivers/iommu/io-pgtable-dart.o
  CC      drivers/clk/qcom/camcc-kaanapali.o
  CC      drivers/clk/renesas/r9a09g077-cpg.o
  CC      drivers/iommu/iova.o
  CC      drivers/gpu/host1x/hw/host1x02.o
  CC      drivers/clk/qcom/dispcc-kaanapali.o
  CC      drivers/clk/qcom/gcc-kaanapali.o
  CC      drivers/clk/renesas/rcar-cpg-lib.o
  CC      drivers/iommu/of_iommu.o
  CC      drivers/gpu/host1x/hw/host1x04.o
  CC      drivers/clk/renesas/rcar-gen3-cpg.o
  CC      drivers/iommu/rockchip-iommu.o
  CC      drivers/clk/qcom/gpucc-kaanapali.o
  CC      drivers/gpu/host1x/hw/host1x05.o
  CC      drivers/clk/renesas/rcar-gen4-cpg.o
  CC      drivers/clk/qcom/gxclkctl-kaanapali.o
  CC      drivers/iommu/apple-dart.o
  CC      drivers/gpu/host1x/hw/host1x06.o
  CC      drivers/clk/qcom/tcsrcc-kaanapali.o
  CC      drivers/clk/renesas/rcar-usb2-clock-sel.o
  CC      drivers/clk/qcom/videocc-kaanapali.o
  AR      drivers/iommu/built-in.a
  CC      drivers/clk/renesas/rzg2l-cpg.o
  CC      drivers/gpu/host1x/hw/host1x07.o
  CC      drivers/base/component.o
  CC      drivers/clk/qcom/camcc-x1e80100.o
  CC      drivers/base/core.o
  CC      drivers/gpu/host1x/hw/host1x08.o
  CC      drivers/clk/renesas/rzv2h-cpg.o
  CC      drivers/clk/qcom/dispcc-x1e80100.o
  CC      drivers/gpu/host1x/context.o
  CC      drivers/clk/qcom/gcc-x1e80100.o
  CC      drivers/clk/renesas/renesas-cpg-mssr.o
  CC      drivers/clk/qcom/gpucc-x1e80100.o
  CC      drivers/gpu/host1x/context_bus.o
  CC      drivers/clk/renesas/clk-div6.o
  CC      drivers/base/bus.o
  AR      drivers/gpu/host1x/built-in.a
  CC      drivers/clk/qcom/tcsrcc-x1e80100.o
  CC      drivers/gpu/drm/drm_panel_orientation_quirks.o
  CC      drivers/clk/renesas/clk-vbattb.o
  CC      drivers/base/dd.o
  CC      drivers/clk/qcom/gpucc-x1p42100.o
  AR      drivers/gpu/drm/built-in.a
  CC      drivers/gpu/trace/trace_gpu_mem.o
  AR      drivers/clk/renesas/built-in.a
  CC      drivers/base/syscore.o
  CC      drivers/clk/qcom/gpucc-qcm2290.o
  AR      drivers/gpu/trace/built-in.a
  AR      drivers/gpu/built-in.a
  CC      drivers/block/loop.o
  CC      drivers/base/driver.o
  CC      drivers/base/class.o
  CC      drivers/clk/qcom/apss-ipq-pll.o
  CC      drivers/base/platform.o
  CC      drivers/clk/qcom/apss-ipq5424.o
  CC      drivers/base/cpu.o
  CC      drivers/block/nbd.o
  CC      drivers/clk/qcom/apss-ipq6018.o
  CC      drivers/base/firmware.o
  CC      drivers/base/init.o
  CC      drivers/clk/qcom/gcc-ipq5018.o
  CC      drivers/clk/qcom/gcc-ipq5210.o
  CC      drivers/base/map.o
  CC      drivers/clk/qcom/gcc-ipq5332.o
  CC      drivers/block/virtio_blk.o
  CC      drivers/clk/qcom/gcc-ipq5424.o
  CC      drivers/base/devres.o
  CC      drivers/clk/qcom/gcc-ipq6018.o
  CC      drivers/clk/qcom/gcc-ipq8074.o
  CC      drivers/base/attribute_container.o
  AR      drivers/block/built-in.a
  CC      drivers/base/transport_class.o
  CC      drivers/clk/qcom/gcc-ipq9574.o
  CC      drivers/clk/qcom/nsscc-ipq9574.o
  CC      drivers/base/topology.o
  CC      drivers/base/container.o
  CC      drivers/base/property.o
  CC      drivers/base/cacheinfo.o
  CC      drivers/clk/qcom/gcc-msm8916.o
  CC      drivers/base/swnode.o
  CC      drivers/clk/qcom/gcc-msm8953.o
  CC      drivers/clk/rockchip/clk.o
  CC      drivers/base/faux.o
  CC      drivers/base/auxiliary.o
  CC      drivers/clk/qcom/gcc-msm8994.o
  CC      drivers/base/devtmpfs.o
  CC      drivers/base/power/sysfs.o
  CC      drivers/clk/rockchip/clk-pll.o
  CC      drivers/clk/qcom/gcc-msm8996.o
  CC      drivers/base/power/generic_ops.o
  CC      drivers/clk/rockchip/clk-cpu.o
  CC      drivers/base/firmware_loader/fallback_table.o
  CC      drivers/clk/qcom/gcc-msm8998.o
  CC      drivers/base/power/common.o
  CC      drivers/clk/rockchip/clk-gate-grf.o
  CC      drivers/clk/qcom/mmcc-msm8994.o
  CC      drivers/base/firmware_loader/main.o
  CC      drivers/clk/rockchip/clk-half-divider.o
  CC      drivers/base/power/qos.o
  CC      drivers/clk/qcom/mmcc-msm8996.o
  CC      drivers/clk/rockchip/clk-inverter.o
  CC      drivers/clk/qcom/mmcc-msm8998.o
  CC      drivers/base/firmware_loader/fallback.o
  CC      drivers/clk/rockchip/clk-mmc-phase.o
  CC      drivers/base/power/runtime.o
  CC      drivers/clk/rockchip/clk-muxgrf.o
  CC      drivers/clk/qcom/a53-pll.o
  CC      drivers/base/firmware_loader/sysfs.o
  CC      drivers/clk/rockchip/clk-ddr.o
  CC      drivers/base/power/wakeirq.o
  CC      drivers/clk/qcom/apcs-msm8916.o
  CC      drivers/clk/rockchip/gate-link.o
  CC      drivers/base/firmware_loader/sysfs_upload.o
  CC      drivers/base/power/main.o
  CC      drivers/clk/qcom/clk-rpmh.o
  CC      drivers/clk/rockchip/softrst.o
  CC      drivers/base/firmware_loader/builtin/main.o
  CC      drivers/clk/qcom/clk-smd-rpm.o
  AR      drivers/base/firmware_loader/builtin/built-in.a
  AR      drivers/base/firmware_loader/built-in.a
  CC      drivers/base/node.o
  CC      drivers/clk/rockchip/clk-px30.o
  CC      drivers/base/power/wakeup.o
  CC      drivers/clk/qcom/gcc-qcm2290.o
  CC      drivers/clk/rockchip/clk-rv1126b.o
  CC      drivers/base/memory.o
  CC      drivers/clk/qcom/dispcc-qcm2290.o
  CC      drivers/clk/rockchip/rst-rv1126b.o
  CC      drivers/base/power/wakeup_stats.o
  CC      drivers/clk/qcom/dispcc-qcs615.o
  CC      drivers/base/auxiliary_sysfs.o
  CC      drivers/base/power/clock_ops.o
  CC      drivers/clk/rockchip/clk-rk3308.o
  CC      drivers/base/regmap/regmap.o
  CC      drivers/clk/qcom/camcc-qcs615.o
  AR      drivers/base/power/built-in.a
  CC      drivers/base/regmap/regcache.o
  CC      drivers/clk/rockchip/clk-rk3328.o
  CC      drivers/clk/qcom/gcc-qcs615.o
  CC      drivers/clk/rockchip/clk-rk3399.o
  CC      drivers/base/regmap/regcache-rbtree.o
  CC      drivers/base/regmap/regcache-flat.o
  CC      drivers/clk/qcom/gcc-qcs8300.o
  CC      drivers/clk/qcom/gpucc-qcs615.o
  CC      drivers/base/regmap/regcache-maple.o
  CC      drivers/clk/rockchip/clk-rk3528.o
  CC      drivers/clk/qcom/videocc-qcs615.o
  CC      drivers/clk/qcom/gcc-qdu1000.o
  CC      drivers/base/regmap/regmap-debugfs.o
  CC      drivers/clk/rockchip/rst-rk3528.o
  CC      drivers/clk/qcom/camcc-sc7280.o
  CC      drivers/clk/samsung/clk.o
  CC      drivers/clk/rockchip/clk-rk3562.o
  CC      drivers/base/regmap/regmap-i2c.o
  CC      drivers/clk/qcom/camcc-sc8280xp.o
  CC      drivers/clk/samsung/clk-pll.o
  CC      drivers/clk/rockchip/rst-rk3562.o
  CC      drivers/clk/qcom/dispcc-sc7280.o
  CC      drivers/base/regmap/regmap-spi.o
  CC      drivers/clk/rockchip/clk-rk3568.o
  CC      drivers/clk/samsung/clk-cpu.o
  CC      drivers/clk/qcom/dispcc-sc8280xp.o
  CC      drivers/base/regmap/regmap-spmi.o
  CC      drivers/clk/samsung/clk-artpec8.o
  CC      drivers/clk/rockchip/clk-rk3576.o
  CC      drivers/clk/qcom/camcc-sa8775p.o
  CC      drivers/base/regmap/regmap-mmio.o
  CC      drivers/clk/samsung/clk-artpec9.o
  CC      drivers/clk/rockchip/rst-rk3576.o
  CC      drivers/clk/qcom/dispcc0-sa8775p.o
  CC      drivers/base/regmap/regmap-irq.o
  CC      drivers/clk/samsung/clk-exynos5433.o
  CC      drivers/clk/rockchip/clk-rk3588.o
  CC      drivers/clk/qcom/dispcc1-sa8775p.o
  CC      drivers/clk/samsung/clk-exynos-audss.o
  AR      drivers/base/regmap/built-in.a
  CC      drivers/base/soc.o
  CC      drivers/clk/rockchip/rst-rk3588.o
  CC      drivers/clk/qcom/gcc-sa8775p.o
  CC      drivers/clk/samsung/clk-exynos-clkout.o
  CC      drivers/base/pinctrl.o
  AR      drivers/clk/rockchip/built-in.a
  CC      drivers/clk/socfpga/clk-s10.o
  CC      drivers/clk/qcom/gpucc-sa8775p.o
  CC      drivers/base/devcoredump.o
  CC      drivers/clk/samsung/clk-exynos-arm64.o
  CC      drivers/clk/socfpga/clk-pll-s10.o
  CC      drivers/clk/qcom/videocc-sa8775p.o
  CC      drivers/clk/socfpga/clk-periph-s10.o
  CC      drivers/base/platform-msi.o
  CC      drivers/clk/samsung/clk-exynos2200.o
  CC      drivers/clk/qcom/gcc-sc7180.o
  CC      drivers/clk/socfpga/clk-gate-s10.o
  CC      drivers/base/arch_topology.o
  CC      drivers/clk/qcom/gcc-sc7280.o
  CC      drivers/clk/samsung/clk-exynos7.o
  CC      drivers/clk/socfpga/clk-agilex.o
  CC      drivers/clk/samsung/clk-exynos7870.o
  CC      drivers/base/arch_numa.o
  CC      drivers/clk/qcom/gcc-sc8180x.o
  CC      drivers/clk/socfpga/clk-agilex5.o
  CC      drivers/clk/samsung/clk-exynos7885.o
  CC      drivers/clk/qcom/gcc-sc8280xp.o
  AR      drivers/clk/socfpga/built-in.a
  CC      drivers/clk/qcom/gpucc-sc7280.o
  CC      drivers/base/physical_location.o
  CC      drivers/clk/samsung/clk-exynos850.o
  CC      drivers/clk/qcom/gpucc-sc8280xp.o
  CC      drivers/clk/qcom/lpasscc-sc8280xp.o
  AR      drivers/base/built-in.a
  CC      drivers/misc/qcom-coincell.o
  CC      drivers/clk/samsung/clk-exynos8895.o
  CC      drivers/clk/qcom/lpasscorecc-sc7280.o
  CC      drivers/clk/qcom/lpassaudiocc-sc7280.o
  CC      drivers/misc/fastrpc.o
  CC      drivers/clk/samsung/clk-exynos990.o
  CC      drivers/clk/qcom/videocc-sc7280.o
  CC      drivers/clk/qcom/camcc-sdm845.o
  CC      drivers/clk/samsung/clk-exynosautov9.o
  CC      drivers/clk/qcom/dispcc-sdm845.o
  CC      drivers/clk/qcom/gcc-sdm845.o
  CC      drivers/misc/eeprom/at24.o
  CC      drivers/clk/samsung/clk-exynosautov920.o
  CC      drivers/misc/eeprom/at25.o
  CC      drivers/clk/qcom/gpucc-sdm845.o
  CC      drivers/misc/eeprom/eeprom_93cx6.o
  CC      drivers/clk/samsung/clk-gs101.o
  CC      drivers/clk/samsung/clk-acpm.o
  CC      drivers/clk/qcom/lpasscc-sdm845.o
  AR      drivers/misc/eeprom/built-in.a
  CC      drivers/misc/sram.o
  CC      drivers/clk/samsung/clk-fsd.o
  CC      drivers/misc/pci_endpoint_test.o
  CC      drivers/clk/qcom/videocc-sdm845.o
  CC      drivers/misc/uacce/uacce.o
  AR      drivers/clk/samsung/built-in.a
  AR      drivers/clk/sophgo/built-in.a
  CC      drivers/misc/xilinx_sdfec.o
  CC      drivers/clk/qcom/camcc-sm6350.o
  CC      drivers/misc/tps6594-esm.o
  AR      drivers/misc/uacce/built-in.a
  CC      drivers/misc/tps6594-pfsm.o
  CC      drivers/clk/qcom/camcc-sm8250.o
  CC      drivers/misc/rp1/rp1_pci.o
  CC      drivers/clk/qcom/camcc-sm8550.o
  CC      drivers/clk/qcom/camcc-sm8650.o
  CC      drivers/clk/qcom/cambistmclkcc-sm8750.o
  CC      drivers/clk/qcom/camcc-sm8750.o
  AR      drivers/misc/rp1/built-in.a
  AR      drivers/misc/built-in.a
  CC      drivers/clk/qcom/camcc-milos.o
  CC      drivers/mfd/bcm2835-pm.o
  CC      drivers/clk/qcom/dispcc-sm6115.o
  CC      drivers/clk/qcom/dispcc-sm6350.o
  CC      drivers/clk/qcom/dispcc-sm8250.o
  CC      drivers/mfd/bd9571mwv.o
  CC      drivers/clk/qcom/dispcc-sm8450.o
  CC      drivers/nfc/nxp-nci/core.o
  CC      drivers/nfc/s3fwrn5/core.o
  CC      drivers/clk/qcom/dispcc-sm8550.o
  CC      drivers/mfd/cros_ec_dev.o
  CC      drivers/nfc/nxp-nci/firmware.o
  CC      drivers/clk/qcom/dispcc-sm8750.o
  CC      drivers/nfc/s3fwrn5/firmware.o
  CC      drivers/mfd/exynos-lpass.o
  CC      drivers/nfc/nxp-nci/i2c.o
  CC      drivers/clk/qcom/dispcc-milos.o
  CC      drivers/mfd/macsmc.o
  CC      drivers/nfc/s3fwrn5/nci.o
  CC      drivers/clk/qcom/gcc-sm4450.o
  AR      drivers/nfc/nxp-nci/built-in.a
  CC      drivers/clk/qcom/gcc-sm6115.o
  CC      drivers/mfd/lp873x.o
  CC      drivers/nfc/s3fwrn5/phy_common.o
  CC      drivers/clk/qcom/gcc-sm6350.o
  CC      drivers/clk/qcom/gcc-sm8150.o
  CC      drivers/mfd/ti_am335x_tscadc.o
  CC      drivers/nfc/s3fwrn5/i2c.o
  CC      drivers/clk/qcom/gcc-sm8250.o
  CC      drivers/clk/qcom/gcc-sm8350.o
  CC      drivers/mfd/wm8994-core.o
  AR      drivers/nfc/s3fwrn5/built-in.a
  AR      drivers/nfc/built-in.a
  CC      drivers/dma-buf/dma-buf.o
  CC      drivers/clk/qcom/gcc-sm8450.o
  CC      drivers/clk/qcom/gcc-sm8550.o
  CC      drivers/mfd/wm8994-irq.o
  CC      drivers/dma-buf/dma-fence.o
  CC      drivers/clk/qcom/gcc-sm8650.o
  CC      drivers/dma-buf/dma-fence-array.o
  CC      drivers/dma-buf/dma-fence-chain.o
  CC      drivers/mfd/wm8994-regmap.o
  CC      drivers/clk/qcom/gcc-sm8750.o
  CC      drivers/clk/qcom/gcc-milos.o
  CC      drivers/dma-buf/dma-fence-unwrap.o
  CC      drivers/clk/qcom/gpucc-sm6115.o
  CC      drivers/mfd/tps65219.o
  CC      drivers/clk/qcom/gpucc-sm6350.o
  CC      drivers/dma-buf/dma-resv.o
  CC      drivers/clk/qcom/gpucc-sm8150.o
  CC      drivers/clk/qcom/gpucc-sm8250.o
  CC      drivers/mfd/tps6594-core.o
  CC      drivers/dma-buf/dma-buf-mapping.o
  CC      drivers/clk/qcom/gpucc-sm8350.o
  CC      drivers/clk/qcom/gpucc-sm8450.o
  CC      drivers/mfd/tps6594-i2c.o
  CC      drivers/dma-buf/heaps/system_heap.o
  CC      drivers/clk/qcom/gpucc-sm8550.o
  CC      drivers/clk/qcom/gpucc-sm8650.o
  CC      drivers/mfd/mfd-core.o
  CC      drivers/clk/qcom/gpucc-milos.o
  CC      drivers/dma-buf/heaps/cma_heap.o
  CC      drivers/clk/qcom/tcsrcc-sm8550.o
  CC      drivers/clk/qcom/tcsrcc-sm8650.o
  CC      drivers/mfd/axp20x.o
  CC      drivers/clk/qcom/tcsrcc-sm8750.o
  AR      drivers/dma-buf/heaps/built-in.a
  CC      drivers/dma-buf/sync_file.o
  CC      drivers/clk/qcom/videocc-sm6350.o
  CC      drivers/clk/qcom/videocc-sm8250.o
  CC      drivers/mfd/axp20x-i2c.o
  CC      drivers/dma-buf/dma-heap.o
  CC      drivers/clk/qcom/videocc-sm8450.o
  CC      drivers/clk/qcom/videocc-sm8550.o
  CC      drivers/mfd/axp20x-rsb.o
  CC      drivers/clk/qcom/videocc-sm8750.o
  AR      drivers/dma-buf/built-in.a
  CC      drivers/scsi/scsi.o
  CC      drivers/clk/qcom/videocc-milos.o
  CC      drivers/clk/qcom/hfpll.o
  CC      drivers/mfd/da9062-core.o
  CC      drivers/scsi/hosts.o
  CC      drivers/mfd/max77620.o
  CC      drivers/clk/qcom/camcc-x1p42100.o
  CC      drivers/mfd/max77759.o
  CC      drivers/clk/qcom/videocc-x1p42100.o
  CC      drivers/scsi/scsi_ioctl.o
  CC      drivers/scsi/scsicam.o
  CC      drivers/mfd/mt6360-core.o
  CC      drivers/clk/qcom/gcc-ipq9650.o
  CC      drivers/scsi/scsi_error.o
  CC      drivers/clk/qcom/gpucc-sm8750.o
  CC      drivers/scsi/scsi_lib.o
  CC      drivers/mfd/mt6397-core.o
  AR      drivers/clk/qcom/built-in.a
  CC      drivers/clk/stm32/clk-stm32mp21.o
  CC      drivers/mfd/mt6397-irq.o
  CC      drivers/mfd/mt6358-irq.o
  CC      drivers/clk/stm32/clk-stm32-core.o
  CC      drivers/mfd/rz-mtu3.o
  CC      drivers/scsi/scsi_lib_dma.o
  CC      drivers/scsi/scsi_scan.o
  CC      drivers/clk/stm32/reset-stm32.o
  CC      drivers/mfd/adp5585.o
  CC      drivers/scsi/scsi_sysfs.o
  CC      drivers/scsi/scsi_devinfo.o
  CC      drivers/clk/stm32/clk-stm32mp25.o
  AR      drivers/clk/stm32/built-in.a
  CC      drivers/scsi/scsi_sysctl.o
  CC      drivers/clk/sunxi-ng/ccu_common.o
  CC      drivers/clk/sunxi-ng/ccu_mmc_timing.o
  CC      drivers/mfd/qcom-spmi-pmic.o
  CC      drivers/clk/sunxi-ng/ccu_reset.o
  CC      drivers/clk/sunxi-ng/ccu_div.o
  CC      drivers/scsi/scsi_debugfs.o
  CC      drivers/mfd/rk8xx-core.o
  CC      drivers/mfd/rk8xx-i2c.o
  CC      drivers/clk/sunxi-ng/ccu_frac.o
  CC      drivers/scsi/scsi_trace.o
  CC      drivers/mfd/rk8xx-spi.o
  CC      drivers/clk/sunxi-ng/ccu_gate.o
  CC      drivers/mfd/sec-common.o
  CC      drivers/clk/sunxi-ng/ccu_mux.o
  CC      drivers/scsi/scsi_logging.o
  CC      drivers/mfd/sec-irq.o
  CC      drivers/mfd/sec-acpm.o
  CC      drivers/clk/sunxi-ng/ccu_mult.o
  CC      drivers/mfd/sec-i2c.o
  CC      drivers/mfd/syscon.o
  CC      drivers/scsi/scsi_pm.o
  CC      drivers/clk/sunxi-ng/ccu_phase.o
  CC      drivers/clk/sunxi-ng/ccu_sdm.o
  CC      drivers/mfd/vexpress-sysreg.o
  CC      drivers/mfd/hi6421-pmic-core.o
  CC      drivers/scsi/scsi_bsg.o
  CC      drivers/clk/sunxi-ng/ccu_nk.o
  CC      drivers/mfd/hi655x-pmic.o
  CC      drivers/mfd/altera-sysmgr.o
  CC      drivers/scsi/scsi_common.o
  CC      drivers/clk/sunxi-ng/ccu_nkm.o
  CC      drivers/mfd/stm32-lptimer.o
  CC      drivers/mfd/stm32-timers.o
  CC      drivers/scsi/raid_class.o
  CC      drivers/clk/sunxi-ng/ccu_nkmp.o
  CC      drivers/clk/sunxi-ng/ccu_nm.o
  CC      drivers/mfd/rohm-bd718x7.o
  CC      drivers/clk/sunxi-ng/ccu_mp.o
  CC      drivers/scsi/scsi_transport_sas.o
  CC      drivers/clk/tegra/clk.o
  CC      drivers/clk/sunxi-ng/ccu-sun50i-a64.o
  CC      drivers/mfd/khadas-mcu.o
  CC      drivers/clk/sunxi-ng/ccu-sun50i-a100.o
  CC      drivers/scsi/libsas/sas_init.o
  CC      drivers/clk/tegra/clk-audio-sync.o
  CC      drivers/mfd/qcom-pm8008.o
  CC      drivers/clk/tegra/clk-device.o
  CC      drivers/clk/sunxi-ng/ccu-sun50i-a100-r.o
  CC      drivers/scsi/libsas/sas_phy.o
  CC      drivers/clk/tegra/clk-dfll.o
  CC      drivers/clk/sunxi-ng/ccu-sun50i-h6.o
  CC      drivers/mfd/simple-mfd-i2c.o
  CC      drivers/scsi/libsas/sas_port.o
  CC      drivers/clk/sunxi-ng/ccu-sun50i-h616.o
  AR      drivers/mfd/built-in.a
  CC      drivers/scsi/libsas/sas_event.o
  CC      drivers/clk/tegra/clk-divider.o
  CC      drivers/clk/sunxi-ng/ccu-sun55i-a523.o
  CC      drivers/scsi/libsas/sas_discover.o
  CC      drivers/clk/tegra/clk-periph.o
  CC      drivers/scsi/libsas/sas_expander.o
  CC      drivers/clk/tegra/clk-periph-fixed.o
  CC      drivers/clk/sunxi-ng/ccu-sun55i-a523-mcu.o
  CC      drivers/scsi/libsas/sas_scsi_host.o
  CC      drivers/clk/tegra/clk-periph-gate.o
  CC      drivers/clk/sunxi-ng/ccu-sun55i-a523-r.o
  CC      drivers/scsi/libsas/sas_task.o
  CC      drivers/clk/tegra/clk-pll.o
  CC      drivers/clk/sunxi-ng/ccu-sun6i-rtc.o
  CC      drivers/scsi/libsas/sas_ata.o
  CC      drivers/clk/sunxi-ng/ccu-sun8i-h3.o
  CC      drivers/scsi/libsas/sas_host_smp.o
  CC      drivers/clk/tegra/clk-pll-out.o
  CC      drivers/clk/sunxi-ng/ccu-sun8i-de2.o
  CC      drivers/clk/tegra/clk-sdmmc-mux.o
  CC      drivers/clk/tegra/clk-super.o
  AR      drivers/scsi/libsas/built-in.a
  CC      drivers/scsi/megaraid/megaraid_sas_base.o
  CC      drivers/clk/sunxi-ng/ccu-sun8i-r.o
  CC      drivers/clk/tegra/clk-tegra-audio.o
  CC      drivers/clk/tegra/clk-tegra-periph.o
  CC      drivers/clk/tegra/clk-tegra-fixed.o
  AR      drivers/clk/sunxi-ng/built-in.a
  CC      drivers/clk/tegra/clk-tegra-super-cclk.o
  CC      drivers/clk/uniphier/clk-uniphier-core.o
  CC      drivers/clk/tegra/clk-tegra-super-gen4.o
  CC      drivers/clk/tegra/clk-tegra124-dfll-fcpu.o
  CC      drivers/clk/uniphier/clk-uniphier-cpugear.o
  CC      drivers/clk/uniphier/clk-uniphier-fixed-factor.o
  CC      drivers/clk/uniphier/clk-uniphier-fixed-rate.o
  CC      drivers/clk/tegra/clk-tegra124.o
  CC      drivers/clk/uniphier/clk-uniphier-gate.o
  CC      drivers/scsi/megaraid/megaraid_sas_fusion.o
  CC      drivers/clk/uniphier/clk-uniphier-mux.o
  CC      drivers/clk/tegra/cvb.o
  CC      drivers/clk/uniphier/clk-uniphier-sys.o
  CC      drivers/clk/uniphier/clk-uniphier-mio.o
  CC      drivers/clk/uniphier/clk-uniphier-peri.o
  CC      drivers/clk/tegra/clk-tegra210.o
  AR      drivers/clk/uniphier/built-in.a
  CC      drivers/clk/versatile/clk-vexpress-osc.o
  CC      drivers/clk/tegra/clk-tegra210-emc.o
  AR      drivers/clk/versatile/built-in.a
  CC      drivers/clk/visconti/clkc.o
  CC      drivers/clk/tegra/clk-bpmp.o
  CC      drivers/clk/tegra/clk-utils.o
  CC      drivers/scsi/megaraid/megaraid_sas_fp.o
  CC      drivers/scsi/megaraid/megaraid_sas_debugfs.o
  CC      drivers/clk/visconti/pll.o
  AR      drivers/clk/tegra/built-in.a
  CC      drivers/clk/xilinx/xlnx_vcu.o
  CC      drivers/clk/visconti/reset.o
  CC      drivers/clk/xilinx/clk-xlnx-clock-wizard.o
  AR      drivers/scsi/megaraid/built-in.a
  CC      drivers/scsi/mpt3sas/mpt3sas_base.o
  CC      drivers/scsi/mpt3sas/mpt3sas_config.o
  CC      drivers/clk/visconti/pll-tmpv770x.o
  AR      drivers/clk/xilinx/built-in.a
  CC      drivers/clk/zynqmp/pll.o
  CC      drivers/clk/visconti/clkc-tmpv770x.o
  CC      drivers/clk/zynqmp/clk-gate-zynqmp.o
  CC      drivers/scsi/mpt3sas/mpt3sas_scsih.o
  AR      drivers/clk/visconti/built-in.a
  CC      drivers/scsi/mpt3sas/mpt3sas_transport.o
  CC      drivers/clk/zynqmp/divider.o
  CC      drivers/clk/zynqmp/clk-mux-zynqmp.o
  CC      drivers/clk/zynqmp/clkc.o
  CC      drivers/scsi/mpt3sas/mpt3sas_ctl.o
  CC      drivers/scsi/mpt3sas/mpt3sas_trigger_diag.o
  AR      drivers/clk/zynqmp/built-in.a
  AR      drivers/clk/built-in.a
  CC      drivers/nvme/host/core.o
  CC      drivers/scsi/mpt3sas/mpt3sas_warpdrive.o
  CC      drivers/scsi/mpt3sas/mpt3sas_debugfs.o
  CC      drivers/nvme/host/ioctl.o
  CC      drivers/nvme/host/sysfs.o
  AR      drivers/scsi/mpt3sas/built-in.a
  CC      drivers/scsi/sd.o
  CC      drivers/nvme/host/pr.o
  CC      drivers/nvme/host/pci.o
  CC      drivers/nvme/host/apple.o
  CC      drivers/scsi/sd_dif.o
  CC      drivers/scsi/hisi_sas/hisi_sas_main.o
  CC      drivers/scsi/hisi_sas/hisi_sas_v1_hw.o
  CC      drivers/scsi/hisi_sas/hisi_sas_v2_hw.o
  AR      drivers/nvme/host/built-in.a
  AR      drivers/nvme/built-in.a
  CC      drivers/ata/libata-core.o
  CC      drivers/scsi/hisi_sas/hisi_sas_v3_hw.o
  CC      drivers/ata/libata-scsi.o
  CC      drivers/ata/libata-eh.o
  CC      drivers/ata/libata-transport.o
  AR      drivers/scsi/hisi_sas/built-in.a
  AR      drivers/scsi/built-in.a
  CC      drivers/mtd/mtdcore.o
  CC      drivers/ata/libata-trace.o
  CC      drivers/ata/libata-sata.o
  CC      drivers/ata/libata-sff.o
  CC      drivers/ata/libata-pmp.o
  CC      drivers/ata/ahci.o
  CC      drivers/mtd/mtdsuper.o
  CC      drivers/ata/libahci.o
  CC      drivers/mtd/mtdconcat.o
  CC      drivers/ata/ahci_platform.o
  CC      drivers/ata/libahci_platform.o
  CC      drivers/ata/ahci_brcm.o
  CC      drivers/mtd/mtdpart.o
  CC      drivers/ata/ahci_ceva.o
  CC      drivers/ata/ahci_dwc.o
  CC      drivers/mtd/mtdchar.o
  CC      drivers/ata/ahci_mvebu.o
  CC      drivers/ata/ahci_qoriq.o
  CC      drivers/ata/sata_rcar.o
  CC      drivers/ata/pata_platform.o
  CC      drivers/mtd/parsers/ofpart_core.o
  CC      drivers/ata/pata_of_platform.o
  CC      drivers/mtd/parsers/ofpart_bcm4908.o
  CC      drivers/mtd/mtd_blkdevs.o
  CC      drivers/mtd/mtdblock.o
  AR      drivers/mtd/parsers/built-in.a
  CC      drivers/mtd/chips/chipreg.o
  AR      drivers/ata/built-in.a
  CC      drivers/spi/spi.o
  CC      drivers/mtd/maps/map_funcs.o
  CC      drivers/mtd/chips/cfi_probe.o
  CC      drivers/mtd/devices/sst25l.o
  CC      drivers/mtd/maps/physmap-core.o
  CC      drivers/mtd/chips/cfi_util.o
  AR      drivers/mtd/devices/built-in.a
  CC      drivers/mtd/nand/core.o
  AR      drivers/mtd/maps/built-in.a
  CC      drivers/mtd/spi-nor/core.o
  CC      drivers/mtd/chips/cfi_cmdset_0020.o
  CC      drivers/mtd/nand/bbt.o
  CC      drivers/spi/spi-mem.o
  CC      drivers/mtd/nand/ecc.o
  CC      drivers/mtd/chips/cfi_cmdset_0002.o
  CC      drivers/spi/spidev.o
  CC      drivers/mtd/nand/ecc-sw-hamming.o
  CC      drivers/mtd/spi-nor/sfdp.o
  CC      drivers/mtd/nand/qpic_common.o
  CC      drivers/spi/spi-apple.o
  CC      drivers/mtd/chips/cfi_cmdset_0001.o
  CC      drivers/mtd/spi-nor/swp.o
  CC      drivers/mtd/nand/raw/nand_base.o
  CC      drivers/spi/spi-armada-3700.o
  CC      drivers/mtd/spi-nor/otp.o
  CC      drivers/mtd/chips/gen_probe.o
  CC      drivers/spi/spi-bcm2835.o
  AR      drivers/mtd/chips/built-in.a
  CC      drivers/mtd/nand/raw/nand_legacy.o
  CC      drivers/mtd/spi-nor/sysfs.o
  CC      drivers/mtd/nand/raw/nand_bbt.o
  CC      drivers/mtd/spi-nor/atmel.o
  CC      drivers/mtd/nand/raw/nand_timings.o
  CC      drivers/spi/spi-bcm2835aux.o
  CC      drivers/mtd/nand/raw/nand_ids.o
  CC      drivers/mtd/nand/raw/nand_onfi.o
  CC      drivers/mtd/spi-nor/eon.o
  CC      drivers/spi/spi-iproc-qspi.o
  CC      drivers/mtd/nand/raw/nand_jedec.o
  CC      drivers/mtd/nand/raw/nand_amd.o
  CC      drivers/mtd/spi-nor/esmt.o
  CC      drivers/mtd/nand/raw/nand_esmt.o
  CC      drivers/spi/spi-brcmstb-qspi.o
  CC      drivers/spi/spi-bcm-qspi.o
  CC      drivers/mtd/nand/raw/nand_hynix.o
  CC      drivers/mtd/spi-nor/everspin.o
  CC      drivers/mtd/nand/spi/core.o
  CC      drivers/mtd/nand/raw/nand_macronix.o
  CC      drivers/spi/spi-bitbang.o
  CC      drivers/mtd/spi-nor/gigadevice.o
  CC      drivers/mtd/nand/raw/nand_micron.o
  CC      drivers/mtd/nand/spi/otp.o
  CC      drivers/spi/spi-cadence-quadspi.o
  CC      drivers/mtd/spi-nor/intel.o
  CC      drivers/mtd/nand/raw/nand_sandisk.o
  CC      drivers/mtd/nand/spi/alliancememory.o
  CC      drivers/mtd/nand/raw/nand_samsung.o
  CC      drivers/mtd/spi-nor/issi.o
  CC      drivers/mtd/nand/spi/ato.o
  CC      drivers/spi/spi-fsl-dspi.o
  CC      drivers/mtd/nand/raw/nand_toshiba.o
  CC      drivers/mtd/nand/spi/dosilicon.o
  CC      drivers/mtd/spi-nor/macronix.o
  CC      drivers/mtd/nand/raw/denali.o
  CC      drivers/spi/spi-fsl-lpspi.o
  CC      drivers/mtd/nand/spi/esmt.o
  CC      drivers/mtd/spi-nor/micron-st.o
  CC      drivers/mtd/nand/raw/denali_dt.o
  CC      drivers/mtd/nand/spi/fmsh.o
  CC      drivers/spi/spi-fsl-qspi.o
  CC      drivers/mtd/spi-nor/spansion.o
  CC      drivers/mtd/nand/raw/marvell_nand.o
  CC      drivers/mtd/nand/spi/foresee.o
  CC      drivers/mtd/spi-nor/sst.o
  CC      drivers/spi/spi-imx.o
  CC      drivers/mtd/nand/spi/gigadevice.o
  CC      drivers/mtd/nand/raw/fsl_ifc_nand.o
  CC      drivers/mtd/spi-nor/winbond.o
  CC      drivers/spi/spi-meson-spicc.o
  CC      drivers/mtd/nand/spi/macronix.o
  CC      drivers/mtd/spi-nor/xmc.o
  CC      drivers/mtd/nand/raw/brcmnand/iproc_nand.o
  CC      drivers/mtd/nand/spi/micron.o
  CC      drivers/mtd/spi-nor/debugfs.o
  CC      drivers/spi/spi-meson-spifc.o
  CC      drivers/mtd/nand/raw/brcmnand/bcmbca_nand.o
  CC      drivers/mtd/nand/spi/paragon.o
  CC      drivers/mtd/nand/raw/brcmnand/brcmnand.o
  AR      drivers/mtd/spi-nor/built-in.a
  CC      drivers/mtd/ubi/vtbl.o
  CC      drivers/spi/spi-mt65xx.o
  CC      drivers/mtd/nand/spi/skyhigh.o
  CC      drivers/spi/spi-mtk-nor.o
  CC      drivers/mtd/nand/spi/toshiba.o
  AR      drivers/mtd/nand/raw/brcmnand/built-in.a
  CC      drivers/mtd/ubi/vmt.o
  CC      drivers/mtd/nand/raw/qcom_nandc.o
  CC      drivers/spi/spi-nxp-fspi.o
  CC      drivers/mtd/nand/spi/winbond.o
  CC      drivers/mtd/ubi/upd.o
  AR      drivers/mtd/nand/raw/built-in.a
  CC      drivers/mtd/ubi/build.o
  CC      drivers/mtd/nand/spi/xtx.o
  CC      drivers/spi/spi-omap2-mcspi.o
  CC      drivers/spi/spi-orion.o
  AR      drivers/mtd/nand/spi/built-in.a
  AR      drivers/mtd/nand/built-in.a
  CC      drivers/mtd/hyperbus/hyperbus-core.o
  CC      drivers/mtd/ubi/cdev.o
  CC      drivers/spi/spi-pl022.o
  CC      drivers/spi/spi-qcom-qspi.o
  CC      drivers/mtd/hyperbus/hbmc-am654.o
  CC      drivers/mtd/ubi/kapi.o
  CC      drivers/spi/spi-qup.o
  AR      drivers/mtd/hyperbus/built-in.a
  CC      drivers/mtd/ubi/eba.o
  CC      drivers/spi/spi-rockchip.o
  CC      drivers/mtd/ubi/io.o
  CC      drivers/mtd/ubi/wl.o
  CC      drivers/spi/spi-rockchip-sfc.o
  CC      drivers/spi/spi-rpc-if.o
  CC      drivers/mtd/ubi/attach.o
  CC      drivers/mtd/ubi/misc.o
  CC      drivers/mtd/ubi/debug.o
  CC      drivers/spi/spi-rspi.o
  CC      drivers/spi/spi-rzv2h-rspi.o
  CC      drivers/spi/spi-rzv2m-csi.o
  AR      drivers/mtd/ubi/built-in.a
  AR      drivers/mtd/built-in.a
  CC      drivers/spmi/spmi.o
  CC      drivers/spi/spi-s3c64xx.o
  CC      drivers/spi/spi-sh-msiof.o
  CC      drivers/spmi/spmi-devres.o
  CC      drivers/spi/spi-sun6i.o
  CC      drivers/spmi/spmi-apple-controller.o
  CC      drivers/spi/spi-tegra210-quad.o
  CC      drivers/spi/spi-tegra114.o
  CC      drivers/spi/spi-xilinx.o
  CC      drivers/spmi/spmi-pmic-arb.o
  CC      drivers/spi/spi-zynqmp-gqspi.o
  CC      drivers/spmi/spmi-mtk-pmif.o
  CC      drivers/slimbus/core.o
  CC      drivers/slimbus/messaging.o
  AR      drivers/spmi/built-in.a
  CC      drivers/net/macvlan.o
  AR      drivers/spi/built-in.a
  CC      drivers/vfio/vfio_main.o
  CC      drivers/slimbus/sched.o
  CC      drivers/slimbus/stream.o
  CC      drivers/slimbus/qcom-ngd-ctrl.o
  CC      drivers/vfio/group.o
  CC      drivers/vfio/container.o
  CC      drivers/net/macvtap.o
  CC      drivers/vfio/virqfd.o
  AR      drivers/slimbus/built-in.a
  CC      drivers/usb/common/common.o
  CC      drivers/vfio/vfio_iommu_type1.o
  CC      drivers/net/mii.o
  CC      drivers/vfio/pci/vfio_pci_core.o
  CC      drivers/usb/common/usb-conn-gpio.o
  CC      drivers/net/mdio.o
  CC      drivers/usb/common/ulpi.o
  CC      drivers/vfio/pci/vfio_pci_intrs.o
  CC      drivers/vfio/pci/vfio_pci_rdwr.o
  AR      drivers/usb/common/built-in.a
  CC      drivers/net/loopback.o
  CC      drivers/usb/core/usb.o
  CC      drivers/vfio/pci/vfio_pci_config.o
  CC      drivers/vfio/pci/vfio_pci.o
  CC      drivers/usb/core/hub.o
  CC      drivers/usb/core/hcd.o
  AR      drivers/vfio/pci/built-in.a
  AR      drivers/vfio/built-in.a
  CC      drivers/input/serio/serio.o
  CC      drivers/net/phy/stubs.o
  CC      drivers/input/serio/ambakmi.o
  CC      drivers/net/phy/mdio_bus.o
  CC      drivers/input/serio/libps2.o
  CC      drivers/usb/core/urb.o
  AR      drivers/input/serio/built-in.a
  CC      drivers/input/input.o
  CC      drivers/usb/core/message.o
  CC      drivers/net/phy/phylink.o
  CC      drivers/usb/core/driver.o
  CC      drivers/input/input-compat.o
  CC      drivers/usb/core/config.o
  CC      drivers/input/input-mt.o
  CC      drivers/usb/core/file.o
  CC      drivers/input/input-poller.o
  CC      drivers/net/phy/phy.o
  CC      drivers/usb/core/buffer.o
  CC      drivers/usb/core/sysfs.o
  CC      drivers/input/ff-core.o
  CC      drivers/usb/core/endpoint.o
  CC      drivers/input/touchscreen.o
  CC      drivers/net/phy/phy-c45.o
  CC      drivers/usb/core/devio.o
  CC      drivers/usb/core/notify.o
  CC      drivers/input/touch-overlay.o
  CC      drivers/input/ff-memless.o
  CC      drivers/usb/core/generic.o
  CC      drivers/net/phy/phy-core.o
  CC      drivers/input/sparse-keymap.o
  CC      drivers/usb/core/quirks.o
  CC      drivers/usb/core/devices.o
  CC      drivers/input/matrix-keymap.o
  CC      drivers/net/phy/phy_device.o
  CC      drivers/input/vivaldi-fmap.o
  CC      drivers/usb/core/phy.o
  CC      drivers/net/phy/linkmode.o
  CC      drivers/input/input-leds.o
  CC      drivers/usb/core/port.o
  CC      drivers/input/evdev.o
  CC      drivers/usb/core/trace.o
  CC      drivers/net/phy/phy_link_topology.o
  CC      drivers/usb/core/of.o
  CC      drivers/usb/core/offload.o
  CC      drivers/input/keyboard/adc-keys.o
  CC      drivers/net/phy/phy_caps.o
  CC      drivers/usb/core/hcd-pci.o
  CC      drivers/input/keyboard/atkbd.o
  CC      drivers/usb/core/usb-acpi.o
  CC      drivers/net/phy/mdio_bus_provider.o
  CC      drivers/usb/core/../misc/onboard_usb_dev_pdevs.o
  CC      drivers/input/mouse/elan_i2c_core.o
  CC      drivers/input/keyboard/cros_ec_keyb.o
  AR      drivers/usb/core/built-in.a
  CC      drivers/usb/phy/phy.o
  CC      drivers/net/phy/phy_port.o
  CC      drivers/input/mouse/elan_i2c_i2c.o
  CC      drivers/input/keyboard/gpio_keys.o
  CC      drivers/usb/phy/of.o
  CC      drivers/net/phy/mdio_device.o
  AR      drivers/input/mouse/built-in.a
  CC      drivers/input/keyboard/gpio_keys_polled.o
  CC      drivers/input/touchscreen/apple_z2.o
  CC      drivers/usb/phy/phy-generic.o
  CC      drivers/input/keyboard/imx-sm-bbm-key.o
  CC      drivers/net/phy/swphy.o
  CC      drivers/input/touchscreen/atmel_mxt_ts.o
  CC      drivers/usb/phy/phy-tegra-usb.o
  CC      drivers/input/keyboard/mtk-pmic-keys.o
  CC      drivers/net/phy/open_alliance_helpers.o
  CC      drivers/usb/phy/phy-mxs-usb.o
  CC      drivers/input/keyboard/snvs_pwrkey.o
  CC      drivers/input/touchscreen/edt-ft5x06.o
  CC      drivers/net/phy/mdio_devres.o
  AR      drivers/input/keyboard/built-in.a
  CC      drivers/input/misc/aw86927.o
  CC      drivers/usb/phy/phy-ulpi.o
  CC      drivers/input/touchscreen/elants_i2c.o
  CC      drivers/net/phy/phy_package.o
  CC      drivers/usb/phy/phy-ulpi-viewport.o
  CC      drivers/input/misc/da9063_onkey.o
  AR      drivers/usb/phy/built-in.a
  CC      drivers/input/touchscreen/goodix.o
  CC      drivers/net/phy/aquantia/aquantia_main.o
  CC      drivers/input/misc/pm8941-pwrkey.o
  CC      drivers/usb/dwc3/core.o
  CC      drivers/input/misc/pm8xxx-vibrator.o
  CC      drivers/input/touchscreen/goodix_fwupload.o
  CC      drivers/net/phy/aquantia/aquantia_firmware.o
  CC      drivers/input/misc/pwm-beeper.o
  CC      drivers/usb/dwc3/host.o
  CC      drivers/input/touchscreen/goodix_berlin_core.o
  CC      drivers/net/phy/aquantia/aquantia_leds.o
  CC      drivers/input/misc/pwm-vibra.o
  CC      drivers/usb/dwc3/gadget.o
  CC      drivers/input/touchscreen/goodix_berlin_spi.o
  CC      drivers/input/misc/rk805-pwrkey.o
  CC      drivers/net/phy/aquantia/aquantia_hwmon.o
  CC      drivers/input/misc/tps65219-pwrbutton.o
  CC      drivers/input/touchscreen/ili210x.o
  AR      drivers/net/phy/aquantia/built-in.a
  CC      drivers/net/phy/ax88796b.o
  CC      drivers/usb/dwc3/ep0.o
  CC      drivers/input/misc/tps6594-pwrbutton.o
  AR      drivers/input/touchscreen/built-in.a
  CC      drivers/usb/dwc3/drd.o
  CC      drivers/net/phy/bcm54140.o
  AR      drivers/input/misc/built-in.a
  AR      drivers/input/built-in.a
  CC      drivers/usb/dwc3/debugfs.o
  CC      drivers/rtc/lib.o
  CC      drivers/usb/dwc3/dwc3-am62.o
  CC      drivers/net/phy/bcm7xxx.o
  CC      drivers/rtc/class.o
  CC      drivers/usb/dwc3/dwc3-apple.o
  CC      drivers/usb/dwc3/dwc3-exynos.o
  CC      drivers/rtc/interface.o
  CC      drivers/net/phy/bcm-phy-lib.o
  CC      drivers/usb/dwc3/dwc3-pci.o
  CC      drivers/usb/dwc3/dwc3-haps.o
  CC      drivers/rtc/nvmem.o
  CC      drivers/net/phy/broadcom.o
  CC      drivers/usb/dwc3/dwc3-keystone.o
  CC      drivers/usb/dwc3/dwc3-meson-g12a.o
  CC      drivers/rtc/dev.o
  CC      drivers/usb/dwc3/dwc3-of-simple.o
  CC      drivers/usb/dwc3/dwc3-qcom.o
  CC      drivers/rtc/proc.o
  CC      drivers/net/phy/dp83867.o
  CC      drivers/usb/dwc3/dwc3-qcom-legacy.o
  CC      drivers/rtc/sysfs.o
  CC      drivers/usb/dwc3/dwc3-imx8mp.o
  CC      drivers/net/phy/dp83td510.o
  CC      drivers/rtc/rtc-amlogic-a4.o
  CC      drivers/usb/dwc3/dwc3-imx.o
  CC      drivers/usb/dwc3/dwc3-xilinx.o
  CC      drivers/rtc/rtc-armada38x.o
  CC      drivers/usb/dwc3/dwc3-rtk.o
  CC      drivers/net/phy/dp83tg720.o
  CC      drivers/usb/dwc3/dwc3-generic-plat.o
  CC      drivers/rtc/rtc-nxp-bbnsm.o
  CC      drivers/rtc/rtc-bq32k.o
  CC      drivers/net/phy/fixed_phy.o
  AR      drivers/usb/dwc3/built-in.a
  CC      drivers/usb/dwc2/core.o
  CC      drivers/rtc/rtc-brcmstb-waketimer.o
  CC      drivers/usb/dwc2/core_intr.o
  CC      drivers/net/phy/marvell-88q2xxx.o
  CC      drivers/rtc/rtc-cros-ec.o
  CC      drivers/usb/dwc2/platform.o
  CC      drivers/usb/dwc2/drd.o
  CC      drivers/rtc/rtc-da9063.o
  CC      drivers/net/phy/micrel.o
  CC      drivers/usb/dwc2/params.o
  CC      drivers/rtc/rtc-ds1307.o
  CC      drivers/usb/dwc2/hcd.o
  CC      drivers/usb/dwc2/hcd_intr.o
  CC      drivers/rtc/rtc-ds3232.o
  CC      drivers/net/phy/microchip.o
  CC      drivers/usb/dwc2/hcd_queue.o
  CC      drivers/rtc/rtc-fsl-ftm-alarm.o
  CC      drivers/usb/dwc2/hcd_ddma.o
  CC      drivers/net/phy/mscc/mscc_main.o
  CC      drivers/rtc/rtc-hym8563.o
  CC      drivers/net/phy/mscc/mscc_serdes.o
  CC      drivers/usb/dwc2/gadget.o
  CC      drivers/rtc/rtc-imx-sc.o
  CC      drivers/rtc/rtc-imx-sm-bbm.o
  AR      drivers/net/phy/mscc/built-in.a
  CC      drivers/net/phy/qcom/qcom-phy-lib.o
  CC      drivers/rtc/rtc-isl1208.o
  CC      drivers/rtc/rtc-m41t80.o
  CC      drivers/usb/dwc2/debugfs.o
  CC      drivers/net/phy/qcom/at803x.o
  CC      drivers/net/phy/qcom/qca808x.o
  CC      drivers/rtc/rtc-macsmc.o
  AR      drivers/usb/dwc2/built-in.a
  CC      drivers/usb/isp1760/isp1760-core.o
  CC      drivers/usb/isp1760/isp1760-if.o
  CC      drivers/rtc/rtc-max77686.o
  CC      drivers/i2c/i2c-boardinfo.o
  AR      drivers/net/phy/qcom/built-in.a
  CC      drivers/net/phy/realtek/realtek_main.o
  CC      drivers/usb/isp1760/isp1760-hcd.o
  CC      drivers/rtc/rtc-meson-vrtc.o
  CC      drivers/i2c/i2c-core-base.o
  CC      drivers/rtc/rtc-mt6397.o
  AR      drivers/net/phy/realtek/built-in.a
  CC      drivers/net/phy/rockchip.o
  AR      drivers/usb/isp1760/built-in.a
  CC      drivers/usb/cdns3/core.o
  CC      drivers/i2c/i2c-core-smbus.o
  CC      drivers/rtc/rtc-nvidia-vrs10.o
  CC      drivers/net/phy/smsc.o
  CC      drivers/usb/cdns3/drd.o
  CC      drivers/i2c/i2c-core-acpi.o
  CC      drivers/rtc/rtc-pcf2127.o
  CC      drivers/net/phy/vitesse.o
  CC      drivers/usb/cdns3/cdns3-plat.o
  CC      drivers/i2c/i2c-core-slave.o
  CC      drivers/rtc/rtc-pcf85063.o
  CC      drivers/usb/cdns3/host.o
  CC      drivers/net/phy/xilinx_gmii2rgmii.o
  CC      drivers/i2c/i2c-core-of.o
  CC      drivers/rtc/rtc-pcf85363.o
  CC      drivers/usb/cdns3/cdns3-gadget.o
  CC      drivers/net/phy/dp83822.o
  CC      drivers/i2c/i2c-core-of-prober.o
  CC      drivers/rtc/rtc-pcf8563.o
  CC      drivers/i2c/i2c-smbus.o
  CC      drivers/net/phy/dp83869.o
  CC      drivers/usb/cdns3/cdns3-ep0.o
  CC      drivers/rtc/rtc-pl031.o
  CC      drivers/i2c/i2c-dev.o
  CC      drivers/net/phy/marvell.o
  CC      drivers/rtc/rtc-pm8xxx.o
  CC      drivers/usb/cdns3/cdns3-pci-wrap.o
  CC      drivers/i2c/i2c-mux.o
  CC      drivers/rtc/rtc-rk808.o
  CC      drivers/usb/cdns3/cdns3-ti.o
  CC      drivers/net/phy/meson-gxl.o
  CC      drivers/i2c/algos/i2c-algo-bit.o
  CC      drivers/rtc/rtc-rtd119x.o
  CC      drivers/usb/cdns3/cdns3-imx.o
  CC      drivers/rtc/rtc-rv3028.o
  AR      drivers/net/phy/built-in.a
  AR      drivers/i2c/algos/built-in.a
  CC      drivers/net/mdio/acpi_mdio.o
  CC      drivers/usb/cdns3/cdnsp-ring.o
  CC      drivers/i2c/busses/i2c-bcm2835.o
  CC      drivers/rtc/rtc-rv8803.o
  CC      drivers/net/mdio/fwnode_mdio.o
  CC      drivers/i2c/busses/i2c-bcm-iproc.o
  CC      drivers/usb/cdns3/cdnsp-gadget.o
  CC      drivers/rtc/rtc-rx8581.o
  CC      drivers/net/mdio/of_mdio.o
  CC      drivers/i2c/busses/i2c-cadence.o
  CC      drivers/usb/cdns3/cdnsp-mem.o
  CC      drivers/rtc/rtc-renesas-rtca3.o
  CC      drivers/net/mdio/mdio-bcm-iproc.o
  CC      drivers/i2c/busses/i2c-designware-common.o
  CC      drivers/usb/cdns3/cdnsp-ep0.o
  CC      drivers/net/mdio/mdio-bcm-unimac.o
  CC      drivers/rtc/rtc-s32g.o
  CC      drivers/i2c/busses/i2c-designware-master.o
  CC      drivers/usb/cdns3/cdnsp-pci.o
  CC      drivers/rtc/rtc-s3c.o
  CC      drivers/net/mdio/mdio-bitbang.o
  CC      drivers/i2c/busses/i2c-designware-slave.o
  AR      drivers/usb/cdns3/built-in.a
  CC      drivers/usb/mtu3/mtu3_plat.o
  CC      drivers/rtc/rtc-s5m.o
  CC      drivers/net/mdio/mdio-cavium.o
  CC      drivers/i2c/busses/i2c-designware-platdrv.o
  CC      drivers/usb/mtu3/mtu3_host.o
  CC      drivers/rtc/rtc-snvs.o
  CC      drivers/rtc/rtc-sun6i.o
  CC      drivers/usb/mtu3/mtu3_core.o
  CC      drivers/i2c/busses/i2c-exynos5.o
  CC      drivers/net/mdio/mdio-gpio.o
  CC      drivers/rtc/rtc-ti-k3.o
  CC      drivers/usb/mtu3/mtu3_gadget_ep0.o
  CC      drivers/net/mdio/mdio-thunder.o
  CC      drivers/i2c/busses/i2c-gpio.o
  CC      drivers/rtc/rtc-tps6594.o
  CC      drivers/i2c/busses/i2c-imx.o
  CC      drivers/usb/mtu3/mtu3_gadget.o
  CC      drivers/net/mdio/mdio-mux.o
  CC      drivers/rtc/rtc-zynqmp.o
  AR      drivers/rtc/built-in.a
  CC      drivers/net/mdio/mdio-mux-bcm-iproc.o
  CC      drivers/usb/mtu3/mtu3_qmu.o
  CC      drivers/i2c/busses/i2c-imx-lpi2c.o
  CC      drivers/i2c/busses/i2c-meson.o
  CC      drivers/net/mdio/mdio-mux-meson-g12a.o
  CC      drivers/usb/mtu3/mtu3_dr.o
  CC      drivers/i2c/busses/i2c-mt65xx.o
  CC      drivers/usb/mtu3/mtu3_debugfs.o
  CC      drivers/net/mdio/mdio-mux-meson-gxl.o
  CC      drivers/net/mdio/mdio-mux-mmioreg.o
  AR      drivers/usb/mtu3/built-in.a
  CC      drivers/usb/host/pci-quirks.o
  CC      drivers/i2c/busses/i2c-mv64xxx.o
  CC      drivers/net/mdio/mdio-mux-multiplexer.o
  CC      drivers/usb/host/ohci-hcd.o
  CC      drivers/usb/host/ohci-pci.o
  CC      drivers/i2c/busses/i2c-omap.o
  AR      drivers/net/mdio/built-in.a
  CC      drivers/net/pcs/pcs-xpcs.o
  CC      drivers/usb/host/ohci-platform.o
  CC      drivers/i2c/busses/i2c-owl.o
  CC      drivers/net/pcs/pcs-xpcs-plat.o
  CC      drivers/usb/host/ohci-exynos.o
  CC      drivers/usb/class/cdc-acm.o
  CC      drivers/i2c/busses/i2c-pasemi-core.o
  CC      drivers/usb/host/xhci.o
  CC      drivers/net/pcs/pcs-xpcs-nxp.o
  AR      drivers/usb/class/built-in.a
  CC      drivers/usb/host/xhci-mem.o
  CC      drivers/i2c/busses/i2c-pasemi-platform.o
  CC      drivers/net/pcs/pcs-xpcs-wx.o
  CC      drivers/i2c/busses/i2c-pxa.o
  CC      drivers/usb/host/xhci-ext-caps.o
  CC      drivers/usb/host/xhci-ring.o
  CC      drivers/net/pcs/pcs-lynx.o
  CC      drivers/i2c/busses/i2c-qcom-cci.o
  CC      drivers/usb/host/xhci-hub.o
  CC      drivers/net/pcs/pcs-rzn1-miic.o
  CC      drivers/i2c/busses/i2c-qup.o
  CC      drivers/usb/host/xhci-dbg.o
  CC      drivers/usb/host/xhci-trace.o
  AR      drivers/net/pcs/built-in.a
  CC      drivers/net/tap.o
  CC      drivers/usb/host/xhci-debugfs.o
  CC      drivers/i2c/busses/i2c-riic.o
  CC      drivers/usb/host/xhci-sideband.o
  CC      drivers/usb/host/xhci-pci.o
  CC      drivers/usb/host/xhci-plat.o
  CC      drivers/i2c/busses/i2c-rzv2m.o
  CC      drivers/net/veth.o
  CC      drivers/usb/host/xhci-rcar.o
  CC      drivers/usb/host/xhci-rzv2m.o
  CC      drivers/i2c/busses/i2c-s3c2410.o
  CC      drivers/i2c/busses/i2c-sh_mobile.o
  CC      drivers/usb/host/xhci-mtk.o
  CC      drivers/net/virtio_net.o
  CC      drivers/i2c/busses/i2c-tegra.o
  CC      drivers/i2c/busses/i2c-tegra-bpmp.o
  CC      drivers/usb/host/xhci-mtk-sch.o
  CC      drivers/i2c/busses/i2c-uniphier-f.o
  CC      drivers/i2c/busses/i2c-xiic.o
  CC      drivers/usb/host/xhci-tegra.o
  CC      drivers/i2c/busses/i2c-rcar.o
  CC      drivers/i2c/busses/i2c-brcmstb.o
  CC      drivers/usb/host/xhci-pci-renesas.o
  CC      drivers/net/mhi_net.o
  CC      drivers/i2c/busses/i2c-cros-ec-tunnel.o
  CC      drivers/net/can/dev/skb.o
  AR      drivers/usb/host/built-in.a
  CC      drivers/usb/storage/scsiglue.o
  CC      drivers/net/dsa/bcm_sf2.o
  AR      drivers/i2c/busses/built-in.a
  CC      drivers/i2c/muxes/i2c-mux-pca954x.o
  CC      drivers/net/can/dev/calc_bittiming.o
  CC      drivers/usb/storage/protocol.o
  CC      drivers/i2c/muxes/i2c-mux-pinctrl.o
  CC      drivers/net/dsa/bcm_sf2_cfp.o
  CC      drivers/net/can/dev/bittiming.o
  CC      drivers/usb/storage/transport.o
  AR      drivers/i2c/muxes/built-in.a
  AR      drivers/i2c/built-in.a
  CC      drivers/media/rc/keymaps/rc-adstech-dvb-t-pci.o
  CC      drivers/net/can/dev/dev.o
  CC      drivers/net/dsa/b53/b53_common.o
  CC      drivers/usb/storage/usb.o
  CC      drivers/media/rc/keymaps/rc-alink-dtu-m.o
  CC      drivers/media/rc/keymaps/rc-anysee.o
  CC      drivers/media/rc/keymaps/rc-apac-viewcomp.o
  CC      drivers/net/can/dev/length.o
  CC      drivers/usb/storage/initializers.o
  CC      drivers/media/rc/keymaps/rc-astrometa-t2hybrid.o
  CC      drivers/net/dsa/b53/b53_srab.o
  CC      drivers/usb/storage/sierra_ms.o
  CC      drivers/net/can/dev/netlink.o
  CC      drivers/media/rc/keymaps/rc-asus-pc39.o
  CC      drivers/usb/storage/option_ms.o
  CC      drivers/media/rc/keymaps/rc-asus-ps3-100.o
  AR      drivers/net/dsa/b53/built-in.a
  AR      drivers/net/dsa/netc/built-in.a
  CC      drivers/net/dsa/ocelot/felix.o
  CC      drivers/media/rc/keymaps/rc-ati-tv-wonder-hd-600.o
  CC      drivers/net/can/dev/rx-offload.o
  CC      drivers/usb/storage/usual-tables.o
  CC      drivers/media/rc/keymaps/rc-ati-x10.o
  AR      drivers/usb/storage/built-in.a
  CC      drivers/usb/serial/usb-serial.o
  CC      drivers/media/rc/keymaps/rc-avermedia-a16d.o
  AR      drivers/net/can/dev/built-in.a
  CC      drivers/net/can/rcar/rcar_can.o
  CC      drivers/net/dsa/ocelot/felix_vsc9959.o
  CC      drivers/media/rc/keymaps/rc-avermedia-cardbus.o
  CC      drivers/usb/serial/generic.o
  CC      drivers/media/rc/keymaps/rc-avermedia-dvbt.o
  CC      drivers/net/can/rcar/rcar_canfd.o
  CC      drivers/usb/serial/bus.o
  CC      drivers/media/rc/keymaps/rc-avermedia-m135a.o
  AR      drivers/net/dsa/ocelot/built-in.a
  CC      drivers/media/rc/keymaps/rc-avermedia-m733a-rm-k6.o
  AR      drivers/net/dsa/built-in.a
  CC      drivers/media/rc/keymaps/rc-avermedia.o
  CC      drivers/usb/serial/cp210x.o
  CC      drivers/media/rc/keymaps/rc-avermedia-rm-ks.o
  CC      drivers/media/rc/keymaps/rc-avertv-303.o
  AR      drivers/net/can/rcar/built-in.a
  CC      drivers/net/can/spi/mcp251xfd/mcp251xfd-chip-fifo.o
  CC      drivers/usb/serial/ftdi_sio.o
  CC      drivers/usb/serial/option.o
  CC      drivers/media/rc/keymaps/rc-azurewave-ad-tu700.o
  CC      drivers/media/rc/keymaps/rc-beelink-gs1.o
  CC      drivers/usb/serial/usb_wwan.o
  CC      drivers/net/can/spi/mcp251xfd/mcp251xfd-core.o
  CC      drivers/net/can/spi/mcp251xfd/mcp251xfd-crc16.o
  CC      drivers/media/rc/keymaps/rc-beelink-mxiii.o
  AR      drivers/usb/serial/built-in.a
  CC      drivers/usb/misc/qcom_eud.o
  CC      drivers/media/rc/keymaps/rc-behold-columbus.o
  CC      drivers/media/rc/keymaps/rc-behold.o
  CC      drivers/net/can/flexcan/flexcan-core.o
  CC      drivers/usb/misc/usb3503.o
  CC      drivers/media/rc/keymaps/rc-budget-ci-old.o
  CC      drivers/net/can/spi/mcp251xfd/mcp251xfd-ethtool.o
  CC      drivers/media/rc/keymaps/rc-cinergy-1400.o
  CC      drivers/usb/misc/brcmstb-usb-pinmap.o
  CC      drivers/media/rc/keymaps/rc-cinergy.o
  CC      drivers/net/can/spi/mcp251xfd/mcp251xfd-ram.o
  CC      drivers/usb/misc/onboard_usb_dev.o
  CC      drivers/media/rc/keymaps/rc-ct-90405.o
  CC      drivers/net/can/flexcan/flexcan-ethtool.o
  CC      drivers/media/rc/keymaps/rc-d680-dmb.o
  CC      drivers/net/can/spi/mcp251xfd/mcp251xfd-regmap.o
  AR      drivers/usb/misc/built-in.a
  CC      drivers/usb/musb/musb_core.o
  CC      drivers/media/rc/keymaps/rc-delock-61959.o
  AR      drivers/net/can/flexcan/built-in.a
  CC      drivers/usb/musb/musb_trace.o
  CC      drivers/media/rc/keymaps/rc-dib0700-nec.o
  CC      drivers/net/can/spi/mcp251xfd/mcp251xfd-ring.o
  CC      drivers/usb/musb/musb_virthub.o
  CC      drivers/media/rc/keymaps/rc-dib0700-rc5.o
  CC      drivers/usb/musb/musb_host.o
  CC      drivers/media/rc/keymaps/rc-digitalnow-tinytwin.o
  CC      drivers/usb/musb/musb_gadget_ep0.o
  CC      drivers/net/can/spi/mcp251xfd/mcp251xfd-rx.o
  CC      drivers/media/rc/keymaps/rc-digittrade.o
  CC      drivers/net/can/spi/mcp251xfd/mcp251xfd-tef.o
  CC      drivers/media/rc/keymaps/rc-dm1105-nec.o
  CC      drivers/usb/musb/musb_gadget.o
  CC      drivers/net/can/xilinx_can.o
  CC      drivers/media/rc/keymaps/rc-dntv-live-dvb-t.o
  CC      drivers/net/can/spi/mcp251xfd/mcp251xfd-timestamp.o
  CC      drivers/media/rc/keymaps/rc-dntv-live-dvbt-pro.o
  CC      drivers/usb/musb/musb_debugfs.o
  CC      drivers/media/rc/keymaps/rc-dreambox.o
  CC      drivers/media/rc/keymaps/rc-dtt200u.o
  CC      drivers/net/can/spi/mcp251xfd/mcp251xfd-tx.o
  CC      drivers/usb/musb/sunxi.o
  CC      drivers/media/rc/rc-main.o
  CC      drivers/media/rc/keymaps/rc-dvbsky.o
  CC      drivers/media/rc/keymaps/rc-dvico-mce.o
  CC      drivers/media/rc/rc-ir-raw.o
  AR      drivers/usb/musb/built-in.a
  CC      drivers/net/can/spi/mcp251xfd/mcp251xfd-dump.o
  CC      drivers/usb/chipidea/core.o
  CC      drivers/media/rc/keymaps/rc-dvico-portable.o
  CC      drivers/usb/chipidea/otg.o
  CC      drivers/media/rc/keymaps/rc-em-terratec.o
  CC      drivers/media/rc/keymaps/rc-encore-enltv2.o
  AR      drivers/net/can/spi/mcp251xfd/built-in.a
  AR      drivers/net/can/spi/built-in.a
  AR      drivers/net/can/built-in.a
  AR      drivers/net/ethernet/alibaba/built-in.a
  CC      drivers/usb/chipidea/debug.o
  CC      drivers/net/ethernet/amazon/ena/ena_netdev.o
  CC      drivers/usb/chipidea/ulpi.o
  CC      drivers/media/rc/keymaps/rc-encore-enltv-fm53.o
  CC      drivers/usb/chipidea/udc.o
  CC      drivers/usb/chipidea/trace.o
  CC      drivers/media/rc/keymaps/rc-encore-enltv.o
  CC      drivers/media/rc/keymaps/rc-evga-indtube.o
  CC      drivers/usb/chipidea/ci_hdrc_usb2.o
  CC      drivers/media/rc/keymaps/rc-eztv.o
  CC      drivers/net/ethernet/amazon/ena/ena_com.o
  CC      drivers/net/ipa/ipa_main.o
  CC      drivers/usb/chipidea/ci_hdrc_msm.o
  CC      drivers/media/rc/keymaps/rc-flydvb.o
  CC      drivers/usb/chipidea/ci_hdrc_npcm.o
  CC      drivers/media/rc/keymaps/rc-flyvideo.o
  CC      drivers/net/ipa/ipa_power.o
  CC      drivers/net/ethernet/amazon/ena/ena_eth_com.o
  CC      drivers/media/rc/keymaps/rc-fusionhdtv-mce.o
  CC      drivers/usb/chipidea/ci_hdrc_pci.o
  CC      drivers/media/rc/keymaps/rc-gadmei-rm008z.o
  CC      drivers/net/ipa/ipa_reg.o
  CC      drivers/media/rc/keymaps/rc-geekbox.o
  CC      drivers/net/ethernet/amazon/ena/ena_ethtool.o
  CC      drivers/usb/chipidea/usbmisc_imx.o
  CC      drivers/net/ipa/ipa_mem.o
  CC      drivers/media/rc/keymaps/rc-genius-tvgo-a11mce.o
  CC      drivers/media/rc/keymaps/rc-gotview7135.o
  CC      drivers/usb/chipidea/ci_hdrc_imx.o
  CC      drivers/net/ethernet/amazon/ena/ena_xdp.o
  CC      drivers/media/rc/keymaps/rc-hauppauge.o
  CC      drivers/net/ipa/ipa_table.o
  CC      drivers/media/rc/keymaps/rc-hisi-poplar.o
  CC      drivers/usb/chipidea/ci_hdrc_tegra.o
  CC      drivers/net/ethernet/amazon/ena/ena_phc.o
  CC      drivers/media/rc/keymaps/rc-hisi-tv-demo.o
  CC      drivers/net/ipa/ipa_interrupt.o
  AR      drivers/usb/chipidea/built-in.a
  CC      drivers/usb/renesas_usbhs/common.o
  CC      drivers/media/rc/keymaps/rc-imon-mce.o
  CC      drivers/net/ethernet/amazon/ena/ena_devlink.o
  CC      drivers/net/ipa/gsi.o
  CC      drivers/media/rc/keymaps/rc-imon-pad.o
  CC      drivers/usb/renesas_usbhs/mod.o
  CC      drivers/media/rc/keymaps/rc-imon-rsc.o
  CC      drivers/net/ethernet/amazon/ena/ena_debugfs.o
  CC      drivers/usb/renesas_usbhs/pipe.o
  CC      drivers/media/rc/keymaps/rc-iodata-bctv7e.o
  CC      drivers/net/ipa/gsi_reg.o
  CC      drivers/media/rc/keymaps/rc-it913x-v1.o
  CC      drivers/usb/renesas_usbhs/fifo.o
  CC      drivers/media/rc/keymaps/rc-it913x-v2.o
  AR      drivers/net/ethernet/amazon/ena/built-in.a
  AR      drivers/net/ethernet/amazon/built-in.a
  CC      drivers/net/ethernet/amd/xgbe/xgbe-main.o
  CC      drivers/net/ipa/gsi_trans.o
  CC      drivers/media/rc/keymaps/rc-kaiomy.o
  CC      drivers/usb/renesas_usbhs/rcar2.o
  CC      drivers/media/rc/keymaps/rc-khadas.o
  CC      drivers/net/ethernet/amd/xgbe/xgbe-drv.o
  CC      drivers/usb/renesas_usbhs/rcar3.o
  CC      drivers/net/ipa/ipa_gsi.o
  CC      drivers/media/rc/keymaps/rc-khamsin.o
  CC      drivers/media/rc/keymaps/rc-kworld-315u.o
  CC      drivers/usb/renesas_usbhs/rza.o
  CC      drivers/net/ipa/ipa_smp2p.o
  CC      drivers/media/rc/keymaps/rc-kworld-pc150u.o
  CC      drivers/usb/renesas_usbhs/rza2.o
  CC      drivers/net/ethernet/amd/xgbe/xgbe-dev.o
  CC      drivers/media/rc/keymaps/rc-kworld-plus-tv-analog.o
  CC      drivers/net/ipa/ipa_uc.o
  CC      drivers/usb/renesas_usbhs/mod_host.o
  CC      drivers/media/rc/keymaps/rc-leadtek-y04g0051.o
  CC      drivers/media/rc/keymaps/rc-lme2510.o
  CC      drivers/net/ipa/ipa_endpoint.o
  CC      drivers/usb/renesas_usbhs/mod_gadget.o
  CC      drivers/media/rc/keymaps/rc-manli.o
  CC      drivers/media/rc/keymaps/rc-mecool-kiii-pro.o
  CC      drivers/net/ethernet/amd/xgbe/xgbe-desc.o
  AR      drivers/usb/renesas_usbhs/built-in.a
  CC      drivers/usb/gadget/usbstring.o
  CC      drivers/media/rc/keymaps/rc-mecool-kii-pro.o
  CC      drivers/net/ipa/ipa_cmd.o
  CC      drivers/usb/gadget/config.o
  CC      drivers/media/rc/keymaps/rc-medion-x10-digitainer.o
  CC      drivers/net/ethernet/amd/xgbe/xgbe-ethtool.o
  CC      drivers/media/rc/keymaps/rc-medion-x10.o
  CC      drivers/usb/gadget/epautoconf.o
  CC      drivers/media/rc/keymaps/rc-medion-x10-or2x.o
  CC      drivers/net/ipa/ipa_modem.o
  CC      drivers/net/ethernet/amd/xgbe/xgbe-mdio.o
  CC      drivers/usb/gadget/composite.o
  CC      drivers/media/rc/keymaps/rc-minix-neo.o
  CC      drivers/media/rc/keymaps/rc-msi-digivox-iii.o
  CC      drivers/net/ipa/ipa_resource.o
  CC      drivers/net/ethernet/amd/xgbe/xgbe-hwtstamp.o
  CC      drivers/usb/gadget/functions.o
  CC      drivers/media/rc/keymaps/rc-msi-digivox-ii.o
  CC      drivers/net/ipa/ipa_qmi.o
  CC      drivers/media/rc/keymaps/rc-msi-tvanywhere.o
  CC      drivers/usb/gadget/configfs.o
  CC      drivers/net/ethernet/amd/xgbe/xgbe-ptp.o
  CC      drivers/media/rc/keymaps/rc-msi-tvanywhere-plus.o
  CC      drivers/net/ipa/ipa_qmi_msg.o
  CC      drivers/media/rc/keymaps/rc-mygica-utv3.o
  CC      drivers/usb/gadget/u_f.o
  CC      drivers/net/ipa/ipa_sysfs.o
  CC      drivers/net/ethernet/amd/xgbe/xgbe-pps.o
  CC      drivers/media/rc/keymaps/rc-nebula.o
  CC      drivers/usb/gadget/udc/core.o
  CC      drivers/media/rc/keymaps/rc-nec-terratec-cinergy-xs.o
  CC      drivers/net/ipa/reg/ipa_reg-v3.1.o
  CC      drivers/net/ethernet/amd/xgbe/xgbe-i2c.o
  CC      drivers/net/ipa/reg/ipa_reg-v3.5.1.o
  CC      drivers/net/ipa/reg/ipa_reg-v4.2.o
  CC      drivers/net/ipa/reg/ipa_reg-v4.5.o
  CC      drivers/media/rc/keymaps/rc-norwood.o
  CC      drivers/net/ipa/reg/ipa_reg-v4.7.o
  CC      drivers/usb/gadget/udc/trace.o
  CC      drivers/net/ipa/reg/ipa_reg-v4.9.o
  CC      drivers/net/ipa/reg/ipa_reg-v4.11.o
  CC      drivers/net/ipa/reg/ipa_reg-v5.0.o
  CC      drivers/media/rc/keymaps/rc-npgtech.o
  CC      drivers/net/ipa/reg/ipa_reg-v5.5.o
  CC      drivers/net/ipa/reg/gsi_reg-v3.1.o
  CC      drivers/net/ipa/reg/gsi_reg-v3.5.1.o
  CC      drivers/net/ethernet/amd/xgbe/xgbe-phy-v1.o
  CC      drivers/usb/gadget/udc/snps_udc_core.o
  CC      drivers/net/ipa/reg/gsi_reg-v4.0.o
  CC      drivers/net/ipa/reg/gsi_reg-v4.5.o
  CC      drivers/net/ipa/reg/gsi_reg-v4.9.o
  CC      drivers/media/rc/keymaps/rc-odroid.o
  CC      drivers/net/ipa/reg/gsi_reg-v4.11.o
  CC      drivers/net/ipa/reg/gsi_reg-v5.0.o
  CC      drivers/net/ipa/data/ipa_data-v3.1.o
  CC      drivers/media/rc/keymaps/rc-pctv-sedna.o
  CC      drivers/net/ipa/data/ipa_data-v3.5.1.o
  CC      drivers/net/ethernet/amd/xgbe/xgbe-phy-v2.o
  CC      drivers/net/ipa/data/ipa_data-v4.2.o
  CC      drivers/media/rc/keymaps/rc-pine64.o
  CC      drivers/usb/gadget/udc/tegra-xudc.o
  CC      drivers/net/ipa/data/ipa_data-v4.5.o
  CC      drivers/media/rc/keymaps/rc-pinnacle-color.o
  CC      drivers/net/ipa/data/ipa_data-v4.7.o
  CC      drivers/net/ipa/data/ipa_data-v4.9.o
  CC      drivers/media/rc/keymaps/rc-pinnacle-grey.o
  CC      drivers/net/ipa/data/ipa_data-v4.11.o
  CC      drivers/net/ethernet/amd/xgbe/xgbe-platform.o
  CC      drivers/net/ipa/data/ipa_data-v5.0.o
  CC      drivers/media/rc/keymaps/rc-pinnacle-pctv-hd.o
  CC      drivers/net/ipa/data/ipa_data-v5.2.o
  CC      drivers/net/ipa/data/ipa_data-v5.5.o
  CC      drivers/usb/gadget/udc/renesas_usb3.o
  CC      drivers/media/rc/keymaps/rc-pixelview-002t.o
  CC      drivers/net/ethernet/amd/xgbe/xgbe-selftest.o
  AR      drivers/net/ipa/built-in.a
  CC      drivers/net/wireless/ath/ath10k/mac.o
  CC      drivers/media/rc/keymaps/rc-pixelview-mk12.o
  CC      drivers/media/rc/keymaps/rc-pixelview-new.o
  CC      drivers/usb/gadget/udc/rzv2m_usb3drd.o
  CC      drivers/media/rc/keymaps/rc-pixelview.o
  CC      drivers/net/ethernet/amd/xgbe/xgbe-pci.o
  CC      drivers/usb/gadget/udc/snps_udc_plat.o
  CC      drivers/media/rc/keymaps/rc-powercolor-real-angel.o
  CC      drivers/media/rc/keymaps/rc-proteus-2309.o
  CC      drivers/net/ethernet/amd/xgbe/xgbe-debugfs.o
  CC      drivers/usb/gadget/udc/bdc/bdc_core.o
  CC      drivers/media/rc/keymaps/rc-purpletv.o
  CC      drivers/media/rc/keymaps/rc-pv951.o
  AR      drivers/net/ethernet/amd/xgbe/built-in.a
  AR      drivers/net/ethernet/amd/built-in.a
  CC      drivers/net/ethernet/cadence/macb_main.o
  CC      drivers/usb/gadget/udc/bdc/bdc_cmd.o
  CC      drivers/net/wireless/ath/ath10k/debug.o
  CC      drivers/media/rc/keymaps/rc-rc6-mce.o
  CC      drivers/usb/gadget/udc/bdc/bdc_ep.o
  CC      drivers/media/rc/keymaps/rc-real-audio-220-32-keys.o
  CC      drivers/net/wireless/ath/ath10k/core.o
  CC      drivers/media/rc/keymaps/rc-reddo.o
  CC      drivers/usb/gadget/udc/bdc/bdc_udc.o
  CC      drivers/media/rc/keymaps/rc-siemens-gigaset-rc20.o
  CC      drivers/media/rc/keymaps/rc-snapstream-firefly.o
  CC      drivers/net/ethernet/cadence/macb_ptp.o
  AR      drivers/usb/gadget/udc/bdc/built-in.a
  AR      drivers/usb/gadget/udc/built-in.a
  CC      drivers/usb/gadget/function/f_acm.o
  CC      drivers/media/rc/keymaps/rc-streamzap.o
  CC      drivers/net/wireless/ath/ath10k/htc.o
  CC      drivers/media/rc/keymaps/rc-su3000.o
  CC      drivers/usb/gadget/function/u_serial.o
  AR      drivers/net/ethernet/cadence/built-in.a
  CC      drivers/net/ethernet/broadcom/bcm4908_enet.o
  CC      drivers/media/rc/keymaps/rc-tanix-tx3mini.o
  CC      drivers/net/wireless/ath/ath10k/htt.o
  CC      drivers/usb/gadget/function/f_serial.o
  CC      drivers/media/rc/keymaps/rc-tanix-tx5max.o
  CC      drivers/usb/gadget/function/f_obex.o
  CC      drivers/net/ethernet/broadcom/genet/bcmgenet.o
  CC      drivers/media/rc/keymaps/rc-tbs-nec.o
  CC      drivers/net/wireless/ath/ath10k/htt_rx.o
  CC      drivers/media/rc/keymaps/rc-technisat-ts35.o
  CC      drivers/usb/gadget/function/u_ether.o
  CC      drivers/media/rc/keymaps/rc-technisat-usb2.o
  CC      drivers/media/rc/keymaps/rc-terratec-cinergy-c-pci.o
  CC      drivers/usb/gadget/function/f_ncm.o
  CC      drivers/media/rc/keymaps/rc-terratec-cinergy-s2-hd.o
  CC      drivers/net/ethernet/broadcom/genet/bcmmii.o
  CC      drivers/net/wireless/ath/ath10k/htt_tx.o
  CC      drivers/media/rc/keymaps/rc-terratec-cinergy-xs.o
  CC      drivers/usb/gadget/function/f_ecm.o
  CC      drivers/media/rc/keymaps/rc-terratec-slim-2.o
  CC      drivers/net/ethernet/broadcom/genet/bcmgenet_wol.o
  CC      drivers/media/rc/keymaps/rc-terratec-slim.o
  CC      drivers/net/wireless/ath/ath10k/txrx.o
  CC      drivers/media/rc/keymaps/rc-tevii-nec.o
  CC      drivers/usb/gadget/function/f_eem.o
  AR      drivers/net/ethernet/broadcom/genet/built-in.a
  CC      drivers/net/ethernet/broadcom/bnx2x/bnx2x_main.o
  CC      drivers/media/rc/keymaps/rc-tivo.o
  CC      drivers/net/wireless/ath/ath10k/wmi.o
  CC      drivers/media/rc/keymaps/rc-total-media-in-hand-02.o
  CC      drivers/usb/gadget/function/f_subset.o
  CC      drivers/media/rc/keymaps/rc-total-media-in-hand.o
  CC      drivers/media/rc/keymaps/rc-trekstor.o
  CC      drivers/usb/gadget/function/f_rndis.o
  CC      drivers/media/rc/keymaps/rc-tt-1500.o
  CC      drivers/media/rc/keymaps/rc-twinhan1027.o
  CC      drivers/usb/gadget/function/rndis.o
  CC      drivers/media/rc/keymaps/rc-twinhan-dtv-cab-ci.o
  CC      drivers/net/wireless/ath/ath10k/wmi-tlv.o
  CC      drivers/media/rc/keymaps/rc-vega-s9x.o
  CC      drivers/usb/gadget/function/f_mass_storage.o
  CC      drivers/media/rc/keymaps/rc-videomate-m1f.o
  CC      drivers/media/rc/keymaps/rc-videomate-s350.o
  CC      drivers/media/rc/keymaps/rc-videomate-tv-pvr.o
  CC      drivers/usb/gadget/function/storage_common.o
  CC      drivers/net/wireless/ath/ath10k/bmi.o
  CC      drivers/media/rc/keymaps/rc-videostrong-kii-pro.o
  CC      drivers/usb/gadget/function/f_fs.o
  CC      drivers/media/rc/keymaps/rc-wetek-hub.o
  CC      drivers/net/ethernet/broadcom/bnx2x/bnx2x_link.o
  CC      drivers/net/wireless/ath/ath10k/hw.o
  CC      drivers/media/rc/keymaps/rc-wetek-play2.o
  CC      drivers/media/rc/keymaps/rc-winfast.o
  CC      drivers/media/rc/keymaps/rc-winfast-usbii-deluxe.o
  CC      drivers/net/wireless/ath/ath10k/p2p.o
  AR      drivers/usb/gadget/function/built-in.a
  CC      drivers/usb/gadget/legacy/mass_storage.o
  CC      drivers/media/rc/keymaps/rc-x96max.o
  AR      drivers/usb/gadget/legacy/built-in.a
  AR      drivers/usb/gadget/built-in.a
  CC      drivers/media/rc/keymaps/rc-xbox-360.o
  CC      drivers/usb/roles/class.o
  CC      drivers/net/wireless/ath/ath10k/swap.o
  CC      drivers/media/rc/keymaps/rc-xbox-dvd.o
  AR      drivers/usb/roles/built-in.a
  AR      drivers/usb/built-in.a
  CC      drivers/pps/pps.o
  CC      drivers/media/rc/keymaps/rc-zx-irdec.o
  CC      drivers/net/wireless/ath/ath10k/thermal.o
  CC      drivers/pps/kapi.o
  AR      drivers/media/rc/keymaps/built-in.a
  CC      drivers/media/rc/gpio-ir-recv.o
  CC      drivers/pps/sysfs.o
  CC      drivers/net/ethernet/broadcom/bnx2x/bnx2x_cmn.o
  CC      drivers/media/rc/meson-ir.o
  AR      drivers/pps/built-in.a
  CC      drivers/ptp/ptp_clock.o
  CC      drivers/net/wireless/ath/ath10k/leds.o
  AR      drivers/media/rc/built-in.a
  CC      drivers/media/cec/core/cec-core.o
  CC      drivers/ptp/ptp_chardev.o
  CC      drivers/net/wireless/ath/ath10k/wow.o
  CC      drivers/media/cec/core/cec-adap.o
  CC      drivers/ptp/ptp_sysfs.o
  CC      drivers/net/wireless/ath/ath10k/coredump.o
  CC      drivers/net/ethernet/broadcom/bnx2x/bnx2x_ethtool.o
  CC      drivers/media/cec/core/cec-api.o
  CC      drivers/ptp/ptp_vclock.o
  CC      drivers/net/wireless/ath/ath10k/ce.o
  CC      drivers/media/cec/core/cec-notifier.o
  CC      drivers/ptp/ptp_dte.o
  AR      drivers/media/cec/core/built-in.a
  CC      drivers/media/cec/i2c/tda9950.o
  CC      drivers/ptp/ptp_kvm_arm.o
  CC      drivers/net/ethernet/broadcom/bnx2x/bnx2x_stats.o
  CC      drivers/ptp/ptp_kvm_common.o
  CC      drivers/net/wireless/ath/ath10k/pci.o
  AR      drivers/media/cec/i2c/built-in.a
  CC      drivers/media/cec/platform/meson/ao-cec-g12a.o
  CC      drivers/ptp/ptp_qoriq.o
  AR      drivers/media/cec/platform/meson/built-in.a
  AR      drivers/media/cec/platform/built-in.a
  AR      drivers/media/cec/built-in.a
  AR      drivers/media/platform/amd/isp4/built-in.a
  AR      drivers/media/platform/amd/built-in.a
  AR      drivers/ptp/built-in.a
  CC      drivers/power/reset/brcmstb-reboot.o
  CC      drivers/net/wireless/ath/ath10k/sdio.o
  CC      drivers/net/ethernet/broadcom/bnx2x/bnx2x_dcb.o
  AR      drivers/media/platform/built-in.a
  AR      drivers/media/built-in.a
  CC      drivers/power/reset/gpio-poweroff.o
  CC      drivers/net/ethernet/broadcom/bgmac.o
  CC      drivers/power/reset/gpio-restart.o
  CC      drivers/power/reset/macsmc-reboot.o
  CC      drivers/net/ethernet/broadcom/bnx2x/bnx2x_sp.o
  CC      drivers/net/wireless/ath/ath10k/qmi.o
  CC      drivers/power/reset/msm-poweroff.o
  CC      drivers/power/reset/qcom-pon.o
  CC      drivers/power/reset/tdx-ec-poweroff.o
  CC      drivers/power/reset/xgene-reboot.o
  CC      drivers/net/wireless/ath/ath10k/qmi_wlfw_v01.o
  CC      drivers/power/reset/syscon-reboot.o
  CC      drivers/net/wireless/ath/ath10k/snoc.o
  CC      drivers/hwmon/hwmon.o
  CC      drivers/net/ethernet/broadcom/bnx2x/bnx2x_self_test.o
  CC      drivers/power/reset/syscon-poweroff.o
  CC      drivers/hwmon/scmi-hwmon.o
  CC      drivers/power/reset/reboot-mode.o
  AR      drivers/net/wireless/ath/ath10k/built-in.a
  CC      drivers/net/wireless/ath/wcn36xx/main.o
  CC      drivers/net/ethernet/broadcom/bnx2x/bnx2x_vfpf.o
  CC      drivers/hwmon/scpi-hwmon.o
  CC      drivers/power/reset/syscon-reboot-mode.o
  CC      drivers/hwmon/gpio-fan.o
  CC      drivers/power/reset/nvmem-reboot-mode.o
  AR      drivers/power/reset/built-in.a
  CC      drivers/power/sequencing/core.o
  CC      drivers/net/wireless/ath/wcn36xx/dxe.o
  CC      drivers/net/ethernet/broadcom/bnx2x/bnx2x_sriov.o
  CC      drivers/hwmon/ina2xx.o
  CC      drivers/power/sequencing/pwrseq-qcom-wcn.o
  CC      drivers/net/wireless/ath/wcn36xx/txrx.o
  CC      drivers/hwmon/ina3221.o
  CC      drivers/power/sequencing/pwrseq-pcie-m2.o
  AR      drivers/net/ethernet/broadcom/bnx2x/built-in.a
  CC      drivers/net/ethernet/broadcom/bgmac-platform.o
  CC      drivers/net/wireless/ath/wcn36xx/smd.o
  CC      drivers/hwmon/jc42.o
  AR      drivers/power/sequencing/built-in.a
  CC      drivers/power/supply/power_supply_core.o
  CC      drivers/net/ethernet/broadcom/bcmsysport.o
  CC      drivers/hwmon/lm75.o
  CC      drivers/power/supply/power_supply_sysfs.o
  CC      drivers/net/wireless/ath/wcn36xx/pmc.o
  CC      drivers/power/supply/power_supply_leds.o
  CC      drivers/hwmon/lm90.o
  CC      drivers/net/ethernet/broadcom/asp2/bcmasp.o
  CC      drivers/power/supply/power_supply_hwmon.o
  CC      drivers/net/wireless/ath/wcn36xx/debug.o
  CC      drivers/power/supply/sbs-battery.o
  CC      drivers/hwmon/macsmc-hwmon.o
  CC      drivers/net/wireless/ath/wcn36xx/firmware.o
  CC      drivers/net/ethernet/broadcom/asp2/bcmasp_intf.o
  CC      drivers/hwmon/pwm-fan.o
  CC      drivers/power/supply/bq27xxx_battery.o
  AR      drivers/net/wireless/ath/wcn36xx/built-in.a
  CC      drivers/net/wireless/ath/ath12k/core.o
  CC      drivers/hwmon/sl28cpld-hwmon.o
  CC      drivers/power/supply/bq27xxx_battery_i2c.o
  CC      drivers/net/ethernet/broadcom/asp2/bcmasp_ethtool.o
  CC      drivers/hwmon/amc6821.o
  CC      drivers/power/supply/bq25890_charger.o
  CC      drivers/net/wireless/ath/ath12k/hal.o
  CC      drivers/hwmon/tmp102.o
  AR      drivers/net/ethernet/broadcom/asp2/built-in.a
  AR      drivers/net/ethernet/broadcom/built-in.a
  CC      drivers/net/ethernet/cavium/thunder/thunder_xcv.o
  AR      drivers/hwmon/built-in.a
  CC      drivers/power/supply/bq25980_charger.o
  CC      drivers/net/wireless/ath/ath12k/wmi.o
  CC      drivers/power/supply/rk817_charger.o
  CC      drivers/net/ethernet/cavium/thunder/thunder_bgx.o
  CC      drivers/power/supply/cros_charge-control.o
  CC      drivers/power/supply/cros_peripheral_charger.o
  CC      drivers/power/supply/max77759_charger.o
  CC      drivers/net/ethernet/cavium/thunder/nic_main.o
  CC      drivers/power/supply/mt6360_charger.o
  CC      drivers/net/wireless/ath/ath12k/mac.o
  AR      drivers/power/supply/built-in.a
  AR      drivers/power/built-in.a
  CC      drivers/thermal/thermal_core.o
  AR      drivers/net/ethernet/cavium/thunder/built-in.a
  AR      drivers/net/ethernet/cavium/built-in.a
  CC      drivers/net/ethernet/freescale/fec_main.o
  CC      drivers/net/wireless/ath/ath12k/reg.o
  CC      drivers/thermal/thermal_sysfs.o
  CC      drivers/net/wireless/ath/ath12k/htc.o
  CC      drivers/thermal/thermal_trip.o
  CC      drivers/thermal/thermal_helpers.o
  CC      drivers/net/ethernet/freescale/fec_ptp.o
  CC      drivers/thermal/thermal_thresholds.o
  CC      drivers/net/wireless/ath/ath12k/qmi.o
  CC      drivers/thermal/thermal_hwmon.o
  CC      drivers/net/ethernet/freescale/fman/fman_muram.o
  CC      drivers/net/wireless/ath/ath12k/dp.o
  CC      drivers/thermal/thermal_of.o
  CC      drivers/net/ethernet/freescale/fman/fman.o
  CC      drivers/thermal/gov_step_wise.o
  CC      drivers/net/wireless/ath/ath12k/dp_tx.o
  CC      drivers/thermal/gov_power_allocator.o
  CC      drivers/net/wireless/ath/ath12k/dp_rx.o
  CC      drivers/net/ethernet/freescale/fman/fman_sp.o
  CC      drivers/thermal/cpufreq_cooling.o
  CC      drivers/net/ethernet/freescale/fman/fman_keygen.o
  CC      drivers/net/wireless/ath/ath12k/dp_htt.o
  CC      drivers/net/ethernet/freescale/fman/fman_port.o
  CC      drivers/thermal/devfreq_cooling.o
  CC      drivers/thermal/k3_bandgap.o
  CC      drivers/thermal/k3_j72xx_bandgap.o
  CC      drivers/net/ethernet/freescale/fman/mac.o
  CC      drivers/net/wireless/ath/ath12k/dp_peer.o
  CC      drivers/thermal/broadcom/bcm2711_thermal.o
  CC      drivers/thermal/sun8i_thermal.o
  CC      drivers/net/ethernet/freescale/fman/fman_dtsec.o
  CC      drivers/thermal/broadcom/bcm2835_thermal.o
  CC      drivers/thermal/rockchip_thermal.o
  CC      drivers/thermal/broadcom/brcmstb_thermal.o
  CC      drivers/net/wireless/ath/ath12k/debug.o
  CC      drivers/net/ethernet/freescale/fman/fman_memac.o
  CC      drivers/thermal/broadcom/ns-thermal.o
  CC      drivers/thermal/broadcom/sr-thermal.o
  CC      drivers/thermal/renesas/rcar_gen3_thermal.o
  CC      drivers/net/wireless/ath/ath12k/ce.o
  AR      drivers/thermal/broadcom/built-in.a
  CC      drivers/thermal/renesas/rcar_thermal.o
  CC      drivers/net/ethernet/freescale/fman/fman_tgec.o
  CC      drivers/thermal/renesas/rzg2l_thermal.o
  CC      drivers/thermal/renesas/rzg3e_thermal.o
  CC      drivers/thermal/renesas/rzg3s_thermal.o
  CC      drivers/net/wireless/ath/ath12k/peer.o
  AR      drivers/net/ethernet/freescale/fman/built-in.a
  CC      drivers/net/ethernet/freescale/dpaa/dpaa_eth.o
  CC      drivers/net/ethernet/freescale/dpaa/dpaa_ethtool.o
  AR      drivers/thermal/renesas/built-in.a
  CC      drivers/thermal/samsung/exynos_tmu.o
  CC      drivers/net/wireless/ath/ath12k/dbring.o
  CC      drivers/net/ethernet/freescale/dpaa/dpaa_eth_sysfs.o
  AR      drivers/thermal/samsung/built-in.a
  CC      drivers/thermal/armada_thermal.o
  CC      drivers/thermal/imx8mm_thermal.o
  CC      drivers/thermal/qoriq_thermal.o
  AR      drivers/net/ethernet/freescale/dpaa/built-in.a
  AR      drivers/net/ethernet/freescale/dpaa2/built-in.a
  CC      drivers/net/wireless/ath/ath12k/mhi.o
  CC      drivers/net/ethernet/freescale/enetc/enetc.o
  CC      drivers/thermal/qcom/qcom-spmi-temp-alarm.o
  CC      drivers/thermal/tegra/soctherm.o
  CC      drivers/thermal/qcom/lmh.o
  CC      drivers/net/wireless/ath/ath12k/pci.o
  CC      drivers/thermal/tegra/soctherm-fuse.o
  AR      drivers/thermal/qcom/built-in.a
  CC      drivers/thermal/hisi_thermal.o
  CC      drivers/thermal/tegra/tegra132-soctherm.o
  CC      drivers/net/ethernet/freescale/enetc/enetc_cbdr.o
  CC      drivers/thermal/mediatek/lvts_thermal.o
  CC      drivers/thermal/tegra/tegra210-soctherm.o
  CC      drivers/net/wireless/ath/ath12k/dp_mon.o
  CC      drivers/thermal/tegra/tegra-bpmp-thermal.o
  AR      drivers/thermal/mediatek/built-in.a
  CC      drivers/thermal/thermal-generic-adc.o
  CC      drivers/net/ethernet/freescale/enetc/enetc_ethtool.o
  CC      drivers/thermal/uniphier_thermal.o
  AR      drivers/thermal/tegra/built-in.a
  CC      drivers/thermal/amlogic_thermal.o
  CC      drivers/net/wireless/ath/ath12k/fw.o
  AR      drivers/thermal/spacemit/built-in.a
  CC      drivers/thermal/khadas_mcu_fan.o
  CC      drivers/net/wireless/ath/ath12k/p2p.o
  AR      drivers/thermal/built-in.a
  CC      drivers/net/ethernet/freescale/enetc/enetc_pf_common.o
  CC      drivers/watchdog/watchdog_core.o
  CC      drivers/net/wireless/ath/ath12k/acpi.o
  CC      drivers/net/wireless/ath/ath12k/wow.o
  CC      drivers/watchdog/watchdog_dev.o
  CC      drivers/net/ethernet/freescale/enetc/enetc_msg.o
  CC      drivers/net/ethernet/freescale/enetc/ntmp.o
  CC      drivers/watchdog/sp805_wdt.o
  CC      drivers/net/wireless/ath/ath12k/thermal.o
  CC      drivers/net/ethernet/freescale/enetc/enetc_pf.o
  CC      drivers/net/ethernet/freescale/enetc/enetc4_pf.o
  CC      drivers/watchdog/sbsa_gwdt.o
  CC      drivers/watchdog/s3c2410_wdt.o
  CC      drivers/net/wireless/ath/ath12k/wifi7/core.o
  CC      drivers/net/ethernet/freescale/enetc/enetc4_debugfs.o
  CC      drivers/net/ethernet/freescale/enetc/enetc_vf.o
  CC      drivers/watchdog/dw_wdt.o
  CC      drivers/net/wireless/ath/ath12k/wifi7/pci.o
  CC      drivers/watchdog/rti_wdt.o
  CC      drivers/net/wireless/ath/ath12k/wifi7/wmi.o
  CC      drivers/net/ethernet/freescale/enetc/enetc_ierb.o
  CC      drivers/watchdog/sunxi_wdt.o
  CC      drivers/net/wireless/ath/ath12k/wifi7/mhi.o
  CC      drivers/watchdog/npcm_wdt.o
  CC      drivers/net/ethernet/freescale/enetc/enetc_pci_mdio.o
  CC      drivers/net/wireless/ath/ath12k/wifi7/ce.o
  CC      drivers/net/wireless/ath/ath12k/wifi7/hw.o
  CC      drivers/watchdog/imx2_wdt.o
  CC      drivers/net/ethernet/freescale/enetc/enetc_mdio.o
  CC      drivers/net/wireless/ath/ath12k/wifi7/hal_tx.o
  CC      drivers/watchdog/imx_sc_wdt.o
  CC      drivers/net/wireless/ath/ath12k/wifi7/hal_rx.o
  CC      drivers/net/ethernet/freescale/enetc/enetc_ptp.o
  CC      drivers/watchdog/imx7ulp_wdt.o
  CC      drivers/net/wireless/ath/ath12k/wifi7/dp_rx.o
  CC      drivers/net/wireless/ath/ath12k/wifi7/dp_tx.o
  CC      drivers/net/ethernet/freescale/enetc/netc_blk_ctrl.o
  CC      drivers/watchdog/bcm2835_wdt.o
  CC      drivers/watchdog/qcom-wdt.o
  CC      drivers/net/wireless/ath/ath12k/wifi7/dp.o
  AR      drivers/net/ethernet/freescale/enetc/built-in.a
  AR      drivers/net/ethernet/freescale/built-in.a
  CC      drivers/net/ethernet/hisilicon/hix5hd2_gmac.o
  CC      drivers/net/wireless/ath/ath12k/wifi7/dp_mon.o
  CC      drivers/watchdog/meson_gxbb_wdt.o
  CC      drivers/watchdog/meson_wdt.o
  CC      drivers/watchdog/mtk_wdt.o
  CC      drivers/net/ethernet/hisilicon/hns_mdio.o
  CC      drivers/watchdog/bcm7038_wdt.o
  CC      drivers/watchdog/renesas_wdt.o
  CC      drivers/net/wireless/ath/ath12k/wifi7/hal.o
  CC      drivers/watchdog/rzg2l_wdt.o
  CC      drivers/net/ethernet/hisilicon/hns/hnae.o
  CC      drivers/watchdog/rzv2h_wdt.o
  CC      drivers/watchdog/stm32_iwdg.o
  CC      drivers/watchdog/uniphier_wdt.o
  CC      drivers/net/wireless/ath/ath12k/wifi7/hal_qcn9274.o
  CC      drivers/net/ethernet/hisilicon/hns/hns_ae_adapt.o
  CC      drivers/watchdog/rtd119x_wdt.o
  CC      drivers/net/wireless/ath/ath12k/wifi7/hal_wcn7850.o
  CC      drivers/watchdog/pm8916_wdt.o
  CC      drivers/watchdog/arm_smc_wdt.o
  CC      drivers/net/ethernet/hisilicon/hns/hns_dsaf_gmac.o
  CC      drivers/net/wireless/ath/ath12k/wifi7/hal_qcc2072.o
  CC      drivers/watchdog/marvell_gti_wdt.o
  CC      drivers/watchdog/of_xilinx_wdt.o
  CC      drivers/net/ethernet/hisilicon/hns/hns_dsaf_mac.o
  CC      drivers/watchdog/xilinx_wwdt.o
  CC      drivers/watchdog/sl28cpld_wdt.o
  AR      drivers/net/wireless/ath/ath12k/wifi7/built-in.a
  AR      drivers/net/wireless/ath/ath12k/built-in.a
  CC      drivers/net/wireless/ath/main.o
  CC      drivers/net/wireless/ath/regd.o
  AR      drivers/watchdog/built-in.a
  CC      drivers/md/md.o
  CC      drivers/net/ethernet/hisilicon/hns/hns_dsaf_misc.o
  CC      drivers/net/wireless/ath/hw.o
  CC      drivers/net/wireless/ath/key.o
  CC      drivers/net/ethernet/hisilicon/hns/hns_dsaf_main.o
  CC      drivers/net/wireless/ath/dfs_pattern_detector.o
  CC      drivers/net/wireless/ath/dfs_pri_detector.o
  CC      drivers/net/ethernet/hisilicon/hns/hns_dsaf_ppe.o
  AR      drivers/net/wireless/ath/built-in.a
  CC      drivers/net/wireless/broadcom/brcm80211/brcmutil/utils.o
  CC      drivers/bluetooth/hci_ldisc.o
  CC      drivers/md/md-bitmap.o
  CC      drivers/net/ethernet/hisilicon/hns/hns_dsaf_rcb.o
  CC      drivers/net/wireless/broadcom/brcm80211/brcmutil/d11.o
  CC      drivers/bluetooth/hci_serdev.o
  AR      drivers/net/wireless/broadcom/brcm80211/brcmutil/built-in.a
  CC      drivers/net/wireless/broadcom/brcm80211/brcmfmac/cfg80211.o
  CC      drivers/net/ethernet/hisilicon/hns/hns_dsaf_xgmac.o
  CC      drivers/md/md-autodetect.o
  CC      drivers/bluetooth/hci_h4.o
  CC      drivers/md/dm.o
  CC      drivers/net/ethernet/hisilicon/hns/hns_enet.o
  CC      drivers/bluetooth/hci_bcm.o
  CC      drivers/md/dm-table.o
  CC      drivers/net/wireless/broadcom/brcm80211/brcmfmac/chip.o
  CC      drivers/bluetooth/hci_qca.o
  CC      drivers/net/ethernet/hisilicon/hns/hns_ethtool.o
  CC      drivers/md/dm-target.o
  CC      drivers/net/wireless/broadcom/brcm80211/brcmfmac/fwil.o
  AR      drivers/net/ethernet/hisilicon/hns/built-in.a
  AR      drivers/net/ethernet/hisilicon/built-in.a
  CC      drivers/net/ethernet/intel/e1000/e1000_main.o
  CC      drivers/bluetooth/hci_mrvl.o
  CC      drivers/md/dm-linear.o
  CC      drivers/net/wireless/broadcom/brcm80211/brcmfmac/fweh.o
  CC      drivers/md/dm-stripe.o
  CC      drivers/bluetooth/btusb.o
  CC      drivers/net/wireless/broadcom/brcm80211/brcmfmac/p2p.o
  CC      drivers/md/dm-ioctl.o
  CC      drivers/net/ethernet/intel/e1000/e1000_hw.o
  CC      drivers/md/dm-io.o
  CC      drivers/net/wireless/broadcom/brcm80211/brcmfmac/proto.o
  CC      drivers/bluetooth/btintel.o
  CC      drivers/md/dm-kcopyd.o
  CC      drivers/net/ethernet/intel/e1000/e1000_ethtool.o
  CC      drivers/net/wireless/broadcom/brcm80211/brcmfmac/common.o
  CC      drivers/md/dm-sysfs.o
  CC      drivers/bluetooth/btmrvl_main.o
  CC      drivers/net/wireless/broadcom/brcm80211/brcmfmac/core.o
  CC      drivers/net/ethernet/intel/e1000/e1000_param.o
  CC      drivers/md/dm-stats.o
  CC      drivers/bluetooth/btmrvl_debugfs.o
  CC      drivers/net/wireless/broadcom/brcm80211/brcmfmac/firmware.o
  AR      drivers/net/ethernet/intel/e1000/built-in.a
  CC      drivers/md/dm-rq.o
  CC      drivers/net/ethernet/intel/e1000e/82571.o
  CC      drivers/bluetooth/btmrvl_sdio.o
  CC      drivers/md/dm-io-rewind.o
  CC      drivers/net/wireless/broadcom/brcm80211/brcmfmac/fwvid.o
  CC      drivers/net/ethernet/intel/e1000e/ich8lan.o
  CC      drivers/bluetooth/btqcomsmd.o
  CC      drivers/md/dm-builtin.o
  CC      drivers/net/wireless/broadcom/brcm80211/brcmfmac/feature.o
  CC      drivers/md/dm-raid1.o
  CC      drivers/bluetooth/btbcm.o
  CC      drivers/net/wireless/broadcom/brcm80211/brcmfmac/btcoex.o
  CC      drivers/net/ethernet/intel/e1000e/80003es2lan.o
  CC      drivers/md/dm-log.o
  CC      drivers/bluetooth/btrtl.o
  CC      drivers/net/wireless/broadcom/brcm80211/brcmfmac/vendor.o
  CC      drivers/md/dm-region-hash.o
  CC      drivers/net/ethernet/intel/e1000e/mac.o
  CC      drivers/net/wireless/broadcom/brcm80211/brcmfmac/pno.o
  CC      drivers/bluetooth/btqca.o
  CC      drivers/md/dm-zero.o
  CC      drivers/net/ethernet/intel/e1000e/manage.o
  AR      drivers/md/built-in.a
  CC      drivers/edac/edac_mc.o
  CC      drivers/net/wireless/broadcom/brcm80211/brcmfmac/xtlv.o
  CC      drivers/net/wireless/broadcom/brcm80211/brcmfmac/bcdc.o
  CC      drivers/bluetooth/btmtk.o
  CC      drivers/edac/edac_device.o
  CC      drivers/net/ethernet/intel/e1000e/nvm.o
  CC      drivers/net/wireless/broadcom/brcm80211/brcmfmac/fwsignal.o
  CC      drivers/bluetooth/btnxpuart.o
  CC      drivers/edac/edac_mc_sysfs.o
  CC      drivers/net/ethernet/intel/e1000e/phy.o
  CC      drivers/net/wireless/broadcom/brcm80211/brcmfmac/sdio.o
  CC      drivers/edac/edac_module.o
  CC      drivers/bluetooth/btrsi.o
  CC      drivers/edac/edac_device_sysfs.o
  CC      drivers/net/ethernet/intel/e1000e/param.o
  AR      drivers/bluetooth/built-in.a
  CC      drivers/net/ethernet/intel/e1000e/ethtool.o
  CC      drivers/edac/wq.o
  CC      drivers/net/wireless/broadcom/brcm80211/brcmfmac/bcmsdh.o
  CC      drivers/net/ethernet/intel/e1000e/netdev.o
  CC      drivers/edac/edac_pci.o
  CC      drivers/net/ethernet/intel/e1000e/ptp.o
  CC      drivers/net/wireless/broadcom/brcm80211/brcmfmac/of.o
  CC      drivers/edac/edac_pci_sysfs.o
  CC      drivers/edac/ghes_edac.o
  CC      drivers/edac/fsl_ddr_edac.o
  CC      drivers/net/wireless/broadcom/brcm80211/brcmfmac/dmi.o
  AR      drivers/net/ethernet/intel/e1000e/built-in.a
  CC      drivers/net/ethernet/intel/igb/igb_main.o
  CC      drivers/edac/layerscape_edac.o
  CC      drivers/edac/zynqmp_edac.o
  CC      drivers/net/wireless/broadcom/brcm80211/brcmfmac/acpi.o
  CC      drivers/edac/versal_edac.o
  CC      drivers/net/wireless/broadcom/brcm80211/brcmfmac/wcc/core.o
  CC      drivers/net/wireless/broadcom/brcm80211/brcmfmac/cyw/core.o
  AR      drivers/edac/built-in.a
  CC      drivers/opp/core.o
  CC      drivers/net/wireless/broadcom/brcm80211/brcmfmac/bca/core.o
  CC      drivers/opp/cpu.o
  AR      drivers/net/wireless/broadcom/brcm80211/brcmfmac/built-in.a
  AR      drivers/net/wireless/broadcom/brcm80211/built-in.a
  AR      drivers/net/wireless/broadcom/built-in.a
  CC      drivers/net/wireless/intel/iwlwifi/iwl-io.o
  CC      drivers/opp/of.o
  CC      drivers/opp/debugfs.o
  CC      drivers/net/ethernet/intel/igb/igb_ethtool.o
  CC      drivers/net/ethernet/marvell/mvmdio.o
  CC      drivers/opp/ti-opp-supply.o
  CC      drivers/net/wireless/intel/iwlwifi/iwl-drv.o
  AR      drivers/opp/built-in.a
  CC      drivers/net/ethernet/marvell/mvneta.o
  CC      drivers/net/ethernet/marvell/mvpp2/mvpp2_main.o
  CC      drivers/net/wireless/intel/iwlwifi/iwl-debug.o
  CC      drivers/net/ethernet/intel/igb/e1000_82575.o
  CC      drivers/net/wireless/intel/iwlwifi/iwl-nvm-utils.o
  CC      drivers/net/ethernet/intel/igb/e1000_mac.o
  CC      drivers/net/ethernet/marvell/sky2.o
  CC      drivers/net/wireless/intel/iwlwifi/iwl-utils.o
  CC      drivers/net/ethernet/marvell/mvpp2/mvpp2_prs.o
  CC      drivers/net/ethernet/intel/igb/e1000_nvm.o
  CC      drivers/net/wireless/intel/iwlwifi/iwl-phy-db.o
  CC      drivers/net/ethernet/intel/igb/e1000_phy.o
  CC      drivers/net/ethernet/marvell/mvpp2/mvpp2_cls.o
  CC      drivers/net/ethernet/intel/igbvf/vf.o
  CC      drivers/net/wireless/intel/iwlwifi/iwl-nvm-parse.o
  CC      drivers/net/ethernet/intel/igbvf/mbx.o
  CC      drivers/net/ethernet/intel/igb/e1000_mbx.o
  CC      drivers/net/ethernet/marvell/mvpp2/mvpp2_debugfs.o
  CC      drivers/net/wireless/intel/iwlwifi/pcie/ctxt-info.o
  CC      drivers/net/ethernet/intel/igbvf/ethtool.o
  CC      drivers/net/ethernet/intel/igb/e1000_i210.o
  AR      drivers/net/ethernet/marvell/mvpp2/built-in.a
  AR      drivers/net/ethernet/marvell/built-in.a
  CC      drivers/net/ethernet/mediatek/mtk_star_emac.o
  CC      drivers/net/wireless/intel/iwlwifi/pcie/ctxt-info-v2.o
  CC      drivers/net/ethernet/intel/igbvf/netdev.o
  CC      drivers/net/ethernet/intel/igb/igb_ptp.o
  AR      drivers/net/ethernet/mediatek/built-in.a
  CC      drivers/net/wireless/intel/iwlwifi/pcie/drv.o
  CC      drivers/net/ethernet/mellanox/mlx4/alloc.o
  CC      drivers/net/ethernet/intel/igb/igb_hwmon.o
  AR      drivers/net/ethernet/intel/igbvf/built-in.a
  CC      drivers/net/wireless/intel/iwlwifi/pcie/utils.o
  CC      drivers/net/ethernet/mellanox/mlx4/catas.o
  CC      drivers/net/wireless/intel/iwlwifi/pcie/gen1_2/rx.o
  CC      drivers/net/wireless/intel/iwlwifi/pcie/gen1_2/tx.o
  CC      drivers/net/ethernet/intel/igb/igb_xsk.o
  CC      drivers/net/ethernet/mellanox/mlx4/cmd.o
  CC      drivers/net/wireless/intel/iwlwifi/pcie/gen1_2/trans.o
  AR      drivers/net/ethernet/intel/igb/built-in.a
  AR      drivers/net/ethernet/intel/built-in.a
  CC      drivers/net/ethernet/mscc/ocelot.o
  CC      drivers/net/wireless/intel/iwlwifi/pcie/gen1_2/trans-gen2.o
  CC      drivers/net/ethernet/mellanox/mlx4/cq.o
  CC      drivers/net/wireless/intel/iwlwifi/pcie/gen1_2/tx-gen2.o
  CC      drivers/net/ethernet/mellanox/mlx4/eq.o
  CC      drivers/net/wireless/intel/iwlwifi/iwl-dbg-tlv.o
  CC      drivers/net/ethernet/mscc/ocelot_devlink.o
  CC      drivers/net/wireless/intel/iwlwifi/iwl-trans.o
  CC      drivers/net/ethernet/mellanox/mlx4/fw.o
  CC      drivers/net/wireless/intel/iwlwifi/fw/img.o
  CC      drivers/net/ethernet/mscc/ocelot_flower.o
  CC      drivers/net/wireless/intel/iwlwifi/fw/notif-wait.o
  CC      drivers/net/wireless/intel/iwlwifi/fw/rs.o
  CC      drivers/net/ethernet/mscc/ocelot_io.o
  CC      drivers/net/ethernet/mellanox/mlx4/fw_qos.o
  CC      drivers/net/ethernet/mellanox/mlx4/icm.o
  CC      drivers/net/wireless/intel/iwlwifi/fw/dbg.o
  CC      drivers/net/ethernet/mscc/ocelot_mm.o
  CC      drivers/net/wireless/intel/iwlwifi/fw/pnvm.o
  CC      drivers/net/ethernet/mellanox/mlx4/intf.o
  CC      drivers/net/ethernet/mscc/ocelot_police.o
  CC      drivers/net/wireless/intel/iwlwifi/fw/dump.o
  CC      drivers/net/ethernet/mscc/ocelot_ptp.o
  CC      drivers/net/ethernet/mellanox/mlx4/main.o
  CC      drivers/net/wireless/intel/iwlwifi/fw/regulatory.o
  CC      drivers/net/wireless/intel/iwlwifi/cfg/7000.o
  CC      drivers/net/ethernet/mscc/ocelot_stats.o
  CC      drivers/net/wireless/intel/iwlwifi/cfg/8000.o
  CC      drivers/net/wireless/intel/iwlwifi/cfg/9000.o
  CC      drivers/net/ethernet/mscc/ocelot_vcap.o
  CC      drivers/net/ethernet/mellanox/mlx4/mcg.o
  CC      drivers/net/wireless/intel/iwlwifi/cfg/22000.o
  CC      drivers/net/wireless/intel/iwlwifi/cfg/ax210.o
  CC      drivers/net/ethernet/mscc/vsc7514_regs.o
  CC      drivers/net/wireless/intel/iwlwifi/cfg/bz.o
  CC      drivers/net/ethernet/mellanox/mlx4/mr.o
  CC      drivers/net/ethernet/mellanox/mlx4/pd.o
  CC      drivers/net/wireless/intel/iwlwifi/cfg/sc.o
  AR      drivers/net/ethernet/mscc/built-in.a
  CC      drivers/net/ethernet/qualcomm/emac/emac.o
  CC      drivers/net/ethernet/renesas/sh_eth.o
  CC      drivers/net/ethernet/mellanox/mlx4/port.o
  CC      drivers/net/wireless/intel/iwlwifi/cfg/rf-jf.o
  CC      drivers/net/ethernet/qualcomm/emac/emac-mac.o
  CC      drivers/net/wireless/intel/iwlwifi/cfg/rf-hr.o
  CC      drivers/net/ethernet/mellanox/mlx4/profile.o
  CC      drivers/net/ethernet/renesas/rswitch_main.o
  CC      drivers/net/wireless/intel/iwlwifi/cfg/rf-gf.o
  CC      drivers/net/ethernet/qualcomm/emac/emac-phy.o
  CC      drivers/net/ethernet/mellanox/mlx4/qp.o
  CC      drivers/net/wireless/intel/iwlwifi/fw/paging.o
  CC      drivers/net/ethernet/qualcomm/emac/emac-sgmii.o
  CC      drivers/net/ethernet/renesas/rswitch_l2.o
  CC      drivers/net/ethernet/mellanox/mlx4/reset.o
  CC      drivers/net/ethernet/qualcomm/emac/emac-ethtool.o
  CC      drivers/net/wireless/intel/iwlwifi/fw/smem.o
  CC      drivers/net/ethernet/renesas/rcar_gen4_ptp.o
  CC      drivers/net/ethernet/mellanox/mlx4/sense.o
  CC      drivers/net/ethernet/qualcomm/emac/emac-sgmii-fsm9900.o
  CC      drivers/net/wireless/intel/iwlwifi/fw/init.o
  CC      drivers/net/ethernet/renesas/rtsn.o
  CC      drivers/net/ethernet/mellanox/mlx4/srq.o
  CC      drivers/net/ethernet/qualcomm/emac/emac-sgmii-qdf2432.o
  CC      drivers/net/wireless/intel/iwlwifi/fw/acpi.o
  AR      drivers/net/ethernet/renesas/built-in.a
  CC      drivers/net/ethernet/smsc/smc91x.o
  CC      drivers/net/ethernet/mellanox/mlx4/resource_tracker.o
  CC      drivers/net/ethernet/qualcomm/emac/emac-sgmii-qdf2400.o
  CC      drivers/net/wireless/intel/iwlwifi/fw/uefi.o
  AR      drivers/net/ethernet/qualcomm/emac/built-in.a
  AR      drivers/net/ethernet/qualcomm/built-in.a
  CC      drivers/net/ethernet/socionext/sni_ave.o
  CC      drivers/net/ethernet/smsc/smsc911x.o
  CC      drivers/net/wireless/intel/iwlwifi/mvm/fw.o
  CC      drivers/net/ethernet/mellanox/mlx4/crdump.o
  CC      drivers/net/ethernet/socionext/netsec.o
  AR      drivers/net/ethernet/smsc/built-in.a
  CC      drivers/net/wireless/intel/iwlwifi/mvm/mac80211.o
  CC      drivers/net/ethernet/mellanox/mlx4/en_main.o
  CC      drivers/net/wireless/intel/iwlwifi/mvm/nvm.o
  AR      drivers/net/ethernet/socionext/built-in.a
  CC      drivers/net/ethernet/ti/davinci_mdio.o
  CC      drivers/net/ethernet/mellanox/mlx4/en_tx.o
  CC      drivers/net/wireless/intel/iwlwifi/mvm/ops.o
  AR      drivers/net/ethernet/ti/built-in.a
  CC      drivers/net/ethernet/xilinx/xilinx_axienet_main.o
  CC      drivers/net/wireless/intel/iwlwifi/mvm/phy-ctxt.o
  CC      drivers/net/ethernet/mellanox/mlx4/en_rx.o
  CC      drivers/net/wireless/intel/iwlwifi/mvm/mac-ctxt.o
  CC      drivers/net/wireless/intel/iwlwifi/mvm/utils.o
  CC      drivers/net/ethernet/xilinx/xilinx_axienet_mdio.o
  CC      drivers/net/ethernet/mellanox/mlx4/en_ethtool.o
  AR      drivers/net/ethernet/xilinx/built-in.a
  CC      drivers/net/ethernet/mellanox/mlx4/en_port.o
  CC      drivers/net/wireless/intel/iwlwifi/mvm/rx.o
  CC      drivers/net/wireless/intel/iwlwifi/mvm/rxmq.o
  CC      drivers/net/ethernet/mellanox/mlx4/en_cq.o
  CC      drivers/net/ethernet/mellanox/mlx4/en_resources.o
  CC      drivers/net/wireless/intel/iwlwifi/mvm/tx.o
  CC      drivers/net/ethernet/mellanox/mlx4/en_netdev.o
  CC      drivers/net/wireless/intel/iwlwifi/mvm/binding.o
  CC      drivers/net/ethernet/mellanox/mlx4/en_selftest.o
  CC      drivers/net/ethernet/mellanox/mlx4/en_clock.o
  CC      drivers/net/wireless/intel/iwlwifi/mvm/quota.o
  CC      drivers/net/wireless/intel/iwlwifi/mvm/sta.o
  CC      drivers/net/wireless/intel/iwlwifi/mvm/sf.o
  AR      drivers/net/ethernet/mellanox/mlx4/built-in.a
  CC      drivers/net/wireless/intel/iwlwifi/mvm/scan.o
  CC      drivers/net/ethernet/mellanox/mlx5/core/main.o
  CC      drivers/net/ethernet/mellanox/mlx5/core/cmd.o
  CC      drivers/net/wireless/intel/iwlwifi/mvm/time-event.o
  CC      drivers/net/ethernet/mellanox/mlx5/core/debugfs.o
  CC      drivers/net/wireless/intel/iwlwifi/mvm/rs.o
  CC      drivers/cpufreq/cpufreq.o
  CC      drivers/cpuidle/cpuidle.o
  CC      drivers/net/ethernet/mellanox/mlx5/core/fw.o
  CC      drivers/cpuidle/driver.o
  CC      drivers/cpufreq/freq_table.o
  CC      drivers/net/wireless/intel/iwlwifi/mvm/rs-fw.o
  CC      drivers/cpuidle/governor.o
  CC      drivers/cpufreq/cpufreq_stats.o
  CC      drivers/cpuidle/sysfs.o
  CC      drivers/net/ethernet/mellanox/mlx5/core/eq.o
  CC      drivers/cpufreq/cpufreq_performance.o
  CC      drivers/net/wireless/intel/iwlwifi/mvm/power.o
  CC      drivers/cpuidle/governors/menu.o
  CC      drivers/cpufreq/cpufreq_powersave.o
  AR      drivers/cpuidle/governors/built-in.a
  CC      drivers/cpuidle/dt_idle_states.o
  CC      drivers/cpufreq/cpufreq_userspace.o
  CC      drivers/cpuidle/dt_idle_genpd.o
  CC      drivers/net/wireless/intel/iwlwifi/mvm/coex.o
  CC      drivers/cpufreq/cpufreq_ondemand.o
  CC      drivers/net/ethernet/mellanox/mlx5/core/uar.o
  CC      drivers/cpuidle/cpuidle-psci.o
  CC      drivers/cpufreq/cpufreq_conservative.o
  CC      drivers/net/wireless/intel/iwlwifi/mvm/tt.o
  CC      drivers/cpuidle/cpuidle-psci-domain.o
  CC      drivers/net/ethernet/mellanox/mlx5/core/pagealloc.o
  CC      drivers/cpufreq/cpufreq_governor.o
  AR      drivers/cpuidle/built-in.a
  CC      drivers/mmc/core/core.o
  CC      drivers/cpufreq/cpufreq_governor_attr_set.o
  CC      drivers/cpufreq/cpufreq-dt.o
  CC      drivers/net/wireless/intel/iwlwifi/mvm/offloading.o
  CC      drivers/net/ethernet/mellanox/mlx5/core/health.o
  CC      drivers/mmc/core/bus.o
  CC      drivers/cpufreq/cpufreq-dt-platdev.o
  CC      drivers/cpufreq/airoha-cpufreq.o
  CC      drivers/mmc/core/host.o
  CC      drivers/net/wireless/intel/iwlwifi/mvm/tdls.o
  CC      drivers/cpufreq/apple-soc-cpufreq.o
  CC      drivers/net/ethernet/mellanox/mlx5/core/mcg.o
  CC      drivers/mmc/core/mmc.o
  CC      drivers/cpufreq/armada-37xx-cpufreq.o
  CC      drivers/net/wireless/intel/iwlwifi/mvm/ftm-responder.o
  CC      drivers/net/ethernet/mellanox/mlx5/core/cq.o
  CC      drivers/cpufreq/cppc_cpufreq.o
  CC      drivers/mmc/core/mmc_ops.o
  CC      drivers/cpufreq/imx-cpufreq-dt.o
  CC      drivers/net/wireless/intel/iwlwifi/mvm/ftm-initiator.o
  CC      drivers/net/ethernet/mellanox/mlx5/core/alloc.o
  CC      drivers/mmc/core/sd.o
  CC      drivers/cpufreq/mediatek-cpufreq-hw.o
  CC      drivers/mmc/core/sd_ops.o
  CC      drivers/net/ethernet/mellanox/mlx5/core/port.o
  CC      drivers/net/wireless/intel/iwlwifi/mvm/rfi.o
  CC      drivers/cpufreq/qcom-cpufreq-nvmem.o
  CC      drivers/cpufreq/scmi-cpufreq.o
  CC      drivers/mmc/core/sdio.o
  CC      drivers/net/wireless/intel/iwlwifi/mvm/mld-key.o
  CC      drivers/cpufreq/scpi-cpufreq.o
  CC      drivers/mmc/core/sdio_ops.o
  CC      drivers/net/ethernet/mellanox/mlx5/core/mr.o
  CC      drivers/cpufreq/sun50i-cpufreq-nvmem.o
  CC      drivers/net/wireless/intel/iwlwifi/mvm/mld-mac.o
  CC      drivers/mmc/core/sdio_bus.o
  CC      drivers/cpufreq/tegra20-cpufreq.o
  CC      drivers/net/ethernet/mellanox/mlx5/core/pd.o
  CC      drivers/cpufreq/tegra124-cpufreq.o
  CC      drivers/mmc/core/sdio_cis.o
  CC      drivers/cpufreq/tegra186-cpufreq.o
  CC      drivers/net/wireless/intel/iwlwifi/mvm/link.o
  CC      drivers/mmc/core/sdio_io.o
  CC      drivers/net/ethernet/mellanox/mlx5/core/transobj.o
  CC      drivers/cpufreq/tegra194-cpufreq.o
  CC      drivers/mmc/core/sdio_irq.o
  CC      drivers/net/wireless/intel/iwlwifi/mvm/mld-sta.o
  CC      drivers/cpufreq/ti-cpufreq.o
  CC      drivers/mmc/core/sd_uhs2.o
  CC      drivers/net/ethernet/mellanox/mlx5/core/vport.o
  CC      drivers/cpufreq/qoriq-cpufreq.o
  CC      drivers/mmc/core/slot-gpio.o
  CC      drivers/net/wireless/intel/iwlwifi/mvm/mld-mac80211.o
  AR      drivers/cpufreq/built-in.a
  CC      drivers/mmc/host/mmci.o
  CC      drivers/mmc/core/regulator.o
  CC      drivers/net/wireless/intel/iwlwifi/mvm/ptp.o
  CC      drivers/net/ethernet/mellanox/mlx5/core/sriov.o
  CC      drivers/mmc/host/mmci_qcom_dml.o
  CC      drivers/mmc/core/pwrseq.o
  CC      drivers/mmc/host/mmci_stm32_sdmmc.o
  CC      drivers/mmc/core/debugfs.o
  CC      drivers/net/wireless/intel/iwlwifi/mvm/time-sync.o
  CC      drivers/net/ethernet/mellanox/mlx5/core/fs_cmd.o
  CC      drivers/mmc/host/sdhci.o
  CC      drivers/mmc/core/pwrseq_simple.o
  CC      drivers/net/wireless/intel/iwlwifi/mvm/led.o
  CC      drivers/mmc/core/pwrseq_emmc.o
  CC      drivers/mmc/core/block.o
  CC      drivers/net/wireless/intel/iwlwifi/mvm/d3.o
  CC      drivers/mmc/host/sdhci-acpi.o
  CC      drivers/net/ethernet/mellanox/mlx5/core/fs_core.o
  CC      drivers/mmc/core/queue.o
  CC      drivers/mmc/host/sdhci_f_sdh30.o
  CC      drivers/mmc/host/sdhci_am654.o
  AR      drivers/mmc/core/built-in.a
  CC      drivers/mmc/host/mtk-sd.o
  AR      drivers/net/wireless/intel/iwlwifi/mvm/built-in.a
  CC      drivers/net/wireless/intel/iwlwifi/fw/dbg-old.o
  CC      drivers/mmc/host/mmc_spi.o
  CC      drivers/net/ethernet/mellanox/mlx5/core/pci_irq.o
  AR      drivers/net/wireless/intel/iwlwifi/built-in.a
  AR      drivers/net/wireless/intel/built-in.a
  CC      drivers/net/wireless/marvell/mwifiex/main.o
  CC      drivers/mmc/host/of_mmc_spi.o
  CC      drivers/mmc/host/tmio_mmc_core.o
  CC      drivers/net/ethernet/mellanox/mlx5/core/fs_counters.o
  CC      drivers/mmc/host/renesas_sdhi_core.o
  CC      drivers/mmc/host/renesas_sdhi_internal_dmac.o
  CC      drivers/net/wireless/marvell/mwifiex/init.o
  CC      drivers/mmc/host/uniphier-sd.o
  CC      drivers/net/ethernet/mellanox/mlx5/core/fs_ft_pool.o
  CC      drivers/ufs/core/ufshcd.o
  CC      drivers/mmc/host/dw_mmc.o
  CC      drivers/net/ethernet/mellanox/mlx5/core/rl.o
  CC      drivers/net/wireless/marvell/mwifiex/cfp.o
  CC      drivers/mmc/host/dw_mmc-pltfm.o
  CC      drivers/net/wireless/marvell/mwifiex/cmdevt.o
  CC      drivers/net/ethernet/mellanox/mlx5/core/lag/debugfs.o
  CC      drivers/ufs/core/ufs-sysfs.o
  CC      drivers/mmc/host/dw_mmc-exynos.o
  CC      drivers/net/wireless/marvell/mwifiex/util.o
  CC      drivers/net/ethernet/mellanox/mlx5/core/lag/lag.o
  CC      drivers/mmc/host/dw_mmc-hi3798cv200.o
  CC      drivers/mmc/host/dw_mmc-k3.o
  CC      drivers/net/wireless/marvell/mwifiex/txrx.o
  CC      drivers/ufs/core/ufs-mcq.o
  CC      drivers/mmc/host/dw_mmc-rockchip.o
  CC      drivers/ufs/core/ufs-txeq.o
  CC      drivers/net/ethernet/mellanox/mlx5/core/dev.o
  CC      drivers/mmc/host/meson-gx-mmc.o
  CC      drivers/net/wireless/marvell/mwifiex/wmm.o
  CC      drivers/ufs/core/ufs-debugfs.o
  CC      drivers/net/ethernet/mellanox/mlx5/core/events.o
  CC      drivers/mmc/host/sunxi-mmc.o
  CC      drivers/ufs/core/ufs_bsg.o
  CC      drivers/net/wireless/marvell/mwifiex/11n.o
  CC      drivers/mmc/host/bcm2835.o
  AR      drivers/ufs/core/built-in.a
  CC      drivers/ufs/host/cdns-pltfrm.o
  CC      drivers/net/ethernet/mellanox/mlx5/core/wq.o
  CC      drivers/ufs/host/ufs-qcom.o
  CC      drivers/mmc/host/owl-mmc.o
  CC      drivers/net/wireless/marvell/mwifiex/11ac.o
  CC      drivers/net/ethernet/mellanox/mlx5/core/lib/gid.o
  CC      drivers/mmc/host/sdhci-pltfm.o
  CC      drivers/net/wireless/marvell/mwifiex/11n_aggr.o
  CC      drivers/ufs/host/ufs-exynos.o
  CC      drivers/mmc/host/sdhci-cadence.o
  CC      drivers/net/ethernet/mellanox/mlx5/core/lib/devcom.o
  CC      drivers/mmc/host/sdhci-esdhc-imx.o
  CC      drivers/net/wireless/marvell/mwifiex/11n_rxreorder.o
  CC      drivers/ufs/host/ufshcd-pltfrm.o
  CC      drivers/net/ethernet/mellanox/mlx5/core/lib/pci_vsc.o
  CC      drivers/ufs/host/ufs-hisi.o
  CC      drivers/mmc/host/sdhci-tegra.o
  CC      drivers/net/wireless/marvell/mwifiex/scan.o
  CC      drivers/net/ethernet/mellanox/mlx5/core/lib/dm.o
  CC      drivers/ufs/host/ufs-mediatek.o
  CC      drivers/mmc/host/sdhci-of-arasan.o
  CC      drivers/net/wireless/marvell/mwifiex/join.o
  CC      drivers/net/ethernet/mellanox/mlx5/core/lib/fs_ttc.o
  CC      drivers/ufs/host/ufs-rockchip.o
  CC      drivers/mmc/host/sdhci-of-esdhc.o
  CC      drivers/ufs/host/ti-j721e-ufs.o
  CC      drivers/net/wireless/marvell/mwifiex/sta_ioctl.o
  CC      drivers/mmc/host/sdhci-of-dwcmshc.o
  AR      drivers/ufs/host/built-in.a
  CC      drivers/net/ethernet/mellanox/mlx5/core/diag/fs_tracepoint.o
  AR      drivers/ufs/built-in.a
  CC      drivers/net/wireless/marvell/mwifiex/sta_cmd.o
  CC      drivers/net/wireless/marvell/mwifiex/uap_cmd.o
  CC      drivers/mmc/host/sdhci-of-sparx5.o
  CC      drivers/net/ethernet/mellanox/mlx5/core/diag/fw_tracer.o
  CC      drivers/net/wireless/marvell/mwifiex/ie.o
  CC      drivers/mmc/host/sdhci-iproc.o
  CC      drivers/net/wireless/marvell/mwifiex/sta_cmdresp.o
  CC      drivers/net/wireless/marvell/mwifiex/sta_event.o
  CC      drivers/mmc/host/sdhci-msm.o
  CC      drivers/net/ethernet/mellanox/mlx5/core/diag/crdump.o
  CC      drivers/net/wireless/marvell/mwifiex/uap_event.o
  CC      drivers/mmc/host/sdhci-brcmstb.o
  CC      drivers/net/wireless/marvell/mwifiex/sta_tx.o
  CC      drivers/net/ethernet/mellanox/mlx5/core/devlink.o
  CC      drivers/net/wireless/marvell/mwifiex/sta_rx.o
  CC      drivers/mmc/host/cqhci-core.o
  CC      drivers/net/wireless/marvell/mwifiex/uap_txrx.o
  CC      drivers/mmc/host/mmc_hsq.o
  CC      drivers/net/wireless/marvell/mwifiex/cfg80211.o
  CC      drivers/net/ethernet/mellanox/mlx5/core/sh_devlink.o
  CC      drivers/net/wireless/marvell/mwifiex/ethtool.o
  CC      drivers/mmc/host/sdhci-xenon.o
  CC      drivers/net/ethernet/mellanox/mlx5/core/diag/rsc_dump.o
  CC      drivers/net/wireless/marvell/mwifiex/11h.o
  CC      drivers/mmc/host/sdhci-xenon-phy.o
  CC      drivers/net/wireless/marvell/mwifiex/tdls.o
  CC      drivers/net/ethernet/mellanox/mlx5/core/diag/reporter_vnic.o
  CC      drivers/mmc/host/sdhci-of-bst.o
  CC      drivers/net/wireless/marvell/mwifiex/debugfs.o
  CC      drivers/net/wireless/marvell/mwifiex/sdio.o
  AR      drivers/mmc/host/built-in.a
  AR      drivers/mmc/built-in.a
  CC      drivers/firmware/arm_scpi.o
  CC      drivers/net/ethernet/mellanox/mlx5/core/fw_reset.o
  CC      drivers/firmware/arm_sdei.o
  CC      drivers/firmware/dmi_scan.o
  CC      drivers/net/wireless/marvell/mwifiex/pcie.o
  CC      drivers/firmware/stratix10-svc.o
  CC      drivers/net/ethernet/mellanox/mlx5/core/qos.o
  CC      drivers/net/ethernet/mellanox/mlx5/core/lib/tout.o
  CC      drivers/firmware/stratix10-rsu.o
  CC      drivers/firmware/mtk-adsp-ipc.o
  CC      drivers/net/ethernet/mellanox/mlx5/core/lib/aso.o
  CC      drivers/net/wireless/marvell/mwifiex/pcie_quirks.o
  CC      drivers/firmware/sysfb.o
  CC      drivers/firmware/ti_sci.o
  CC      drivers/firmware/arm_scmi/transports/smc.o
  CC      drivers/net/ethernet/mellanox/mlx5/core/wc.o
  CC      drivers/net/wireless/marvell/mwifiex/usb.o
  CC      drivers/firmware/arm_scmi/transports/mailbox.o
  CC      drivers/firmware/broadcom/tee_bnxt_fw.o
  CC      drivers/firmware/arm_scmi/transports/optee.o
  AR      drivers/firmware/broadcom/built-in.a
  CC      drivers/net/ethernet/mellanox/mlx5/core/fs_pool.o
  CC      drivers/firmware/meson/meson_sm.o
  AR      drivers/net/wireless/marvell/mwifiex/built-in.a
  AR      drivers/net/wireless/marvell/built-in.a
  CC      drivers/net/wireless/mediatek/mt76/mmio.o
  AR      drivers/firmware/meson/built-in.a
  CC      drivers/net/ethernet/mellanox/mlx5/core/lib/nv_param.o
  AR      drivers/firmware/arm_scmi/transports/built-in.a
  CC      drivers/firmware/arm_scmi/vendors/imx/imx-sm-bbm.o
  CC      drivers/net/ethernet/mellanox/mlx5/core/en/rqt.o
  CC      drivers/net/wireless/mediatek/mt76/util.o
  CC      drivers/firmware/arm_scmi/vendors/imx/imx-sm-cpu.o
  CC      drivers/firmware/arm_scmi/vendors/imx/imx-sm-lmm.o
  CC      drivers/firmware/arm_scmi/vendors/imx/imx-sm-misc.o
  CC      drivers/net/wireless/mediatek/mt76/trace.o
  CC      drivers/net/ethernet/mellanox/mlx5/core/en/tir.o
  CC      drivers/net/ethernet/mellanox/mlx5/core/en/rss.o
  AR      drivers/firmware/arm_scmi/vendors/imx/built-in.a
  CC      drivers/firmware/arm_scmi/bus.o
  CC      drivers/firmware/arm_scmi/driver.o
  CC      drivers/net/wireless/mediatek/mt76/dma.o
  CC      drivers/net/ethernet/mellanox/mlx5/core/en/rx_res.o
  CC      drivers/net/ethernet/mellanox/mlx5/core/en/channels.o
  CC      drivers/firmware/arm_scmi/notify.o
  CC      drivers/net/ethernet/mellanox/mlx5/core/en_main.o
  CC      drivers/net/wireless/mediatek/mt76/mac80211.o
  CC      drivers/net/ethernet/mellanox/mlx5/core/en_common.o
  CC      drivers/firmware/arm_scmi/quirks.o
  CC      drivers/firmware/arm_scmi/base.o
  CC      drivers/firmware/arm_scmi/clock.o
  CC      drivers/net/ethernet/mellanox/mlx5/core/en_fs.o
  CC      drivers/net/wireless/mediatek/mt76/debugfs.o
  CC      drivers/firmware/arm_scmi/perf.o
  CC      drivers/net/wireless/mediatek/mt76/eeprom.o
  CC      drivers/firmware/arm_scmi/power.o
  CC      drivers/firmware/arm_scmi/reset.o
  CC      drivers/net/wireless/mediatek/mt76/tx.o
  CC      drivers/net/ethernet/mellanox/mlx5/core/en_ethtool.o
  CC      drivers/net/wireless/mediatek/mt76/agg-rx.o
  CC      drivers/firmware/arm_scmi/sensors.o
  CC      drivers/firmware/arm_scmi/system.o
  CC      drivers/firmware/arm_scmi/voltage.o
  CC      drivers/net/wireless/mediatek/mt76/mcu.o
  AR      drivers/firmware/google/built-in.a
  CC      drivers/firmware/arm_scmi/powercap.o
  CC      drivers/firmware/efi/efi.o
  CC      drivers/net/ethernet/mellanox/mlx5/core/en_tx.o
  CC      drivers/net/wireless/mediatek/mt76/wed.o
  CC      drivers/firmware/arm_scmi/pinctrl.o
  CC      drivers/firmware/efi/vars.o
  CC      drivers/firmware/arm_scmi/shmem.o
  CC      drivers/net/wireless/mediatek/mt76/scan.o
  CC      drivers/firmware/efi/reboot.o
  CC      drivers/firmware/arm_scmi/msg.o
  CC      drivers/net/ethernet/mellanox/mlx5/core/en_rx.o
  CC      drivers/firmware/efi/memattr.o
  AR      drivers/firmware/arm_scmi/built-in.a
  CC      drivers/firmware/imx/imx-scu.o
  CC      drivers/net/wireless/mediatek/mt76/channel.o
  CC      drivers/firmware/efi/tpm.o
  CC      drivers/firmware/imx/misc.o
  CC      drivers/firmware/imx/imx-scu-irq.o
  CC      drivers/firmware/efi/memmap.o
  CC      drivers/net/wireless/mediatek/mt76/pci.o
  CC      drivers/firmware/imx/rm.o
  CC      drivers/net/ethernet/mellanox/mlx5/core/en_dim.o
  CC      drivers/firmware/efi/capsule.o
  CC      drivers/firmware/imx/imx-scu-soc.o
  CC      drivers/net/wireless/mediatek/mt76/mt76_connac_mcu.o
  CC      drivers/firmware/efi/fdtparams.o
  CC      drivers/firmware/imx/sm-cpu.o
  CC      drivers/net/ethernet/mellanox/mlx5/core/en_txrx.o
  CC      drivers/firmware/efi/esrt.o
  CC      drivers/firmware/imx/sm-misc.o
  CC      drivers/firmware/imx/sm-lmm.o
  CC      drivers/firmware/efi/efi-pstore.o
  AR      drivers/firmware/imx/built-in.a
  CC      drivers/firmware/psci/psci.o
  CC      drivers/firmware/efi/cper.o
  CC      drivers/net/ethernet/mellanox/mlx5/core/en/xdp.o
  CC      drivers/net/wireless/mediatek/mt76/mt76_connac_mac.o
  AR      drivers/firmware/psci/built-in.a
  CC      drivers/net/wireless/mediatek/mt76/mt76_connac3_mac.o
  CC      drivers/firmware/efi/cper_cxl.o
  CC      drivers/firmware/efi/runtime-wrappers.o
  CC      drivers/net/wireless/mediatek/mt76/mt792x_core.o
  CC      drivers/net/ethernet/mellanox/mlx5/core/en_stats.o
  CC      drivers/net/wireless/mediatek/mt76/mt792x_mac.o
  CC      drivers/firmware/efi/sysfb_efi.o
  CC      drivers/firmware/efi/efi-init.o
  CC      drivers/net/wireless/mediatek/mt76/mt792x_trace.o
  CC      drivers/net/wireless/mediatek/mt76/mt792x_debugfs.o
  CC      drivers/firmware/efi/arm-runtime.o
  CC      drivers/net/ethernet/mellanox/mlx5/core/en_selftest.o
  CC      drivers/net/wireless/mediatek/mt76/mt792x_dma.o
  CC      drivers/net/wireless/mediatek/mt76/mt792x_acpi_sar.o
  CC      drivers/firmware/efi/capsule-loader.o
  CC      drivers/firmware/efi/earlycon.o
  CC      drivers/net/ethernet/mellanox/mlx5/core/en/port.o
  CC      drivers/net/ethernet/mellanox/mlx5/core/en/monitor_stats.o
  CC      drivers/net/wireless/mediatek/mt76/mt7921/mac.o
  CC      drivers/firmware/efi/cper-arm.o
  CC      drivers/net/ethernet/mellanox/mlx5/core/en/health.o
  CC      drivers/firmware/efi/libstub/alignedmem.o
  CC      drivers/net/wireless/mediatek/mt76/mt7921/mcu.o
  CC      drivers/firmware/efi/libstub/arm64-stub.o
  CC      drivers/firmware/efi/libstub/arm64.o
  CC      drivers/net/wireless/rsi/rsi_91x_main.o
  CC      drivers/net/ethernet/mellanox/mlx5/core/en/reporter_tx.o
  CC      drivers/firmware/efi/libstub/efi-stub-entry.o
  CC      drivers/net/wireless/mediatek/mt76/mt7921/main.o
  CC      drivers/net/wireless/rsi/rsi_91x_core.o
  CC      drivers/firmware/efi/libstub/efi-stub-helper.o
  CC      drivers/firmware/efi/libstub/efi-stub.o
  CC      drivers/net/ethernet/mellanox/mlx5/core/en/reporter_rx.o
  CC      drivers/net/wireless/rsi/rsi_91x_mac80211.o
  CC      drivers/net/wireless/mediatek/mt76/mt7921/init.o
  CC      drivers/firmware/efi/libstub/fdt.o
  CC      drivers/firmware/efi/libstub/file.o
  CC      drivers/net/wireless/mediatek/mt76/mt7921/debugfs.o
  CC      drivers/net/ethernet/mellanox/mlx5/core/en/params.o
  CC      drivers/net/wireless/rsi/rsi_91x_mgmt.o
  CC      drivers/firmware/efi/libstub/gop.o
  CC      drivers/net/wireless/mediatek/mt76/mt7921/pci.o
  CC      drivers/net/wireless/rsi/rsi_91x_hal.o
  CC      drivers/firmware/efi/libstub/intrinsics.o
  CC      drivers/net/ethernet/mellanox/mlx5/core/en/xsk/pool.o
  CC      drivers/firmware/efi/libstub/kaslr.o
  CC      drivers/net/wireless/mediatek/mt76/mt7921/pci_mac.o
  CC      drivers/net/wireless/rsi/rsi_91x_ps.o
  CC      drivers/firmware/efi/libstub/lib-cmdline.o
  CC      drivers/firmware/efi/libstub/lib-ctype.o
  CC      drivers/firmware/efi/libstub/lib-fdt.o
  CC      drivers/firmware/efi/libstub/lib-fdt_empty_tree.o
  CC      drivers/firmware/efi/libstub/lib-fdt_ro.o
  CC      drivers/firmware/efi/libstub/lib-fdt_rw.o
  CC      drivers/net/ethernet/mellanox/mlx5/core/en/xsk/setup.o
  CC      drivers/firmware/efi/libstub/lib-fdt_sw.o
  CC      drivers/firmware/efi/libstub/lib-fdt_wip.o
  CC      drivers/net/wireless/rsi/rsi_91x_coex.o
  CC      drivers/firmware/efi/libstub/mem.o
  CC      drivers/net/wireless/mediatek/mt76/mt7921/pci_mcu.o
  CC      drivers/firmware/efi/libstub/pci.o
  CC      drivers/net/wireless/rsi/rsi_91x_debugfs.o
  CC      drivers/net/ethernet/mellanox/mlx5/core/en/xsk/rx.o
  CC      drivers/net/wireless/mediatek/mt76/mt7921/regd.o
  CC      drivers/firmware/efi/libstub/primary_display.o
  CC      drivers/net/wireless/rsi/rsi_91x_sdio.o
  CC      drivers/firmware/efi/libstub/printk.o
  AR      drivers/net/wireless/mediatek/mt76/mt7921/built-in.a
  AR      drivers/net/wireless/mediatek/mt76/built-in.a
  AR      drivers/net/wireless/mediatek/built-in.a
  CC      drivers/net/ethernet/mellanox/mlx5/core/en/xsk/tx.o
  CC      drivers/net/ethernet/mellanox/mlx5/core/en/devlink.o
  CC      drivers/firmware/efi/libstub/random.o
  CC      drivers/net/wireless/rsi/rsi_91x_sdio_ops.o
  CC      drivers/firmware/efi/libstub/randomalloc.o
  CC      drivers/net/ethernet/mellanox/mlx5/core/en/ptp.o
  CC      drivers/net/ethernet/mellanox/mlx5/core/en/qos.o
  CC      drivers/net/wireless/rsi/rsi_91x_usb.o
  CC      drivers/firmware/efi/libstub/secureboot.o
  CC      drivers/firmware/efi/libstub/skip_spaces.o
  CC      drivers/firmware/efi/libstub/smbios.o
  CC      drivers/net/wireless/rsi/rsi_91x_usb_ops.o
  CC      drivers/net/ethernet/mellanox/mlx5/core/en/htb.o
  CC      drivers/net/ethernet/mellanox/mlx5/core/en/trap.o
  CC      drivers/firmware/efi/libstub/string.o
  CC      drivers/firmware/efi/libstub/systable.o
  AR      drivers/net/wireless/rsi/built-in.a
  CC      drivers/net/wireless/ti/wlcore/main.o
  CC      drivers/firmware/efi/libstub/tpm.o
  CC      drivers/net/wireless/ti/wlcore/cmd.o
  CC      drivers/net/ethernet/mellanox/mlx5/core/en/fs_tt_redirect.o
  CC      drivers/firmware/efi/libstub/vsprintf.o
  STUBCPY drivers/firmware/efi/libstub/alignedmem.stub.o
  STUBCPY drivers/firmware/efi/libstub/arm64-stub.stub.o
  STUBCPY drivers/firmware/efi/libstub/arm64.stub.o
  STUBCPY drivers/firmware/efi/libstub/efi-stub-entry.stub.o
  STUBCPY drivers/firmware/efi/libstub/efi-stub-helper.stub.o
  STUBCPY drivers/firmware/efi/libstub/efi-stub.stub.o
  STUBCPY drivers/firmware/efi/libstub/fdt.stub.o
  STUBCPY drivers/firmware/efi/libstub/file.stub.o
  STUBCPY drivers/firmware/efi/libstub/gop.stub.o
  STUBCPY drivers/firmware/efi/libstub/intrinsics.stub.o
  STUBCPY drivers/firmware/efi/libstub/kaslr.stub.o
  STUBCPY drivers/firmware/efi/libstub/lib-cmdline.stub.o
  STUBCPY drivers/firmware/efi/libstub/lib-ctype.stub.o
  STUBCPY drivers/firmware/efi/libstub/lib-fdt.stub.o
  STUBCPY drivers/firmware/efi/libstub/lib-fdt_empty_tree.stub.o
  STUBCPY drivers/firmware/efi/libstub/lib-fdt_ro.stub.o
  STUBCPY drivers/firmware/efi/libstub/lib-fdt_rw.stub.o
  STUBCPY drivers/firmware/efi/libstub/lib-fdt_sw.stub.o
  STUBCPY drivers/firmware/efi/libstub/lib-fdt_wip.stub.o
  STUBCPY drivers/firmware/efi/libstub/mem.stub.o
  STUBCPY drivers/firmware/efi/libstub/pci.stub.o
  STUBCPY drivers/firmware/efi/libstub/primary_display.stub.o
  STUBCPY drivers/firmware/efi/libstub/printk.stub.o
  STUBCPY drivers/firmware/efi/libstub/random.stub.o
  STUBCPY drivers/firmware/efi/libstub/randomalloc.stub.o
  STUBCPY drivers/firmware/efi/libstub/secureboot.stub.o
  STUBCPY drivers/firmware/efi/libstub/skip_spaces.stub.o
  STUBCPY drivers/firmware/efi/libstub/smbios.stub.o
  STUBCPY drivers/firmware/efi/libstub/string.stub.o
  STUBCPY drivers/firmware/efi/libstub/systable.stub.o
  STUBCPY drivers/firmware/efi/libstub/tpm.stub.o
  STUBCPY drivers/firmware/efi/libstub/vsprintf.stub.o
  AR      drivers/firmware/efi/libstub/lib.a
  AR      drivers/firmware/efi/built-in.a
  CC      drivers/firmware/qcom/qcom_scm.o
  CC      drivers/net/wireless/ti/wlcore/io.o
  CC      drivers/net/ethernet/mellanox/mlx5/core/en/selq.o
  CC      drivers/net/wireless/ti/wlcore/event.o
  CC      drivers/firmware/qcom/qcom_scm-smc.o
  CC      drivers/net/wireless/ti/wlcore/tx.o
  CC      drivers/firmware/qcom/qcom_scm-legacy.o
  CC      drivers/net/wwan/wwan_core.o
  CC      drivers/net/ethernet/mellanox/mlx5/core/lib/crypto.o
  CC      drivers/firmware/qcom/qcom_tzmem.o
  CC      drivers/net/wireless/ti/wlcore/rx.o
  CC      drivers/net/wwan/mhi_wwan_ctrl.o
  CC      drivers/net/ethernet/mellanox/mlx5/core/lib/sd.o
  AR      drivers/firmware/qcom/built-in.a
  CC      drivers/firmware/samsung/exynos-acpm.o
  CC      drivers/net/wireless/ti/wlcore/ps.o
  CC      drivers/net/wwan/mhi_wwan_mbim.o
  CC      drivers/firmware/samsung/exynos-acpm-pmic.o
  CC      drivers/firmware/samsung/exynos-acpm-dvfs.o
  CC      drivers/net/wireless/ti/wlcore/acx.o
  CC      drivers/firmware/samsung/exynos-acpm-tmu.o
  CC      drivers/net/ethernet/mellanox/mlx5/core/en/pcie_cong_event.o
  AR      drivers/firmware/samsung/built-in.a
  CC      drivers/firmware/smccc/smccc.o
  AR      drivers/net/wwan/built-in.a
  CC      drivers/net/usb/pegasus.o
  CC      drivers/firmware/smccc/kvm_guest.o
  CC      drivers/net/wireless/ti/wlcore/boot.o
  CC      drivers/firmware/smccc/soc_id.o
  CC      drivers/net/ethernet/mellanox/mlx5/core/en_arfs.o
  CC      drivers/net/usb/rtl8150.o
  AR      drivers/firmware/smccc/built-in.a
  CC      drivers/firmware/tegra/bpmp.o
  CC      drivers/net/wireless/ti/wlcore/init.o
  CC      drivers/firmware/tegra/bpmp-tegra210.o
  CC      drivers/net/usb/r8152.o
  CC      drivers/net/ethernet/mellanox/mlx5/core/lag/mp.o
  CC      drivers/net/wireless/ti/wlcore/debugfs.o
  CC      drivers/firmware/tegra/bpmp-tegra186.o
  CC      drivers/firmware/tegra/bpmp-debugfs.o
  CC      drivers/net/ethernet/mellanox/mlx5/core/lag/port_sel.o
  CC      drivers/net/wireless/ti/wlcore/scan.o
  CC      drivers/firmware/tegra/ivc.o
  AR      drivers/firmware/tegra/built-in.a
  CC      drivers/firmware/xilinx/zynqmp.o
  CC      drivers/net/wireless/ti/wlcore/sysfs.o
  CC      drivers/net/ethernet/mellanox/mlx5/core/lib/geneve.o
  CC      drivers/firmware/xilinx/zynqmp-ufs.o
  CC      drivers/net/usb/lan78xx.o
  CC      drivers/net/wireless/ti/wlcore/vendor_cmd.o
  CC      drivers/firmware/xilinx/zynqmp-crypto.o
  CC      drivers/net/ethernet/mellanox/mlx5/core/lib/port_tun.o
  CC      drivers/firmware/xilinx/zynqmp-debug.o
  CC      drivers/net/wireless/ti/wlcore/sdio.o
  AR      drivers/firmware/xilinx/built-in.a
  AR      drivers/firmware/built-in.a
  CC      drivers/crypto/allwinner/sun8i-ce/sun8i-ce-core.o
  CC      drivers/net/ethernet/mellanox/mlx5/core/en_rep.o
  CC      drivers/net/usb/asix_devices.o
  AR      drivers/net/wireless/ti/wlcore/built-in.a
  CC      drivers/crypto/allwinner/sun8i-ce/sun8i-ce-cipher.o
  CC      drivers/net/wireless/ti/wl18xx/main.o
  AR      drivers/crypto/allwinner/sun8i-ce/built-in.a
  AR      drivers/crypto/allwinner/built-in.a
  CC      drivers/crypto/ccree/cc_driver.o
  CC      drivers/net/usb/asix_common.o
  CC      drivers/net/ethernet/mellanox/mlx5/core/en/rep/bond.o
  CC      drivers/net/wireless/ti/wl18xx/acx.o
  CC      drivers/crypto/ccree/cc_buffer_mgr.o
  CC      drivers/net/usb/ax88172a.o
  CC      drivers/net/wireless/ti/wl18xx/tx.o
  CC      drivers/net/ethernet/mellanox/mlx5/core/en/mod_hdr.o
  CC      drivers/net/usb/ax88179_178a.o
  CC      drivers/crypto/ccree/cc_request_mgr.o
  CC      drivers/net/wireless/ti/wl18xx/io.o
  CC      drivers/net/ethernet/mellanox/mlx5/core/en/mapping.o
  CC      drivers/crypto/ccree/cc_cipher.o
  CC      drivers/net/usb/cdc_ether.o
  CC      drivers/net/wireless/ti/wl18xx/debugfs.o
  CC      drivers/net/ethernet/mellanox/mlx5/core/lag/mpesw.o
  CC      drivers/net/usb/dm9601.o
  CC      drivers/crypto/ccree/cc_hash.o
  CC      drivers/net/wireless/ti/wl18xx/scan.o
  CC      drivers/net/usb/sr9800.o
  CC      drivers/net/ethernet/mellanox/mlx5/core/lag/shared_fdb.o
  CC      drivers/crypto/ccree/cc_aead.o
  CC      drivers/net/wireless/ti/wl18xx/cmd.o
  CC      drivers/net/usb/smsc75xx.o
  CC      drivers/net/ethernet/mellanox/mlx5/core/eswitch.o
  CC      drivers/net/wireless/ti/wl18xx/event.o
  CC      drivers/crypto/ccree/cc_sram_mgr.o
  CC      drivers/net/usb/smsc95xx.o
  AR      drivers/net/wireless/ti/wl18xx/built-in.a
  AR      drivers/net/wireless/ti/built-in.a
  AR      drivers/net/wireless/built-in.a
  CC      drivers/net/net_failover.o
  CC      drivers/crypto/ccree/cc_debugfs.o
  CC      drivers/net/usb/net1080.o
  CC      drivers/crypto/ccree/cc_pm.o
  CC      drivers/net/usb/plusb.o
  CC      drivers/net/ethernet/mellanox/mlx5/core/eswitch_offloads.o
  CC      drivers/net/usb/cdc_subset.o
  AR      drivers/crypto/ccree/built-in.a
  CC      drivers/crypto/caam/error.o
  CC      drivers/net/ethernet/mellanox/mlx5/core/eswitch_offloads_termtbl.o
  CC      drivers/net/usb/zaurus.o
  CC      drivers/crypto/caam/ctrl.o
  CC      drivers/net/ethernet/mellanox/mlx5/core/ecpf.o
  CC      drivers/net/usb/mcs7830.o
  CC      drivers/net/ethernet/mellanox/mlx5/core/rdma.o
  CC      drivers/crypto/caam/qi.o
  CC      drivers/net/usb/usbnet.o
  CC      drivers/net/ethernet/mellanox/mlx5/core/esw/legacy.o
  CC      drivers/net/ethernet/mellanox/mlx5/core/esw/adj_vport.o
  CC      drivers/crypto/caam/debugfs.o
  CC      drivers/net/usb/cdc_ncm.o
  CC      drivers/net/ethernet/mellanox/mlx5/core/esw/devlink_port.o
  CC      drivers/net/ethernet/mellanox/mlx5/core/esw/vporttbl.o
  CC      drivers/crypto/caam/jr.o
  CC      drivers/net/usb/r8153_ecm.o
  CC      drivers/net/ethernet/mellanox/mlx5/core/esw/qos.o
  CC      drivers/net/ethernet/mellanox/mlx5/core/esw/ipsec.o
  AR      drivers/net/usb/built-in.a
  CC      drivers/net/ethernet/mellanox/mlx5/core/esw/acl/helper.o
  CC      drivers/crypto/caam/key_gen.o
  CC      drivers/crypto/caam/caamalg.o
  CC      drivers/net/ethernet/mellanox/mlx5/core/esw/acl/egress_lgcy.o
  CC      drivers/net/ethernet/mellanox/mlx5/core/esw/acl/egress_ofld.o
  CC      drivers/crypto/caam/caamalg_qi.o
  CC      drivers/net/ethernet/mellanox/mlx5/core/esw/acl/ingress_lgcy.o
  CC      drivers/net/ethernet/mellanox/mlx5/core/esw/acl/ingress_ofld.o
  CC      drivers/crypto/caam/caamhash.o
  CC      drivers/crypto/caam/caamrng.o
  CC      drivers/net/ethernet/mellanox/mlx5/core/esw/bridge.o
  CC      drivers/net/ethernet/mellanox/mlx5/core/esw/bridge_mcast.o
  CC      drivers/crypto/caam/caamprng.o
  CC      drivers/crypto/caam/caampkc.o
  CC      drivers/crypto/caam/pkc_desc.o
  CC      drivers/net/ethernet/mellanox/mlx5/core/esw/bridge_debugfs.o
  CC      drivers/crypto/caam/caamalg_desc.o
  CC      drivers/net/ethernet/mellanox/mlx5/core/en/rep/bridge.o
  CC      drivers/crypto/caam/caamhash_desc.o
  CC      drivers/net/ethernet/mellanox/mlx5/core/hwmon.o
  CC      drivers/net/ethernet/mellanox/mlx5/core/lib/clock.o
  CC      drivers/net/ethernet/mellanox/mlx5/core/steering/hws/cmd.o
  AR      drivers/crypto/caam/built-in.a
  CC      drivers/crypto/qce/core.o
  CC      drivers/crypto/qce/common.o
  CC      drivers/net/ethernet/mellanox/mlx5/core/steering/hws/context.o
  CC      drivers/net/ethernet/mellanox/mlx5/core/steering/hws/pat_arg.o
  CC      drivers/crypto/qce/dma.o
  CC      drivers/net/ethernet/mellanox/mlx5/core/steering/hws/buddy.o
  CC      drivers/net/ethernet/mellanox/mlx5/core/steering/hws/pool.o
  CC      drivers/crypto/qce/sha.o
  CC      drivers/crypto/qce/skcipher.o
  CC      drivers/crypto/qce/aead.o
  CC      drivers/net/ethernet/mellanox/mlx5/core/steering/hws/table.o
  CC      drivers/net/ethernet/mellanox/mlx5/core/steering/hws/action.o
  CC      drivers/net/ethernet/mellanox/mlx5/core/steering/hws/rule.o
  AR      drivers/crypto/qce/built-in.a
  CC      drivers/crypto/qcom-rng.o
  CC      drivers/net/ethernet/mellanox/mlx5/core/steering/hws/matcher.o
  CC      drivers/crypto/sa2ul.o
  CC      drivers/net/ethernet/mellanox/mlx5/core/steering/hws/send.o
  CC      drivers/net/ethernet/mellanox/mlx5/core/steering/hws/definer.o
  CC      drivers/crypto/tegra/tegra-se-key.o
  CC      drivers/net/ethernet/mellanox/mlx5/core/steering/hws/bwc.o
  CC      drivers/net/ethernet/mellanox/mlx5/core/steering/hws/debug.o
  CC      drivers/crypto/tegra/tegra-se-main.o
  CC      drivers/net/ethernet/mellanox/mlx5/core/steering/hws/vport.o
  CC      drivers/crypto/tegra/tegra-se-aes.o
  CC      drivers/net/ethernet/mellanox/mlx5/core/steering/hws/bwc_complex.o
  CC      drivers/net/ethernet/mellanox/mlx5/core/steering/hws/fs_hws_pools.o
  CC      drivers/net/ethernet/mellanox/mlx5/core/steering/hws/fs_hws.o
  CC      drivers/net/ethernet/mellanox/mlx5/core/steering/hws/action_ste_pool.o
  CC      drivers/net/ethernet/mellanox/mlx5/core/steering/sws/dr_domain.o
  CC      drivers/crypto/tegra/tegra-se-hash.o
  CC      drivers/net/ethernet/mellanox/mlx5/core/steering/sws/dr_table.o
  AR      drivers/crypto/tegra/built-in.a
  CC      drivers/crypto/bcm/util.o
  CC      drivers/net/ethernet/mellanox/mlx5/core/steering/sws/dr_matcher.o
  CC      drivers/net/ethernet/mellanox/mlx5/core/steering/sws/dr_rule.o
  CC      drivers/net/ethernet/mellanox/mlx5/core/steering/sws/dr_icm_pool.o
  CC      drivers/crypto/bcm/spu.o
  CC      drivers/net/ethernet/mellanox/mlx5/core/steering/sws/dr_buddy.o
  CC      drivers/crypto/bcm/spu2.o
  CC      drivers/net/ethernet/mellanox/mlx5/core/steering/sws/dr_ste.o
  CC      drivers/net/ethernet/mellanox/mlx5/core/steering/sws/dr_send.o
  CC      drivers/crypto/bcm/cipher.o
  CC      drivers/net/ethernet/mellanox/mlx5/core/steering/sws/dr_ste_v0.o
  CC      drivers/net/ethernet/mellanox/mlx5/core/steering/sws/dr_ste_v1.o
  CC      drivers/net/ethernet/mellanox/mlx5/core/steering/sws/dr_ste_v2.o
  AR      drivers/crypto/bcm/built-in.a
  CC      drivers/crypto/xilinx/zynqmp-aes-gcm.o
  CC      drivers/crypto/xilinx/zynqmp-sha.o
  CC      drivers/net/ethernet/mellanox/mlx5/core/steering/sws/dr_ste_v3.o
  CC      drivers/net/ethernet/mellanox/mlx5/core/steering/sws/dr_cmd.o
  AR      drivers/crypto/xilinx/built-in.a
  CC      drivers/crypto/hisilicon/hpre/hpre_main.o
  CC      drivers/crypto/hisilicon/sec2/sec_main.o
  CC      drivers/net/ethernet/mellanox/mlx5/core/steering/sws/dr_fw.o
  CC      drivers/crypto/hisilicon/hpre/hpre_crypto.o
  CC      drivers/crypto/hisilicon/sec2/sec_crypto.o
  CC      drivers/net/ethernet/mellanox/mlx5/core/steering/sws/dr_action.o
  AR      drivers/crypto/hisilicon/hpre/built-in.a
  CC      drivers/crypto/hisilicon/qm.o
  CC      drivers/net/ethernet/mellanox/mlx5/core/steering/sws/dr_definer.o
  AR      drivers/crypto/hisilicon/sec2/built-in.a
  CC      drivers/crypto/hisilicon/sgl.o
  CC      drivers/net/ethernet/mellanox/mlx5/core/steering/sws/dr_ptrn.o
  CC      drivers/net/ethernet/mellanox/mlx5/core/steering/sws/dr_arg.o
  CC      drivers/crypto/hisilicon/debugfs.o
  CC      drivers/net/ethernet/mellanox/mlx5/core/steering/sws/dr_dbg.o
  CC      drivers/crypto/hisilicon/zip/zip_main.o
  CC      drivers/net/ethernet/mellanox/mlx5/core/steering/sws/fs_dr.o
  CC      drivers/net/ethernet/mellanox/mlx5/core/lib/smfs.o
  CC      drivers/crypto/hisilicon/zip/zip_crypto.o
  CC      drivers/crypto/hisilicon/zip/dae_main.o
  CC      drivers/crypto/amlogic/amlogic-gxl-core.o
  AR      drivers/net/ethernet/mellanox/mlx5/core/built-in.a
  AR      drivers/net/ethernet/mellanox/built-in.a
  AR      drivers/net/ethernet/built-in.a
  AR      drivers/net/built-in.a
  CC      drivers/clocksource/timer-of.o
  CC      drivers/clocksource/timer-probe.o
  AR      drivers/crypto/hisilicon/zip/built-in.a
  AR      drivers/crypto/hisilicon/built-in.a
  CC      drivers/clocksource/sh_cmt.o
  CC      drivers/crypto/amlogic/amlogic-gxl-cipher.o
  CC      drivers/clocksource/renesas-ostm.o
  CC      drivers/clocksource/sh_tmu.o
  CC      drivers/clocksource/mmio.o
  AR      drivers/crypto/amlogic/built-in.a
  CC      drivers/clocksource/timer-ti-dm.o
  AR      drivers/crypto/built-in.a
  CC      drivers/clocksource/dw_apb_timer.o
  CC      drivers/clocksource/dw_apb_timer_of.o
  CC      drivers/clocksource/timer-rockchip.o
  CC      drivers/clocksource/timer-sun4i.o
  CC      drivers/clocksource/timer-tegra.o
  CC      drivers/clocksource/timer-tegra186.o
  CC      drivers/clocksource/timer-stm32-lp.o
  CC      drivers/clocksource/exynos_mct.o
  CC      drivers/clocksource/timer-mediatek.o
  CC      drivers/clocksource/timer-mediatek-cpux.o
  CC      drivers/clocksource/timer-owl.o
  CC      drivers/clocksource/timer-sprd.o
  CC      drivers/clocksource/timer-npcm7xx.o
  CC      drivers/clocksource/arm_arch_timer.o
  CC      drivers/clocksource/arm_arch_timer_mmio.o
  CC      drivers/clocksource/timer-sp804.o
  CC      drivers/clocksource/dummy_timer.o
  CC      drivers/clocksource/timer-imx-sysctr.o
  CC      drivers/hid/hid-core.o
  CC      drivers/hid/hid-input.o
  CC      drivers/of/base.o
  AR      drivers/clocksource/built-in.a
  CC      drivers/greybus/core.o
  CC      drivers/greybus/debugfs.o
  CC      drivers/hid/hid-quirks.o
  CC      drivers/of/cpu.o
  CC      drivers/hid/hid-debug.o
  CC      drivers/greybus/hd.o
  CC      drivers/of/device.o
  CC      drivers/hid/hid-generic.o
  CC      drivers/hid/hid-multitouch.o
  CC      drivers/greybus/manifest.o
  CC      drivers/of/module.o
  CC      drivers/hid/usbhid/hid-core.o
  CC      drivers/greybus/module.o
  CC      drivers/of/platform.o
  CC      drivers/hid/i2c-hid/i2c-hid-core.o
  CC      drivers/greybus/interface.o
  CC      drivers/of/property.o
  AR      drivers/hid/usbhid/built-in.a
  CC      drivers/greybus/bundle.o
  CC      drivers/greybus/connection.o
  CC      drivers/hid/i2c-hid/i2c-hid-dmi-quirks.o
  CC      drivers/greybus/control.o
  CC      drivers/greybus/svc.o
  CC      drivers/of/kobj.o
  CC      drivers/greybus/svc_watchdog.o
  CC      drivers/hid/i2c-hid/i2c-hid-acpi.o
  CC      drivers/of/dynamic.o
  CC      drivers/hid/i2c-hid/i2c-hid-of.o
  CC      drivers/greybus/operation.o
  CC      drivers/of/fdt.o
  CC      drivers/hid/i2c-hid/i2c-hid-of-elan.o
  AS      drivers/of/empty_root.dtb.o
  CC      drivers/of/fdt_address.o
  CC      drivers/greybus/gb-beagleplay.o
  CC      drivers/of/address.o
  CC      drivers/of/irq.o
  AR      drivers/hid/i2c-hid/built-in.a
  AR      drivers/hid/built-in.a
  CC      drivers/platform/chrome/chromeos_of_hw_prober.o
  AR      drivers/greybus/built-in.a
  CC      drivers/mailbox/mailbox.o
  CC      drivers/platform/chrome/cros_ec.o
  CC      drivers/mailbox/arm_mhu.o
  CC      drivers/of/of_reserved_mem.o
  CC      drivers/of/resolver.o
  CC      drivers/platform/chrome/cros_ec_i2c.o
  CC      drivers/mailbox/arm_mhu_db.o
  CC      drivers/of/overlay.o
  CC      drivers/mailbox/exynos-mailbox.o
  CC      drivers/platform/chrome/cros_ec_rpmsg.o
  CC      drivers/of/of_numa.o
  CC      drivers/mailbox/imx-mailbox.o
  CC      drivers/mailbox/platform_mhu.o
  CC      drivers/of/kexec.o
  CC      drivers/platform/chrome/cros_ec_proto.o
  CC      drivers/mailbox/omap-mailbox.o
  CC      drivers/mailbox/pcc.o
  CC      drivers/platform/chrome/cros_ec_trace.o
  AR      drivers/of/built-in.a
  CC      drivers/hwspinlock/hwspinlock_core.o
  CC      drivers/mailbox/bcm2835-mailbox.o
  CC      drivers/platform/chrome/cros_kbd_led_backlight.o
  CC      drivers/mailbox/ti-msgmgr.o
  CC      drivers/hwspinlock/omap_hwspinlock.o
  CC      drivers/mailbox/hi3660-mailbox.o
  CC      drivers/platform/chrome/cros_ec_chardev.o
  CC      drivers/mailbox/hi6220-mailbox.o
  CC      drivers/hwspinlock/qcom_hwspinlock.o
  CC      drivers/mailbox/bcm-flexrm-mailbox.o
  CC      drivers/platform/chrome/cros_ec_vbc.o
  CC      drivers/mailbox/qcom-apcs-ipc-mailbox.o
  AR      drivers/hwspinlock/built-in.a
  CC      drivers/remoteproc/remoteproc_core.o
  CC      drivers/platform/chrome/cros_ec_debugfs.o
  CC      drivers/mailbox/tegra-hsp.o
  CC      drivers/mailbox/mtk-adsp-mailbox.o
  CC      drivers/platform/chrome/cros_ec_sensorhub.o
  CC      drivers/mailbox/mtk-cmdq-mailbox.o
  CC      drivers/remoteproc/remoteproc_coredump.o
  CC      drivers/mailbox/mtk-gpueb-mailbox.o
  CC      drivers/platform/chrome/cros_ec_sensorhub_ring.o
  CC      drivers/mailbox/zynqmp-ipi-mailbox.o
  CC      drivers/mailbox/sun6i-msgbox.o
  CC      drivers/remoteproc/remoteproc_debugfs.o
  CC      drivers/platform/chrome/cros_ec_sysfs.o
  CC      drivers/mailbox/qcom-cpucp-mbox.o
  CC      drivers/platform/chrome/cros_usbpd_notify.o
  CC      drivers/mailbox/qcom-ipcc.o
  CC      drivers/remoteproc/remoteproc_sysfs.o
  CC      drivers/mailbox/cix-mailbox.o
  AR      drivers/platform/chrome/built-in.a
  CC      drivers/platform/arm64/huawei-gaokun-ec.o
  CC      drivers/remoteproc/remoteproc_virtio.o
  CC      drivers/platform/arm64/lenovo-yoga-c630.o
  CC      drivers/mailbox/bcm74110-mailbox.o
  CC      drivers/remoteproc/remoteproc_elf_loader.o
  CC      drivers/platform/arm64/lenovo-thinkpad-t14s.o
  CC      drivers/remoteproc/imx_rproc.o
  AR      drivers/mailbox/built-in.a
  CC      drivers/remoteproc/mtk_scp.o
  CC      drivers/rpmsg/rpmsg_core.o
  AR      drivers/platform/arm64/built-in.a
  AR      drivers/platform/built-in.a
  CC      drivers/devfreq/devfreq.o
  CC      drivers/remoteproc/mtk_scp_ipi.o
  CC      drivers/rpmsg/rpmsg_char.o
  CC      drivers/remoteproc/pru_rproc.o
  CC      drivers/devfreq/governor_simpleondemand.o
  CC      drivers/remoteproc/qcom_pil_info.o
  CC      drivers/rpmsg/rpmsg_ns.o
  CC      drivers/devfreq/governor_userspace.o
  CC      drivers/remoteproc/qcom_common.o
  CC      drivers/rpmsg/mtk_rpmsg.o
  CC      drivers/remoteproc/qcom_q6v5.o
  CC      drivers/devfreq/imx-bus.o
  CC      drivers/remoteproc/qcom_q6v5_mss.o
  CC      drivers/rpmsg/qcom_glink_native.o
  CC      drivers/remoteproc/qcom_q6v5_pas.o
  CC      drivers/devfreq/imx8m-ddrc.o
  AR      drivers/devfreq/built-in.a
  CC      drivers/extcon/extcon.o
  CC      drivers/rpmsg/qcom_glink_ssr.o
  CC      drivers/extcon/devres.o
  CC      drivers/remoteproc/qcom_sysmon.o
  CC      drivers/rpmsg/qcom_glink_rpm.o
  CC      drivers/extcon/extcon-ptn5150.o
  CC      drivers/extcon/extcon-usb-gpio.o
  CC      drivers/remoteproc/qcom_wcnss.o
  CC      drivers/rpmsg/qcom_glink_smem.o
  CC      drivers/extcon/extcon-usbc-cros-ec.o
  CC      drivers/rpmsg/qcom_smd.o
  CC      drivers/remoteproc/qcom_wcnss_iris.o
  CC      drivers/rpmsg/virtio_rpmsg_bus.o
  AR      drivers/extcon/built-in.a
  CC      drivers/memory/brcmstb_dpfe.o
  CC      drivers/memory/brcmstb_memc.o
  CC      drivers/remoteproc/ti_k3_dsp_remoteproc.o
  AR      drivers/rpmsg/built-in.a
  CC      drivers/iio/industrialio-core.o
  CC      drivers/memory/fsl_ifc.o
  CC      drivers/memory/renesas-rpc-if.o
  CC      drivers/remoteproc/ti_k3_common.o
  CC      drivers/memory/tegra/mc.o
  CC      drivers/iio/industrialio-event.o
  CC      drivers/memory/tegra/tegra124.o
  CC      drivers/remoteproc/ti_k3_m4_remoteproc.o
  CC      drivers/iio/inkern.o
  CC      drivers/remoteproc/ti_k3_r5_remoteproc.o
  CC      drivers/memory/tegra/tegra210.o
  CC      drivers/memory/tegra/tegra186.o
  CC      drivers/memory/tegra/tegra194.o
  CC      drivers/iio/industrialio-buffer.o
  AR      drivers/remoteproc/built-in.a
  CC      drivers/memory/tegra/tegra234.o
  CC      drivers/perf/arm-cci.o
  CC      drivers/memory/tegra/tegra264.o
  CC      drivers/memory/tegra/tegra186-emc.o
  CC      drivers/memory/tegra/tegra238.o
  CC      drivers/perf/arm-ccn.o
  CC      drivers/iio/industrialio-trigger.o
  CC      drivers/iio/industrialio-acpi.o
  AR      drivers/memory/tegra/built-in.a
  AR      drivers/memory/built-in.a
  CC      drivers/ras/ras.o
  CC      drivers/iio/adc/industrialio-adc.o
  CC      drivers/perf/arm-cmn.o
  CC      drivers/ras/debugfs.o
  CC      drivers/hwtracing/coresight/coresight-core.o
  CC      drivers/iio/adc/exynos_adc.o
  AR      drivers/ras/built-in.a
  CC      drivers/hwtracing/coresight/coresight-etm-perf.o
  CC      drivers/iio/adc/imx8qxp-adc.o
  CC      drivers/hwtracing/coresight/coresight-platform.o
  CC      drivers/perf/arm_dsu_pmu.o
  CC      drivers/hwtracing/coresight/coresight-sysfs.o
  CC      drivers/iio/adc/imx93_adc.o
  CC      drivers/hwtracing/coresight/coresight-syscfg.o
  CC      drivers/hwtracing/coresight/coresight-config.o
  CC      drivers/perf/arm_pmu.o
  CC      drivers/iio/adc/max9611.o
  CC      drivers/hwtracing/coresight/coresight-cfg-preload.o
  CC      drivers/hwtracing/coresight/coresight-cfg-afdo.o
  CC      drivers/iio/adc/mt6359-auxadc.o
  CC      drivers/perf/arm_pmu_platform.o
  CC      drivers/hwtracing/coresight/coresight-cfg-pstop.o
  CC      drivers/hwtracing/stm/core.o
  CC      drivers/iio/adc/meson_saradc.o
  CC      drivers/perf/arm_pmu_acpi.o
  CC      drivers/hwtracing/coresight/coresight-syscfg-configfs.o
  CC      drivers/hwtracing/stm/policy.o
  CC      drivers/iio/adc/qcom-spmi-adc5.o
  CC      drivers/perf/arm_pmuv3.o
  CC      drivers/hwtracing/coresight/coresight-trace-id.o
  CC      drivers/hwtracing/stm/p_basic.o
  CC      drivers/iio/adc/qcom-vadc-common.o
  CC      drivers/hwtracing/stm/p_sys-t.o
  CC      drivers/hwtracing/coresight/coresight-tmc-core.o
  CC      drivers/iio/adc/rockchip_saradc.o
  CC      drivers/perf/arm_smmuv3_pmu.o
  AR      drivers/hwtracing/stm/built-in.a
  CC      drivers/nvmem/core.o
  CC      drivers/iio/adc/rzg2l_adc.o
  CC      drivers/hwtracing/coresight/coresight-tmc-etf.o
  CC      drivers/perf/fsl_imx8_ddr_perf.o
  CC      drivers/nvmem/layouts.o
  CC      drivers/iio/adc/rzt2h_adc.o
  CC      drivers/hwtracing/coresight/coresight-tmc-etr.o
  CC      drivers/nvmem/layouts/fixed-layout.o
  CC      drivers/iio/adc/ti_am335x_adc.o
  CC      drivers/perf/hisilicon/hisi_uncore_pmu.o
  CC      drivers/nvmem/layouts/sl28vpd.o
  CC      drivers/iio/adc/xilinx-ams.o
  CC      drivers/hwtracing/coresight/coresight-tpiu.o
  CC      drivers/perf/hisilicon/hisi_uncore_l3c_pmu.o
  AR      drivers/nvmem/layouts/built-in.a
  CC      drivers/nvmem/apple-efuses.o
  CC      drivers/hwtracing/coresight/coresight-funnel.o
  CC      drivers/iio/adc/xilinx-xadc-core.o
  CC      drivers/nvmem/apple-spmi-nvmem.o
  CC      drivers/perf/hisilicon/hisi_uncore_hha_pmu.o
  CC      drivers/nvmem/bcm-ocotp.o
  CC      drivers/iio/adc/xilinx-xadc-events.o
  CC      drivers/hwtracing/coresight/coresight-replicator.o
  CC      drivers/perf/hisilicon/hisi_uncore_ddrc_pmu.o
  CC      drivers/nvmem/imx-ocotp.o
  CC      drivers/iio/adc/mt6577_auxadc.o
  CC      drivers/hwtracing/coresight/coresight-stm.o
  CC      drivers/perf/hisilicon/hisi_uncore_sllc_pmu.o
  AR      drivers/iio/adc/built-in.a
  CC      drivers/iio/buffer/industrialio-triggered-buffer.o
  CC      drivers/nvmem/imx-ocotp-ele.o
  CC      drivers/perf/hisilicon/hisi_uncore_pa_pmu.o
  CC      drivers/hwtracing/coresight/coresight-cpu-debug.o
  CC      drivers/iio/buffer/kfifo_buf.o
  CC      drivers/nvmem/imx-ocotp-scu.o
  AR      drivers/iio/buffer/built-in.a
  CC      drivers/iio/common/cros_ec_sensors/cros_ec_sensors_core.o
  CC      drivers/nvmem/layerscape-sfp.o
  CC      drivers/perf/hisilicon/hisi_uncore_cpa_pmu.o
  CC      drivers/hwtracing/coresight/coresight-catu.o
  CC      drivers/nvmem/max77759-nvmem.o
  CC      drivers/iio/common/cros_ec_sensors/cros_ec_sensors_trace.o
  CC      drivers/perf/hisilicon/hisi_uncore_uc_pmu.o
  CC      drivers/iio/common/cros_ec_sensors/cros_ec_sensors.o
  CC      drivers/nvmem/meson-efuse.o
  CC      drivers/hwtracing/coresight/coresight-cti-core.o
  CC      drivers/nvmem/mtk-efuse.o
  AR      drivers/iio/common/cros_ec_sensors/built-in.a
  CC      drivers/iio/common/st_sensors/st_sensors_i2c.o
  CC      drivers/perf/hisilicon/hisi_uncore_noc_pmu.o
  CC      drivers/hwtracing/coresight/coresight-cti-platform.o
  CC      drivers/nvmem/qfprom.o
  CC      drivers/iio/common/st_sensors/st_sensors_spi.o
  CC      drivers/perf/hisilicon/hisi_uncore_mn_pmu.o
  CC      drivers/nvmem/sec-qfprom.o
  CC      drivers/hwtracing/coresight/coresight-cti-sysfs.o
  CC      drivers/iio/common/st_sensors/st_sensors_core.o
  CC      drivers/nvmem/rockchip-efuse.o
  AR      drivers/perf/hisilicon/built-in.a
  CC      drivers/perf/qcom_l2_pmu.o
  AR      drivers/hwtracing/coresight/built-in.a
  CC      drivers/fpga/fpga-mgr.o
  CC      drivers/nvmem/rockchip-otp.o
  CC      drivers/iio/common/st_sensors/st_sensors_buffer.o
  CC      drivers/perf/thunderx2_pmu.o
  CC      drivers/nvmem/snvs_lpgpr.o
  CC      drivers/fpga/stratix10-soc.o
  CC      drivers/iio/common/st_sensors/st_sensors_trigger.o
  CC      drivers/nvmem/qcom-spmi-sdam.o
  CC      drivers/perf/arm_spe_pmu.o
  CC      drivers/fpga/zynqmp-fpga.o
  AR      drivers/iio/common/st_sensors/built-in.a
  AR      drivers/iio/common/built-in.a
  CC      drivers/iio/imu/st_lsm6dsx/st_lsm6dsx_core.o
  CC      drivers/nvmem/sunxi_sid.o
  CC      drivers/fpga/versal-fpga.o
  CC      drivers/nvmem/uniphier-efuse.o
  CC      drivers/perf/arm_brbe.o
  CC      drivers/fpga/fpga-bridge.o
  CC      drivers/iio/imu/st_lsm6dsx/st_lsm6dsx_buffer.o
  CC      drivers/nvmem/zynqmp_nvmem.o
  CC      drivers/fpga/altera-freeze-bridge.o
  CC      drivers/perf/arm_dmc620_pmu.o
  AR      drivers/nvmem/built-in.a
  CC      drivers/iio/imu/st_lsm6dsx/st_lsm6dsx_shub.o
  CC      drivers/tee/tee_core.o
  CC      drivers/fpga/xilinx-pr-decoupler.o
  CC      drivers/fpga/fpga-region.o
  CC      drivers/perf/apple_m1_cpu_pmu.o
  CC      drivers/iio/imu/st_lsm6dsx/st_lsm6dsx_i2c.o
  CC      drivers/tee/tee_heap.o
  CC      drivers/fpga/of-fpga-region.o
  CC      drivers/iio/imu/st_lsm6dsx/st_lsm6dsx_spi.o
  CC      drivers/perf/arm_cspmu/arm_cspmu.o
  AR      drivers/fpga/built-in.a
  CC      drivers/tee/tee_shm.o
  CC      drivers/mux/core.o
  CC      drivers/mux/gpio.o
  CC      drivers/iio/imu/st_lsm6dsx/st_lsm6dsx_fusion.o
  CC      drivers/tee/tee_shm_pool.o
  AR      drivers/perf/arm_cspmu/built-in.a
  CC      drivers/perf/amlogic/meson_ddr_pmu_core.o
  CC      drivers/mux/mmio.o
  AR      drivers/iio/imu/st_lsm6dsx/built-in.a
  AR      drivers/iio/imu/built-in.a
  CC      drivers/iio/light/cros_ec_light_prox.o
  CC      drivers/tee/optee/core.o
  AR      drivers/mux/built-in.a
  CC      drivers/gnss/core.o
  CC      drivers/iio/light/vcnl4000.o
  CC      drivers/perf/amlogic/meson_g12_ddr_pmu.o
  CC      drivers/tee/optee/call.o
  CC      drivers/gnss/serial.o
  AR      drivers/perf/amlogic/built-in.a
  AR      drivers/perf/built-in.a
  CC      drivers/interconnect/core.o
  CC      drivers/tee/optee/notif.o
  CC      drivers/iio/light/isl29018.o
  CC      drivers/gnss/mtk.o
  CC      drivers/interconnect/bulk.o
  CC      drivers/tee/optee/rpc.o
  AR      drivers/iio/light/built-in.a
  CC      drivers/iio/magnetometer/st_magn_core.o
  AR      drivers/gnss/built-in.a
  CC      drivers/iio/magnetometer/st_magn_buffer.o
  CC      drivers/interconnect/debugfs-client.o
  CC      drivers/tee/optee/protmem.o
  CC      drivers/interconnect/qcom/icc-common.o
  CC      drivers/iio/magnetometer/st_magn_i2c.o
  CC      drivers/tee/qcomtee/async.o
  CC      drivers/interconnect/qcom/msm8916.o
  CC      drivers/tee/optee/supp.o
  CC      drivers/iio/magnetometer/st_magn_spi.o
  CC      drivers/tee/qcomtee/call.o
  CC      drivers/interconnect/qcom/msm8953.o
  CC      drivers/tee/optee/device.o
  CC      drivers/interconnect/qcom/msm8996.o
  AR      drivers/iio/magnetometer/built-in.a
  CC      drivers/iio/pressure/cros_ec_baro.o
  CC      drivers/tee/qcomtee/core.o
  CC      drivers/tee/optee/smc_abi.o
  CC      drivers/interconnect/qcom/osm-l3.o
  CC      drivers/iio/pressure/mpl3115.o
  CC      drivers/interconnect/qcom/qcm2290.o
  CC      drivers/tee/qcomtee/mem_obj.o
  CC      drivers/tee/optee/ffa_abi.o
  AR      drivers/iio/pressure/built-in.a
  CC      drivers/iio/trigger/stm32-timer-trigger.o
  CC      drivers/interconnect/qcom/qcs404.o
  CC      drivers/tee/qcomtee/primordial_obj.o
  AR      drivers/tee/optee/built-in.a
  CC      drivers/tee/qcomtee/shm.o
  CC      drivers/interconnect/qcom/sm6115.o
  AR      drivers/iio/trigger/built-in.a
  AR      drivers/iio/built-in.a
  CC      drivers/counter/counter-core.o
  CC      drivers/tee/qcomtee/user_obj.o
  CC      drivers/interconnect/qcom/smd-rpm.o
  CC      drivers/counter/counter-sysfs.o
  CC      drivers/counter/counter-chrdev.o
  CC      drivers/interconnect/qcom/icc-rpm.o
  AR      drivers/tee/qcomtee/built-in.a
  AR      drivers/tee/built-in.a
  CC      drivers/hte/hte.o
  CC      drivers/counter/rz-mtu3-cnt.o
  CC      drivers/counter/stm32-timer-cnt.o
  CC      drivers/interconnect/qcom/icc-rpm-clocks.o
  CC      drivers/hte/hte-tegra194.o
  CC      drivers/counter/ti-eqep.o
  CC      drivers/hte/hte-tegra194-test.o
  AR      drivers/interconnect/qcom/built-in.a
  CC      drivers/interconnect/icc-clk.o
  AR      drivers/counter/built-in.a
  AR      drivers/hte/built-in.a
  AR      drivers/interconnect/built-in.a
  AR      drivers/built-in.a
  AR      built-in.a
  AR      built-in-fixup.a
  COPY    vmlinux.a
  LD      vmlinux.o
  MODPOST vmlinux.symvers
  CC      .vmlinux.export.o
  UPD     include/generated/utsversion.h
  CC      init/version-timestamp.o
  KSYMS   .tmp_vmlinux0.kallsyms.S
  AS      .tmp_vmlinux0.kallsyms.o
  LD      .tmp_vmlinux1
  NM      .tmp_vmlinux1.syms
  KSYMS   .tmp_vmlinux1.kallsyms.S
  AS      .tmp_vmlinux1.kallsyms.o
  LD      .tmp_vmlinux2
  NM      .tmp_vmlinux2.syms
  KSYMS   .tmp_vmlinux2.kallsyms.S
  AS      .tmp_vmlinux2.kallsyms.o
  LD      vmlinux.unstripped
  NM      System.map
  SORTTAB vmlinux.unstripped
  OBJCOPY vmlinux
  GEN     modules.builtin.modinfo
  GEN     modules.builtin
  OBJCOPY arch/arm64/boot/Image
make[5]: Leaving directory '/mnt/git-volume/kernel-test-stable/build/randdefconfig-arm64'
make[4]: Leaving directory '/mnt/git-volume/linux-stable'
