make[4]: Entering directory '/mnt/git-volume/linux-mainline'
make[5]: Entering directory '/mnt/git-volume/kernel-test-mainline/build/randdefnsconfig-riscv'
*** Default configuration is based on 'defconfig'
#
# configuration written to .config
#
make[5]: Leaving directory '/mnt/git-volume/kernel-test-mainline/build/randdefnsconfig-riscv'
make[4]: Leaving directory '/mnt/git-volume/linux-mainline'
make[4]: Entering directory '/mnt/git-volume/linux-mainline'
make[5]: Entering directory '/mnt/git-volume/kernel-test-mainline/build/randdefnsconfig-riscv'
.config:7252:warning: override: reassigning to symbol ND_CLAIM
.config:7253:warning: override: reassigning to symbol VDSO_GETRANDOM
.config:7254:warning: override: reassigning to symbol IRQ_STACKS
.config:7255:warning: override: reassigning to symbol GENERIC_LIB_DEVMEM_IS_ALLOWED
.config:7256:warning: override: reassigning to symbol HAS_IOPORT_MAP
.config:7257:warning: override: reassigning to symbol OID_REGISTRY
.config:7258:warning: override: reassigning to symbol GPIOLIB
.config:7259:warning: override: reassigning to symbol UNINLINE_SPIN_UNLOCK
.config:7260:warning: override: reassigning to symbol HAS_SECURITY_AUDIT
.config:7261:warning: override: reassigning to symbol HAVE_ARCH_BITREVERSE
.config:7262:warning: override: reassigning to symbol CAN
.config:7263:warning: override: reassigning to symbol CRYPTO_KRB5
.config:7264:warning: override: reassigning to symbol MEDIA_SUPPORT_FILTER
.config:7265:warning: override: reassigning to symbol BRIDGE
.config:7266:warning: override: reassigning to symbol CDROM
.config:7267:warning: override: reassigning to symbol DIMLIB
.config:7268:warning: override: reassigning to symbol GENERIC_ALLOCATOR
.config:7269:warning: override: reassigning to symbol HAVE_KERNEL_LZMA
.config:7270:warning: override: reassigning to symbol DRM_DISPLAY_DP_HELPER
.config:7271:warning: override: reassigning to symbol CRYPTO_LIB_BLAKE2B
.config:7272:warning: override: reassigning to symbol WLAN
.config:7273:warning: override: reassigning to symbol CPU_FREQ_GOV_USERSPACE
.config:7274:warning: override: reassigning to symbol HAVE_ARCH_KGDB
.config:7275:warning: override: reassigning to symbol EXT4_FS
.config:7276:warning: override: reassigning to symbol RAID6_PQ
.config:7277:warning: override: reassigning to symbol CRYPTO_LIB_SHA512
.config:7278:warning: override: reassigning to symbol HID_SUPPORT
.config:7279:warning: override: reassigning to symbol USB_CONFIGFS_MASS_STORAGE
.config:7280:warning: override: reassigning to symbol FONT_SUPPORT
.config:7281:warning: override: reassigning to symbol FB_CFB_IMAGEBLIT
.config:7282:warning: override: reassigning to symbol COMPAT_32BIT_TIME
.config:7283:warning: override: reassigning to symbol SYSCTL_ARCH_UNALIGN_ALLOW
.config:7284:warning: override: reassigning to symbol DRM_PANEL_BRIDGE
.config:7285:warning: override: reassigning to symbol EVENTFD
.config:7286:warning: override: reassigning to symbol NET_CLS
.config:7287:warning: override: reassigning to symbol SND_VERBOSE_PROCFS
.config:7288:warning: override: reassigning to symbol NET_EGRESS
.config:7289:warning: override: reassigning to symbol MOUSE_PS2_BYD
.config:7290:warning: override: reassigning to symbol CRYPTO_SKCIPHER
.config:7291:warning: override: reassigning to symbol OF_KOBJ
.config:7292:warning: override: reassigning to symbol SUN6I_MSGBOX
.config:7293:warning: override: reassigning to symbol TASKS_RCU_GENERIC
.config:7294:warning: override: reassigning to symbol MTD_GEN_PROBE
.config:7295:warning: override: reassigning to symbol NFS_V4_2_READ_PLUS
.config:7296:warning: override: reassigning to symbol HAVE_CLK
.config:7297:warning: override: reassigning to symbol DQL
.config:7298:warning: override: reassigning to symbol PINCTRL_TH1520
.config:7299:warning: override: reassigning to symbol BLK_MQ_STACKING
.config:7300:warning: override: reassigning to symbol EXECMEM
.config:7301:warning: override: reassigning to symbol MOUSE_PS2_TRACKPOINT
.config:7302:warning: override: reassigning to symbol RTC_DRV_SUN6I
.config:7303:warning: override: reassigning to symbol ACPI_GENERIC_GSI
.config:7304:warning: override: reassigning to symbol VIRTIO_BLK
.config:7305:warning: override: reassigning to symbol MQ_IOSCHED_KYBER
.config:7306:warning: override: reassigning to symbol USB_ARCH_HAS_HCD
.config:7307:warning: override: reassigning to symbol IO_URING_ZCRX
.config:7308:warning: override: reassigning to symbol RISCV_ISA_FALLBACK
.config:7309:warning: override: reassigning to symbol ARCH_CANAAN
.config:7310:warning: override: reassigning to symbol CLK_SOPHGO_SG2042_CLKGEN
.config:7311:warning: override: reassigning to symbol ACPI_PPTT
.config:7312:warning: override: reassigning to symbol VFAT_FS
.config:7313:warning: override: reassigning to symbol USB_EHCI_HCD_PLATFORM
.config:7314:warning: override: reassigning to symbol NET_VENDOR_NVIDIA
.config:7315:warning: override: reassigning to symbol IP_VS_RR
.config:7316:warning: override: reassigning to symbol HAS_IOMEM
.config:7317:warning: override: reassigning to symbol VIDEO_DEV
.config:7318:warning: override: reassigning to symbol HAVE_SAMPLE_FTRACE_DIRECT
.config:7319:warning: override: reassigning to symbol IP_PNP
.config:7320:warning: override: reassigning to symbol ARM_AMBA
.config:7321:warning: override: reassigning to symbol PROC_MEM_FORCE_PTRACE
.config:7322:warning: override: reassigning to symbol GENERIC_PHY
.config:7323:warning: override: reassigning to symbol NET_VENDOR_CORTINA
.config:7324:warning: override: reassigning to symbol SERIAL_8250_CONSOLE
.config:7325:warning: override: reassigning to symbol RISCV_ISA_ZBA
.config:7326:warning: override: reassigning to symbol HOTPLUG_CPU
.config:7327:warning: override: reassigning to symbol NETWORK_FILESYSTEMS
.config:7328:warning: override: reassigning to symbol DWMAC_SUN55I
.config:7329:warning: override: reassigning to symbol ARCH_DMA_DEFAULT_COHERENT
.config:7330:warning: override: reassigning to symbol SPARSEMEM_VMEMMAP_ENABLE
.config:7331:warning: override: reassigning to symbol CRYPTO_ECB
.config:7332:warning: override: reassigning to symbol SND_DESIGNWARE_I2S
.config:7333:warning: override: reassigning to symbol XXHASH
.config:7334:warning: override: reassigning to symbol NOP_USB_XCEIV
.config:7335:warning: override: reassigning to symbol ARCH_ENABLE_HUGEPAGE_MIGRATION
.config:7336:warning: override: reassigning to symbol REGULATOR
.config:7337:warning: override: reassigning to symbol EPROBE_EVENTS
.config:7338:warning: override: reassigning to symbol CC_IS_GCC
.config:7339:warning: override: reassigning to symbol PREEMPT_COUNT
.config:7340:warning: override: reassigning to symbol RISCV_PMU
.config:7341:warning: override: reassigning to symbol RING_BUFFER
.config:7342:warning: override: reassigning to symbol ARCH_HAS_NON_OVERLAPPING_ADDRESS_SPACE
.config:7343:warning: override: reassigning to symbol ARCH_SPACEMIT
.config:7344:warning: override: reassigning to symbol ACPI_CPPC_LIB
.config:7345:warning: override: reassigning to symbol NET_VENDOR_NI
.config:7346:warning: override: reassigning to symbol ARCH_TENSTORRENT
.config:7347:warning: override: reassigning to symbol SERIAL_8250_PCILIB
.config:7348:warning: override: reassigning to symbol MTD_CFI
.config:7349:warning: override: reassigning to symbol BITREVERSE
.config:7350:warning: override: reassigning to symbol RTC_NVMEM
.config:7351:warning: override: reassigning to symbol PINCTRL_SUNXI
.config:7352:warning: override: reassigning to symbol PCI_DOMAINS
.config:7353:warning: override: reassigning to symbol PINCTRL_SOPHGO_CV1812H
.config:7354:warning: override: reassigning to symbol TCP_CONG_CUBIC
.config:7355:warning: override: reassigning to symbol NF_DEFRAG_IPV4
.config:7356:warning: override: reassigning to symbol NFS_COMMON
.config:7357:warning: override: reassigning to symbol NET_9P_FD
.config:7358:warning: override: reassigning to symbol SND_PCM_TIMER
.config:7359:warning: override: reassigning to symbol DAX
.config:7360:warning: override: reassigning to symbol CACHESTAT_SYSCALL
.config:7361:warning: override: reassigning to symbol GENERIC_IRQ_EFFECTIVE_AFF_MASK
.config:7362:warning: override: reassigning to symbol RISCV_ALTERNATIVE_EARLY
.config:7363:warning: override: reassigning to symbol FB_IOMEM_FOPS
.config:7364:warning: override: reassigning to symbol SECURITY_SELINUX
.config:7365:warning: override: reassigning to symbol BRANCH_PROFILE_NONE
.config:7366:warning: override: reassigning to symbol GPIO_SPACEMIT_K1
.config:7367:warning: override: reassigning to symbol RISCV_PMU_SBI
.config:7368:warning: override: reassigning to symbol CC_HAVE_STACKPROTECTOR_TLS
.config:7369:warning: override: reassigning to symbol CRYPTO_DEV_ALLWINNER
.config:7370:warning: override: reassigning to symbol MEDIA_HIDE_ANCILLARY_SUBDRV
.config:7371:warning: override: reassigning to symbol NET_UDP_TUNNEL
.config:7372:warning: override: reassigning to symbol SND_SOC_GENERIC_DMAENGINE_PCM
.config:7373:warning: override: reassigning to symbol QUEUED_RWLOCKS
.config:7374:warning: override: reassigning to symbol WLAN_VENDOR_INTERSIL
.config:7375:warning: override: reassigning to symbol ARCH_SIFIVE
.config:7376:warning: override: reassigning to symbol NET_VENDOR_ASIX
.config:7377:warning: override: reassigning to symbol TREE_RCU
.config:7378:warning: override: reassigning to symbol RTC_LIB
.config:7379:warning: override: reassigning to symbol SUSPEND
.config:7380:warning: override: reassigning to symbol NET_VENDOR_HISILICON
.config:7381:warning: override: reassigning to symbol HW_RANDOM_VIRTIO
.config:7382:warning: override: reassigning to symbol ARCH_SUSPEND_POSSIBLE
.config:7383:warning: override: reassigning to symbol ARCH_HAS_SET_DIRECT_MAP
.config:7384:warning: override: reassigning to symbol IPV6_SIT
.config:7385:warning: override: reassigning to symbol RESET_SPACEMIT_K3
.config:7386:warning: override: reassigning to symbol NET_VENDOR_NATSEMI
.config:7387:warning: override: reassigning to symbol SIFIVE_PLIC
.config:7388:warning: override: reassigning to symbol TOOLCHAIN_NEEDS_EXPLICIT_ZICSR_ZIFENCEI
.config:7389:warning: override: reassigning to symbol I2C_HELPER_AUTO
.config:7390:warning: override: reassigning to symbol CRYPTO_HW
.config:7391:warning: override: reassigning to symbol FB_CFB_COPYAREA
.config:7392:warning: override: reassigning to symbol XOR_BLOCKS_ARCH
.config:7393:warning: override: reassigning to symbol POWER_SUPPLY
.config:7394:warning: override: reassigning to symbol MMU
.config:7395:warning: override: reassigning to symbol HAVE_GENERIC_TIF_BITS
.config:7396:warning: override: reassigning to symbol DRM_CLIENT
.config:7397:warning: override: reassigning to symbol SND_SOC_WM8978
.config:7398:warning: override: reassigning to symbol ARCH_SUPPORTS_LTO_CLANG
.config:7399:warning: override: reassigning to symbol PHYS_ADDR_T_64BIT
.config:7400:warning: override: reassigning to symbol QUEUED_SPINLOCKS
.config:7401:warning: override: reassigning to symbol I2C_HID
.config:7402:warning: override: reassigning to symbol MTD_MAP_BANK_WIDTH_2
.config:7403:warning: override: reassigning to symbol MFD_SPACEMIT_P1
.config:7404:warning: override: reassigning to symbol ARCH_HIBERNATION_POSSIBLE
.config:7405:warning: override: reassigning to symbol ERRATA_THEAD_PMU
.config:7406:warning: override: reassigning to symbol ARCH_DMA_ADDR_T_64BIT
.config:7407:warning: override: reassigning to symbol XZ_DEC_SPARC
.config:7408:warning: override: reassigning to symbol ACPI_REDUCED_HARDWARE_ONLY
.config:7409:warning: override: reassigning to symbol TMPFS_XATTR
.config:7410:warning: override: reassigning to symbol DWMAC_THEAD
.config:7411:warning: override: reassigning to symbol MOTORCOMM_PHY
.config:7412:warning: override: reassigning to symbol USB_PHY
.config:7413:warning: override: reassigning to symbol ARCH_HAS_KERNEL_FPU_SUPPORT
.config:7414:warning: override: reassigning to symbol ARCH_HAS_SYNC_DMA_FOR_CPU
.config:7415:warning: override: reassigning to symbol DEBUG_BUGVERBOSE
.config:7416:warning: override: reassigning to symbol PHY_SUN4I_USB
.config:7417:warning: override: reassigning to symbol CRYPTO_AES
.config:7418:warning: override: reassigning to symbol VIRT_XFER_TO_GUEST_WORK
.config:7419:warning: override: reassigning to symbol PCI_QUIRKS
.config:7420:warning: override: reassigning to symbol STACKTRACE
.config:7421:warning: override: reassigning to symbol EDAC_SUPPORT
.config:7422:warning: override: reassigning to symbol PCIE_DW
.config:7423:warning: override: reassigning to symbol RISCV_ISA_VENDOR_EXT_SIFIVE
.config:7424:warning: override: reassigning to symbol HARDIRQS_SW_RESEND
.config:7425:warning: override: reassigning to symbol FTRACE
.config:7426:warning: override: reassigning to symbol FS_POSIX_ACL
.config:7427:warning: override: reassigning to symbol HAVE_PERF_EVENTS
.config:7428:warning: override: reassigning to symbol HAVE_KVM_MSI
.config:7429:warning: override: reassigning to symbol DRM_BRIDGE
.config:7430:warning: override: reassigning to symbol SND_JACK_INPUT_DEV
.config:7431:warning: override: reassigning to symbol FRAMEBUFFER_CONSOLE_DETECT_PRIMARY
.config:7432:warning: override: reassigning to symbol VGA_ARB
.config:7433:warning: override: reassigning to symbol SYSVIPC
.config:7434:warning: override: reassigning to symbol DRM_CLIENT_LIB
.config:7435:warning: override: reassigning to symbol GENERIC_IOREMAP
.config:7436:warning: override: reassigning to symbol ARCH_HAS_HW_PTE_YOUNG
.config:7437:warning: override: reassigning to symbol TRACEPOINTS
.config:7438:warning: override: reassigning to symbol BLK_CGROUP_PUNT_BIO
.config:7439:warning: override: reassigning to symbol OF_MDIO
.config:7440:warning: override: reassigning to symbol NET_VENDOR_ADI
.config:7441:warning: override: reassigning to symbol USB_U_SERIAL
.config:7442:warning: override: reassigning to symbol ETHERNET
.config:7443:warning: override: reassigning to symbol NET_VENDOR_ROCKER
.config:7444:warning: override: reassigning to symbol HAVE_ARCH_SOFT_DIRTY
.config:7445:warning: override: reassigning to symbol INET_TCP_DIAG
.config:7446:warning: override: reassigning to symbol PREEMPTION
.config:7447:warning: override: reassigning to symbol CC_HAS_INT128
.config:7448:warning: override: reassigning to symbol THERMAL_OF
.config:7449:warning: override: reassigning to symbol IO_URING
.config:7450:warning: override: reassigning to symbol CRYPTO_AEAD
.config:7451:warning: override: reassigning to symbol RESET_EIC7700
.config:7452:warning: override: reassigning to symbol EVENT_TRACING
.config:7453:warning: override: reassigning to symbol PM_GENERIC_DOMAINS
.config:7454:warning: override: reassigning to symbol IPC_NS
.config:7455:warning: override: reassigning to symbol BLK_DEV_DM_BUILTIN
.config:7456:warning: override: reassigning to symbol ELF_CORE
.config:7457:warning: override: reassigning to symbol SWPHY
.config:7458:warning: override: reassigning to symbol PCIEASPM_DEFAULT
.config:7459:warning: override: reassigning to symbol LZO_DECOMPRESS
.config:7460:warning: override: reassigning to symbol PHY_STARFIVE_JH7110_USB
.config:7461:warning: override: reassigning to symbol REGMAP_SPI
.config:7462:warning: override: reassigning to symbol NET_VENDOR_QUALCOMM
.config:7463:warning: override: reassigning to symbol FB_DMAMEM_HELPERS_DEFERRED
.config:7464:warning: override: reassigning to symbol NF_CONNTRACK_TFTP
.config:7465:warning: override: reassigning to symbol SCSI_LOWLEVEL
.config:7466:warning: override: reassigning to symbol NET_VENDOR_DEC
.config:7467:warning: override: reassigning to symbol CRYPTO_HMAC
.config:7468:warning: override: reassigning to symbol CONTEXT_SWITCH_TRACER
.config:7469:warning: override: reassigning to symbol CLK_STARFIVE_JH71X0
.config:7470:warning: override: reassigning to symbol NET_VENDOR_VIA
.config:7471:warning: override: reassigning to symbol ARCH_USE_SYM_ANNOTATIONS
.config:7472:warning: override: reassigning to symbol MEDIA_PLATFORM_SUPPORT
.config:7473:warning: override: reassigning to symbol HW_RANDOM_JH7110
.config:7474:warning: override: reassigning to symbol IPVLAN_L3S
.config:7475:warning: override: reassigning to symbol HUGETLB_PMD_PAGE_TABLE_SHARING
.config:7476:warning: override: reassigning to symbol RISCV_ISA_SVNAPOT
.config:7477:warning: override: reassigning to symbol ARCH_WANT_BATCHED_UNMAP_TLB_FLUSH
.config:7478:warning: override: reassigning to symbol ATA_VERBOSE_ERROR
.config:7479:warning: override: reassigning to symbol AUXILIARY_BUS
.config:7480:warning: override: reassigning to symbol ATA_FORCE
.config:7481:warning: override: reassigning to symbol GENERIC_IRQ_IPI_MUX
.config:7482:warning: override: reassigning to symbol CAN_CALC_BITTIMING
.config:7483:warning: override: reassigning to symbol GPIO_DWAPB
.config:7484:warning: override: reassigning to symbol MFD_AXP20X
.config:7485:warning: override: reassigning to symbol NET_VENDOR_MYRI
.config:7486:warning: override: reassigning to symbol HAVE_ARCH_TRANSPARENT_HUGEPAGE_PUD
.config:7487:warning: override: reassigning to symbol HUGETLB_PAGE
.config:7488:warning: override: reassigning to symbol NET_XGRESS
.config:7489:warning: override: reassigning to symbol LEGACY_TIOCSTI
.config:7490:warning: override: reassigning to symbol CPUFREQ_DT_PLATDEV
.config:7491:warning: override: reassigning to symbol IOSCHED_BFQ
.config:7492:warning: override: reassigning to symbol NETDEVICES
.config:7493:warning: override: reassigning to symbol PAGE_COUNTER
.config:7494:warning: override: reassigning to symbol NET_VENDOR_ALIBABA
.config:7495:warning: override: reassigning to symbol DNOTIFY
.config:7496:warning: override: reassigning to symbol STACKTRACE_SUPPORT
.config:7497:warning: override: reassigning to symbol DYNAMIC_EVENTS
.config:7498:warning: override: reassigning to symbol STMMAC_PLATFORM
.config:7499:warning: override: reassigning to symbol MIGRATION
.config:7500:warning: override: reassigning to symbol USB_CONFIGFS_ECM_SUBSET
.config:7501:warning: override: reassigning to symbol I3C_OR_I2C
.config:7502:warning: override: reassigning to symbol SOUND
.config:7503:warning: override: reassigning to symbol SERIAL_8250_16550A_VARIANTS
.config:7504:warning: override: reassigning to symbol USB_EHCI_PCI
.config:7505:warning: override: reassigning to symbol PREVENT_FIRMWARE_BUILD
.config:7506:warning: override: reassigning to symbol PRINTK_TIME
.config:7507:warning: override: reassigning to symbol REGULATOR_SUN20I
.config:7508:warning: override: reassigning to symbol TRACING_SUPPORT
.config:7509:warning: override: reassigning to symbol CRYPTO_SHA512
.config:7510:warning: override: reassigning to symbol PAGE_SIZE_LESS_THAN_256KB
.config:7511:warning: override: reassigning to symbol DRM_CLIENT_DEFAULT_FBDEV
.config:7512:warning: override: reassigning to symbol SECURITYFS
.config:7513:warning: override: reassigning to symbol ARCH_HAS_STRICT_KERNEL_RWX
.config:7514:warning: override: reassigning to symbol HAVE_PREEMPT_DYNAMIC_KEY
.config:7515:warning: override: reassigning to symbol ARCH_HAS_ELF_RANDOMIZE
.config:7516:warning: override: reassigning to symbol REGMAP_MMIO
.config:7517:warning: override: reassigning to symbol SUNRPC
.config:7518:warning: override: reassigning to symbol RISCV_ISA_VENDOR_EXT_ANDES
.config:7519:warning: override: reassigning to symbol USB_F_FS
.config:7520:warning: override: reassigning to symbol ARCH_HAS_UBSAN
.config:7521:warning: override: reassigning to symbol SSB_POSSIBLE
.config:7522:warning: override: reassigning to symbol REGMAP_IRQ
.config:7523:warning: override: reassigning to symbol SMP
.config:7524:warning: override: reassigning to symbol INPUT_KEYBOARD
.config:7525:warning: override: reassigning to symbol GENERIC_IDLE_POLL_SETUP
.config:7526:warning: override: reassigning to symbol POWER_RESET_SYSCON_POWEROFF
.config:7527:warning: override: reassigning to symbol NF_CT_PROTO_SCTP
.config:7528:warning: override: reassigning to symbol SPARSE_IRQ
.config:7529:warning: override: reassigning to symbol NVMEM
.config:7530:warning: override: reassigning to symbol TREE_SRCU
.config:7531:warning: override: reassigning to symbol SG_POOL
.config:7532:warning: override: reassigning to symbol SPI_SIFIVE
.config:7533:warning: override: reassigning to symbol DMA_ACPI
.config:7534:warning: override: reassigning to symbol SERIAL_SIFIVE
.config:7535:warning: override: reassigning to symbol ARCH_HAS_PMEM_API
.config:7536:warning: override: reassigning to symbol HAVE_RSEQ
.config:7537:warning: override: reassigning to symbol NET_VENDOR_ALLWINNER
.config:7538:warning: override: reassigning to symbol SOCK_CGROUP_DATA
.config:7539:warning: override: reassigning to symbol KVM
.config:7540:warning: override: reassigning to symbol NET_VENDOR_MUCSE
.config:7541:warning: override: reassigning to symbol MCHP_CLK_MPFS
.config:7542:warning: override: reassigning to symbol PWM_PXA
.config:7543:warning: override: reassigning to symbol USB_OHCI_LITTLE_ENDIAN
.config:7544:warning: override: reassigning to symbol VIRTIO_INPUT
.config:7545:warning: override: reassigning to symbol CRYPTO_GCM
.config:7546:warning: override: reassigning to symbol USB_F_MASS_STORAGE
.config:7547:warning: override: reassigning to symbol RD_LZO
.config:7548:warning: override: reassigning to symbol SECURITY_PATH
.config:7549:warning: override: reassigning to symbol RD_LZ4
.config:7550:warning: override: reassigning to symbol SERIAL_OF_PLATFORM
.config:7551:warning: override: reassigning to symbol ACPI_MCFG
.config:7565:warning: override: reassigning to symbol PRINTK
.config:7569:warning: override: reassigning to symbol TTY
.config:7572:warning: override: reassigning to symbol BLK_DEV_INITRD
.config:7573:warning: override: reassigning to symbol RD_GZIP
.config:7576:warning: override: reassigning to symbol BINFMT_ELF
.config:7577:warning: override: reassigning to symbol BINFMT_SCRIPT
.config:7580:warning: override: reassigning to symbol TMPFS
.config:7583:warning: override: reassigning to symbol KERNEL_GZIP
.config:7586:warning: override: reassigning to symbol DRM
.config:7587:warning: override: reassigning to symbol SOUND
.config:7588:warning: override: reassigning to symbol STAGING
.config:7589:warning: override: reassigning to symbol INFINIBAND
.config:7590:warning: override: reassigning to symbol MEDIA_SUPPORT
.config:7600:warning: override: reassigning to symbol NAMESPACES
.config:7601:warning: override: reassigning to symbol UTS_NS
.config:7602:warning: override: reassigning to symbol IPC_NS
.config:7603:warning: override: reassigning to symbol PID_NS
.config:7604:warning: override: reassigning to symbol NET_NS
.config:7605:warning: override: reassigning to symbol USER_NS
.config:7606:warning: override: reassigning to symbol TIME_NS
.config:7609:warning: override: reassigning to symbol CGROUPS
.config:7613:warning: override: reassigning to symbol PROC_FS
.config:7614:warning: override: reassigning to symbol NET
.config:7615:warning: override: reassigning to symbol INET
.config:7616:warning: override: reassigning to symbol TMPFS
.config:7617:warning: override: reassigning to symbol SYSVIPC
.config:7618:warning: override: reassigning to symbol FUTEX
.config:7622:warning: override: reassigning to symbol SERIAL_8250
.config:7623:warning: override: reassigning to symbol SERIAL_8250_CONSOLE
.config:7624:warning: override: reassigning to symbol SERIAL_OF_PLATFORM
.config:7626:warning: override: reassigning to symbol FPU
#
# configuration written to .config
#
make[5]: Leaving directory '/mnt/git-volume/kernel-test-mainline/build/randdefnsconfig-riscv'
make[4]: Leaving directory '/mnt/git-volume/linux-mainline'
make[4]: Entering directory '/mnt/git-volume/linux-mainline'
make[5]: Entering directory '/mnt/git-volume/kernel-test-mainline/build/randdefnsconfig-riscv'
  SYNC    include/config/auto.conf.cmd
  CC      scripts/mod/empty.o
  CC      scripts/mod/devicetable-offsets.s
  MKELF   scripts/mod/elfconfig.h
  HOSTCC  scripts/mod/modpost.o
  HOSTCC  scripts/mod/sumversion.o
  HOSTCC  scripts/mod/symsearch.o
  HOSTCC  scripts/mod/file2alias.o
  HOSTLD  scripts/mod/modpost
  CC      kernel/bounds.s
  UPD     include/generated/bounds.h
  CC      arch/riscv/kernel/asm-offsets.s
  UPD     include/generated/asm-offsets.h
  CC      kernel/sched/rq-offsets.s
  UPD     include/generated/rq-offsets.h
  CALL    /mnt/git-volume/linux-mainline/scripts/checksyscalls.sh 
  AS      arch/riscv/kernel/vdso/rt_sigreturn.o
  CC      arch/riscv/kernel/vdso/vgettimeofday.o
  AS      arch/riscv/kernel/vdso/getcpu.o
  AS      arch/riscv/kernel/vdso/flush_icache.o
  AS      arch/riscv/kernel/vdso/sys_hwprobe.o
  CC      arch/riscv/kernel/vdso/hwprobe.o
  CC      arch/riscv/kernel/vdso/getrandom.o
  AS      arch/riscv/kernel/vdso/note.o
  AS      arch/riscv/kernel/vdso/vgetrandom-chacha.o
  VDSOLD  arch/riscv/kernel/vdso/vdso.so.dbg
  VDSOSYM include/generated/vdso-offsets.h
  VDSOAS  arch/riscv/kernel/compat_vdso/rt_sigreturn.o
  VDSOAS  arch/riscv/kernel/compat_vdso/getcpu.o
  VDSOAS  arch/riscv/kernel/compat_vdso/flush_icache.o
  VDSOAS  arch/riscv/kernel/compat_vdso/note.o
  VDSOLD  arch/riscv/kernel/compat_vdso/compat_vdso.so.dbg
  VDSOSYM include/generated/compat_vdso-offsets.h
  GEN     usr/initramfs_data.cpio
  COPY    usr/initramfs_inc_data
  AS      usr/initramfs_data.o
  CC      init/main.o
  AR      usr/built-in.a
  UPD     init/utsversion-tmp.h
  AS      arch/riscv/kernel/head.o
  CC      arch/riscv/kernel/soc.o
  CC      kernel/fork.o
  CC      mm/filemap.o
  CC      arch/riscv/kernel/alternative.o
  CC      arch/riscv/kernel/cpu.o
  CC      init/do_mounts.o
  CC      arch/riscv/kernel/cpufeature.o
  CC      kernel/exec_domain.o
  CC      mm/mempool.o
  CC      init/do_mounts_initrd.o
  AS      arch/riscv/kernel/entry.o
  CC      arch/riscv/kernel/irq.o
  CC      kernel/exec_state.o
  CC      kernel/panic.o
  CC      mm/oom_kill.o
  CC      arch/riscv/kernel/process.o
  CC      init/initramfs.o
  CC      kernel/cpu.o
  CC      init/calibrate.o
  CC      arch/riscv/kernel/ptrace.o
  CC      init/init_task.o
  CC      mm/fadvise.o
  CC      kernel/exit.o
  CC      arch/riscv/kernel/reset.o
  CC      arch/riscv/kernel/return_address.o
  CC      init/version.o
  CC      mm/maccess.o
  AR      init/built-in.a
  CC      arch/riscv/kernel/setup.o
  CC      fs/open.o
  CC      mm/page-writeback.o
  CC      kernel/softirq.o
  CC      arch/riscv/kernel/signal.o
  CC      kernel/resource.o
  CC      fs/read_write.o
  CC      mm/folio-compat.o
  CC      arch/riscv/kernel/syscall_table.o
  CC      kernel/sysctl.o
  CC      mm/readahead.o
  CC      fs/file_table.o
  CC      arch/riscv/kernel/sys_riscv.o
  CC      kernel/capability.o
  CC      mm/swap.o
  CC      fs/super.o
  CC      arch/riscv/kernel/sys_hwprobe.o
  CC      kernel/ptrace.o
  CC      arch/riscv/kernel/time.o
  CC      mm/truncate.o
  CC      fs/char_dev.o
  CC      arch/riscv/kernel/traps.o
  CC      kernel/user.o
  CC      fs/stat.o
  CC      mm/vmscan.o
  CC      kernel/signal.o
  CC      arch/riscv/kernel/riscv_ksyms.o
  CC      arch/riscv/kernel/stacktrace.o
  CC      fs/exec.o
  CC      arch/riscv/kernel/cacheinfo.o
  CC      mm/shrinker.o
  CC      kernel/sys.o
  CC      fs/pipe.o
  CC      arch/riscv/kernel/patch.o
  CC      mm/shmem.o
  CC      arch/riscv/kernel/vendor_extensions.o
  CC      arch/riscv/kernel/vendor_extensions/mips.o
  CC      fs/namei.o
  CC      arch/riscv/kernel/vendor_extensions/mips_hwprobe.o
  CC      kernel/umh.o
  CC      arch/riscv/kernel/vendor_extensions/thead.o
  CC      arch/riscv/kernel/vendor_extensions/thead_hwprobe.o
  AR      arch/riscv/kernel/vendor_extensions/built-in.a
  AR      arch/riscv/kernel/probes/built-in.a
  CC      arch/riscv/kernel/vdso.o
  CC      kernel/workqueue.o
  OBJCOPY arch/riscv/kernel/vdso/vdso.so
  AS      arch/riscv/kernel/vdso/vdso.o
  AR      arch/riscv/kernel/vdso/built-in.a
  CC      arch/riscv/kernel/traps_misaligned.o
  CC      mm/util.o
  CC      arch/riscv/kernel/unaligned_access_speed.o
  CC      fs/fcntl.o
  CC      mm/mmzone.o
  AS      arch/riscv/kernel/copy-unaligned.o
  AS      arch/riscv/kernel/fpu.o
  CC      arch/riscv/kernel/kernel_mode_fpu.o
  CC      kernel/pid.o
  CC      mm/vmstat.o
  CC      arch/riscv/kernel/module.o
  CC      fs/ioctl.o
  AS      arch/riscv/kernel/suspend_entry.o
  CC      arch/riscv/kernel/suspend.o
  CC      mm/backing-dev.o
  CC      kernel/task_work.o
  CC      fs/readdir.o
  CC      arch/riscv/kernel/perf_callchain.o
  CC      kernel/extable.o
  CC      mm/mm_init.o
  CC      fs/select.o
  CC      arch/riscv/kernel/perf_regs.o
  CC      kernel/params.o
  CC      arch/riscv/kernel/sbi.o
  CC      mm/percpu.o
  CC      kernel/kthread.o
  CC      arch/riscv/kernel/sbi_ecall.o
  CC      fs/dcache.o
  CC      arch/riscv/kernel/jump_label.o
  CC      mm/slab_common.o
  CC      kernel/sys_ni.o
  CC      arch/riscv/kernel/efi.o
  CC      kernel/nsproxy.o
  CC      mm/compaction.o
  CC      arch/riscv/kernel/compat_syscall_table.o
  CC      fs/inode.o
  CC      kernel/nstree.o
  CC      arch/riscv/kernel/compat_signal.o
  CC      kernel/nscommon.o
  CC      mm/show_mem.o
  CC      fs/attr.o
  OBJCOPY arch/riscv/kernel/compat_vdso/compat_vdso.so
  AS      arch/riscv/kernel/compat_vdso/compat_vdso.o
  AR      arch/riscv/kernel/compat_vdso/built-in.a
  CC      arch/riscv/kernel/pi/cmdline_early.o
  CC      kernel/notifier.o
  CC      arch/riscv/kernel/pi/fdt_early.o
  CC      arch/riscv/kernel/pi/string.o
  CC      mm/interval_tree.o
  CC      arch/riscv/kernel/pi/ctype.o
  CC      arch/riscv/kernel/pi/lib-fdt.o
  CC      arch/riscv/kernel/pi/lib-fdt_ro.o
  CC      kernel/ksysfs.o
  CC      fs/bad_inode.o
  CC      arch/riscv/kernel/pi/archrandom_early.o
  OBJCOPY arch/riscv/kernel/pi/cmdline_early.pi.o
  OBJCOPY arch/riscv/kernel/pi/fdt_early.pi.o
  OBJCOPY arch/riscv/kernel/pi/string.pi.o
  OBJCOPY arch/riscv/kernel/pi/ctype.pi.o
  OBJCOPY arch/riscv/kernel/pi/lib-fdt.pi.o
  OBJCOPY arch/riscv/kernel/pi/lib-fdt_ro.pi.o
  OBJCOPY arch/riscv/kernel/pi/archrandom_early.pi.o
  AR      arch/riscv/kernel/pi/built-in.a
  CC      arch/riscv/kernel/acpi.o
  CC      mm/list_lru.o
  CC      kernel/cred.o
  CC      fs/file.o
  CC      arch/riscv/kernel/bugs.o
  CC      mm/workingset.o
  CC      kernel/reboot.o
  AS      arch/riscv/kernel/vec-copy-unaligned.o
  CC      arch/riscv/kernel/vector.o
  CC      fs/filesystems.o
  CC      mm/debug.o
  CC      kernel/async.o
  CC      arch/riscv/kernel/kernel_mode_vector.o
  CC      fs/namespace.o
  CC      kernel/range.o
  CC      kernel/smpboot.o
  CC      mm/gup.o
  LDS     arch/riscv/kernel/vmlinux.lds
  AR      arch/riscv/kernel/built-in.a
  CC      arch/riscv/mm/init.o
  CC      kernel/ucount.o
  CC      kernel/regset.o
  CC      arch/riscv/mm/extable.o
  CC      kernel/ksyms_common.o
  CC      mm/mmap_lock.o
  CC      arch/riscv/mm/fault.o
  CC      fs/seq_file.o
  CC      mm/vma_init.o
  CC      kernel/groups.o
  CC      arch/riscv/mm/pageattr.o
  CC      fs/xattr.o
  CC      mm/highmem.o
  CC      kernel/sched/core.o
  CC      arch/riscv/mm/pgtable.o
  CC      mm/memory.o
  CC      arch/riscv/mm/tlbflush.o
  CC      fs/libfs.o
  CC      arch/riscv/mm/cacheflush.o
  CC      arch/riscv/mm/context.o
  CC      fs/fs-writeback.o
  CC      kernel/sched/fair.o
  CC      arch/riscv/mm/pmem.o
  CC      arch/riscv/mm/hugetlbpage.o
  CC      mm/mincore.o
  CC      fs/pnode.o
  CC      arch/riscv/mm/dma-noncoherent.o
  CC      fs/splice.o
  CC      mm/mlock.o
  CC      arch/riscv/mm/cache-ops.o
  CC      kernel/sched/build_policy.o
  AR      arch/riscv/mm/built-in.a
  CC      arch/riscv/errata/andes/errata.o
  CC      fs/sync.o
  CC      mm/mmap.o
  AR      arch/riscv/errata/andes/built-in.a
  AS      arch/riscv/errata/sifive/errata_cip_453.o
  CC      arch/riscv/errata/sifive/errata.o
  CC      fs/utimes.o
  AR      arch/riscv/errata/sifive/built-in.a
  CC      arch/riscv/errata/thead/errata.o
  CC      mm/mmu_gather.o
  CC      fs/d_path.o
  AR      arch/riscv/errata/thead/built-in.a
  AR      arch/riscv/errata/built-in.a
  CC      arch/riscv/purgatory/purgatory.o
  CC      arch/riscv/purgatory/sha256.o
  CC      mm/mprotect.o
  CC      kernel/sched/build_utility.o
  CC      fs/stack.o
  AS      arch/riscv/purgatory/entry.o
  CC      arch/riscv/purgatory/string.o
  CC      arch/riscv/purgatory/ctype.o
  AS      arch/riscv/purgatory/memcpy.o
  AS      arch/riscv/purgatory/memset.o
  AS      arch/riscv/purgatory/strcmp.o
  AS      arch/riscv/purgatory/strlen.o
  AS      arch/riscv/purgatory/strncmp.o
  CC      fs/fs_struct.o
  AS      arch/riscv/purgatory/strnlen.o
  AS      arch/riscv/purgatory/strchr.o
  AS      arch/riscv/purgatory/strrchr.o
  CC      mm/mremap.o
  CC      fs/statfs.o
  LD      arch/riscv/purgatory/purgatory.ro
  LD      arch/riscv/purgatory/purgatory.chk
  AS      arch/riscv/purgatory/kexec-purgatory.o
  AR      arch/riscv/purgatory/built-in.a
  AR      arch/riscv/built-in.a
  CC      mm/msync.o
  CC      ipc/compat.o
  CC      fs/fs_pin.o
  AR      kernel/sched/built-in.a
  CC      kernel/locking/mutex.o
  CC      fs/nsfs.o
  CC      ipc/util.o
  CC      mm/page_vma_mapped.o
  CC      kernel/locking/semaphore.o
  CC      fs/fs_dirent.o
  CC      mm/pagewalk.o
  CC      fs/fs_context.o
  CC      kernel/locking/rwsem.o
  CC      ipc/msgutil.o
  CC      kernel/locking/percpu-rwsem.o
  CC      mm/pgtable-generic.o
  CC      fs/fs_parser.o
  CC      ipc/msg.o
  CC      kernel/locking/rtmutex_api.o
  CC      mm/rmap.o
  CC      fs/fsopen.o
  CC      ipc/sem.o
  AR      kernel/locking/built-in.a
  CC      kernel/power/qos.o
  CC      fs/init.o
  CC      mm/vmalloc.o
  CC      kernel/power/main.o
  CC      fs/kernel_read_file.o
  CC      ipc/shm.o
  CC      fs/mnt_idmapping.o
  CC      kernel/power/process.o
  CC      ipc/syscall.o
  CC      fs/remap_range.o
  CC      mm/vma.o
  AR      kernel/power/built-in.a
  CC      kernel/printk/printk.o
  CC      ipc/ipc_sysctl.o
  CC      fs/pidfs.o
  CC      ipc/mqueue.o
  CC      mm/vma_exec.o
  CC      kernel/printk/printk_safe.o
  CC      fs/file_attr.o
  CC      mm/process_vm_access.o
  CC      kernel/printk/nbcon.o
  CC      ipc/namespace.o
  CC      fs/fserror.o
  CC      kernel/printk/printk_ringbuffer.o
  CC      mm/mseal.o
  CC      fs/nullfs.o
  CC      ipc/mq_sysctl.o
  CC      kernel/printk/sysctl.o
  AR      ipc/built-in.a
  CC      security/keys/gc.o
  CC      mm/page_alloc.o
  AR      kernel/printk/built-in.a
  CC      fs/buffer.o
  CC      kernel/irq/irqdesc.o
  CC      security/keys/key.o
  CC      kernel/irq/handle.o
  CC      security/keys/keyring.o
  CC      kernel/irq/manage.o
  CC      fs/mpage.o
  CC      mm/page_frag_cache.o
  CC      security/keys/keyctl.o
  CC      kernel/irq/spurious.o
  CC      mm/init-mm.o
  CC      fs/proc_namespace.o
  CC      kernel/irq/resend.o
  CC      mm/memblock.o
  CC      security/keys/permission.o
  CC      fs/direct-io.o
  CC      kernel/irq/chip.o
  CC      security/keys/process_keys.o
  CC      mm/slub.o
  CC      fs/notify/fsnotify.o
  CC      kernel/irq/dummychip.o
  CC      kernel/irq/devres.o
  CC      security/keys/request_key.o
  CC      fs/notify/notification.o
  CC      kernel/irq/kexec.o
  CC      fs/notify/group.o
  CC      security/keys/request_key_auth.o
  CC      kernel/irq/irqdomain.o
  CC      security/keys/user_defined.o
  CC      fs/notify/mark.o
  CC      security/keys/compat.o
  CC      mm/madvise.o
  CC      kernel/irq/proc.o
  CC      fs/notify/fdinfo.o
  CC      security/keys/proc.o
  AR      fs/notify/dnotify/built-in.a
  CC      kernel/irq/msi.o
  CC      fs/notify/inotify/inotify_fsnotify.o
  CC      security/keys/sysctl.o
  CC      mm/page_io.o
  AR      security/keys/built-in.a
  CC      security/commoncap.o
  CC      kernel/irq/matrix.o
  CC      fs/notify/inotify/inotify_user.o
  CC      mm/swap_state.o
  CC      security/lsm_syscalls.o
  AR      kernel/irq/built-in.a
  CC      kernel/rcu/update.o
  AR      fs/notify/inotify/built-in.a
  AR      fs/notify/built-in.a
  CC      fs/eventpoll.o
  CC      security/min_addr.o
  CC      mm/swapfile.o
  CC      kernel/rcu/sync.o
  CC      kernel/rcu/rcu_segcblist.o
  CC      security/security.o
  CC      fs/anon_inodes.o
  CC      kernel/rcu/srcutiny.o
  CC      fs/signalfd.o
  CC      kernel/rcu/tiny.o
  CC      mm/dmapool.o
  AR      kernel/rcu/built-in.a
  CC      fs/timerfd.o
  CC      kernel/dma/mapping.o
  CC      mm/hugetlb.o
  CC      security/lsm_notifier.o
  CC      security/lsm_init.o
  CC      kernel/dma/direct.o
  CC      fs/eventfd.o
  CC      kernel/dma/coherent.o
  CC      security/inode.o
  CC      fs/aio.o
  CC      mm/hugetlb_sysfs.o
  CC      kernel/dma/swiotlb.o
  CC      security/lsm_audit.o
  CC      mm/hugetlb_sysctl.o
  CC      kernel/dma/pool.o
  CC      fs/locks.o
  CC      mm/hugetlb_vmemmap.o
  CC      kernel/dma/remap.o
  CC      security/apparmor/apparmorfs.o
  AR      kernel/dma/built-in.a
  CC      kernel/entry/common.o
  CC      mm/sparse.o
  CC      fs/binfmt_script.o
  CC      fs/binfmt_elf.o
  CC      mm/sparse-vmemmap.o
  CC      kernel/entry/syscall-common.o
  CC      security/apparmor/audit.o
  CC      kernel/entry/syscall_user_dispatch.o
  CC      mm/memtest.o
  CC      fs/compat_binfmt_elf.o
  CC      mm/migrate.o
  AR      kernel/entry/built-in.a
  CC      kernel/module/main.o
  CC      security/apparmor/capability.o
  CC      fs/backing-file.o
  CC      mm/page_counter.o
  CC      security/apparmor/task.o
  CC      fs/posix_acl.o
  CC      kernel/module/strict_rwx.o
  CC      mm/memcontrol.o
  CC      kernel/module/kmod.o
  CC      fs/coredump.o
  CC      security/apparmor/ipc.o
  CC      kernel/module/tree_lookup.o
  CC      kernel/module/kallsyms.o
  CC      security/apparmor/lib.o
  CC      fs/drop_caches.o
  CC      mm/vmpressure.o
  CC      kernel/module/procfs.o
  CC      fs/sysctls.o
  CC      fs/fhandle.o
  CC      kernel/module/sysfs.o
  CC      security/apparmor/match.o
  CC      mm/bpf_memcontrol.o
  AR      kernel/module/built-in.a
  CC      kernel/kcmp.o
  CC      mm/hugetlb_cgroup.o
  CC      fs/iomap/trace.o
  CC      security/apparmor/path.o
  CC      kernel/freezer.o
  CC      fs/iomap/iter.o
  CC      mm/early_ioremap.o
  CC      security/apparmor/domain.o
  CC      fs/iomap/buffered-io.o
  CC      kernel/profile.o
  CC      mm/secretmem.o
  CC      kernel/stacktrace.o
  CC      mm/memfd.o
  CC      fs/iomap/direct-io.o
  CC      kernel/time/time.o
  CC      security/apparmor/policy.o
  CC      mm/page_reporting.o
  CC      fs/iomap/ioend.o
  CC      kernel/time/timer.o
  CC      mm/ioremap.o
  CC      fs/iomap/fiemap.o
  CC      security/apparmor/policy_unpack.o
  CC      kernel/time/hrtimer.o
  CC      mm/execmem.o
  CC      fs/iomap/seek.o
  CC      fs/iomap/bio.o
  CC      mm/balloon.o
  CC      kernel/time/sleep_timeout.o
  CC      security/apparmor/procattr.o
  CC      fs/iomap/swapfile.o
  CC      kernel/time/timekeeping.o
  AR      mm/built-in.a
  CC      block/bdev.o
  AR      fs/iomap/built-in.a
  CC      fs/proc/task_mmu.o
  CC      security/apparmor/lsm.o
  CC      kernel/time/ntp.o
  CC      block/fops.o
  CC      kernel/time/clocksource.o
  CC      fs/proc/inode.o
  CC      kernel/time/jiffies.o
  CC      block/bio.o
  CC      fs/proc/root.o
  CC      security/apparmor/resource.o
  CC      kernel/time/timer_list.o
  CC      fs/proc/base.o
  CC      kernel/time/timeconv.o
  CC      block/elevator.o
  CC      kernel/time/timecounter.o
  CC      kernel/time/alarmtimer.o
  CC      security/apparmor/secid.o
  CC      kernel/time/posix-timers.o
  CC      block/blk-core.o
  CC      security/apparmor/file.o
  CC      fs/proc/generic.o
  CC      kernel/time/posix-cpu-timers.o
  CC      fs/proc/array.o
  CC      block/blk-sysfs.o
  CC      security/apparmor/policy_ns.o
  CC      kernel/time/posix-clock.o
  CC      block/blk-flush.o
  CC      fs/proc/fd.o
  CC      kernel/time/itimer.o
  CC      security/apparmor/label.o
  CC      block/blk-settings.o
  CC      fs/proc/proc_tty.o
  CC      kernel/time/clockevents.o
  CC      block/blk-ioc.o
  CC      fs/proc/cmdline.o
  CC      kernel/time/tick-common.o
  CC      block/blk-map.o
  CC      fs/proc/consoles.o
  CC      security/apparmor/mount.o
  CC      fs/proc/cpuinfo.o
  CC      block/blk-merge.o
  CC      kernel/time/sched_clock.o
  CC      fs/proc/devices.o
  CC      kernel/time/tick-oneshot.o
  CC      security/apparmor/net.o
  CC      fs/proc/loadavg.o
  CC      block/blk-timeout.o
  CC      kernel/time/tick-sched.o
  CC      fs/proc/meminfo.o
  CC      block/blk-lib.o
  CC      kernel/time/vsyscall.o
  CC      security/apparmor/policy_compat.o
  CC      fs/proc/stat.o
  CC      kernel/time/timekeeping_debug.o
  CC      block/blk-mq.o
  CC      fs/proc/uptime.o
  CC      kernel/time/namespace.o
  CC      security/apparmor/af_unix.o
  CC      fs/proc/util.o
  CC      kernel/time/namespace_vdso.o
  CC      fs/proc/version.o
  AR      kernel/time/built-in.a
  CC      kernel/futex/core.o
  CC      fs/proc/softirqs.o
  CC      block/blk-mq-tag.o
  CC      security/apparmor/crypto.o
  CC      fs/proc/namespaces.o
  CC      kernel/futex/syscalls.o
  CC      block/blk-mq-dma.o
  CC      fs/proc/self.o
  AR      security/apparmor/built-in.a
  CC      security/device_cgroup.o
  CC      block/blk-stat.o
  CC      kernel/futex/pi.o
  CC      fs/proc/thread_self.o
  CC      fs/proc/proc_sysctl.o
  CC      kernel/futex/requeue.o
  CC      security/integrity/iint.o
  CC      block/blk-mq-sysfs.o
  CC      kernel/futex/waitwake.o
  CC      security/integrity/integrity_audit.o
  CC      block/blk-mq-cpumap.o
  CC      fs/proc/proc_net.o
  AR      kernel/futex/built-in.a
  CC      kernel/kallsyms.o
  CC      security/integrity/efi_secureboot.o
  CC      block/blk-mq-sched.o
  CC      fs/proc/kmsg.o
  AR      security/integrity/built-in.a
  AR      security/built-in.a
  CC      kernel/compat.o
  CC      io_uring/io_uring.o
  CC      fs/proc/page.o
  CC      block/ioctl.o
  CC      kernel/cgroup/cgroup.o
  AR      fs/proc/built-in.a
  CC      fs/kernfs/mount.o
  CC      block/genhd.o
  CC      fs/kernfs/inode.o
  CC      io_uring/opdef.o
  CC      block/ioprio.o
  CC      fs/kernfs/dir.o
  CC      io_uring/kbuf.o
  CC      block/badblocks.o
  CC      kernel/cgroup/rstat.o
  CC      block/partitions/core.o
  CC      fs/kernfs/file.o
  CC      io_uring/rsrc.o
  CC      kernel/cgroup/namespace.o
  CC      block/partitions/msdos.o
  CC      fs/kernfs/symlink.o
  CC      io_uring/notif.o
  CC      kernel/cgroup/cgroup-v1.o
  AR      fs/kernfs/built-in.a
  CC      fs/sysfs/file.o
  CC      block/partitions/efi.o
  CC      fs/sysfs/dir.o
  CC      io_uring/tctx.o
  AR      block/partitions/built-in.a
  CC      block/blk-rq-qos.o
  CC      kernel/cgroup/freezer.o
  CC      fs/sysfs/symlink.o
  CC      io_uring/filetable.o
  CC      kernel/cgroup/legacy_freezer.o
  CC      block/disk-events.o
  CC      fs/sysfs/mount.o
  CC      io_uring/rw.o
  CC      kernel/cgroup/pids.o
  CC      block/blk-ia-ranges.o
  CC      fs/sysfs/group.o
  AR      kernel/cgroup/built-in.a
  CC      kernel/utsname.o
  CC      io_uring/poll.o
  AR      fs/sysfs/built-in.a
  CC      fs/devpts/inode.o
  CC      block/early-lookup.o
  CC      kernel/user_namespace.o
  AR      fs/devpts/built-in.a
  CC      block/bsg.o
  CC      fs/netfs/buffered_read.o
  CC      kernel/pid_namespace.o
  CC      io_uring/tw.o
  CC      block/blk-cgroup.o
  CC      fs/netfs/buffered_write.o
  CC      io_uring/wait.o
  UPD     kernel/config_data
  CC      kernel/audit.o
  CC      fs/netfs/direct_read.o
  CC      block/blk-cgroup-rwstat.o
  CC      io_uring/eventfd.o
  CC      fs/netfs/direct_write.o
  CC      block/blk-throttle.o
  CC      kernel/auditfilter.o
  CC      io_uring/uring_cmd.o
  CC      fs/netfs/iterator.o
  CC      block/mq-deadline.o
  CC      io_uring/openclose.o
  CC      fs/netfs/locking.o
  CC      kernel/auditsc.o
  CC      io_uring/sqpoll.o
  CC      fs/netfs/main.o
  CC      block/blk-mq-debugfs.o
  CC      fs/netfs/misc.o
  CC      block/blk-pm.o
  CC      kernel/audit_watch.o
  CC      io_uring/xattr.o
  CC      block/holder.o
  CC      fs/netfs/objects.o
  CC      kernel/audit_fsnotify.o
  CC      io_uring/nop.o
  AR      block/built-in.a
  CC      fs/netfs/read_collect.o
  CC      lib/argv_split.o
  CC      io_uring/fs.o
  CC      kernel/audit_tree.o
  CC      lib/bug.o
  CC      fs/netfs/read_pgpriv2.o
  CC      io_uring/splice.o
  CC      lib/buildid.o
  CC      kernel/seccomp.o
  CC      fs/netfs/read_retry.o
  CC      lib/clz_tab.o
  CC      lib/cmdline.o
  CC      io_uring/sync.o
  CC      lib/ctype.o
  CC      lib/dec_and_lock.o
  CC      lib/decompress.o
  CC      lib/decompress_bunzip2.o
  CC      fs/netfs/read_single.o
  CC      io_uring/msg_ring.o
  CC      lib/decompress_inflate.o
  CC      kernel/utsname_sysctl.o
  CC      fs/netfs/rolling_buffer.o
  CC      kernel/trace/trace_clock.o
  CC      lib/decompress_unlzma.o
  CC      io_uring/advise.o
  CC      fs/netfs/write_collect.o
  AR      kernel/trace/built-in.a
  CC      kernel/irq_work.o
  CC      lib/decompress_unxz.o
  CC      io_uring/statx.o
  CC      lib/decompress_unzstd.o
  CC      kernel/cpu_pm.o
  CC      fs/netfs/write_issue.o
  CC      lib/dump_stack.o
  CC      io_uring/timeout.o
  CC      kernel/bpf/core.o
  CC      lib/earlycpio.o
  CC      lib/extable.o
  CC      fs/netfs/write_retry.o
  CC      io_uring/cancel.o
  CC      lib/fdt.o
  CC      lib/fdt_addresses.o
  CC      lib/fdt_empty_tree.o
  CC      lib/fdt_ro.o
  AR      fs/netfs/built-in.a
  CC      fs/ramfs/inode.o
  CC      lib/fdt_rw.o
  CC      io_uring/waitid.o
  CC      lib/fdt_strerror.o
  CC      lib/fdt_sw.o
  CC      kernel/bpf/syscall.o
  CC      lib/fdt_wip.o
  CC      lib/flex_proportions.o
  CC      fs/ramfs/file-mmu.o
  CC      lib/idr.o
  CC      io_uring/register.o
  CC      lib/iomem_copy.o
  AR      fs/ramfs/built-in.a
  CC      fs/hugetlbfs/inode.o
  CC      lib/irq_regs.o
  CC      lib/is_single_threaded.o
  CC      io_uring/truncate.o
  CC      lib/klist.o
  AR      fs/hugetlbfs/built-in.a
  CC      fs/fat/cache.o
  CC      lib/kobject.o
  CC      kernel/bpf/verifier.o
  CC      io_uring/memmap.o
  CC      lib/kobject_uevent.o
  CC      fs/fat/dir.o
  CC      io_uring/alloc_cache.o
  CC      lib/logic_pio.o
  CC      io_uring/query.o
  CC      fs/fat/fatent.o
  CC      lib/maple_tree.o
  CC      io_uring/loop.o
  CC      fs/fat/file.o
  CC      io_uring/zcrx.o
  CC      fs/fat/inode.o
  CC      lib/memcat_p.o
  CC      lib/nmi_backtrace.o
  CC      fs/fat/misc.o
  CC      io_uring/io-wq.o
  CC      lib/objpool.o
  CC      lib/plist.o
  CC      fs/fat/nfs.o
  CC      lib/radix-tree.o
  CC      io_uring/futex.o
  CC      kernel/bpf/inode.o
  CC      fs/fat/namei_msdos.o
  CC      lib/ratelimit.o
  CC      io_uring/epoll.o
  CC      lib/rbtree.o
  CC      lib/seq_buf.o
  AR      fs/fat/built-in.a
  CC      fs/isofs/namei.o
  CC      io_uring/napi.o
  CC      kernel/bpf/helpers.o
  CC      lib/siphash.o
  CC      lib/string.o
  CC      fs/isofs/inode.o
  CC      lib/sys_info.o
  CC      io_uring/net.o
  CC      lib/timerqueue.o
  CC      lib/vsprintf.o
  CC      fs/isofs/dir.o
  CC      kernel/bpf/tnum.o
  CC      kernel/bpf/cnum.o
  CC      kernel/bpf/log.o
  CC      fs/isofs/util.o
  CC      io_uring/cmd_net.o
  CC      fs/isofs/rock.o
  CC      kernel/bpf/token.o
  CC      lib/win_minmax.o
  CC      fs/isofs/export.o
  CC      io_uring/fdinfo.o
  CC      lib/xarray.o
  CC      kernel/bpf/liveness.o
  CC      fs/isofs/joliet.o
  CC      io_uring/bpf_filter.o
  CC      lib/lockref.o
  CC      lib/bcd.o
  CC      lib/sort.o
  CC      fs/isofs/compress.o
  CC      lib/parser.o
  CC      lib/debug_locks.o
  AR      io_uring/built-in.a
  AS      arch/riscv/lib/clear_page.o
  CC      arch/riscv/lib/csum.o
  CC      kernel/bpf/const_fold.o
  CC      lib/random32.o
  AR      fs/isofs/built-in.a
  CC      fs/exportfs/expfs.o
  CC      arch/riscv/lib/delay.o
  CC      lib/bust_spinlocks.o
  AS      arch/riscv/lib/memcpy.o
  AS      arch/riscv/lib/memmove.o
  AS      arch/riscv/lib/memset.o
  AS      arch/riscv/lib/strchr.o
  AS      arch/riscv/lib/strcmp.o
  AS      arch/riscv/lib/strlen.o
  AS      arch/riscv/lib/strncmp.o
  AS      arch/riscv/lib/strnlen.o
  AS      arch/riscv/lib/strrchr.o
  AS      arch/riscv/lib/tishift.o
  AS      arch/riscv/lib/uaccess.o
  CC      arch/riscv/lib/riscv_v_helpers.o
  AR      fs/exportfs/built-in.a
  CC      fs/nls/nls_base.o
  CC      lib/kasprintf.o
  CC      kernel/bpf/bpf_iter.o
  CC      lib/bitmap.o
  AS      arch/riscv/lib/uaccess_vector.o
  AR      arch/riscv/lib/lib.a
  CC      fs/nls/nls_cp437.o
  CC      drivers/cache/sifive_ccache.o
  CC      fs/nls/nls_iso8859-1.o
  CC      lib/scatterlist.o
  AR      drivers/cache/built-in.a
  CC      drivers/irqchip/irqchip.o
  CC      kernel/bpf/map_iter.o
  AR      fs/nls/built-in.a
  CC      fs/autofs/init.o
  CC      drivers/irqchip/irq-msi-lib.o
  CC      lib/list_sort.o
  CC      lib/uuid.o
  CC      lib/iov_iter.o
  CC      fs/autofs/inode.o
  CC      kernel/bpf/task_iter.o
  CC      drivers/irqchip/irq-riscv-intc.o
  CC      fs/autofs/root.o
  CC      kernel/bpf/prog_iter.o
  CC      drivers/irqchip/irq-riscv-aplic-main.o
  CC      lib/clz_ctz.o
  CC      fs/autofs/symlink.o
  CC      lib/bsearch.o
  CC      drivers/irqchip/irq-riscv-aplic-direct.o
  CC      kernel/bpf/link_iter.o
  CC      lib/find_bit.o
  CC      drivers/irqchip/irq-riscv-aplic-msi.o
  CC      fs/autofs/waitq.o
  CC      lib/llist.o
  CC      lib/lwq.o
  CC      kernel/bpf/hashtab.o
  CC      lib/memweight.o
  CC      lib/kfifo.o
  CC      drivers/irqchip/irq-riscv-imsic-state.o
  CC      fs/autofs/expire.o
  CC      lib/percpu-refcount.o
  CC      drivers/irqchip/irq-riscv-imsic-early.o
  CC      fs/autofs/dev-ioctl.o
  CC      lib/rhashtable.o
  CC      drivers/irqchip/irq-riscv-imsic-platform.o
  AR      fs/autofs/built-in.a
  CC      fs/debugfs/inode.o
  CC      kernel/bpf/arraymap.o
  CC      drivers/irqchip/irq-riscv-rpmi-sysmsi.o
  CC      lib/base64.o
  CC      lib/once.o
  CC      fs/debugfs/file.o
  CC      drivers/irqchip/irq-sifive-plic.o
  CC      lib/refcount.o
  CC      lib/rcuref.o
  CC      kernel/bpf/percpu_freelist.o
  CC      lib/usercopy.o
  CC      kernel/bpf/bpf_lru_list.o
  CC      drivers/irqchip/irq-starfive-jhb100-intc.o
  CC      lib/errseq.o
  AR      fs/debugfs/built-in.a
  CC      lib/bucket_locks.o
  CC      kernel/bpf/lpm_trie.o
  AR      fs/built-in.a
  CC      kernel/bpf/map_in_map.o
  CC      lib/generic-radix-tree.o
  AR      drivers/irqchip/built-in.a
  CC      drivers/bus/simple-pm-bus.o
  CC      kernel/bpf/bloom_filter.o
  CC      lib/bitmap-str.o
  AR      drivers/bus/built-in.a
  CC      drivers/phy/phy-core.o
  CC      kernel/bpf/local_storage.o
  CC      lib/string_helpers.o
  CC      kernel/bpf/queue_stack_maps.o
  CC      drivers/phy/phy-core-mipi-dphy.o
  CC      lib/hexdump.o
  CC      kernel/bpf/ringbuf.o
  CC      lib/kstrtox.o
  CC      kernel/bpf/bpf_insn_array.o
  AR      drivers/phy/spacemit/built-in.a
  AR      drivers/phy/built-in.a
  CC      lib/math/div64.o
  CC      drivers/pinctrl/core.o
  CC      lib/math/gcd.o
  CC      lib/math/lcm.o
  CC      lib/math/int_log.o
  CC      lib/math/int_pow.o
  CC      lib/math/int_sqrt.o
  CC      lib/crc/crc7.o
  CC      lib/math/reciprocal_div.o
  CC      lib/math/rational.o
  CC      kernel/bpf/bpf_local_storage.o
  CC      lib/crc/crc-itu-t.o
  AR      lib/math/built-in.a
  CC      drivers/pinctrl/pinctrl-utils.o
  CC      drivers/pinctrl/pinmux.o
  CC      lib/crc/crc32-main.o
  CC      drivers/pinctrl/pinconf.o
  CC      drivers/gpio/gpiolib.o
  CC      kernel/bpf/bpf_task_storage.o
  CC      lib/crc/riscv/crc32_lsb.o
  CC      lib/crc/riscv/crc32_msb.o
  AR      lib/crc/built-in.a
  CC      drivers/pinctrl/pinconf-generic.o
  CC      lib/crypto/blake2s.o
  CC      drivers/pinctrl/pinctrl-generic.o
  CC      kernel/bpf/fixups.o
  CC      lib/crypto/chacha-block-generic.o
  CC      drivers/pinctrl/devicetree.o
  CC      lib/crypto/sha1.o
  CC      drivers/gpio/gpiolib-devres.o
  CC      drivers/pinctrl/sophgo/pinctrl-sophgo-common.o
  CC      lib/crypto/sha256.o
  CC      drivers/gpio/gpiolib-legacy.o
  CC      kernel/bpf/cfg.o
  AR      lib/crypto/built-in.a
  CC      lib/vdso/datastore.o
  CC      drivers/pinctrl/sophgo/pinctrl-cv18xx.o
  CC      drivers/gpio/gpiolib-of.o
  AR      lib/vdso/built-in.a
  CC      lib/iomap_copy.o
  CC      drivers/pinctrl/sophgo/pinctrl-cv1800b.o
  CC      drivers/gpio/gpiolib-cdev.o
  CC      lib/devres.o
  CC      kernel/bpf/states.o
  CC      drivers/pinctrl/sophgo/pinctrl-sg2000.o
  CC      lib/hweight.o
  CC      lib/assoc_array.o
  CC      drivers/gpio/gpiolib-acpi-core.o
  CC      lib/bitrev.o
  CC      drivers/pinctrl/sophgo/pinctrl-sg2002.o
  CC      kernel/bpf/backtrack.o
  CC      lib/xxhash.o
  CC      drivers/gpio/gpiolib-acpi-quirks.o
  AR      drivers/pinctrl/sophgo/built-in.a
  CC      drivers/pinctrl/starfive/pinctrl-starfive-jh7100.o
  CC      lib/genalloc.o
  CC      drivers/gpio/gpiolib-swnode.o
  CC      kernel/bpf/check_btf.o
  CC      drivers/pinctrl/starfive/pinctrl-starfive-jh7110.o
  CC      lib/zlib_inflate/inffast.o
  CC      drivers/gpio/gpio-mmio.o
  CC      lib/zlib_inflate/inflate.o
  CC      lib/zlib_inflate/infutil.o
  CC      kernel/bpf/disasm.o
  CC      drivers/pinctrl/starfive/pinctrl-starfive-jh7110-sys.o
  CC      lib/zlib_inflate/inftrees.o
  CC      drivers/gpio/gpio-sifive.o
  CC      lib/zlib_inflate/inflate_syms.o
  CC      drivers/pinctrl/starfive/pinctrl-starfive-jh7110-aon.o
  CC      kernel/bpf/mprog.o
  AR      lib/zlib_inflate/built-in.a
  CC      lib/zstd/zstd_compress_module.o
  AR      drivers/gpio/built-in.a
  CC      drivers/pwm/core.o
  AR      drivers/pinctrl/starfive/built-in.a
  CC      drivers/pinctrl/sunxi/pinctrl-sunxi.o
  CC      lib/zstd/compress/fse_compress.o
  CC      lib/zstd/compress/hist.o
  CC      kernel/bpf/btf.o
  CC      lib/zstd/compress/huf_compress.o
  AR      drivers/pwm/built-in.a
  CC      drivers/pinctrl/sunxi/pinctrl-sunxi-dt.o
  CC      drivers/pinctrl/sunxi/pinctrl-sun20i-d1.o
  CC      lib/zstd/compress/zstd_compress.o
  CC      lib/zstd/compress/zstd_compress_literals.o
  AR      drivers/pinctrl/sunxi/built-in.a
  CC      lib/zstd/compress/zstd_compress_sequences.o
  CC      drivers/pinctrl/ultrarisc/pinctrl-ultrarisc.o
  CC      lib/zstd/compress/zstd_compress_superblock.o
  CC      lib/zstd/compress/zstd_double_fast.o
  CC      drivers/pinctrl/ultrarisc/pinctrl-dp1000.o
  CC      lib/zstd/compress/zstd_fast.o
  AR      drivers/pinctrl/ultrarisc/built-in.a
  AR      drivers/pinctrl/built-in.a
  CC      drivers/pci/access.o
  CC      lib/zstd/compress/zstd_lazy.o
  CC      drivers/pci/bus.o
  CC      lib/zstd/compress/zstd_ldm.o
  CC      kernel/bpf/memalloc.o
  CC      lib/zstd/compress/zstd_opt.o
  CC      drivers/pci/probe.o
  CC      kernel/bpf/rqspinlock.o
  CC      lib/zstd/compress/zstd_preSplit.o
  CC      lib/zstd/zstd_decompress_module.o
  CC      kernel/bpf/stream.o
  CC      drivers/pci/host-bridge.o
  CC      lib/zstd/decompress/huf_decompress.o
  CC      drivers/pci/remove.o
  CC      kernel/bpf/arena.o
  CC      drivers/pci/pci.o
  CC      lib/zstd/decompress/zstd_ddict.o
  CC      lib/zstd/decompress/zstd_decompress.o
  CC      kernel/bpf/range_tree.o
  CC      lib/zstd/decompress/zstd_decompress_block.o
  CC      kernel/bpf/devmap.o
  CC      lib/zstd/zstd_common_module.o
  CC      drivers/pci/pci-driver.o
  CC      drivers/pci/search.o
  CC      lib/zstd/common/debug.o
  CC      lib/zstd/common/entropy_common.o
  CC      kernel/bpf/cpumap.o
  CC      lib/zstd/common/error_private.o
  CC      lib/zstd/common/fse_decompress.o
  CC      drivers/pci/rebar.o
  CC      lib/zstd/common/zstd_common.o
  CC      drivers/pci/rom.o
  AR      lib/zstd/built-in.a
  CC      lib/xz/xz_dec_syms.o
  CC      lib/xz/xz_dec_stream.o
  CC      drivers/pci/setup-res.o
  CC      drivers/pci/irq.o
  CC      kernel/bpf/offload.o
  CC      lib/xz/xz_dec_lzma2.o
  CC      drivers/pci/vpd.o
  CC      drivers/pci/setup-bus.o
  CC      lib/xz/xz_dec_bcj.o
  AR      lib/xz/built-in.a
  CC      lib/audit.o
  CC      kernel/bpf/net_namespace.o
  CC      drivers/pci/vc.o
  CC      lib/syscall.o
  CC      drivers/pci/mmap.o
  CC      lib/errname.o
  CC      drivers/pci/devres.o
  CC      lib/nlattr.o
  CC      drivers/pci/msi/pcidev_msi.o
  CC      kernel/bpf/tcx.o
  CC      drivers/pci/msi/api.o
  CC      drivers/pci/msi/msi.o
  CC      kernel/bpf/stackmap.o
  CC      lib/checksum.o
  CC      drivers/pci/msi/irqdomain.o
  CC      lib/dynamic_queue_limits.o
  CC      lib/glob.o
  AR      drivers/pci/msi/built-in.a
  CC      drivers/pci/pcie/portdrv.o
  CC      lib/dim/dim.o
  CC      kernel/bpf/cgroup_iter.o
  CC      lib/dim/net_dim.o
  CC      lib/dim/rdma_dim.o
  CC      drivers/pci/pcie/rcec.o
  CC      kernel/bpf/bpf_cgrp_storage.o
  CC      kernel/bpf/cgroup.o
  AR      lib/dim/built-in.a
  CC      lib/strncpy_from_user.o
  CC      drivers/pci/pcie/bwctrl.o
  CC      lib/strnlen_user.o
  CC      kernel/bpf/reuseport_array.o
  CC      drivers/pci/pcie/aspm.o
  CC      lib/net_utils.o
  CC      drivers/pci/pwrctrl/core.o
  CC      drivers/pci/pcie/pme.o
  CC      kernel/bpf/crypto.o
  CC      lib/sg_pool.o
  CC      drivers/pci/pwrctrl/generic.o
  CC      lib/memregion.o
  AR      drivers/pci/pcie/built-in.a
  CC      drivers/pci/proc.o
  CC      lib/stackdepot.o
  CC      kernel/bpf/relo_core.o
  AR      drivers/pci/pwrctrl/built-in.a
  CC      lib/fonts/fonts.o
  CC      lib/fonts/font_8x8.o
  CC      lib/fonts/font_8x16.o
  CC      drivers/pci/pci-sysfs.o
  CC      drivers/pci/slot.o
  AR      lib/fonts/built-in.a
  CC      lib/ucs2_string.o
  CC      kernel/bpf/btf_iter.o
  CC      drivers/pci/pci-acpi.o
  CC      lib/sbitmap.o
  CC      drivers/pci/iomap.o
  CC      kernel/bpf/btf_relocate.o
  CC      lib/group_cpus.o
  CC      kernel/bpf/kmem_cache_iter.o
  CC      drivers/pci/of.o
  CC      lib/devmem_is_allowed.o
  CC      drivers/pci/quirks.o
  CC      kernel/bpf/dmabuf_iter.o
  CC      drivers/video/cmdline.o
  CC      lib/fw_table.o
  CC      drivers/video/nomodeset.o
  AR      kernel/bpf/built-in.a
  CC      kernel/events/core.o
  AR      lib/lib.a
  AR      lib/built-in.a
  CC      net/devres.o
  CC      drivers/video/console/dummycon.o
  CC      drivers/pci/pci-label.o
  AR      drivers/video/console/built-in.a
  CC      net/socket.o
  CC      drivers/video/fbdev/core/fb_notify.o
  CC      drivers/pci/ecam.o
  CC      drivers/video/fbdev/core/fb_info.o
  CC      drivers/pci/vgaarb.o
  CC      drivers/video/fbdev/core/fbmem.o
  CC      drivers/pci/controller/pci-host-common.o
  CC      net/core/sock.o
  CC      drivers/video/fbdev/core/fbcmap.o
  CC      drivers/pci/controller/pci-host-generic.o
  CC      kernel/events/ring_buffer.o
  CC      drivers/video/fbdev/core/modedb.o
  CC      drivers/pci/controller/pcie-xilinx.o
  CC      drivers/video/fbdev/core/fbcvt.o
  CC      kernel/events/callchain.o
  CC      drivers/pci/controller/dwc/pcie-designware.o
  CC      net/core/skbuff.o
  CC      drivers/video/fbdev/core/fb_cmdline.o
  AR      kernel/events/built-in.a
  CC      kernel/jump_label.o
  CC      drivers/pci/controller/dwc/pcie-designware-host.o
  CC      drivers/video/fbdev/core/fb_backlight.o
  CC      kernel/iomem.o
  CC      drivers/video/fbdev/core/fbmon.o
  CC      drivers/pci/controller/dwc/pcie-ultrarisc.o
  CC      kernel/rseq.o
  AR      drivers/pci/controller/dwc/built-in.a
  CC      drivers/pci/controller/plda/pcie-plda-host.o
  CC      drivers/video/fbdev/core/fb_chrdev.o
  CC      kernel/up.o
  AR      drivers/pci/controller/plda/built-in.a
  AR      drivers/pci/controller/built-in.a
  AR      drivers/pci/built-in.a
  CC      net/core/datagram.o
  GZIP    kernel/config_data.gz
  CC      kernel/configs.o
  CC      drivers/video/fbdev/core/fb_procfs.o
  CC      net/core/stream.o
  AR      kernel/built-in.a
  CC      net/core/scm.o
  CC      drivers/video/fbdev/core/fbsysfs.o
  CC      net/core/gen_stats.o
  CC      net/core/gen_estimator.o
  CC      drivers/video/fbdev/core/fbcon.o
  CC      drivers/acpi/tables.o
  CC      net/core/net_namespace.o
  CC      net/core/secure_seq.o
  CC      drivers/acpi/osi.o
  CC      drivers/video/fbdev/core/bitblit.o
  CC      drivers/acpi/osl.o
  CC      net/core/flow_dissector.o
  CC      net/core/sysctl_net_core.o
  CC      drivers/video/fbdev/core/softcursor.o
  CC      drivers/acpi/utils.o
  AR      drivers/video/fbdev/core/built-in.a
  AR      drivers/video/fbdev/built-in.a
  AR      drivers/video/built-in.a
  CC      drivers/pnp/core.o
  CC      net/core/dev.o
  CC      drivers/acpi/reboot.o
  CC      net/core/dev_api.o
  CC      drivers/pnp/card.o
  CC      drivers/acpi/nvs.o
  CC      drivers/pnp/driver.o
  CC      net/core/dev_addr_lists.o
  CC      drivers/acpi/wakeup.o
  CC      drivers/pnp/resource.o
  CC      drivers/acpi/device_sysfs.o
  CC      net/core/dst.o
  CC      drivers/pnp/manager.o
  CC      drivers/acpi/device_pm.o
  CC      drivers/pnp/support.o
  CC      net/core/netevent.o
  CC      drivers/acpi/bus.o
  CC      drivers/pnp/interface.o
  CC      net/core/neighbour.o
  CC      drivers/pnp/quirks.o
  CC      net/core/rtnetlink.o
  CC      drivers/acpi/glue.o
  CC      drivers/pnp/system.o
  CC      drivers/acpi/scan.o
  CC      drivers/pnp/pnpacpi/core.o
  CC      net/core/utils.o
  CC      drivers/pnp/pnpacpi/rsparser.o
  CC      drivers/acpi/mipi-disco-img.o
  AR      drivers/pnp/pnpacpi/built-in.a
  AR      drivers/pnp/built-in.a
  CC      net/core/link_watch.o
  CC      drivers/acpi/resource.o
  CC      drivers/amba/bus.o
  CC      drivers/acpi/acpi_processor.o
  CC      drivers/acpi/processor_core.o
  AR      drivers/amba/built-in.a
  CC      drivers/acpi/pci_root.o
  CC      drivers/clk/clk-devres.o
  CC      net/core/filter.o
  CC      drivers/clk/clk-bulk.o
  CC      drivers/clk/clkdev.o
  CC      drivers/acpi/pci_link.o
  CC      drivers/clk/clk.o
  CC      drivers/clk/clk-divider.o
  CC      drivers/acpi/pci_irq.o
  CC      drivers/clk/clk-fixed-factor.o
  CC      drivers/acpi/acpi_apd.o
  CC      drivers/clk/clk-fixed-rate.o
  CC      drivers/clk/clk-gate.o
  CC      drivers/acpi/acpi_platform.o
  CC      drivers/acpi/acpi_pnp.o
  CC      drivers/clk/clk-multiplier.o
  CC      drivers/acpi/power.o
  CC      drivers/acpi/event.o
  CC      drivers/clk/clk-mux.o
  CC      drivers/acpi/evged.o
  CC      drivers/clk/clk-composite.o
  CC      drivers/acpi/sysfs.o
  CC      net/core/sock_diag.o
  CC      drivers/acpi/property.o
  CC      drivers/clk/clk-fractional-divider.o
  CC      drivers/acpi/debugfs.o
  CC      drivers/clk/clk-gpio.o
  CC      net/core/dev_ioctl.o
  CC      drivers/acpi/acpi_lpat.o
  CC      drivers/dma/dmaengine.o
  CC      drivers/acpi/irq.o
  CC      drivers/clk/clk-conf.o
  CC      drivers/dma/virt-dma.o
  CC      drivers/clk/clk-rpmi.o
  CC      drivers/acpi/acpi_pcc.o
  CC      net/core/tso.o
  CC      drivers/dma/acpi-dma.o
  AR      drivers/clk/analogbits/built-in.a
  CC      drivers/clk/eswin/clk.o
  CC      drivers/acpi/acpica/dsargs.o
  CC      net/core/sock_reuseport.o
  CC      drivers/dma/of-dma.o
  CC      drivers/clk/eswin/clk-eic7700.o
  CC      drivers/acpi/acpica/dscontrol.o
  CC      drivers/acpi/acpica/dsdebug.o
  CC      drivers/dma/dw-axi-dmac/dw-axi-dmac-platform.o
  AR      drivers/clk/eswin/built-in.a
  CC      drivers/clk/sophgo/clk-cv1800.o
  CC      drivers/acpi/acpica/dsfield.o
  CC      net/core/fib_notifier.o
  CC      drivers/acpi/acpica/dsinit.o
  CC      drivers/clk/sophgo/clk-cv18xx-common.o
  AR      drivers/dma/dw-axi-dmac/built-in.a
  AR      drivers/dma/built-in.a
  CC      drivers/clk/sophgo/clk-cv18xx-ip.o
  CC      drivers/acpi/acpica/dsmethod.o
  CC      drivers/clk/sophgo/clk-cv18xx-pll.o
  CC      net/core/xdp.o
  CC      drivers/acpi/acpica/dsmthdat.o
  CC      drivers/clk/sophgo/clk-sg2042-pll.o
  CC      drivers/acpi/acpica/dsobject.o
  CC      drivers/acpi/acpica/dsopcode.o
  CC      drivers/acpi/acpica/dspkginit.o
  AR      drivers/clk/sophgo/built-in.a
  CC      drivers/clk/starfive/clk-starfive-jh71x0.o
  CC      drivers/acpi/acpica/dsutils.o
  CC      drivers/clk/starfive/clk-starfive-jh7100.o
  CC      net/core/flow_offload.o
  CC      drivers/clk/starfive/clk-starfive-jh7110-pll.o
  CC      drivers/acpi/acpica/dswexec.o
  CC      drivers/clk/starfive/clk-starfive-jh7110-sys.o
  CC      drivers/acpi/acpica/dswload.o
  CC      drivers/acpi/acpica/dswload2.o
  AR      drivers/clk/starfive/built-in.a
  CC      drivers/clk/sunxi-ng/ccu_common.o
  CC      drivers/acpi/acpica/dswscope.o
  CC      net/core/gro.o
  CC      net/core/netdev-genl.o
  CC      drivers/acpi/acpica/dswstate.o
  CC      drivers/clk/sunxi-ng/ccu_mmc_timing.o
  CC      drivers/acpi/acpica/evevent.o
  CC      drivers/clk/sunxi-ng/ccu_reset.o
  CC      drivers/acpi/acpica/evgpe.o
  CC      drivers/clk/sunxi-ng/ccu_div.o
  CC      drivers/acpi/acpica/evgpeblk.o
  CC      net/core/netdev-genl-gen.o
  CC      drivers/clk/sunxi-ng/ccu_frac.o
  CC      net/core/netdev_work.o
  CC      drivers/acpi/acpica/evgpeinit.o
  CC      drivers/clk/sunxi-ng/ccu_gate.o
  CC      drivers/acpi/acpica/evgpeutil.o
  CC      net/core/gso.o
  CC      drivers/acpi/acpica/evglock.o
  CC      drivers/clk/sunxi-ng/ccu_mux.o
  CC      net/core/net-sysfs.o
  CC      drivers/acpi/acpica/evhandler.o
  CC      drivers/clk/sunxi-ng/ccu_mult.o
  CC      drivers/acpi/acpica/evmisc.o
  CC      net/core/hotdata.o
  CC      drivers/clk/sunxi-ng/ccu_phase.o
  CC      drivers/acpi/acpica/evregion.o
  CC      drivers/clk/sunxi-ng/ccu_sdm.o
  CC      net/core/netdev_config.o
  CC      drivers/clk/sunxi-ng/ccu_nk.o
  CC      net/core/netdev_rx_queue.o
  CC      drivers/acpi/acpica/evrgnini.o
  CC      drivers/clk/sunxi-ng/ccu_nkm.o
  CC      drivers/acpi/acpica/evsci.o
  CC      drivers/acpi/acpica/evxface.o
  CC      drivers/clk/sunxi-ng/ccu_nkmp.o
  CC      drivers/acpi/acpica/evxfevnt.o
  CC      net/core/netdev_queues.o
  CC      drivers/acpi/acpica/evxfgpe.o
  CC      drivers/acpi/acpica/evxfregn.o
  CC      drivers/clk/sunxi-ng/ccu_nm.o
  AR      drivers/clk/tenstorrent/built-in.a
  CC      drivers/clk/thead/clk-th1520-ap.o
  CC      drivers/acpi/acpica/exconcat.o
  CC      drivers/clk/sunxi-ng/ccu_mp.o
  CC      drivers/acpi/acpica/exconfig.o
  CC      net/core/page_pool.o
  CC      drivers/clk/sunxi-ng/ccu-sun20i-d1.o
  AR      drivers/clk/thead/built-in.a
  CC      net/core/page_pool_user.o
  CC      drivers/acpi/acpica/exconvrt.o
  CC      drivers/clk/sunxi-ng/ccu-sun20i-d1-r.o
  CC      drivers/acpi/acpica/excreate.o
  CC      drivers/acpi/acpica/exdebug.o
  CC      drivers/clk/sunxi-ng/ccu-sun6i-rtc.o
  CC      drivers/acpi/pci_mcfg.o
  CC      net/core/net-procfs.o
  CC      drivers/acpi/acpica/exdump.o
  AR      drivers/clk/sunxi-ng/built-in.a
  AR      drivers/clk/built-in.a
  CC      drivers/soc/microchip/mpfs-irqmux.o
  CC      drivers/acpi/acpica/exfield.o
  CC      drivers/acpi/acpica/exfldio.o
  CC      drivers/acpi/acpica/exmisc.o
  CC      net/core/netprio_cgroup.o
  CC      drivers/acpi/acpica/exmutex.o
  CC      drivers/soc/microchip/mpfs-control-scb.o
  CC      drivers/acpi/acpica/exnames.o
  CC      drivers/acpi/acpica/exoparg1.o
  CC      drivers/soc/microchip/mpfs-mss-top-sysreg.o
  CC      drivers/acpi/acpica/exoparg2.o
  CC      drivers/pmdomain/starfive/jh71xx-pmu.o
  CC      net/core/netclassid_cgroup.o
  AR      drivers/soc/microchip/built-in.a
  CC      drivers/soc/sunxi/sunxi_sram.o
  CC      drivers/acpi/acpica/exoparg3.o
  AR      drivers/pmdomain/starfive/built-in.a
  CC      drivers/pmdomain/sunxi/sun20i-ppu.o
  CC      drivers/acpi/acpica/exoparg6.o
  AR      drivers/soc/sunxi/built-in.a
  AR      drivers/soc/built-in.a
  CC      drivers/pmdomain/sunxi/sun55i-pck600.o
  CC      drivers/acpi/acpica/exprep.o
  CC      net/core/gro_cells.o
  CC      net/core/failover.o
  CC      drivers/acpi/acpica/exregion.o
  AR      drivers/pmdomain/sunxi/built-in.a
  CC      drivers/pmdomain/core.o
  CC      drivers/acpi/acpica/exresnte.o
  CC      net/core/skmsg.o
  CC      net/core/sock_map.o
  CC      drivers/acpi/acpica/exresolv.o
  CC      drivers/acpi/acpica/exresop.o
  CC      drivers/pmdomain/governor.o
  CC      drivers/acpi/acpica/exserial.o
  AR      drivers/pmdomain/built-in.a
  CC      drivers/acpi/acpica/exstore.o
  CC      drivers/virtio/virtio.o
  CC      drivers/acpi/acpica/exstoren.o
  CC      net/core/bpf_sk_storage.o
  CC      net/core/of_net.o
  CC      drivers/acpi/acpica/exstorob.o
  CC      drivers/virtio/virtio_ring.o
  CC      drivers/acpi/acpica/exsystem.o
  CC      drivers/acpi/acpica/extrace.o
  CC      net/core/devmem.o
  CC      drivers/acpi/acpica/exutils.o
  CC      drivers/acpi/acpica/hwacpi.o
  CC      drivers/acpi/acpica/hwesleep.o
  CC      drivers/acpi/acpica/hwgpe.o
  CC      drivers/acpi/acpica/hwregs.o
  CC      drivers/acpi/acpica/hwsleep.o
  CC      drivers/virtio/virtio_anchor.o
  CC      drivers/acpi/acpica/hwvalid.o
  CC      drivers/acpi/acpica/hwxface.o
  AR      net/core/built-in.a
  CC      net/compat.o
  CC      drivers/virtio/virtio_pci_modern_dev.o
  CC      drivers/acpi/acpica/hwxfsleep.o
  CC      drivers/acpi/acpica/hwpci.o
  CC      drivers/acpi/acpica/nsaccess.o
  CC      drivers/acpi/acpica/nsalloc.o
  CC      drivers/virtio/virtio_pci_legacy_dev.o
  CC      net/ethernet/eth.o
  CC      drivers/acpi/acpica/nsarguments.o
  CC      drivers/acpi/acpica/nsconvert.o
  CC      drivers/acpi/acpica/nsdump.o
  CC      drivers/acpi/acpica/nseval.o
  CC      drivers/virtio/virtio_mmio.o
  CC      net/sched/sch_generic.o
  CC      drivers/acpi/acpica/nsinit.o
  CC      drivers/acpi/acpica/nsload.o
  AR      net/ethernet/built-in.a
  CC      drivers/acpi/acpica/nsnames.o
  CC      drivers/virtio/virtio_pci_modern.o
  CC      drivers/acpi/acpica/nsobject.o
  CC      drivers/virtio/virtio_pci_common.o
  CC      drivers/acpi/acpica/nsparse.o
  CC      drivers/acpi/acpica/nspredef.o
  CC      drivers/acpi/acpica/nsprepkg.o
  CC      drivers/acpi/acpica/nsrepair.o
  CC      net/sched/sch_mq.o
  CC      drivers/virtio/virtio_pci_legacy.o
  CC      drivers/acpi/acpica/nsrepair2.o
  CC      drivers/reset/core.o
  CC      drivers/virtio/virtio_balloon.o
  CC      drivers/acpi/acpica/nssearch.o
  CC      net/sched/sch_frag.o
  CC      drivers/acpi/acpica/nsutils.o
  CC      drivers/reset/starfive/reset-starfive-jh71x0.o
  CC      drivers/acpi/acpica/nswalk.o
  AR      drivers/virtio/built-in.a
  CC      drivers/acpi/acpica/nsxfeval.o
  CC      drivers/acpi/acpica/nsxfname.o
  CC      drivers/reset/starfive/reset-starfive-jh7100.o
  CC      drivers/acpi/acpica/nsxfobj.o
  CC      net/sched/sch_api.o
  CC      drivers/acpi/acpica/psargs.o
  CC      drivers/reset/reset-simple.o
  CC      drivers/reset/starfive/reset-starfive-jh7110.o
  CC      drivers/acpi/acpica/psloop.o
  AR      drivers/reset/starfive/built-in.a
  CC      drivers/reset/reset-sunxi.o
  CC      drivers/acpi/acpica/psobject.o
  CC      drivers/acpi/acpica/psopcode.o
  CC      drivers/acpi/acpica/psopinfo.o
  AR      drivers/reset/built-in.a
  CC      drivers/acpi/acpica/psparse.o
  CC      drivers/acpi/acpica/psscope.o
  CC      net/sched/sch_blackhole.o
  CC      net/sched/cls_api.o
  CC      drivers/acpi/acpica/pstree.o
  CC      drivers/acpi/acpica/psutils.o
  CC      drivers/acpi/acpica/pswalk.o
  CC      drivers/tty/tty_io.o
  CC      net/sched/sch_fifo.o
  CC      drivers/acpi/acpica/psxface.o
  CC      drivers/acpi/acpica/rsaddr.o
  CC      drivers/acpi/acpica/rscalc.o
  CC      drivers/acpi/acpica/rscreate.o
  AR      net/sched/built-in.a
  CC      net/netlink/af_netlink.o
  CC      net/netlink/genetlink.o
  CC      drivers/tty/n_tty.o
  CC      drivers/acpi/acpica/rsdumpinfo.o
  CC      drivers/acpi/acpica/rsinfo.o
  CC      drivers/acpi/acpica/rsio.o
  CC      drivers/tty/tty_ioctl.o
  CC      drivers/acpi/acpica/rsirq.o
  CC      net/netlink/policy.o
  CC      drivers/acpi/acpica/rslist.o
  CC      net/netlink/diag.o
  CC      drivers/tty/tty_ldisc.o
  CC      drivers/acpi/acpica/rsmemory.o
  CC      drivers/acpi/acpica/rsmisc.o
  CC      drivers/acpi/acpica/rsserial.o
  CC      drivers/acpi/acpica/rsutils.o
  CC      drivers/tty/tty_buffer.o
  CC      net/bpf/test_run.o
  AR      net/netlink/built-in.a
  CC      drivers/acpi/acpica/rsxface.o
  CC      net/ethtool/ioctl.o
  CC      drivers/tty/tty_port.o
  CC      drivers/acpi/acpica/tbdata.o
  CC      drivers/tty/tty_mutex.o
  CC      drivers/acpi/acpica/tbfadt.o
  AR      net/bpf/built-in.a
  CC      net/netfilter/core.o
  CC      drivers/acpi/acpica/tbfind.o
  CC      drivers/tty/tty_ldsem.o
  CC      drivers/acpi/acpica/tbinstal.o
  CC      net/ethtool/common.o
  CC      drivers/tty/tty_baudrate.o
  CC      drivers/acpi/acpica/tbprint.o
  CC      drivers/tty/tty_jobctrl.o
  CC      drivers/acpi/acpica/tbutils.o
  CC      net/netfilter/nf_log.o
  CC      drivers/acpi/acpica/tbxface.o
  CC      drivers/tty/n_null.o
  CC      net/ethtool/netlink.o
  CC      drivers/acpi/acpica/tbxfload.o
  CC      drivers/tty/pty.o
  CC      net/netfilter/nf_queue.o
  CC      drivers/acpi/acpica/tbxfroot.o
  CC      drivers/acpi/acpica/utaddress.o
  CC      net/ethtool/bitset.o
  CC      drivers/tty/tty_audit.o
  CC      drivers/acpi/acpica/utalloc.o
  CC      drivers/acpi/acpica/utascii.o
  CC      net/netfilter/nf_sockopt.o
  CC      drivers/tty/vt/vt_ioctl.o
  CC      drivers/acpi/acpica/utbuffer.o
  CC      drivers/acpi/acpica/utcksum.o
  CC      net/ethtool/strset.o
  CC      net/netfilter/utils.o
  CC      drivers/acpi/acpica/utcopy.o
  CC      drivers/tty/vt/vc_screen.o
  CC      drivers/acpi/acpica/utexcep.o
  CC      drivers/acpi/acpica/utdebug.o
  CC      net/ethtool/linkinfo.o
  CC      drivers/tty/vt/selection.o
  CC      net/netfilter/nf_bpf_link.o
  CC      drivers/acpi/acpica/utdecode.o
  CC      drivers/acpi/acpica/utdelete.o
  CC      drivers/tty/vt/keyboard.o
  CC      net/ethtool/linkmodes.o
  CC      drivers/acpi/acpica/uterror.o
  AR      net/netfilter/built-in.a
  CC      net/ipv4/route.o
  CC      drivers/acpi/acpica/uteval.o
  CC      net/ethtool/rss.o
  CC      drivers/acpi/acpica/utglobal.o
  CC      drivers/tty/vt/vt.o
  CC      drivers/acpi/acpica/uthex.o
  CC      drivers/acpi/acpica/utids.o
  CC      drivers/acpi/acpica/utinit.o
  CC      net/ethtool/linkstate.o
  CC      drivers/acpi/acpica/utlock.o
  CC      net/ipv4/inetpeer.o
  CC      drivers/tty/vt/defkeymap.o
  CC      drivers/acpi/acpica/utmath.o
  CC      drivers/tty/vt/consolemap.o
  CC      drivers/acpi/acpica/utmisc.o
  CC      net/ethtool/debug.o
  CC      drivers/acpi/acpica/utmutex.o
  CC      net/ipv4/protocol.o
  CC      drivers/tty/vt/consolemap_deftbl.o
  CC      drivers/tty/vt/ucs.o
  AR      drivers/tty/vt/built-in.a
  CC      drivers/tty/hvc/hvc_console.o
  CC      drivers/acpi/acpica/utnonansi.o
  CC      net/ethtool/wol.o
  CC      drivers/acpi/acpica/utobject.o
  CC      net/ipv4/ip_input.o
  CC      drivers/acpi/acpica/utosi.o
  AR      drivers/tty/hvc/built-in.a
  CC      drivers/tty/serial/serial_core.o
  CC      drivers/acpi/acpica/utownerid.o
  CC      net/ethtool/features.o
  CC      drivers/acpi/acpica/utpredef.o
  CC      drivers/acpi/acpica/utresdecode.o
  CC      net/ipv4/ip_fragment.o
  CC      net/ethtool/privflags.o
  CC      drivers/acpi/acpica/utresrc.o
  CC      drivers/tty/serial/serial_base_bus.o
  CC      drivers/acpi/acpica/utstate.o
  CC      drivers/acpi/acpica/utstring.o
  CC      drivers/tty/serial/serial_ctrl.o
  CC      net/ethtool/rings.o
  CC      net/ipv4/ip_forward.o
  CC      drivers/acpi/acpica/utstrsuppt.o
  CC      drivers/tty/serial/serial_port.o
  CC      drivers/acpi/acpica/utstrtoul64.o
  CC      drivers/acpi/acpica/utxface.o
  CC      net/ethtool/channels.o
  CC      drivers/tty/serial/earlycon.o
  CC      drivers/acpi/acpica/utxfinit.o
  CC      net/ipv4/ip_options.o
  CC      drivers/acpi/acpica/utxferror.o
  CC      drivers/tty/serial/earlycon-riscv-sbi.o
  CC      drivers/acpi/acpica/utxfmutex.o
  CC      net/ethtool/coalesce.o
  AR      drivers/acpi/acpica/built-in.a
  CC      drivers/acpi/ac.o
  CC      drivers/tty/serial/8250/8250_core.o
  CC      net/ipv4/ip_output.o
  CC      drivers/acpi/button.o
  CC      net/ethtool/pause.o
  CC      drivers/acpi/fan_core.o
  CC      drivers/tty/serial/8250/8250_platform.o
  CC      net/ethtool/eee.o
  CC      drivers/acpi/fan_attr.o
  CC      drivers/tty/serial/8250/8250_pnp.o
  CC      net/ipv4/ip_sockglue.o
  CC      drivers/acpi/fan_hwmon.o
  CC      drivers/tty/serial/8250/8250_port.o
  CC      net/ethtool/tsinfo.o
  CC      drivers/acpi/processor_driver.o
  CC      drivers/acpi/processor_thermal.o
  CC      net/ethtool/cabletest.o
  CC      net/ipv4/inet_hashtables.o
  CC      drivers/tty/serial/8250/8250_dma.o
  CC      drivers/acpi/processor_idle.o
  CC      drivers/tty/serial/8250/8250_dwlib.o
  CC      net/ethtool/tunnels.o
  CC      drivers/acpi/processor_perflib.o
  CC      net/ipv4/inet_timewait_sock.o
  CC      drivers/tty/serial/8250/8250_pcilib.o
  CC      drivers/acpi/container.o
  CC      net/ethtool/fec.o
  CC      drivers/tty/serial/8250/8250_early.o
  CC      drivers/acpi/acpi_memhotplug.o
  CC      net/ipv4/inet_connection_sock.o
  CC      drivers/tty/serial/8250/8250_dw.o
  CC      drivers/acpi/battery.o
  CC      net/ethtool/eeprom.o
  CC      drivers/tty/serial/8250/8250_exar.o
  CC      drivers/acpi/cppc_acpi.o
  CC      net/ethtool/stats.o
  CC      net/ipv4/tcp.o
  CC      drivers/tty/serial/8250/8250_of.o
  CC      drivers/acpi/spcr.o
  CC      net/ethtool/phc_vclocks.o
  CC      drivers/tty/serial/8250/8250_pci.o
  CC      drivers/acpi/pptt.o
  CC      net/ethtool/mm.o
  CC      drivers/acpi/riscv/rhct.o
  CC      drivers/tty/serial/8250/8250_pericom.o
  CC      drivers/acpi/riscv/init.o
  CC      net/ipv4/tcp_input.o
  CC      net/ethtool/module.o
  AR      drivers/tty/serial/8250/built-in.a
  CC      drivers/tty/serial/serial_mctrl_gpio.o
  CC      drivers/acpi/riscv/irq.o
  AR      drivers/tty/serial/built-in.a
  AR      drivers/tty/built-in.a
  CC      drivers/char/mem.o
  CC      net/ethtool/cmis_fw_update.o
  CC      drivers/acpi/riscv/cpuidle.o
  CC      drivers/char/random.o
  CC      drivers/acpi/riscv/cppc.o
  CC      net/ethtool/cmis_cdb.o
  CC      drivers/acpi/riscv/rimt.o
  CC      drivers/char/misc.o
  CC      net/ethtool/pse-pd.o
  CC      net/ipv4/tcp_output.o
  AR      drivers/acpi/riscv/built-in.a
  CC      drivers/acpi/thermal_lib.o
  CC      drivers/char/virtio_console.o
  CC      drivers/acpi/thermal.o
  CC      net/ethtool/plca.o
  CC      drivers/char/hw_random/core.o
  AR      drivers/acpi/built-in.a
  CC      drivers/iommu/riscv/iommu.o
  CC      drivers/char/hw_random/atmel-rng.o
  CC      net/ethtool/phy.o
  AR      drivers/char/hw_random/built-in.a
  AR      drivers/char/built-in.a
  CC      drivers/iommu/riscv/iommu-platform.o
  CC      net/ipv4/tcp_timer.o
  CC      drivers/iommu/riscv/iommu-pci.o
  CC      net/ethtool/tsconfig.o
  CC      net/ethtool/mse.o
  AR      drivers/iommu/riscv/built-in.a
  CC      drivers/iommu/generic_pt/fmt/iommu_riscv64.o
  CC      net/ipv4/tcp_ipv4.o
  CC      net/ipv4/tcp_minisocks.o
  AR      net/ethtool/built-in.a
  CC      net/xfrm/xfrm_policy.o
  AR      drivers/iommu/generic_pt/fmt/built-in.a
  CC      drivers/iommu/iommu-pages.o
  CC      drivers/iommu/iommu.o
  CC      net/ipv4/tcp_cong.o
  CC      net/ipv4/tcp_metrics.o
  CC      drivers/iommu/iommu-traces.o
  CC      net/ipv4/tcp_fastopen.o
  CC      net/xfrm/xfrm_state.o
  CC      net/ipv4/tcp_recovery.o
  CC      drivers/iommu/iommu-sysfs.o
  CC      net/ipv4/tcp_ulp.o
  CC      drivers/iommu/of_iommu.o
  CC      net/ipv4/tcp_offload.o
  CC      drivers/iommu/sun50i-iommu.o
  CC      net/ipv4/tcp_plb.o
  AR      drivers/iommu/built-in.a
  CC      net/ipv4/datagram.o
  CC      drivers/base/component.o
  CC      net/xfrm/xfrm_hash.o
  CC      net/ipv4/raw.o
  CC      net/xfrm/xfrm_input.o
  CC      drivers/base/core.o
  CC      net/ipv4/udp.o
  CC      net/ipv4/udp_offload.o
  CC      net/xfrm/xfrm_output.o
  CC      drivers/base/bus.o
  CC      drivers/base/dd.o
  CC      net/ipv4/arp.o
  CC      net/xfrm/xfrm_sysctl.o
  CC      net/ipv4/icmp.o
  CC      drivers/base/syscore.o
  CC      net/xfrm/xfrm_replay.o
  CC      net/ipv4/devinet.o
  CC      drivers/base/driver.o
  CC      drivers/base/class.o
  CC      net/ipv4/af_inet.o
  CC      drivers/base/platform.o
  CC      net/xfrm/xfrm_device.o
  CC      net/ipv4/igmp.o
  CC      drivers/base/cpu.o
  CC      net/ipv4/fib_frontend.o
  CC      net/xfrm/xfrm_nat_keepalive.o
  CC      drivers/base/firmware.o
  CC      drivers/base/init.o
  CC      net/ipv4/fib_semantics.o
  AR      net/xfrm/built-in.a
  CC      net/unix/af_unix.o
  CC      net/ipv4/fib_trie.o
  CC      drivers/base/map.o
  CC      drivers/base/devres.o
  CC      net/ipv4/fib_notifier.o
  CC      drivers/base/attribute_container.o
  CC      net/unix/garbage.o
  CC      net/ipv4/inet_fragment.o
  CC      drivers/base/transport_class.o
  CC      net/ipv4/ping.o
  CC      drivers/base/topology.o
  CC      net/unix/sysctl_net_unix.o
  CC      net/ipv4/ip_tunnel_core.o
  CC      drivers/base/container.o
  CC      net/ipv4/gre_offload.o
  CC      net/unix/unix_bpf.o
  CC      drivers/base/property.o
  CC      net/ipv4/metrics.o
  CC      net/ipv4/netlink.o
  AR      net/unix/built-in.a
  CC      net/ipv4/nexthop.o
  CC      drivers/base/cacheinfo.o
  CC      net/ipv4/udp_tunnel_stub.o
  CC      drivers/base/swnode.o
  CC      net/ipv6/af_inet6.o
  CC      drivers/base/faux.o
  CC      drivers/base/auxiliary.o
  CC      net/ipv4/sysctl_net_ipv4.o
  CC      net/ipv6/anycast.o
  CC      drivers/base/devtmpfs.o
  CC      net/ipv6/ip6_output.o
  CC      net/ipv6/ip6_input.o
  CC      drivers/base/power/sysfs.o
  CC      net/ipv4/proc.o
  CC      drivers/base/power/generic_ops.o
  CC      drivers/base/power/common.o
  CC      net/ipv6/addrconf.o
  CC      net/ipv4/netfilter.o
  CC      net/ipv6/addrlabel.o
  CC      drivers/base/power/qos.o
  CC      net/ipv4/inet_diag.o
  CC      net/ipv6/route.o
  CC      drivers/base/power/runtime.o
  CC      drivers/base/power/wakeirq.o
  CC      net/ipv4/tcp_diag.o
  CC      net/ipv6/ip6_fib.o
  CC      drivers/base/power/clock_ops.o
  AR      drivers/base/power/built-in.a
  CC      drivers/base/firmware_loader/main.o
  CC      net/ipv4/tcp_cubic.o
  CC      net/ipv6/ipv6_sockglue.o
  CC      net/ipv6/ndisc.o
  CC      drivers/base/firmware_loader/builtin/main.o
  AR      drivers/base/firmware_loader/builtin/built-in.a
  AR      drivers/base/firmware_loader/built-in.a
  CC      drivers/base/module.o
  CC      net/ipv4/tcp_bpf.o
  CC      drivers/base/auxiliary_sysfs.o
  CC      net/ipv6/udp.o
  CC      net/ipv6/raw.o
  CC      drivers/base/regmap/regmap.o
  CC      net/ipv4/udp_bpf.o
  CC      drivers/base/regmap/regcache.o
  CC      net/ipv6/icmp.o
  CC      net/ipv4/xfrm4_policy.o
  CC      net/ipv6/mcast.o
  CC      drivers/base/regmap/regcache-rbtree.o
  CC      drivers/base/regmap/regcache-flat.o
  CC      net/ipv4/xfrm4_state.o
  CC      net/ipv6/reassembly.o
  CC      drivers/base/regmap/regcache-maple.o
  CC      net/ipv6/tcp_ipv6.o
  CC      net/ipv4/xfrm4_input.o
  CC      drivers/base/regmap/regmap-debugfs.o
  CC      net/ipv6/ping.o
  CC      drivers/base/regmap/regmap-i2c.o
  CC      net/ipv4/xfrm4_output.o
  CC      net/ipv6/exthdrs.o
  CC      drivers/base/regmap/regmap-mmio.o
  CC      net/ipv6/datagram.o
  CC      net/ipv4/xfrm4_protocol.o
  CC      drivers/base/regmap/regmap-irq.o
  CC      net/ipv6/ip6_flowlabel.o
  CC      net/ipv6/inet6_connection_sock.o
  AR      drivers/base/regmap/built-in.a
  CC      drivers/base/pinctrl.o
  AR      net/ipv4/built-in.a
  CC      net/packet/af_packet.o
  CC      drivers/base/platform-msi.o
  CC      net/ipv6/udp_offload.o
  CC      net/ipv6/seg6.o
  CC      drivers/base/arch_topology.o
  CC      drivers/base/physical_location.o
  CC      net/ipv6/fib6_notifier.o
  CC      net/ipv6/rpl.o
  AR      net/packet/built-in.a
  CC      net/8021q/vlan_core.o
  AR      drivers/base/built-in.a
  CC      drivers/block/loop.o
  CC      net/ipv6/ioam6.o
  CC      net/ipv6/sysctl_net_ipv6.o
  AR      net/8021q/built-in.a
  AR      net/wireless/tests/built-in.a
  AR      net/wireless/built-in.a
  CC      net/9p/mod.o
  AR      drivers/block/built-in.a
  CC      drivers/misc/eeprom/eeprom_93cx6.o
  CC      net/9p/client.o
  CC      net/ipv6/xfrm6_policy.o
  AR      drivers/misc/eeprom/built-in.a
  AR      drivers/misc/built-in.a
  CC      drivers/mfd/mfd-core.o
  CC      net/ipv6/xfrm6_state.o
  CC      net/9p/error.o
  CC      drivers/mfd/axp20x.o
  CC      net/ipv6/xfrm6_input.o
  CC      net/ipv6/xfrm6_output.o
  CC      net/9p/protocol.o
  CC      drivers/mfd/axp20x-i2c.o
  CC      net/9p/trans_common.o
  CC      net/ipv6/xfrm6_protocol.o
  CC      drivers/mfd/syscon.o
  CC      net/sysctl_net.o
  CC      net/9p/trans_virtio.o
  AR      drivers/mfd/built-in.a
  CC      drivers/nvdimm/core.o
  CC      net/ipv6/netfilter.o
  CC      drivers/nvdimm/bus.o
  AR      net/9p/built-in.a
  CC      net/dns_resolver/dns_key.o
  CC      drivers/nvdimm/dimm_devs.o
  CC      net/dns_resolver/dns_query.o
  CC      drivers/nvdimm/nd_perf.o
  CC      net/ipv6/proc.o
  CC      drivers/nvdimm/dimm.o
  AR      net/dns_resolver/built-in.a
  CC      net/l3mdev/l3mdev.o
  CC      drivers/nvdimm/region_devs.o
  CC      drivers/nvdimm/region.o
  AR      net/l3mdev/built-in.a
  CC      net/ipv6/addrconf_core.o
  CC      drivers/nvdimm/namespace_devs.o
  CC      drivers/nvdimm/label.o
  CC      drivers/nvdimm/badrange.o
  CC      net/ipv6/exthdrs_core.o
  CC      drivers/nvdimm/claim.o
  CC      drivers/nvdimm/btt_devs.o
  CC      drivers/nvdimm/of_pmem.o
  CC      drivers/nvdimm/ramdax.o
  CC      drivers/nvdimm/pmem.o
  CC      net/ipv6/ip6_checksum.o
  CC      drivers/nvdimm/btt.o
  CC      net/ipv6/ip6_icmp.o
  CC      drivers/dax/super.o
  CC      net/ipv6/output_core.o
  AR      drivers/nvdimm/built-in.a
  CC      drivers/dma-buf/dma-buf.o
  CC      net/ipv6/protocol.o
  CC      drivers/dax/bus.o
  CC      net/ipv6/ip6_offload.o
  CC      drivers/dma-buf/dma-fence.o
  CC      net/ipv6/exthdrs_offload.o
  AR      drivers/dax/built-in.a
  CC      drivers/scsi/scsi.o
  CC      drivers/dma-buf/dma-fence-array.o
  CC      drivers/scsi/hosts.o
  CC      net/ipv6/inet6_hashtables.o
  CC      drivers/dma-buf/dma-fence-chain.o
  CC      drivers/scsi/scsi_ioctl.o
  CC      drivers/dma-buf/dma-fence-unwrap.o
  CC      drivers/scsi/scsicam.o
  CC      drivers/dma-buf/dma-resv.o
  CC      drivers/scsi/scsi_error.o
  CC      net/ipv6/mcast_snoop.o
  CC      drivers/scsi/scsi_lib.o
  CC      drivers/dma-buf/dma-buf-mapping.o
  CC      drivers/scsi/scsi_lib_dma.o
  AR      net/ipv6/built-in.a
  AR      net/built-in.a
  CC      drivers/scsi/scsi_scan.o
  CC      drivers/dma-buf/sync_file.o
  CC      drivers/scsi/scsi_sysfs.o
  CC      drivers/ata/libata-core.o
  AR      drivers/dma-buf/built-in.a
  CC      drivers/mtd/mtdcore.o
  CC      drivers/scsi/scsi_devinfo.o
  CC      drivers/scsi/scsi_sysctl.o
  CC      drivers/scsi/scsi_proc.o
  CC      drivers/mtd/mtdsuper.o
  CC      drivers/scsi/scsi_debugfs.o
  CC      drivers/scsi/scsi_trace.o
  CC      drivers/ata/libata-scsi.o
  CC      drivers/mtd/mtdconcat.o
  CC      drivers/scsi/scsi_logging.o
  CC      drivers/scsi/scsi_pm.o
  CC      drivers/mtd/mtdpart.o
  CC      drivers/scsi/scsi_bsg.o
  CC      drivers/scsi/scsi_common.o
  CC      drivers/mtd/mtdchar.o
  CC      drivers/ata/libata-eh.o
  CC      drivers/scsi/sd.o
  CC      drivers/scsi/sr.o
  CC      drivers/mtd/parsers/ofpart_core.o
  CC      drivers/scsi/sr_ioctl.o
  AR      drivers/mtd/parsers/built-in.a
  CC      drivers/mtd/mtd_blkdevs.o
  CC      drivers/ata/libata-transport.o
  CC      drivers/scsi/sr_vendor.o
  CC      drivers/ata/libata-trace.o
  CC      drivers/mtd/mtdblock.o
  CC      drivers/ata/libata-sata.o
  AR      drivers/scsi/built-in.a
  CC      drivers/spi/spi.o
  CC      drivers/spi/spi-mem.o
  CC      drivers/mtd/chips/chipreg.o
  CC      drivers/ata/libata-sff.o
  AR      drivers/mtd/chips/built-in.a
  CC      drivers/spi/spi-sun6i.o
  CC      drivers/mtd/spi-nor/core.o
  CC      drivers/mtd/spi-nor/sfdp.o
  AR      drivers/spi/built-in.a
  CC      drivers/net/loopback.o
  CC      drivers/ata/libata-pmp.o
  CC      drivers/mtd/spi-nor/swp.o
  CC      drivers/mtd/spi-nor/otp.o
  AR      drivers/net/phy/built-in.a
  AR      drivers/net/mdio/built-in.a
  AR      drivers/net/built-in.a
  CC      drivers/cdrom/cdrom.o
  CC      drivers/ata/libata-acpi.o
  CC      drivers/mtd/spi-nor/sysfs.o
  CC      drivers/mtd/spi-nor/atmel.o
  CC      drivers/ata/libata-pata-timings.o
  CC      drivers/mtd/spi-nor/eon.o
  CC      drivers/mtd/spi-nor/esmt.o
  AR      drivers/cdrom/built-in.a
  CC      drivers/usb/common/common.o
  CC      drivers/mtd/spi-nor/everspin.o
  CC      drivers/mtd/spi-nor/gigadevice.o
  CC      drivers/ata/ahci.o
  AR      drivers/usb/common/built-in.a
  CC      drivers/usb/core/usb.o
  CC      drivers/mtd/spi-nor/intel.o
  CC      drivers/mtd/spi-nor/issi.o
  CC      drivers/ata/libahci.o
  CC      drivers/mtd/spi-nor/macronix.o
  CC      drivers/input/serio/serio.o
  CC      drivers/usb/core/hub.o
  CC      drivers/mtd/spi-nor/micron-st.o
  CC      drivers/input/serio/serport.o
  CC      drivers/mtd/spi-nor/spansion.o
  CC      drivers/ata/ahci_platform.o
  CC      drivers/input/serio/libps2.o
  CC      drivers/usb/core/hcd.o
  CC      drivers/mtd/spi-nor/sst.o
  AR      drivers/input/serio/built-in.a
  CC      drivers/mtd/spi-nor/winbond.o
  CC      drivers/ata/libahci_platform.o
  CC      drivers/mtd/spi-nor/xmc.o
  CC      drivers/mtd/spi-nor/debugfs.o
  CC      drivers/usb/core/urb.o
  CC      drivers/usb/core/message.o
  AR      drivers/ata/built-in.a
  CC      drivers/input/input.o
  AR      drivers/mtd/spi-nor/built-in.a
  AR      drivers/mtd/built-in.a
  CC      drivers/rtc/lib.o
  CC      drivers/usb/core/driver.o
  CC      drivers/rtc/class.o
  CC      drivers/usb/core/config.o
  CC      drivers/input/input-compat.o
  CC      drivers/usb/core/file.o
  CC      drivers/rtc/interface.o
  CC      drivers/input/input-mt.o
  CC      drivers/usb/core/buffer.o
  CC      drivers/usb/core/sysfs.o
  CC      drivers/rtc/dev.o
  CC      drivers/usb/core/endpoint.o
  CC      drivers/input/input-poller.o
  CC      drivers/rtc/proc.o
  CC      drivers/usb/core/devio.o
  CC      drivers/usb/core/notify.o
  CC      drivers/input/ff-core.o
  CC      drivers/rtc/sysfs.o
  CC      drivers/input/touchscreen.o
  CC      drivers/usb/core/generic.o
  CC      drivers/input/touch-overlay.o
  CC      drivers/rtc/rtc-goldfish.o
  CC      drivers/usb/core/quirks.o
  CC      drivers/input/mousedev.o
  CC      drivers/input/evdev.o
  AR      drivers/rtc/built-in.a
  CC      drivers/i2c/i2c-boardinfo.o
  CC      drivers/usb/core/devices.o
  CC      drivers/usb/core/phy.o
  CC      drivers/i2c/i2c-core-base.o
  CC      drivers/usb/core/port.o
  CC      drivers/input/mouse/psmouse-base.o
  CC      drivers/usb/core/trace.o
  CC      drivers/usb/core/of.o
  CC      drivers/usb/core/usb-acpi.o
  CC      drivers/input/mouse/synaptics.o
  CC      drivers/i2c/i2c-core-smbus.o
  CC      drivers/usb/core/hcd-pci.o
  CC      drivers/i2c/i2c-core-acpi.o
  CC      drivers/input/mouse/focaltech.o
  AR      drivers/usb/core/built-in.a
  CC      drivers/i2c/i2c-core-of.o
  CC      drivers/usb/phy/of.o
  CC      drivers/input/mouse/alps.o
  CC      drivers/i2c/busses/i2c-designware-common.o
  AR      drivers/usb/phy/built-in.a
  CC      drivers/usb/host/pci-quirks.o
  CC      drivers/usb/storage/uas.o
  CC      drivers/i2c/busses/i2c-designware-master.o
  CC      drivers/usb/host/ehci-hcd.o
  CC      drivers/input/mouse/byd.o
  CC      drivers/usb/storage/scsiglue.o
  CC      drivers/input/mouse/logips2pp.o
  CC      drivers/i2c/busses/i2c-designware-platdrv.o
  CC      drivers/usb/storage/protocol.o
  CC      drivers/input/mouse/trackpoint.o
  CC      drivers/usb/storage/transport.o
  AR      drivers/i2c/busses/built-in.a
  AR      drivers/i2c/built-in.a
  CC      drivers/input/mouse/cypress_ps2.o
  CC      drivers/power/reset/gpio-restart.o
  CC      drivers/usb/storage/usb.o
  CC      drivers/usb/host/ohci-hcd.o
  CC      drivers/input/mouse/psmouse-smbus.o
  CC      drivers/power/reset/syscon-reboot.o
  CC      drivers/power/reset/syscon-poweroff.o
  CC      drivers/usb/storage/initializers.o
  AR      drivers/input/mouse/built-in.a
  AR      drivers/input/built-in.a
  CC      drivers/hwmon/hwmon.o
  AR      drivers/power/reset/built-in.a
  CC      drivers/power/sequencing/core.o
  CC      drivers/usb/host/ohci-platform.o
  CC      drivers/usb/storage/sierra_ms.o
  AR      drivers/hwmon/built-in.a
  CC      drivers/thermal/thermal_core.o
  AR      drivers/power/sequencing/built-in.a
  CC      drivers/power/supply/power_supply_core.o
  CC      drivers/usb/storage/option_ms.o
  CC      drivers/usb/host/ehci-pci.o
  CC      drivers/power/supply/power_supply_sysfs.o
  CC      drivers/usb/storage/usual-tables.o
  CC      drivers/usb/host/ohci-pci.o
  CC      drivers/thermal/thermal_sysfs.o
  CC      drivers/power/supply/power_supply_hwmon.o
  AR      drivers/usb/storage/built-in.a
  CC      drivers/usb/gadget/udc/core.o
  CC      drivers/usb/host/xhci.o
  CC      drivers/thermal/thermal_trip.o
  AR      drivers/power/supply/built-in.a
  AR      drivers/power/built-in.a
  CC      drivers/usb/gadget/udc/trace.o
  CC      drivers/thermal/thermal_helpers.o
  CC      drivers/usb/host/xhci-mem.o
  AR      drivers/usb/gadget/udc/built-in.a
  AR      drivers/usb/gadget/built-in.a
  CC      drivers/usb/host/xhci-ext-caps.o
  CC      drivers/thermal/thermal_thresholds.o
  CC      drivers/usb/host/xhci-ring.o
  CC      drivers/thermal/thermal_hwmon.o
  CC      drivers/usb/host/xhci-hub.o
  CC      drivers/usb/host/xhci-dbg.o
  CC      drivers/thermal/gov_step_wise.o
  CC      drivers/usb/host/xhci-trace.o
  CC      drivers/thermal/devfreq_cooling.o
  CC      drivers/usb/host/xhci-debugfs.o
  CC      drivers/usb/host/xhci-pci.o
  CC      drivers/usb/host/xhci-plat.o
  AR      drivers/thermal/built-in.a
  CC      drivers/watchdog/watchdog_core.o
  CC      drivers/watchdog/watchdog_dev.o
  CC      drivers/watchdog/sunxi_wdt.o
  CC      drivers/md/dm-builtin.o
  AR      drivers/usb/host/built-in.a
  AR      drivers/usb/built-in.a
  CC      drivers/opp/core.o
  CC      drivers/watchdog/starfive-wdt.o
  CC      drivers/cpufreq/cpufreq.o
  AR      drivers/md/built-in.a
  CC      drivers/cpuidle/cpuidle.o
  AR      drivers/watchdog/built-in.a
  CC      drivers/mmc/core/core.o
  CC      drivers/opp/cpu.o
  CC      drivers/cpuidle/driver.o
  CC      drivers/opp/of.o
  CC      drivers/cpufreq/freq_table.o
  CC      drivers/mmc/core/bus.o
  CC      drivers/cpuidle/governor.o
  CC      drivers/cpufreq/cpufreq_stats.o
  CC      drivers/opp/debugfs.o
  CC      drivers/cpuidle/sysfs.o
  CC      drivers/mmc/core/host.o
  CC      drivers/cpufreq/cpufreq_performance.o
  AR      drivers/opp/built-in.a
  CC      drivers/firmware/dmi_scan.o
  CC      drivers/cpuidle/governors/menu.o
  CC      drivers/mmc/core/mmc.o
  CC      drivers/cpufreq/cpufreq_ondemand.o
  AR      drivers/cpuidle/governors/built-in.a
  CC      drivers/cpuidle/dt_idle_states.o
  CC      drivers/firmware/dmi-id.o
  CC      drivers/cpuidle/dt_idle_genpd.o
  CC      drivers/cpufreq/cpufreq_governor.o
  CC      drivers/firmware/efi/efi.o
  CC      drivers/mmc/core/mmc_ops.o
  CC      drivers/cpuidle/cpuidle-riscv-sbi.o
  CC      drivers/cpufreq/cpufreq_governor_attr_set.o
  AR      drivers/cpuidle/built-in.a
  CC      drivers/clocksource/timer-of.o
  CC      drivers/firmware/efi/vars.o
  CC      drivers/mmc/core/sd.o
  CC      drivers/cpufreq/cpufreq-dt.o
  CC      drivers/clocksource/timer-probe.o
  CC      drivers/firmware/efi/reboot.o
  CC      drivers/cpufreq/cpufreq-dt-platdev.o
  CC      drivers/mmc/core/sd_ops.o
  CC      drivers/clocksource/mmio.o
  CC      drivers/firmware/efi/memattr.o
  AR      drivers/cpufreq/built-in.a
  CC      drivers/of/base.o
  CC      drivers/clocksource/timer-sun4i.o
  CC      drivers/mmc/core/sdio.o
  CC      drivers/firmware/efi/tpm.o
  CC      drivers/clocksource/timer-riscv.o
  CC      drivers/of/cpu.o
  CC      drivers/mmc/core/sdio_ops.o
  CC      drivers/firmware/efi/memmap.o
  AR      drivers/clocksource/built-in.a
  CC      drivers/mailbox/mailbox.o
  CC      drivers/of/device.o
  CC      drivers/mmc/core/sdio_bus.o
  CC      drivers/firmware/efi/fdtparams.o
  CC      drivers/mailbox/pcc.o
  CC      drivers/of/module.o
  CC      drivers/mmc/core/sdio_cis.o
  CC      drivers/firmware/efi/esrt.o
  CC      drivers/of/platform.o
  CC      drivers/mailbox/riscv-sbi-mpxy-mbox.o
  CC      drivers/mmc/core/sdio_io.o
  CC      drivers/firmware/efi/runtime-wrappers.o
  CC      drivers/of/property.o
  AR      drivers/mailbox/built-in.a
  CC      drivers/rpmsg/rpmsg_core.o
  CC      drivers/mmc/core/sdio_irq.o
  CC      drivers/firmware/efi/efi-init.o
  CC      drivers/rpmsg/rpmsg_char.o
  CC      drivers/mmc/core/sd_uhs2.o
  CC      drivers/of/kobj.o
  CC      drivers/firmware/efi/riscv-runtime.o
  CC      drivers/of/fdt.o
  CC      drivers/rpmsg/rpmsg_ctrl.o
  CC      drivers/mmc/core/slot-gpio.o
  CC      drivers/firmware/efi/earlycon.o
  CC      drivers/rpmsg/rpmsg_ns.o
  AS      drivers/of/empty_root.dtb.o
  CC      drivers/of/fdt_address.o
  CC      drivers/mmc/core/regulator.o
  CC      drivers/of/address.o
  CC      drivers/rpmsg/virtio_rpmsg_bus.o
  CC      drivers/firmware/efi/libstub/alignedmem.o
  CC      drivers/mmc/core/pwrseq.o
  AR      drivers/rpmsg/built-in.a
  CC      drivers/mmc/core/debugfs.o
  CC      drivers/devfreq/devfreq.o
  CC      drivers/of/irq.o
  CC      drivers/firmware/efi/libstub/efi-stub-entry.o
  CC      drivers/mmc/core/pwrseq_simple.o
  CC      drivers/of/of_reserved_mem.o
  AR      drivers/devfreq/built-in.a
  CC      drivers/extcon/extcon.o
  CC      drivers/firmware/efi/libstub/efi-stub-helper.o
  CC      drivers/mmc/core/pwrseq_emmc.o
  AR      drivers/of/built-in.a
  CC      drivers/iio/industrialio-core.o
  CC      drivers/extcon/devres.o
  CC      drivers/firmware/efi/libstub/efi-stub.o
  CC      drivers/mmc/core/block.o
  AR      drivers/extcon/built-in.a
  AR      drivers/perf/built-in.a
  CC      drivers/iio/industrialio-event.o
  CC      drivers/iio/inkern.o
  CC      drivers/firmware/efi/libstub/fdt.o
  CC      drivers/iio/industrialio-acpi.o
  CC      drivers/firmware/efi/libstub/file.o
  CC      drivers/firmware/efi/libstub/gop.o
  CC      drivers/mmc/core/queue.o
  AR      drivers/iio/built-in.a
  CC      drivers/firmware/efi/libstub/intrinsics.o
  CC      drivers/firmware/efi/libstub/kaslr.o
  CC      drivers/firmware/efi/libstub/lib-cmdline.o
  AR      drivers/mmc/core/built-in.a
  CC      drivers/mmc/host/sdhci.o
  CC      drivers/firmware/efi/libstub/lib-ctype.o
  CC      drivers/firmware/efi/libstub/lib-fdt.o
  CC      drivers/firmware/efi/libstub/lib-fdt_empty_tree.o
  CC      drivers/firmware/efi/libstub/lib-fdt_ro.o
  CC      drivers/firmware/efi/libstub/lib-fdt_rw.o
  CC      drivers/firmware/efi/libstub/lib-fdt_sw.o
  CC      drivers/firmware/efi/libstub/lib-fdt_wip.o
  CC      drivers/firmware/efi/libstub/mem.o
  CC      drivers/firmware/efi/libstub/pci.o
  CC      drivers/firmware/efi/libstub/primary_display.o
  CC      drivers/firmware/efi/libstub/printk.o
  CC      drivers/firmware/efi/libstub/random.o
  CC      drivers/firmware/efi/libstub/randomalloc.o
  CC      drivers/firmware/efi/libstub/riscv-stub.o
  CC      drivers/mmc/host/mmc_spi.o
  CC      drivers/mmc/host/of_mmc_spi.o
  CC      drivers/firmware/efi/libstub/riscv.o
  CC      drivers/firmware/efi/libstub/secureboot.o
  CC      drivers/mmc/host/dw_mmc.o
  CC      drivers/firmware/efi/libstub/skip_spaces.o
  CC      drivers/firmware/efi/libstub/string.o
  CC      drivers/firmware/efi/libstub/systable.o
  CC      drivers/mmc/host/dw_mmc-pltfm.o
  CC      drivers/firmware/efi/libstub/tpm.o
  CC      drivers/firmware/efi/libstub/vsprintf.o
  CC      drivers/mmc/host/dw_mmc-starfive.o
  CC      drivers/mmc/host/sdhci-pltfm.o
  CC      drivers/mmc/host/sdhci-cadence.o
  STUBCPY drivers/firmware/efi/libstub/alignedmem.stub.o
  STUBCPY drivers/firmware/efi/libstub/efi-stub-entry.stub.o
  STUBCPY drivers/firmware/efi/libstub/efi-stub-helper.stub.o
  STUBCPY drivers/firmware/efi/libstub/efi-stub.stub.o
  STUBCPY drivers/firmware/efi/libstub/fdt.stub.o
  STUBCPY drivers/firmware/efi/libstub/file.stub.o
  STUBCPY drivers/firmware/efi/libstub/gop.stub.o
  STUBCPY drivers/firmware/efi/libstub/intrinsics.stub.o
  STUBCPY drivers/firmware/efi/libstub/kaslr.stub.o
  STUBCPY drivers/firmware/efi/libstub/lib-cmdline.stub.o
  STUBCPY drivers/firmware/efi/libstub/lib-ctype.stub.o
  STUBCPY drivers/firmware/efi/libstub/lib-fdt.stub.o
  STUBCPY drivers/firmware/efi/libstub/lib-fdt_empty_tree.stub.o
  STUBCPY drivers/firmware/efi/libstub/lib-fdt_ro.stub.o
  STUBCPY drivers/firmware/efi/libstub/lib-fdt_rw.stub.o
  STUBCPY drivers/firmware/efi/libstub/lib-fdt_sw.stub.o
  STUBCPY drivers/firmware/efi/libstub/lib-fdt_wip.stub.o
  STUBCPY drivers/firmware/efi/libstub/mem.stub.o
  STUBCPY drivers/firmware/efi/libstub/pci.stub.o
  STUBCPY drivers/firmware/efi/libstub/primary_display.stub.o
  STUBCPY drivers/firmware/efi/libstub/printk.stub.o
  STUBCPY drivers/firmware/efi/libstub/random.stub.o
  STUBCPY drivers/firmware/efi/libstub/randomalloc.stub.o
  CC      drivers/mmc/host/sdhci-of-dwcmshc.o
  STUBCPY drivers/firmware/efi/libstub/riscv-stub.stub.o
  STUBCPY drivers/firmware/efi/libstub/riscv.stub.o
  STUBCPY drivers/firmware/efi/libstub/secureboot.stub.o
  STUBCPY drivers/firmware/efi/libstub/skip_spaces.stub.o
  STUBCPY drivers/firmware/efi/libstub/string.stub.o
  STUBCPY drivers/firmware/efi/libstub/systable.stub.o
  CC      drivers/mmc/host/cqhci-core.o
  STUBCPY drivers/firmware/efi/libstub/tpm.stub.o
  STUBCPY drivers/firmware/efi/libstub/vsprintf.stub.o
  AR      drivers/firmware/efi/libstub/lib.a
  AR      drivers/firmware/efi/built-in.a
  AR      drivers/firmware/built-in.a
  CC      drivers/mmc/host/sunxi-mmc.o
  AR      drivers/mmc/host/built-in.a
  AR      drivers/mmc/built-in.a
  AR      drivers/built-in.a
  AR      built-in.a
  AR      built-in-fixup.a
  COPY    vmlinux.a
  LD      vmlinux.o
  MODPOST vmlinux.symvers
  CC      .vmlinux.export.o
  UPD     include/generated/utsversion.h
  CC      init/version-timestamp.o
  KSYMS   .tmp_vmlinux0.kallsyms.S
  AS      .tmp_vmlinux0.kallsyms.o
  LD      .tmp_vmlinux1
  NM      .tmp_vmlinux1.syms
  KSYMS   .tmp_vmlinux1.kallsyms.S
  AS      .tmp_vmlinux1.kallsyms.o
  LD      .tmp_vmlinux2
  NM      .tmp_vmlinux2.syms
  KSYMS   .tmp_vmlinux2.kallsyms.S
  AS      .tmp_vmlinux2.kallsyms.o
  LD      vmlinux.unstripped
  NM      System.map
  SORTTAB vmlinux.unstripped
  OBJCOPY vmlinux
  GEN     modules.builtin.modinfo
  GEN     modules.builtin
  OBJCOPY arch/riscv/boot/Image
  Kernel: arch/riscv/boot/Image is ready
make[5]: Leaving directory '/mnt/git-volume/kernel-test-mainline/build/randdefnsconfig-riscv'
make[4]: Leaving directory '/mnt/git-volume/linux-mainline'
