make[4]: Entering directory '/home/benni/git/linux-stable-rc'
make[5]: Entering directory '/home/benni/git/kernel-test-stable-rc/build/randdefnsconfig-i386'
  UPD     /home/benni/git/kernel-test-stable-rc/build/randdefnsconfig-i386/Makefile
  HOSTCC  scripts/basic/fixdep
  HOSTCC  scripts/kconfig/conf.o
  HOSTCC  scripts/kconfig/confdata.o
  HOSTCC  scripts/kconfig/expr.o
  LEX     scripts/kconfig/lexer.lex.c
  YACC    scripts/kconfig/parser.tab.[ch]
  HOSTCC  scripts/kconfig/lexer.lex.o
  HOSTCC  scripts/kconfig/menu.o
  HOSTCC  scripts/kconfig/parser.tab.o
  HOSTCC  scripts/kconfig/preprocess.o
  HOSTCC  scripts/kconfig/symbol.o
  HOSTCC  scripts/kconfig/util.o
  HOSTLD  scripts/kconfig/conf
*** Default configuration is based on 'i386_defconfig'
#
# configuration written to .config
#
make[5]: Leaving directory '/home/benni/git/kernel-test-stable-rc/build/randdefnsconfig-i386'
make[4]: Leaving directory '/home/benni/git/linux-stable-rc'
make[4]: Entering directory '/home/benni/git/linux-stable-rc'
make[5]: Entering directory '/home/benni/git/kernel-test-stable-rc/build/randdefnsconfig-i386'
.config:5272:warning: override: reassigning to symbol ACPI_WMI
.config:5273:warning: override: reassigning to symbol MTRR
.config:5274:warning: override: reassigning to symbol INPUT_MOUSE
.config:5275:warning: override: reassigning to symbol IP_PNP_DHCP
.config:5276:warning: override: reassigning to symbol SCSI_MOD
.config:5277:warning: override: reassigning to symbol SUNRPC_BACKCHANNEL
.config:5278:warning: override: reassigning to symbol ARCH_SUPPORTS_UPROBES
.config:5279:warning: override: reassigning to symbol MITIGATION_SSB
.config:5280:warning: override: reassigning to symbol ARCH_USE_MEMTEST
.config:5281:warning: override: reassigning to symbol BLK_CGROUP_IOLATENCY
.config:5282:warning: override: reassigning to symbol DECOMPRESS_LZO
.config:5283:warning: override: reassigning to symbol HAVE_PREEMPT_DYNAMIC_CALL
.config:5284:warning: override: reassigning to symbol MODIFY_LDT_SYSCALL
.config:5285:warning: override: reassigning to symbol BSD_PROCESS_ACCT
.config:5286:warning: override: reassigning to symbol WLAN_VENDOR_TI
.config:5287:warning: override: reassigning to symbol PATA_AMD
.config:5288:warning: override: reassigning to symbol DEBUG_STACK_USAGE
.config:5289:warning: override: reassigning to symbol TCP_MD5SIG
.config:5290:warning: override: reassigning to symbol XZ_DEC
.config:5291:warning: override: reassigning to symbol ARCH_CLOCKSOURCE_INIT
.config:5292:warning: override: reassigning to symbol IOMMU_DMA
.config:5293:warning: override: reassigning to symbol X86_DISABLED_FEATURE_PTI
.config:5294:warning: override: reassigning to symbol CC_HAS_MULTIDIMENSIONAL_NONSTRING
.config:5295:warning: override: reassigning to symbol CC_HAS_AUTO_VAR_INIT_ZERO_BARE
.config:5296:warning: override: reassigning to symbol MITIGATION_RFDS
.config:5297:warning: override: reassigning to symbol NET_VENDOR_NI
.config:5298:warning: override: reassigning to symbol CGROUP_RDMA
.config:5299:warning: override: reassigning to symbol SND_SEQ_DEVICE
.config:5300:warning: override: reassigning to symbol FRAME_POINTER
.config:5301:warning: override: reassigning to symbol ARCH_SUPPORTS_KEXEC_BZIMAGE_VERIFY_SIG
.config:5302:warning: override: reassigning to symbol CHR_DEV_SG
.config:5303:warning: override: reassigning to symbol HAVE_PAGE_SIZE_4KB
.config:5304:warning: override: reassigning to symbol ACPI_PROCESSOR_IDLE
.config:5305:warning: override: reassigning to symbol CPU_FREQ_GOV_PERFORMANCE
.config:5306:warning: override: reassigning to symbol CACHESTAT_SYSCALL
.config:5307:warning: override: reassigning to symbol HAVE_KERNEL_ZSTD
.config:5308:warning: override: reassigning to symbol X86_LOCAL_APIC
.config:5309:warning: override: reassigning to symbol RANDSTRUCT_NONE
.config:5310:warning: override: reassigning to symbol FW_LOADER
.config:5311:warning: override: reassigning to symbol PERF_EVENTS
.config:5312:warning: override: reassigning to symbol UNWINDER_FRAME_POINTER
.config:5313:warning: override: reassigning to symbol FW_CACHE
.config:5314:warning: override: reassigning to symbol NVMEM
.config:5315:warning: override: reassigning to symbol MODULE_UNLOAD
.config:5316:warning: override: reassigning to symbol RPCSEC_GSS_KRB5
.config:5317:warning: override: reassigning to symbol MOUSE_PS2
.config:5318:warning: override: reassigning to symbol HAVE_GENERIC_TIF_BITS
.config:5319:warning: override: reassigning to symbol NETFILTER_XT_TARGET_NFLOG
.config:5320:warning: override: reassigning to symbol NF_CONNTRACK_SIP
.config:5321:warning: override: reassigning to symbol SND_USB
.config:5322:warning: override: reassigning to symbol VIRTIO_PCI_ADMIN_LEGACY
.config:5323:warning: override: reassigning to symbol GENERIC_IRQ_ENTRY
.config:5324:warning: override: reassigning to symbol BLK_CGROUP_IOPRIO
.config:5325:warning: override: reassigning to symbol MMU_LAZY_TLB_REFCOUNT
.config:5326:warning: override: reassigning to symbol USB_EHCI_TT_NEWSCHED
.config:5327:warning: override: reassigning to symbol EPOLL
.config:5328:warning: override: reassigning to symbol PREEMPT_BUILD
.config:5329:warning: override: reassigning to symbol CRYPTO_SHA512
.config:5330:warning: override: reassigning to symbol X86_DISABLED_FEATURE_SGX
.config:5331:warning: override: reassigning to symbol HAVE_MMIOTRACE_SUPPORT
.config:5332:warning: override: reassigning to symbol SATA_PMP
.config:5333:warning: override: reassigning to symbol PERF_EVENTS_INTEL_UNCORE
.config:5334:warning: override: reassigning to symbol NET_VENDOR_QUALCOMM
.config:5335:warning: override: reassigning to symbol CRYPTO_SKCIPHER2
.config:5336:warning: override: reassigning to symbol NET_VENDOR_AMD
.config:5337:warning: override: reassigning to symbol CC_HAS_SANE_FUNCTION_ALIGNMENT
.config:5338:warning: override: reassigning to symbol DECOMPRESS_GZIP
.config:5339:warning: override: reassigning to symbol DMA_ENGINE
.config:5340:warning: override: reassigning to symbol HW_RANDOM
.config:5341:warning: override: reassigning to symbol CRYPTO_CAMELLIA
.config:5342:warning: override: reassigning to symbol DECOMPRESS_XZ
.config:5343:warning: override: reassigning to symbol MMU_GATHER_RCU_TABLE_FREE
.config:5344:warning: override: reassigning to symbol SECCOMP_FILTER
.config:5345:warning: override: reassigning to symbol DM_ZERO
.config:5346:warning: override: reassigning to symbol HOTPLUG_CORE_SYNC
.config:5347:warning: override: reassigning to symbol X86_MCE
.config:5348:warning: override: reassigning to symbol SERIO_I8042
.config:5349:warning: override: reassigning to symbol NLS_ISO8859_1
.config:5350:warning: override: reassigning to symbol ACPI_THERMAL
.config:5351:warning: override: reassigning to symbol FAT_FS
.config:5352:warning: override: reassigning to symbol NF_LOG_IPV6
.config:5353:warning: override: reassigning to symbol IOMMU_IOVA
.config:5354:warning: override: reassigning to symbol INTEL_TCC
.config:5355:warning: override: reassigning to symbol PROFILING
.config:5356:warning: override: reassigning to symbol NET_VENDOR_ALIBABA
.config:5357:warning: override: reassigning to symbol X86_ACPI_CPUFREQ
.config:5358:warning: override: reassigning to symbol SBITMAP
.config:5359:warning: override: reassigning to symbol DUMMY_CONSOLE
.config:5360:warning: override: reassigning to symbol AMD_NODE
.config:5361:warning: override: reassigning to symbol HAS_DMA
.config:5362:warning: override: reassigning to symbol SG_POOL
.config:5363:warning: override: reassigning to symbol SND_PROC_FS
.config:5364:warning: override: reassigning to symbol CRYPTO_CTS
.config:5365:warning: override: reassigning to symbol ARCH_WANT_IPC_PARSE_VERSION
.config:5366:warning: override: reassigning to symbol LEDS_CLASS
.config:5367:warning: override: reassigning to symbol ATA
.config:5368:warning: override: reassigning to symbol HAVE_C_RECORDMCOUNT
.config:5369:warning: override: reassigning to symbol PCSPKR_PLATFORM
.config:5370:warning: override: reassigning to symbol ACPI_CONTAINER
.config:5371:warning: override: reassigning to symbol HAVE_KPROBES
.config:5372:warning: override: reassigning to symbol KPROBE_EVENTS
.config:5373:warning: override: reassigning to symbol MOUSE_PS2_CYPRESS
.config:5374:warning: override: reassigning to symbol IA32_FEAT_CTL
.config:5375:warning: override: reassigning to symbol IRQ_DOMAIN
.config:5376:warning: override: reassigning to symbol MITIGATION_TAA
.config:5377:warning: override: reassigning to symbol PCMCIA
.config:5378:warning: override: reassigning to symbol X86_DISABLED_FEATURE_LAM
.config:5379:warning: override: reassigning to symbol HAVE_KERNEL_LZMA
.config:5380:warning: override: reassigning to symbol XARRAY_MULTI
.config:5381:warning: override: reassigning to symbol PM_TRACE
.config:5382:warning: override: reassigning to symbol NETWORK_FILESYSTEMS
.config:5383:warning: override: reassigning to symbol CRYPTO_CMAC
.config:5384:warning: override: reassigning to symbol BITREVERSE
.config:5385:warning: override: reassigning to symbol ATA_FORCE
.config:5386:warning: override: reassigning to symbol SECCOMP
.config:5387:warning: override: reassigning to symbol CLONE_BACKWARDS
.config:5388:warning: override: reassigning to symbol ASYMMETRIC_PUBLIC_KEY_SUBTYPE
.config:5389:warning: override: reassigning to symbol DM_MIRROR
.config:5390:warning: override: reassigning to symbol SND_PCM_TIMER
.config:5391:warning: override: reassigning to symbol EVENT_TRACING
.config:5392:warning: override: reassigning to symbol PREEMPTION
.config:5393:warning: override: reassigning to symbol TICK_CPU_ACCOUNTING
.config:5394:warning: override: reassigning to symbol X86_DISABLED_FEATURE_IBT
.config:5395:warning: override: reassigning to symbol QUOTA_TREE
.config:5396:warning: override: reassigning to symbol KEXEC
.config:5397:warning: override: reassigning to symbol DMIID
.config:5398:warning: override: reassigning to symbol CRYPTO_HW
.config:5399:warning: override: reassigning to symbol ACPI
.config:5400:warning: override: reassigning to symbol GENERIC_IRQ_SHOW
.config:5401:warning: override: reassigning to symbol USB_HID
.config:5402:warning: override: reassigning to symbol IP6_NF_MATCH_IPV6HEADER
.config:5403:warning: override: reassigning to symbol VMCORE_INFO
.config:5404:warning: override: reassigning to symbol AUDIT_GENERIC
.config:5405:warning: override: reassigning to symbol KRETPROBES
.config:5406:warning: override: reassigning to symbol ARCH_HIBERNATION_POSSIBLE
.config:5407:warning: override: reassigning to symbol RCU_NEED_SEGCBLIST
.config:5408:warning: override: reassigning to symbol GENERIC_BITREVERSE
.config:5409:warning: override: reassigning to symbol TCP_CONG_CUBIC
.config:5410:warning: override: reassigning to symbol DEVTMPFS
.config:5411:warning: override: reassigning to symbol NET
.config:5412:warning: override: reassigning to symbol DEBUG_BOOT_PARAMS
.config:5413:warning: override: reassigning to symbol PAGE_SIZE_LESS_THAN_64KB
.config:5414:warning: override: reassigning to symbol CPU_IDLE
.config:5415:warning: override: reassigning to symbol KPROBES
.config:5416:warning: override: reassigning to symbol ARCH_USE_SYM_ANNOTATIONS
.config:5417:warning: override: reassigning to symbol GENERIC_ISA_DMA
.config:5418:warning: override: reassigning to symbol BLOCK_LEGACY_AUTOLOAD
.config:5419:warning: override: reassigning to symbol NET_VENDOR_VERTEXCOM
.config:5420:warning: override: reassigning to symbol SERIAL_8250_MANY_PORTS
.config:5421:warning: override: reassigning to symbol MD_BITMAP_FILE
.config:5422:warning: override: reassigning to symbol INPUT_KEYBOARD
.config:5423:warning: override: reassigning to symbol FONT_AUTOSELECT
.config:5424:warning: override: reassigning to symbol HAVE_ARCH_KSTACK_ERASE
.config:5425:warning: override: reassigning to symbol THREAD_INFO_IN_TASK
.config:5426:warning: override: reassigning to symbol LOCK_DEBUGGING_SUPPORT
.config:5427:warning: override: reassigning to symbol NETFILTER_XT_MATCH_STATE
.config:5428:warning: override: reassigning to symbol ACPI_NHLT
.config:5429:warning: override: reassigning to symbol SOFTIRQ_ON_OWN_STACK
.config:5430:warning: override: reassigning to symbol CONTEXT_SWITCH_TRACER
.config:5431:warning: override: reassigning to symbol CPUSETS
.config:5432:warning: override: reassigning to symbol ARCH_HAS_KERNEL_FPU_SUPPORT
.config:5433:warning: override: reassigning to symbol POWER_SUPPLY_HWMON
.config:5434:warning: override: reassigning to symbol SND_HDA_I915
.config:5435:warning: override: reassigning to symbol RTC_INTF_DEV
.config:5436:warning: override: reassigning to symbol TIME_NS
.config:5437:warning: override: reassigning to symbol RD_XZ
.config:5438:warning: override: reassigning to symbol NF_NAT
.config:5439:warning: override: reassigning to symbol E1000
.config:5440:warning: override: reassigning to symbol SND_CTL_FAST_LOOKUP
.config:5441:warning: override: reassigning to symbol GENERIC_PENDING_IRQ
.config:5442:warning: override: reassigning to symbol SERIAL_8250_SHARE_IRQ
.config:5443:warning: override: reassigning to symbol ARCH_SUPPORTS_KEXEC_PURGATORY
.config:5444:warning: override: reassigning to symbol WLAN_VENDOR_ADMTEK
.config:5445:warning: override: reassigning to symbol BLK_DEV_SR
.config:5446:warning: override: reassigning to symbol CRYPTO_LIB_AES_CBC_MACS
.config:5447:warning: override: reassigning to symbol BINFMT_ELF
.config:5448:warning: override: reassigning to symbol CRYPTO_LIB_SHA1
.config:5449:warning: override: reassigning to symbol SND_HDA
.config:5450:warning: override: reassigning to symbol YENTA_ENE_TUNE
.config:5451:warning: override: reassigning to symbol NET_VENDOR_DLINK
.config:5452:warning: override: reassigning to symbol SGL_ALLOC
.config:5453:warning: override: reassigning to symbol EARLY_PRINTK
.config:5454:warning: override: reassigning to symbol NET_VENDOR_MARVELL
.config:5455:warning: override: reassigning to symbol NF_CONNTRACK
.config:5456:warning: override: reassigning to symbol BLK_DEV_DM_BUILTIN
.config:5457:warning: override: reassigning to symbol ARCH_HAS_STRICT_KERNEL_RWX
.config:5458:warning: override: reassigning to symbol HUGETLBFS
.config:5459:warning: override: reassigning to symbol INITRAMFS_PRESERVE_MTIME
.config:5460:warning: override: reassigning to symbol NET_NS
.config:5461:warning: override: reassigning to symbol SCHED_INFO
.config:5462:warning: override: reassigning to symbol HOTPLUG_SMT
.config:5463:warning: override: reassigning to symbol USB_NET_DRIVERS
.config:5464:warning: override: reassigning to symbol USB_DEFAULT_PERSIST
.config:5465:warning: override: reassigning to symbol PCIEASPM
.config:5466:warning: override: reassigning to symbol ACPI_HOTPLUG_CPU
.config:5467:warning: override: reassigning to symbol MAGIC_SYSRQ
.config:5468:warning: override: reassigning to symbol PREEMPT_DYNAMIC
.config:5469:warning: override: reassigning to symbol NET_VENDOR_CISCO
.config:5470:warning: override: reassigning to symbol HOTPLUG_SPLIT_STARTUP
.config:5471:warning: override: reassigning to symbol AUDIT
.config:5472:warning: override: reassigning to symbol NET_VENDOR_CAVIUM
.config:5473:warning: override: reassigning to symbol RTC_DRV_CMOS
.config:5474:warning: override: reassigning to symbol X86_DISABLED_FEATURE_SYSCALL32
.config:5475:warning: override: reassigning to symbol X86_UMIP
.config:5476:warning: override: reassigning to symbol PCMCIA_LOAD_CIS
.config:5477:warning: override: reassigning to symbol CRYPTO_AKCIPHER2
.config:5478:warning: override: reassigning to symbol FSNOTIFY
.config:5479:warning: override: reassigning to symbol GRACE_PERIOD
.config:5480:warning: override: reassigning to symbol HAVE_STATIC_CALL
.config:5481:warning: override: reassigning to symbol GPIOLIB_LEGACY
.config:5482:warning: override: reassigning to symbol BPF
.config:5483:warning: override: reassigning to symbol LZ4_COMPRESS
.config:5484:warning: override: reassigning to symbol GENERIC_BUG_RELATIVE_POINTERS
.config:5485:warning: override: reassigning to symbol ARCH_HAS_PTE_SPECIAL
.config:5486:warning: override: reassigning to symbol EFI
.config:5487:warning: override: reassigning to symbol GENERIC_CLOCKEVENTS_BROADCAST_IDLE
.config:5488:warning: override: reassigning to symbol NEW_LEDS
.config:5489:warning: override: reassigning to symbol WLAN_VENDOR_ATH
.config:5490:warning: override: reassigning to symbol HAVE_ARCH_PREL32_RELOCATIONS
.config:5491:warning: override: reassigning to symbol E100
.config:5492:warning: override: reassigning to symbol HAVE_ARCH_RANDOMIZE_KSTACK_OFFSET
.config:5493:warning: override: reassigning to symbol ARCH_STACKWALK
.config:5494:warning: override: reassigning to symbol EXCLUSIVE_SYSTEM_RAM
.config:5495:warning: override: reassigning to symbol ATA_PIIX
.config:5496:warning: override: reassigning to symbol BLK_MQ_STACKING
.config:5497:warning: override: reassigning to symbol NETFILTER_NETLINK_LOG
.config:5498:warning: override: reassigning to symbol NF_DEFRAG_IPV4
.config:5499:warning: override: reassigning to symbol PADATA
.config:5500:warning: override: reassigning to symbol ACPI_REV_OVERRIDE_POSSIBLE
.config:5501:warning: override: reassigning to symbol NET_VENDOR_HISILICON
.config:5502:warning: override: reassigning to symbol HAVE_DYNAMIC_FTRACE
.config:5503:warning: override: reassigning to symbol HAVE_DEBUG_STACKOVERFLOW
.config:5504:warning: override: reassigning to symbol HAVE_ARCH_JUMP_LABEL
.config:5505:warning: override: reassigning to symbol NETFILTER_XT_TARGET_MASQUERADE
.config:5506:warning: override: reassigning to symbol DRM_I915_CAPTURE_ERROR
.config:5507:warning: override: reassigning to symbol AUDITSYSCALL
.config:5508:warning: override: reassigning to symbol X86_MCE_INTEL
.config:5509:warning: override: reassigning to symbol EEEPC_LAPTOP
.config:5510:warning: override: reassigning to symbol PCI_MSI
.config:5511:warning: override: reassigning to symbol COMPAT_32
.config:5512:warning: override: reassigning to symbol EXECMEM
.config:5513:warning: override: reassigning to symbol NEED_PER_CPU_EMBED_FIRST_CHUNK
.config:5514:warning: override: reassigning to symbol SUSPEND
.config:5515:warning: override: reassigning to symbol HAVE_ARCH_JUMP_LABEL_RELATIVE
.config:5516:warning: override: reassigning to symbol USB_PCI_AMD
.config:5517:warning: override: reassigning to symbol NF_REJECT_IPV4
.config:5518:warning: override: reassigning to symbol TREE_SRCU
.config:5519:warning: override: reassigning to symbol AUTOFS_FS
.config:5520:warning: override: reassigning to symbol HAVE_CMPXCHG_LOCAL
.config:5521:warning: override: reassigning to symbol CC_NO_STRINGOP_OVERFLOW
.config:5522:warning: override: reassigning to symbol NET_XGRESS
.config:5523:warning: override: reassigning to symbol LEGACY_DIRECT_IO
.config:5524:warning: override: reassigning to symbol ARCH_HAS_CACHE_LINE_SIZE
.config:5525:warning: override: reassigning to symbol CC_NO_ARRAY_BOUNDS
.config:5526:warning: override: reassigning to symbol PAGE_MAPCOUNT
.config:5527:warning: override: reassigning to symbol SELECT_MEMORY_MODEL
.config:5528:warning: override: reassigning to symbol DEBUG_BUGVERBOSE
.config:5529:warning: override: reassigning to symbol USB_STORAGE
.config:5530:warning: override: reassigning to symbol SECTION_MISMATCH_WARN_ONLY
.config:5531:warning: override: reassigning to symbol ACPI_PROCESSOR
.config:5532:warning: override: reassigning to symbol EARLY_PRINTK_USB
.config:5533:warning: override: reassigning to symbol CRYPTO_LIB_SHA512
.config:5534:warning: override: reassigning to symbol HAVE_KERNEL_LZ4
.config:5535:warning: override: reassigning to symbol NET_VENDOR_NATSEMI
.config:5536:warning: override: reassigning to symbol ARCH_MHP_MEMMAP_ON_MEMORY_ENABLE
.config:5537:warning: override: reassigning to symbol TICK_ONESHOT
.config:5538:warning: override: reassigning to symbol PROC_EVENTS
.config:5539:warning: override: reassigning to symbol NET_CORE
.config:5540:warning: override: reassigning to symbol HARDIRQS_SW_RESEND
.config:5541:warning: override: reassigning to symbol THERMAL_NETLINK
.config:5542:warning: override: reassigning to symbol SERIO_LIBPS2
.config:5543:warning: override: reassigning to symbol HAVE_HW_BREAKPOINT
.config:5544:warning: override: reassigning to symbol MAC80211_LEDS
.config:5545:warning: override: reassigning to symbol HAVE_HARDLOCKUP_DETECTOR_BUDDY
.config:5546:warning: override: reassigning to symbol HAVE_ARCH_TRANSPARENT_HUGEPAGE
.config:5547:warning: override: reassigning to symbol X86_THERMAL_VECTOR
.config:5548:warning: override: reassigning to symbol IP_PIMSM_V2
.config:5549:warning: override: reassigning to symbol SECURITY_NETWORK
.config:5550:warning: override: reassigning to symbol CC_HAS_ASSUME
.config:5551:warning: override: reassigning to symbol UNIX
.config:5552:warning: override: reassigning to symbol CRYPTO_KRB5ENC
.config:5553:warning: override: reassigning to symbol AS_IS_GNU
.config:5554:warning: override: reassigning to symbol NET_VENDOR_LITEX
.config:5555:warning: override: reassigning to symbol BLK_DEV_INITRD
.config:5556:warning: override: reassigning to symbol SYMBOLIC_ERRNAME
.config:5557:warning: override: reassigning to symbol CARDBUS
.config:5558:warning: override: reassigning to symbol HID_SAMSUNG
.config:5559:warning: override: reassigning to symbol HAVE_GUP_FAST
.config:5560:warning: override: reassigning to symbol PCI_MMCONFIG
.config:5561:warning: override: reassigning to symbol CGROUP_DEBUG
.config:5562:warning: override: reassigning to symbol HAVE_FUTEX_ROBUST_UNLOCK
.config:5563:warning: override: reassigning to symbol TIME_NS_VDSO
.config:5564:warning: override: reassigning to symbol NET_PTP_CLASSIFY
.config:5565:warning: override: reassigning to symbol HAVE_PCSPKR_PLATFORM
.config:5566:warning: override: reassigning to symbol IP_ROUTE_MULTIPATH
.config:5567:warning: override: reassigning to symbol NETFILTER_XT_MATCH_POLICY
.config:5568:warning: override: reassigning to symbol 9P_FS
.config:5569:warning: override: reassigning to symbol CONNECTOR
.config:5570:warning: override: reassigning to symbol IO_URING_ZCRX
.config:5571:warning: override: reassigning to symbol NLS
.config:5585:warning: override: reassigning to symbol PRINTK
.config:5589:warning: override: reassigning to symbol TTY
.config:5592:warning: override: reassigning to symbol BLK_DEV_INITRD
.config:5593:warning: override: reassigning to symbol RD_GZIP
.config:5596:warning: override: reassigning to symbol BINFMT_ELF
.config:5597:warning: override: reassigning to symbol BINFMT_SCRIPT
.config:5600:warning: override: reassigning to symbol TMPFS
.config:5603:warning: override: reassigning to symbol KERNEL_GZIP
.config:5606:warning: override: reassigning to symbol DRM
.config:5607:warning: override: reassigning to symbol SOUND
.config:5608:warning: override: reassigning to symbol STAGING
.config:5609:warning: override: reassigning to symbol INFINIBAND
.config:5610:warning: override: reassigning to symbol MEDIA_SUPPORT
.config:5620:warning: override: reassigning to symbol NAMESPACES
.config:5621:warning: override: reassigning to symbol UTS_NS
.config:5622:warning: override: reassigning to symbol IPC_NS
.config:5623:warning: override: reassigning to symbol PID_NS
.config:5624:warning: override: reassigning to symbol NET_NS
.config:5625:warning: override: reassigning to symbol USER_NS
.config:5626:warning: override: reassigning to symbol TIME_NS
.config:5629:warning: override: reassigning to symbol CGROUPS
.config:5633:warning: override: reassigning to symbol PROC_FS
.config:5634:warning: override: reassigning to symbol NET
.config:5635:warning: override: reassigning to symbol INET
.config:5636:warning: override: reassigning to symbol TMPFS
.config:5637:warning: override: reassigning to symbol SYSVIPC
.config:5638:warning: override: reassigning to symbol FUTEX
.config:5640:warning: override: reassigning to symbol SERIAL_8250
.config:5641:warning: override: reassigning to symbol SERIAL_8250_CONSOLE
#
# configuration written to .config
#
make[5]: Leaving directory '/home/benni/git/kernel-test-stable-rc/build/randdefnsconfig-i386'
make[4]: Leaving directory '/home/benni/git/linux-stable-rc'
make[4]: Entering directory '/home/benni/git/linux-stable-rc'
make[5]: Entering directory '/home/benni/git/kernel-test-stable-rc/build/randdefnsconfig-i386'
  SYNC    include/config/auto.conf
  GENSEED scripts/basic/randstruct.seed
  WRAP    arch/x86/include/generated/uapi/asm/bpf_perf_event.h
  WRAP    arch/x86/include/generated/uapi/asm/errno.h
  UPD     include/generated/uapi/linux/version.h
  WRAP    arch/x86/include/generated/uapi/asm/fcntl.h
  SYSHDR  arch/x86/include/generated/uapi/asm/unistd_32.h
  WRAP    arch/x86/include/generated/uapi/asm/ioctl.h
  WRAP    arch/x86/include/generated/uapi/asm/ioctls.h
  WRAP    arch/x86/include/generated/uapi/asm/ipcbuf.h
  WRAP    arch/x86/include/generated/uapi/asm/param.h
  SYSHDR  arch/x86/include/generated/uapi/asm/unistd_x32.h
  WRAP    arch/x86/include/generated/uapi/asm/poll.h
  WRAP    arch/x86/include/generated/uapi/asm/resource.h
  SYSHDR  arch/x86/include/generated/uapi/asm/unistd_64.h
  SYSTBL  arch/x86/include/generated/asm/syscalls_32.h
  WRAP    arch/x86/include/generated/uapi/asm/socket.h
  WRAP    arch/x86/include/generated/uapi/asm/sockios.h
  WRAP    arch/x86/include/generated/uapi/asm/termbits.h
  WRAP    arch/x86/include/generated/uapi/asm/termios.h
  WRAP    arch/x86/include/generated/uapi/asm/types.h
  UPD     arch/x86/include/generated/asm/cpufeaturemasks.h
  UPD     include/generated/compile.h
  WRAP    arch/x86/include/generated/asm/early_ioremap.h
  WRAP    arch/x86/include/generated/asm/fprobe.h
  WRAP    arch/x86/include/generated/asm/mcs_spinlock.h
  WRAP    arch/x86/include/generated/asm/mmzone.h
  WRAP    arch/x86/include/generated/asm/ring_buffer.h
  WRAP    arch/x86/include/generated/asm/device.h
  WRAP    arch/x86/include/generated/asm/irq_regs.h
  WRAP    arch/x86/include/generated/asm/kmap_size.h
  HOSTCC  arch/x86/tools/relocs_32.o
  WRAP    arch/x86/include/generated/asm/local64.h
  WRAP    arch/x86/include/generated/asm/mmiowb.h
  HOSTCC  arch/x86/tools/relocs_64.o
  HOSTCC  arch/x86/tools/relocs_common.o
  WRAP    arch/x86/include/generated/asm/module.lds.h
  WRAP    arch/x86/include/generated/asm/rwonce.h
  HOSTCC  arch/x86/tools/vdso2c
  HOSTCC  scripts/kallsyms
  HOSTCC  scripts/sorttable.o
  HOSTCC  scripts/elf-parse.o
  HOSTCC  scripts/asn1_compiler
  HOSTCC  scripts/tracepoint-update.o
  SEEDHDR scripts/gcc-plugins/randomize_layout_seed.h
  HOSTLD  arch/x86/tools/relocs
  HOSTCC  scripts/genksyms/genksyms.o
  YACC    scripts/genksyms/parse.tab.[ch]
  LEX     scripts/genksyms/lex.lex.c
  HOSTLD  scripts/tracepoint-update
  HOSTLD  scripts/sorttable
  HOSTCXX scripts/gcc-plugins/randomize_layout_plugin.so
  UPD     include/config/kernel.release
  UPD     include/generated/utsrelease.h
  HOSTCC  scripts/genksyms/parse.tab.o
  HOSTCC  scripts/genksyms/lex.lex.o
  HOSTLD  scripts/genksyms/genksyms
In file included from /home/benni/git/linux-stable-rc/scripts/gcc-plugins/gcc-common.h:64,
                 from /home/benni/git/linux-stable-rc/scripts/gcc-plugins/randomize_layout_plugin.c:19:
/usr/lib/gcc/x86_64-pc-linux-gnu/15.3.0/plugin/include/gimple.h: In function ‘void gimple_omp_atomic_set_memory_order(gimple*, omp_memory_order)’:
/usr/lib/gcc/x86_64-pc-linux-gnu/15.3.0/plugin/include/gimple.h:2558:23: warning: bitwise operation between different enumeration types ‘omp_memory_order’ and ‘gf_mask’ is deprecated [-Wdeprecated-enum-enum-conversion]
 2558 |                 | (mo & GF_OMP_ATOMIC_MEMORY_ORDER));
      |                    ~~~^~~~~~~~~~~~~~~~~~~~~~~~~~~~
  TOUCH   include/generated/gcc-plugins.h
  CC      scripts/mod/empty.o
  HOSTCC  scripts/mod/mk_elfconfig
  CC      scripts/mod/devicetable-offsets.s
  MKELF   scripts/mod/elfconfig.h
  HOSTCC  scripts/mod/modpost.o
  HOSTCC  scripts/mod/sumversion.o
  HOSTCC  scripts/mod/symsearch.o
  UPD     scripts/mod/devicetable-offsets.h
  HOSTCC  scripts/mod/file2alias.o
  HOSTLD  scripts/mod/modpost
  CC      kernel/bounds.s
  CHKSHA1 /home/benni/git/linux-stable-rc/include/linux/atomic/atomic-arch-fallback.h
  CHKSHA1 /home/benni/git/linux-stable-rc/include/linux/atomic/atomic-instrumented.h
  CHKSHA1 /home/benni/git/linux-stable-rc/include/linux/atomic/atomic-long.h
  UPD     include/generated/timeconst.h
  UPD     include/generated/bounds.h
  CC      arch/x86/kernel/asm-offsets.s
  UPD     include/generated/asm-offsets.h
  CC      kernel/sched/rq-offsets.s
  UPD     include/generated/rq-offsets.h
  CALL    /home/benni/git/linux-stable-rc/scripts/checksyscalls.sh 
  HOSTCC  usr/gen_init_cpio
  CC      init/main.o
  CC      certs/system_keyring.o
  CC      ipc/util.o
  AR      arch/x86/boot/startup/lib.a
  CC      mm/filemap.o
  UPD     init/utsversion-tmp.h
  CC      block/bdev.o
  CC      io_uring/io_uring.o
  AS      arch/x86/entry/entry.o
  CC      arch/x86/events/core.o
  CC      fs/open.o
  CC      lib/argv_split.o
  CC      security/keys/gc.o
  AR      arch/x86/boot/startup/built-in.a
  CC      block/fops.o
  CC      init/do_mounts.o
  CC      kernel/fork.o
  CC      crypto/api.o
  GEN     usr/initramfs_data.cpio
  AS      arch/x86/entry/entry_32.o
  COPY    usr/initramfs_inc_data
  AS      usr/initramfs_data.o
  AR      usr/built-in.a
  CC      security/keys/key.o
  CC      arch/x86/entry/syscall_32.o
  CC      lib/bug.o
  HOSTCC  certs/extract-cert
  CC      ipc/msgutil.o
  CERT    certs/x509_certificate_list
  CERT    certs/signing_key.x509
  AS      certs/system_certificates.o
  CC      arch/x86/realmode/init.o
  AR      certs/built-in.a
  AS      arch/x86/kernel/head_32.o
  CC      arch/x86/kernel/head32.o
  CC      crypto/cipher.o
  CC      security/keys/keyring.o
  CC      mm/mempool.o
  CC      lib/buildid.o
  CC      block/bio.o
  CC      fs/read_write.o
  CC      arch/x86/entry/common.o
  AS      arch/x86/realmode/rm/header.o
  AS      arch/x86/realmode/rm/trampoline_32.o
  CC      arch/x86/kernel/ebda.o
  CC      init/do_mounts_initrd.o
  CC      ipc/msg.o
  CC      arch/x86/events/probe.o
  AS      arch/x86/realmode/rm/stack.o
  CC      security/keys/keyctl.o
  AS      arch/x86/realmode/rm/reboot.o
  CC      lib/clz_tab.o
  PASYMS  arch/x86/realmode/rm/pasyms.h
  CC      lib/cmdline.o
  LDS     arch/x86/realmode/rm/realmode.lds
  CC      crypto/algapi.o
  LD      arch/x86/realmode/rm/realmode.elf
  RELOCS  arch/x86/realmode/rm/realmode.relocs
  OBJCOPY arch/x86/realmode/rm/realmode.bin
  AS      arch/x86/realmode/rmpiggy.o
  CC      security/keys/permission.o
  AR      arch/x86/realmode/built-in.a
  CC      kernel/exec_domain.o
  CC      lib/cpumask.o
  CC      arch/x86/events/utils.o
  CC      arch/x86/entry/vdso/vma.o
  CC      arch/x86/kernel/platform-quirks.o
  AS      arch/x86/lib/atomic64_cx8_32.o
  AS      arch/x86/lib/checksum_32.o
  CC      init/initramfs.o
  AR      drivers/cache/built-in.a
  AR      drivers/irqchip/built-in.a
  CC      io_uring/opdef.o
  AR      drivers/bus/mhi/built-in.a
  AR      drivers/bus/built-in.a
  CC      mm/oom_kill.o
  AR      drivers/phy/built-in.a
  AR      drivers/pwm/built-in.a
  AR      drivers/leds/blink/built-in.a
  AR      drivers/leds/simatic/built-in.a
  AR      drivers/leds/built-in.a
  CC      io_uring/kbuf.o
  CC      drivers/pci/access.o
  CC      kernel/exec_state.o
  CC      arch/x86/lib/cmdline.o
  CC      arch/x86/kernel/process_32.o
  CC      ipc/sem.o
  AS      arch/x86/lib/cmpxchg8b_emu.o
  CC      arch/x86/entry/vdso/extable.o
  CC      arch/x86/events/rapl.o
  CC      lib/ctype.o
  CC      arch/x86/lib/cpu.o
  CC      lib/dec_and_lock.o
  CC      security/keys/process_keys.o
  CC      block/elevator.o
  CC      kernel/panic.o
  CC      crypto/scatterwalk.o
  CC      fs/file_table.o
  CC      arch/x86/mm/init.o
  CC      lib/decompress.o
  CC      lib/decompress_bunzip2.o
  CC      arch/x86/lib/delay.o
  CC      io_uring/rsrc.o
  CC      init/calibrate.o
  CC      arch/x86/entry/vdso/vdso32-setup.o
  CC      drivers/pci/bus.o
  CC      arch/x86/events/amd/core.o
  CC      arch/x86/kernel/signal.o
  AS      arch/x86/lib/getuser.o
  CC      init/init_task.o
  CC      ipc/shm.o
  CC      kernel/cpu.o
  LDS     arch/x86/entry/vdso/vdso32/vdso32.lds
  CC      crypto/proc.o
  AS      arch/x86/entry/vdso/vdso32/note.o
  GEN     arch/x86/lib/inat-tables.c
  CC      mm/fadvise.o
  CC      arch/x86/lib/insn-eval.o
  CC      arch/x86/entry/vdso/vdso32/vclock_gettime.o
  CC      lib/decompress_inflate.o
  CC      security/keys/request_key.o
  CC      fs/super.o
  CC      block/blk-core.o
  CC      arch/x86/mm/init_32.o
  CC      drivers/pci/probe.o
  CC      arch/x86/kernel/signal_32.o
  CC      crypto/aead.o
  CC      lib/decompress_unlz4.o
  CC      arch/x86/entry/vdso/vdso32/vgetcpu.o
  CC      arch/x86/events/amd/lbr.o
  CC      arch/x86/lib/insn.o
  AS      arch/x86/entry/vdso/vdso32/system_call.o
  CC      init/version.o
  AS      arch/x86/entry/vdso/vdso32/sigreturn.o
  CC      arch/x86/entry/vdso/vdso32/vfutex.o
  VDSO    arch/x86/entry/vdso/vdso32/vdso32.so.dbg
  OBJCOPY arch/x86/entry/vdso/vdso32/vdso32.so
  VDSO2C  arch/x86/entry/vdso/vdso32/vdso32-image.c
  CC      arch/x86/entry/vdso/vdso32/vdso32-image.o
  CC      ipc/syscall.o
  CC      io_uring/notif.o
  CC      arch/x86/lib/kaslr.o
  CC      lib/decompress_unlzma.o
  CC      security/keys/request_key_auth.o
  CC      mm/maccess.o
  AR      arch/x86/entry/vdso/vdso32/built-in.a
  AR      arch/x86/entry/vdso/built-in.a
  CC      arch/x86/kernel/traps.o
  AR      arch/x86/entry/vsyscall/built-in.a
  AS      arch/x86/entry/thunk.o
  CC      arch/x86/lib/memcpy_32.o
  AS      arch/x86/lib/memmove_32.o
  CC      arch/x86/mm/fault.o
  CC      fs/char_dev.o
  AR      init/built-in.a
  CC      io_uring/tctx.o
  AR      arch/x86/entry/built-in.a
  CC      arch/x86/events/amd/ibs.o
  CC      ipc/ipc_sysctl.o
  CC      crypto/geniv.o
  CC      arch/x86/lib/misc.o
  CC      security/keys/user_defined.o
  CC      kernel/exit.o
  CC      arch/x86/lib/pc-conf-reg.o
  CC      arch/x86/events/amd/uncore.o
  CC      lib/decompress_unlzo.o
  CC      block/blk-sysfs.o
  AS      arch/x86/lib/putuser.o
  CC      drivers/pci/host-bridge.o
  CC      ipc/mqueue.o
  CC      arch/x86/kernel/idt.o
  CC      mm/page-writeback.o
  AS      arch/x86/lib/retpoline.o
  CC      ipc/namespace.o
  CC      io_uring/filetable.o
  CC      lib/decompress_unzstd.o
  CC      fs/stat.o
  CC      arch/x86/lib/string_32.o
  CC      security/keys/proc.o
  CC      arch/x86/mm/ioremap.o
  CC      arch/x86/lib/strstr_32.o
  CC      arch/x86/lib/usercopy.o
  CC      crypto/lskcipher.o
  CC      drivers/video/screen_info_generic.o
  CC      block/blk-flush.o
  CC      lib/dump_stack.o
  CC      drivers/video/screen_info_pci.o
  AR      arch/x86/events/amd/built-in.a
  CC      arch/x86/events/msr.o
  CC      arch/x86/kernel/irq.o
  CC      io_uring/rw.o
  CC      drivers/pci/remove.o
  CC      drivers/video/console/dummycon.o
  CC      security/keys/sysctl.o
  CC      ipc/mq_sysctl.o
  CC      arch/x86/lib/usercopy_32.o
  CC      kernel/softirq.o
  CC      arch/x86/mm/extable.o
  CC      arch/x86/events/intel/core.o
  CC      security/keys/keyctl_pkey.o
  AR      ipc/built-in.a
  CC      lib/earlycpio.o
  CC      fs/exec.o
  CC      arch/x86/mm/mmap.o
  CC      lib/extable.o
  CC      arch/x86/lib/msr-smp.o
  CC      block/blk-settings.o
  CC      drivers/video/console/vgacon.o
  CC      crypto/skcipher.o
  CC      drivers/pci/pci.o
  CC      mm/folio-compat.o
  CC      kernel/resource.o
  CC      io_uring/poll.o
  CC      arch/x86/lib/cache-smp.o
  CC      lib/flex_proportions.o
  AR      security/keys/built-in.a
  CC      security/commoncap.o
  CC      arch/x86/kernel/irq_32.o
  CC      arch/x86/mm/pgtable.o
  CC      arch/x86/lib/msr.o
  CC      arch/x86/mm/physaddr.o
  CC      lib/idr.o
  CC      mm/readahead.o
  CC      io_uring/tw.o
  AR      drivers/video/console/built-in.a
  CC      arch/x86/kernel/dumpstack_32.o
  CC      drivers/video/backlight/backlight.o
  CC      block/blk-ioc.o
  CC      crypto/seqiv.o
  CC      security/lsm_syscalls.o
  AR      sound/built-in.a
  CC      io_uring/wait.o
  CC      kernel/sysctl.o
  CC      lib/iomem_copy.o
  CC      arch/x86/mm/tlb.o
  CC      fs/pipe.o
  CC      lib/irq_regs.o
  CC      drivers/pci/pci-driver.o
  CC      arch/x86/kernel/time.o
  AS      arch/x86/lib/msr-reg.o
  CC      arch/x86/lib/msr-reg-export.o
  AR      drivers/video/backlight/built-in.a
  CC      crypto/echainiv.o
  CC      lib/is_single_threaded.o
  AR      drivers/video/fbdev/core/built-in.a
  AR      drivers/video/fbdev/omap/built-in.a
  AS      arch/x86/lib/hweight.o
  AR      drivers/video/fbdev/omap2/omapfb/dss/built-in.a
  AR      drivers/video/fbdev/omap2/omapfb/displays/built-in.a
  AR      drivers/video/fbdev/omap2/omapfb/built-in.a
  AR      drivers/video/fbdev/omap2/built-in.a
  AR      drivers/video/fbdev/built-in.a
  AR      drivers/video/built-in.a
  CC      arch/x86/events/intel/bts.o
  CC      security/min_addr.o
  CC      arch/x86/events/zhaoxin/core.o
  CC      arch/x86/lib/iomem.o
  CC      kernel/capability.o
  CC      block/blk-map.o
  CC      lib/klist.o
  CC      mm/swap.o
  CC      arch/x86/kernel/ioport.o
  CC      crypto/ahash.o
  CC      io_uring/eventfd.o
  AR      arch/x86/crypto/built-in.a
  CC      block/blk-merge.o
  CC      arch/x86/mm/cpu_entry_area.o
  CC      arch/x86/events/intel/ds.o
  CC      lib/kobject.o
  CC      arch/x86/lib/atomic64_32.o
  CC      security/security.o
  CC      drivers/pci/search.o
  CC      arch/x86/lib/inat.o
  CC      block/blk-timeout.o
  CC      fs/namei.o
  AR      arch/x86/events/zhaoxin/built-in.a
  CC      lib/kobject_uevent.o
  AR      arch/x86/lib/built-in.a
  AR      arch/x86/lib/lib.a
  CC      mm/truncate.o
  CC      arch/x86/kernel/dumpstack.o
  CC      block/blk-lib.o
  CC      kernel/ptrace.o
  CC      io_uring/uring_cmd.o
  CC      arch/x86/mm/maccess.o
  CC      mm/vmscan.o
  CC      arch/x86/mm/pgprot.o
  CC      fs/fcntl.o
  AR      arch/x86/platform/atom/built-in.a
  CC      drivers/pci/rebar.o
  AR      arch/x86/platform/ce4100/built-in.a
  CC      arch/x86/kernel/nmi.o
  AR      arch/x86/platform/efi/built-in.a
  CC      crypto/shash.o
  AR      arch/x86/platform/geode/built-in.a
  AR      arch/x86/platform/iris/built-in.a
  CC      arch/x86/platform/intel/iosf_mbi.o
  AR      arch/x86/platform/intel-mid/built-in.a
  AR      arch/x86/net/built-in.a
  CC      net/devres.o
  CC      block/blk-mq.o
  CC      lib/logic_pio.o
  CC      arch/x86/events/intel/knc.o
  CC      fs/ioctl.o
  CC      kernel/user.o
  CC      arch/x86/mm/pat/set_memory.o
  CC      io_uring/openclose.o
  CC      security/lsm_notifier.o
  CC      drivers/pci/rom.o
  CC      lib/maple_tree.o
  AR      arch/x86/platform/intel/built-in.a
  CC      crypto/akcipher.o
  AR      arch/x86/platform/intel-quark/built-in.a
  AR      arch/x86/platform/olpc/built-in.a
  AR      arch/x86/platform/scx200/built-in.a
  AR      arch/x86/platform/ts5500/built-in.a
  AR      arch/x86/platform/uv/built-in.a
  AR      arch/x86/platform/built-in.a
  CC      net/socket.o
  CC      arch/x86/kernel/ldt.o
  CC      io_uring/sqpoll.o
  CC      arch/x86/events/intel/lbr.o
  CC      kernel/signal.o
  CC      fs/readdir.o
  CC      arch/x86/events/intel/p4.o
  CC      crypto/sig.o
  CC      arch/x86/virt/svm/cmdline.o
  CC      security/lsm_init.o
  CC      drivers/pci/setup-res.o
  AR      arch/x86/virt/svm/built-in.a
  AR      arch/x86/virt/vmx/built-in.a
  AR      arch/x86/virt/built-in.a
  CC      fs/select.o
  CC      mm/shrinker.o
  CC      arch/x86/mm/pat/memtype.o
  CC      arch/x86/kernel/setup.o
  CC      lib/memcat_p.o
  CC      kernel/sys.o
  CC      io_uring/xattr.o
  CC      security/device_cgroup.o
  CC      arch/x86/events/intel/p6.o
  CC      arch/x86/events/intel/pt.o
  AR      virt/lib/built-in.a
  AR      virt/built-in.a
  ASN.1   crypto/rsapubkey.asn1.[ch]
  ASN.1   crypto/rsaprivkey.asn1.[ch]
  CC      crypto/rsa.o
  CC      mm/shmem.o
  CC      drivers/pci/irq.o
  CC      arch/x86/mm/pat/memtype_interval.o
  CC      block/blk-mq-tag.o
  CC      crypto/rsa_helper.o
  CC      io_uring/nop.o
  CC      net/core/sock.o
  CC      net/core/skbuff.o
  CC      arch/x86/events/intel/cstate.o
  CC      arch/x86/kernel/x86_init.o
  AR      arch/x86/mm/pat/built-in.a
  AR      drivers/idle/built-in.a
  CC      block/blk-mq-dma.o
  CC      arch/x86/mm/pgtable_32.o
  CC      fs/dcache.o
  CC      drivers/pci/vpd.o
  CC      crypto/rsa-pkcs1pad.o
  CC      net/core/datagram.o
  CC      io_uring/fs.o
  CC      security/integrity/iint.o
  CC      kernel/umh.o
  AR      arch/x86/events/intel/built-in.a
  AR      arch/x86/events/built-in.a
  CC      lib/nmi_backtrace.o
  CC      crypto/rsassa-pkcs1.o
  CC      arch/x86/kernel/i8259.o
  CC      arch/x86/pci/i386.o
  CC      block/blk-stat.o
  CC      arch/x86/mm/iomap_32.o
  CC      drivers/pci/setup-bus.o
  AR      security/integrity/built-in.a
  AR      security/built-in.a
  CC      drivers/pci/vc.o
  CC      mm/util.o
  CC      lib/objpool.o
  CC      io_uring/splice.o
  CC      crypto/acompress.o
  CC      mm/mmzone.o
  CC      kernel/workqueue.o
  CC      arch/x86/kernel/irqinit.o
  AR      arch/x86/mm/built-in.a
  CC      mm/vmstat.o
  CC      arch/x86/pci/init.o
  CC      lib/plist.o
  CC      block/blk-mq-sysfs.o
  CC      fs/inode.o
  AR      drivers/char/ipmi/built-in.a
  CC      mm/backing-dev.o
  CC      lib/radix-tree.o
  CC      io_uring/sync.o
  CC      net/core/stream.o
  CC      mm/mm_init.o
  CC      arch/x86/pci/pcbios.o
  CC      mm/percpu.o
  CC      drivers/pci/mmap.o
  CC      block/blk-mq-cpumap.o
  CC      crypto/scompress.o
  AR      drivers/amba/built-in.a
  CC      arch/x86/kernel/jump_label.o
  CC      kernel/pid.o
  CC      io_uring/msg_ring.o
  CC      lib/ratelimit.o
  CC      arch/x86/kernel/irq_work.o
  CC      arch/x86/kernel/probe_roms.o
  CC      drivers/pci/devres.o
  CC      crypto/algboss.o
  CC      arch/x86/pci/direct.o
  CC      lib/rbtree.o
  AR      drivers/clk/actions/built-in.a
  AR      drivers/clk/analogbits/built-in.a
  AR      drivers/clk/aspeed/built-in.a
  AR      drivers/clk/bcm/built-in.a
  CC      io_uring/advise.o
  CC      drivers/pci/msi/pcidev_msi.o
  AR      drivers/clk/imgtec/built-in.a
  AR      drivers/clk/imx/built-in.a
  AR      drivers/clk/ingenic/built-in.a
  AR      drivers/clk/keystone/built-in.a
  AR      drivers/clk/mediatek/built-in.a
  AR      drivers/clk/microchip/built-in.a
  CC      block/blk-mq-sched.o
  AR      drivers/clk/mstar/built-in.a
  AR      drivers/clk/mvebu/built-in.a
  AR      drivers/clk/ralink/built-in.a
  AR      drivers/clk/renesas/built-in.a
  AR      drivers/clk/socfpga/built-in.a
  AR      drivers/clk/sophgo/built-in.a
  AR      drivers/clk/spacemit/built-in.a
  AR      drivers/clk/sprd/built-in.a
  AR      drivers/clk/starfive/built-in.a
  AR      drivers/clk/sunxi-ng/built-in.a
  AR      drivers/clk/tenstorrent/built-in.a
  AR      drivers/clk/ti/built-in.a
  AR      drivers/clk/versatile/built-in.a
  AR      drivers/clk/xilinx/built-in.a
  CC      net/core/scm.o
  AR      drivers/clk/built-in.a
  CC      lib/seq_buf.o
  CC      net/ethernet/eth.o
  CC      arch/x86/pci/fixup.o
  CC      fs/attr.o
  CC      arch/x86/kernel/sys_ia32.o
  CC      arch/x86/power/cpu.o
  AR      drivers/pci/msi/built-in.a
  CC      crypto/testmgr.o
  CC      arch/x86/power/hibernate_32.o
  CC      fs/bad_inode.o
  CC      drivers/dma/dmaengine.o
  CC      io_uring/statx.o
  CC      drivers/pci/pcie/portdrv.o
  CC      kernel/task_work.o
  CC      mm/slab_common.o
  CC      lib/siphash.o
  CC      arch/x86/pci/legacy.o
  CC      arch/x86/kernel/ksysfs.o
  CC      fs/file.o
  CC      block/ioctl.o
  CC      mm/compaction.o
  CC      crypto/cmac.o
  CC      kernel/extable.o
  CC      lib/string.o
  CC      io_uring/timeout.o
  AR      drivers/pci/pwrctrl/built-in.a
  CC      crypto/hmac.o
  CC      drivers/pci/pcie/rcec.o
  AS      arch/x86/power/hibernate_asm_32.o
  CC      lib/sys_info.o
  CC      arch/x86/power/hibernate.o
  CC      net/core/gen_stats.o
  CC      arch/x86/kernel/bootflag.o
  CC      drivers/dma/virt-dma.o
  AR      net/ethernet/built-in.a
  CC      arch/x86/pci/irq.o
  CC      lib/timerqueue.o
  CC      drivers/dma/dw/core.o
  CC      block/genhd.o
  CC      crypto/sha1.o
  CC      drivers/dma/hsu/hsu.o
  CC      arch/x86/kernel/e820.o
  CC      drivers/pci/pcie/bwctrl.o
  CC      lib/vsprintf.o
  CC      kernel/params.o
  AR      arch/x86/power/built-in.a
  CC      io_uring/cancel.o
  CC      net/core/gen_estimator.o
  CC      kernel/kthread.o
  CC      arch/x86/pci/common.o
  CC      drivers/pci/pcie/aspm.o
  CC      lib/win_minmax.o
  CC      fs/filesystems.o
  CC      crypto/sha256.o
  CC      lib/xarray.o
  CC      mm/show_mem.o
  CC      drivers/dma/dw/dw.o
  AR      drivers/dma/hsu/built-in.a
  CC      io_uring/waitid.o
  CC      fs/namespace.o
  CC      arch/x86/kernel/pci-dma.o
  CC      lib/lockref.o
  CC      block/ioprio.o
  CC      block/badblocks.o
  CC      arch/x86/pci/early.o
  CC      net/core/net_namespace.o
  CC      crypto/sha512.o
  CC      lib/bcd.o
  CC      drivers/dma/dw/idma32.o
  CC      block/partitions/core.o
  CC      drivers/pci/pcie/pme.o
  CC      kernel/sys_ni.o
  CC      io_uring/register.o
  AR      net/802/built-in.a
  CC      arch/x86/pci/bus_numa.o
  CC      arch/x86/pci/amd_bus.o
  CC      mm/interval_tree.o
  CC      kernel/nsproxy.o
  CC      fs/seq_file.o
  CC      arch/x86/kernel/quirks.o
  CC      kernel/nstree.o
  CC      block/partitions/msdos.o
  CC      lib/sort.o
  CC      crypto/ecb.o
  AR      drivers/pci/pcie/built-in.a
  CC      drivers/pci/proc.o
  AR      drivers/soc/apple/built-in.a
  AR      drivers/soc/aspeed/built-in.a
  AR      arch/x86/pci/built-in.a
  AR      drivers/soc/bcm/built-in.a
  AR      drivers/soc/fsl/built-in.a
  CC      net/core/secure_seq.o
  AR      drivers/soc/fujitsu/built-in.a
  AR      drivers/dma/dw/built-in.a
  AR      drivers/soc/hisilicon/built-in.a
  AR      drivers/soc/imx/built-in.a
  AR      drivers/dma/idxd/built-in.a
  AR      drivers/dma/amd/built-in.a
  AR      drivers/soc/ixp4xx/built-in.a
  AR      drivers/dma/loongson/built-in.a
  AR      drivers/soc/loongson/built-in.a
  AR      drivers/dma/mediatek/built-in.a
  AR      drivers/soc/mediatek/built-in.a
  AR      drivers/dma/qcom/built-in.a
  AR      drivers/soc/microchip/built-in.a
  AR      drivers/soc/nuvoton/built-in.a
  AR      drivers/dma/stm32/built-in.a
  AR      drivers/dma/ti/built-in.a
  AR      drivers/soc/pxa/built-in.a
  CC      lib/parser.o
  AR      drivers/soc/amlogic/built-in.a
  AR      drivers/dma/xilinx/built-in.a
  AR      drivers/soc/qcom/built-in.a
  AR      drivers/dma/built-in.a
  CC      mm/list_lru.o
  AR      drivers/soc/renesas/built-in.a
  AR      drivers/soc/rockchip/built-in.a
  CC      kernel/nscommon.o
  AR      drivers/soc/sophgo/built-in.a
  CC      io_uring/truncate.o
  AR      drivers/soc/sunxi/built-in.a
  CC      block/partitions/efi.o
  AR      drivers/soc/ti/built-in.a
  AR      drivers/soc/versatile/built-in.a
  AR      drivers/soc/vt8500/built-in.a
  CC      arch/x86/kernel/kdebugfs.o
  CC      net/core/flow_dissector.o
  AR      drivers/soc/xilinx/built-in.a
  AR      drivers/soc/built-in.a
  CC      drivers/pci/pci-sysfs.o
  CC      crypto/cbc.o
  CC      block/blk-rq-qos.o
  CC      fs/xattr.o
  CC      kernel/notifier.o
  CC      io_uring/memmap.o
  CC      lib/debug_locks.o
  CC      crypto/cts.o
  CC      arch/x86/kernel/alternative.o
  CC      block/disk-events.o
  CC      lib/random32.o
  AR      block/partitions/built-in.a
  CC      mm/workingset.o
  CC      net/core/sysctl_net_core.o
  CC      net/core/dev.o
  CC      mm/debug.o
  CC      drivers/virtio/virtio.o
  CC      drivers/tty/tty_io.o
  CC      drivers/pci/slot.o
  CC      crypto/ctr.o
  CC      io_uring/alloc_cache.o
  CC      crypto/gcm.o
  CC      lib/bust_spinlocks.o
  CC      block/blk-ia-ranges.o
  CC      kernel/ksysfs.o
  CC      mm/gup.o
  CC      drivers/pci/iomap.o
  CC      fs/libfs.o
  CC      drivers/virtio/virtio_ring.o
  CC      arch/x86/kernel/i8253.o
  CC      lib/kasprintf.o
  CC      io_uring/query.o
  CC      drivers/pci/quirks.o
  CC      net/sched/sch_generic.o
  CC      crypto/ccm.o
  CC      net/sched/sch_mq.o
  CC      kernel/cred.o
  CC      arch/x86/kernel/hw_breakpoint.o
  CC      drivers/pci/hotplug/pci_hotplug_core.o
  CC      block/early-lookup.o
  CC      net/sched/sch_frag.o
  CC      lib/bitmap.o
  CC      drivers/tty/n_tty.o
  CC      io_uring/loop.o
  CC      crypto/aes.o
  CC      block/bsg.o
  CC      fs/fs-writeback.o
  CC      lib/scatterlist.o
  CC      mm/mmap_lock.o
  AR      drivers/pci/hotplug/built-in.a
  CC      drivers/pci/pci-label.o
  CC      arch/x86/kernel/tsc.o
  CC      kernel/reboot.o
  CC      drivers/pci/vgaarb.o
  CC      io_uring/io-wq.o
  CC      crypto/camellia_generic.o
  CC      arch/x86/kernel/tsc_msr.o
  CC      drivers/tty/tty_ioctl.o
  CC      io_uring/futex.o
  CC      drivers/virtio/virtio_anchor.o
  CC      block/blk-cgroup.o
  CC      net/sched/sch_api.o
  CC      io_uring/epoll.o
  CC      io_uring/napi.o
  CC      crypto/authenc.o
  CC      lib/list_sort.o
  CC      mm/vma_init.o
  CC      arch/x86/kernel/io_delay.o
  CC      drivers/virtio/virtio_pci_modern_dev.o
  CC      lib/uuid.o
  CC      drivers/tty/tty_ldisc.o
  CC      kernel/async.o
  CC      net/sched/sch_blackhole.o
  CC      net/sched/cls_api.o
  CC      drivers/pci/setup-cardbus.o
  CC      lib/iov_iter.o
  CC      net/core/dev_api.o
  CC      arch/x86/kernel/rtc.o
  CC      mm/highmem.o
  CC      kernel/range.o
  CC      fs/pnode.o
  CC      kernel/smpboot.o
  CC      io_uring/net.o
  CC      block/blk-iocost.o
  CC      net/core/dev_addr_lists.o
  CC      drivers/virtio/virtio_pci_legacy_dev.o
  CC      crypto/authencesn.o
  CC      drivers/tty/tty_buffer.o
  AR      drivers/pci/controller/dwc/built-in.a
  AR      drivers/pci/controller/mobiveil/built-in.a
  AR      drivers/pci/controller/plda/built-in.a
  AR      drivers/pci/controller/built-in.a
  AR      drivers/pci/switch/built-in.a
  CC      drivers/pci/trace.o
  CC      fs/splice.o
  CC      fs/sync.o
  CC      arch/x86/kernel/resource.o
  CC      drivers/virtio/virtio_pci_modern.o
  CC      crypto/krb5enc.o
  CC      kernel/ucount.o
  CC      mm/memory.o
  AS      arch/x86/kernel/irqflags.o
  CC      drivers/tty/tty_port.o
  CC      arch/x86/kernel/static_call.o
  CC      crypto/lzo.o
  CC      lib/clz_ctz.o
  CC      drivers/char/mem.o
  CC      kernel/regset.o
  CC      lib/bsearch.o
  AR      drivers/pci/built-in.a
  CC      mm/mincore.o
  CC      io_uring/cmd_net.o
  CC      net/core/dst.o
  CC      arch/x86/kernel/process.o
  CC      kernel/ksyms_common.o
  CC      net/sched/act_api.o
  CC      net/core/netevent.o
  CC      crypto/lzo-rle.o
  CC      drivers/virtio/virtio_pci_common.o
  CC      mm/mlock.o
  CC      block/mq-deadline.o
  CC      drivers/tty/tty_mutex.o
  CC      drivers/char/random.o
  CC      lib/find_bit.o
  CC      fs/utimes.o
  CC      drivers/char/misc.o
  CC      kernel/groups.o
  CC      crypto/lz4.o
  CC      lib/llist.o
  CC      drivers/virtio/virtio_pci_legacy.o
  CC      lib/lwq.o
  CC      drivers/tty/tty_ldsem.o
  CC      block/kyber-iosched.o
  CC      io_uring/fdinfo.o
  CC      arch/x86/kernel/fpu/init.o
  CC      lib/memweight.o
  CC      crypto/asymmetric_keys/asymmetric_type.o
  CC      mm/mmap.o
  CC      net/core/neighbour.o
  CC      arch/x86/kernel/fpu/bugs.o
  CC      lib/kfifo.o
  CC      fs/d_path.o
  CC      drivers/virtio/virtio_pci_admin_legacy_io.o
  CC      mm/mmu_gather.o
  CC      drivers/virtio/virtio_input.o
  AR      drivers/iommu/arm/arm-smmu/built-in.a
  AR      drivers/iommu/arm/arm-smmu-v3/built-in.a
  AR      drivers/iommu/arm/built-in.a
  CC      arch/x86/kernel/fpu/core.o
  AR      drivers/iommu/iommufd/built-in.a
  CC      drivers/iommu/iommu.o
  CC      drivers/char/virtio_console.o
  CC      drivers/tty/tty_baudrate.o
  CC      kernel/sched/core.o
  CC      net/sched/sch_fifo.o
  CC      io_uring/bpf_filter.o
  CC      crypto/asymmetric_keys/restrict.o
  CC      kernel/locking/mutex.o
  CC      block/blk-mq-debugfs.o
  CC      kernel/sched/fair.o
  CC      lib/percpu-refcount.o
  AR      drivers/virtio/built-in.a
  CC      kernel/locking/semaphore.o
  CC      crypto/asymmetric_keys/signature.o
  CC      drivers/tty/tty_jobctrl.o
  CC      fs/stack.o
  CC      drivers/char/nvram.o
  CC      mm/mprotect.o
  AR      io_uring/built-in.a
  CC      mm/mremap.o
  CC      arch/x86/kernel/fpu/regset.o
  CC      net/sched/cls_cgroup.o
  CC      crypto/asymmetric_keys/public_key.o
  CC      lib/rhashtable.o
  CC      fs/fs_struct.o
  CC      drivers/iommu/iommu-pages.o
  CC      mm/msync.o
  CC      drivers/tty/n_null.o
  CC      block/blk-pm.o
  CC      arch/x86/kernel/fpu/signal.o
  CC      drivers/char/agp/backend.o
  CC      kernel/locking/rwsem.o
  CC      net/core/rtnetlink.o
  CC      block/holder.o
  CC      drivers/char/agp/generic.o
  ASN.1   crypto/asymmetric_keys/x509.asn1.[ch]
  ASN.1   crypto/asymmetric_keys/x509_akid.asn1.[ch]
  CC      drivers/tty/pty.o
  CC      crypto/asymmetric_keys/x509_loader.o
  CC      net/sched/ematch.o
  CC      mm/page_vma_mapped.o
  CC      drivers/iommu/iommu-traces.o
  CC      crypto/asymmetric_keys/x509_public_key.o
  CC      fs/statfs.o
  CC      net/core/utils.o
  CC      arch/x86/kernel/fpu/xstate.o
  CC      lib/base64.o
  CC      drivers/char/agp/isoch.o
  CC      kernel/locking/percpu-rwsem.o
  CC      drivers/tty/vt/vt_ioctl.o
  AR      block/built-in.a
  CC      drivers/tty/vt/vc_screen.o
  CC      lib/once.o
  CC      mm/pagewalk.o
  ASN.1   crypto/asymmetric_keys/pkcs7.asn1.[ch]
  CC      crypto/asymmetric_keys/pkcs7_trust.o
  CC      kernel/locking/spinlock.o
  CC      drivers/char/agp/amd64-agp.o
  CC      lib/refcount.o
  AR      net/sched/built-in.a
  CC      drivers/tty/hvc/hvc_console.o
  CC      fs/fs_pin.o
  CC      net/netlink/af_netlink.o
  CC      crypto/asymmetric_keys/pkcs7_verify.o
  CC      kernel/power/qos.o
  CC      drivers/iommu/iommu-sysfs.o
  CC      kernel/locking/osq_lock.o
  AR      arch/x86/kernel/fpu/built-in.a
  CC      arch/x86/kernel/ptrace.o
  CC      lib/rcuref.o
  CC      mm/pgtable-generic.o
  CC      kernel/printk/printk.o
  CC      drivers/tty/vt/selection.o
  CC      kernel/irq/irqdesc.o
  CC      kernel/locking/qspinlock.o
  CC      fs/nsfs.o
  CC      lib/usercopy.o
  CC      drivers/char/agp/intel-agp.o
  CC      kernel/sched/build_policy.o
  AR      drivers/tty/hvc/built-in.a
  CC      net/core/link_watch.o
  CC      crypto/asymmetric_keys/x509.asn1.o
  CC      drivers/iommu/dma-iommu.o
  CC      mm/rmap.o
  CC      crypto/asymmetric_keys/x509_akid.asn1.o
  CC      arch/x86/kernel/tls.o
  CC      kernel/locking/rtmutex_api.o
  CC      crypto/asymmetric_keys/x509_cert_parser.o
  CC      lib/errseq.o
  CC      drivers/tty/vt/keyboard.o
  CC      kernel/irq/handle.o
  CC      lib/bucket_locks.o
  CC      drivers/char/agp/intel-gtt.o
  CC      kernel/power/main.o
  CC      kernel/irq/manage.o
  CC      fs/fs_dirent.o
  CC      crypto/asymmetric_keys/pkcs7.asn1.o
  CC      crypto/asymmetric_keys/pkcs7_parser.o
  CC      arch/x86/kernel/step.o
  CC      lib/generic-radix-tree.o
  CC      fs/fs_context.o
  CC      kernel/locking/qrwlock.o
  CC      net/netlink/genetlink.o
  CC      kernel/printk/printk_safe.o
  CC      drivers/tty/vt/vt.o
  CC      drivers/iommu/iova.o
  CC      net/core/filter.o
  AR      drivers/char/agp/built-in.a
  AR      drivers/char/built-in.a
  COPY    drivers/tty/vt/defkeymap.c
  CC      drivers/base/component.o
  AR      drivers/gpu/host1x/built-in.a
  CC      arch/x86/kernel/i8237.o
  AR      crypto/asymmetric_keys/built-in.a
  CC      crypto/krb5/krb5_kdf.o
  CC      lib/bitmap-str.o
  CC      mm/vmalloc.o
  CC      kernel/power/console.o
  CC      kernel/irq/spurious.o
  AR      drivers/gpu/drm/tests/built-in.a
  AR      kernel/locking/built-in.a
  AR      drivers/gpu/drm/arm/built-in.a
  AR      drivers/gpu/drm/clients/built-in.a
  CC      kernel/power/process.o
  AR      drivers/gpu/drm/display/built-in.a
  AR      drivers/gpu/drm/renesas/rcar-du/built-in.a
  CC      arch/x86/kernel/stacktrace.o
  AR      drivers/gpu/drm/renesas/rz-du/built-in.a
  AR      drivers/gpu/drm/renesas/built-in.a
  AR      drivers/gpu/drm/omapdrm/built-in.a
  AR      drivers/gpu/drm/tilcdc/built-in.a
  AR      drivers/gpu/drm/imx/built-in.a
  CC      kernel/printk/nbcon.o
  AR      drivers/gpu/drm/panel/built-in.a
  AR      drivers/gpu/drm/bridge/analogix/built-in.a
  AR      drivers/gpu/drm/bridge/cadence/built-in.a
  AR      drivers/gpu/drm/bridge/imx/built-in.a
  AR      drivers/gpu/drm/bridge/synopsys/built-in.a
  AR      drivers/gpu/drm/bridge/built-in.a
  AR      drivers/gpu/drm/hisilicon/built-in.a
  AR      drivers/gpu/drm/mxsfb/built-in.a
  AR      drivers/gpu/drm/sysfb/built-in.a
  AR      drivers/gpu/drm/tiny/built-in.a
  AR      drivers/gpu/drm/xlnx/built-in.a
  AR      drivers/gpu/drm/gud/built-in.a
  AR      drivers/gpu/drm/sitronix/built-in.a
  AR      drivers/gpu/drm/solomon/built-in.a
  AR      drivers/gpu/drm/built-in.a
  AR      drivers/iommu/built-in.a
  AR      drivers/gpu/vga/built-in.a
  CC      crypto/krb5/krb5_api.o
  CC      arch/x86/kernel/cpu/cacheinfo.o
  CC      fs/fs_parser.o
  AR      drivers/gpu/tests/built-in.a
  AR      drivers/gpu/built-in.a
  CC      mm/vma.o
  CC      kernel/irq/resend.o
  CC      lib/string_helpers.o
  CC      drivers/base/core.o
  CC      lib/hexdump.o
  CC      crypto/krb5/rfc3961_simplified.o
  CC      kernel/printk/printk_ringbuffer.o
  CC      kernel/power/hibernate.o
  CC      kernel/rcu/update.o
  CC      net/netlink/policy.o
  CC      kernel/irq/chip.o
  CC      drivers/tty/vt/consolemap.o
  CC      net/core/sock_diag.o
  CC      arch/x86/kernel/cpu/scattered.o
  CC      lib/kstrtox.o
  CC      kernel/printk/sysctl.o
  CC      fs/fsopen.o
  CC      arch/x86/kernel/cpu/topology_common.o
  CC      crypto/krb5/rfc3962_aes.o
  CC      kernel/sched/build_utility.o
  AR      lib/kunit/built-in.a
  CC      crypto/rsapubkey.asn1.o
  CC      mm/vma_exec.o
  AR      net/netlink/built-in.a
  AR      arch/x86/kernel/acpi/built-in.a
  CC      drivers/base/bus.o
  AR      kernel/printk/built-in.a
  CC      net/core/dev_ioctl.o
  CC      kernel/irq/dummychip.o
  CC      lib/math/div64.o
  CC      kernel/rcu/sync.o
  HOSTCC  drivers/tty/vt/conmakehash
  CC      crypto/krb5/rfc6803_camellia.o
  COPY    drivers/tty/vt/ucs_width_table.h
  COPY    drivers/tty/vt/ucs_recompose_table.h
  CC      fs/init.o
  COPY    drivers/tty/vt/ucs_fallback_table.h
  CC      drivers/tty/vt/defkeymap.o
  CC      lib/math/gcd.o
  CC      arch/x86/kernel/cpu/topology_ext.o
  CC      arch/x86/kernel/reboot.o
  CC      kernel/power/snapshot.o
  CC      lib/math/lcm.o
  CC      arch/x86/kernel/cpu/topology_amd.o
  CONMK   drivers/tty/vt/consolemap_deftbl.c
  CC      drivers/tty/vt/ucs.o
  CC      mm/process_vm_access.o
  CC      lib/math/int_log.o
  CC      drivers/tty/vt/consolemap_deftbl.o
  CC      lib/math/int_pow.o
  CC      mm/page_alloc.o
  CC      drivers/base/dd.o
  AR      drivers/tty/vt/built-in.a
  AR      net/bpf/built-in.a
  CC      kernel/power/swap.o
  CC      kernel/irq/devres.o
  CC      drivers/tty/serial/serial_core.o
  CC      crypto/krb5/rfc8009_aes2.o
  CC      lib/math/int_sqrt.o
  CC      kernel/rcu/srcutree.o
  CC      fs/kernel_read_file.o
  CC      arch/x86/kernel/cpu/cpuid_parser.o
  CC      lib/math/reciprocal_div.o
  CC      lib/math/rational.o
  CC      arch/x86/kernel/cpu/common.o
  CC      kernel/rcu/tree.o
  AR      crypto/krb5/built-in.a
  AR      kernel/livepatch/built-in.a
  CC      crypto/rsaprivkey.asn1.o
  CC      net/ethtool/ioctl.o
  CC      net/netfilter/core.o
  CC      kernel/irq/kexec.o
  AR      crypto/built-in.a
  CC      net/netfilter/nf_log.o
  AR      kernel/liveupdate/built-in.a
  CC      fs/mnt_idmapping.o
  CC      drivers/base/syscore.o
  AR      lib/math/tests/built-in.a
  AR      lib/math/built-in.a
  CC      kernel/power/user.o
  CC      lib/crc/crc16.o
  CC      lib/crc/crc-ccitt.o
  CC      kernel/irq/autoprobe.o
  HOSTCC  lib/crc/gen_crc32table
  CC      net/core/tso.o
  CC      fs/remap_range.o
  CC      drivers/block/loop.o
  CC      drivers/misc/eeprom/eeprom_93cx6.o
  AS      lib/crc/x86/crc32-pclmul.o
  AR      kernel/power/built-in.a
  AR      lib/crc/tests/built-in.a
  GEN     lib/crc/crc32table.h
  CC      lib/crc/crc32-main.o
  AR      drivers/misc/cb710/built-in.a
  CC      kernel/irq/irqdomain.o
  CC      drivers/tty/serial/serial_base_bus.o
  CC      drivers/base/driver.o
  CC      lib/crypto/hash_info.o
  CC      arch/x86/kernel/cpu/rdrand.o
  CC      mm/page_frag_cache.o
  CC      net/netfilter/nf_queue.o
  CC      arch/x86/kernel/cpu/match.o
  AR      drivers/misc/eeprom/built-in.a
  AR      drivers/misc/lis3lv02d/built-in.a
  AR      drivers/misc/cardreader/built-in.a
  AR      drivers/misc/keba/built-in.a
  AR      lib/crc/built-in.a
  AR      drivers/misc/amd-sbi/built-in.a
  AR      drivers/misc/built-in.a
  CC      kernel/rcu/rcu_segcblist.o
  AR      drivers/tty/ipwireless/built-in.a
  CC      arch/x86/kernel/msr.o
  CC      drivers/block/virtio_blk.o
  CC      drivers/tty/serial/serial_ctrl.o
  CC      drivers/base/class.o
  CC      fs/pidfs.o
  CC      drivers/base/platform.o
  CC      arch/x86/kernel/cpu/bugs.o
  CC      net/core/sock_reuseport.o
  CC      lib/crypto/memneq.o
  CC      kernel/irq/proc.o
  CC      arch/x86/kernel/cpu/aperfmperf.o
  AR      kernel/sched/built-in.a
  AR      lib/tests/built-in.a
  CC      net/ethtool/common.o
  CC      kernel/dma/mapping.o
  CC      drivers/tty/serial/serial_port.o
  CC      mm/init-mm.o
  CC      fs/file_attr.o
  AR      kernel/rcu/built-in.a
  CC      mm/memblock.o
  AR      drivers/block/built-in.a
  CC      drivers/base/cpu.o
  CC      lib/crypto/utils.o
  CC      arch/x86/kernel/cpuid.o
  CC      net/ipv4/route.o
  CC      kernel/irq/migration.o
  CC      arch/x86/kernel/cpu/cpuid-deps.o
  CC      net/netfilter/nf_sockopt.o
  CC      arch/x86/kernel/cpu/cpuid_0x2_table.o
  CC      net/core/fib_notifier.o
  CC      lib/crypto/aes.o
  CC      drivers/tty/serial/earlycon.o
  CC      arch/x86/kernel/cpu/umwait.o
  CC      drivers/base/firmware.o
  CC      kernel/irq/cpuhotplug.o
  CC      fs/fserror.o
  CC      arch/x86/kernel/early-quirks.o
  CC      kernel/irq/pm.o
  CC      kernel/irq/affinity.o
  CC      net/ethtool/netlink.o
  CC      drivers/tty/serial/8250/8250_core.o
  CC      mm/slub.o
  CC      drivers/base/init.o
  AS      lib/crypto/x86/aes-aesni.o
  CC      kernel/irq/matrix.o
  MKCAP   arch/x86/kernel/cpu/capflags.c
  CC      lib/crypto/arc4.o
  CC      net/ipv4/inetpeer.o
  CC      fs/nullfs.o
  CC      arch/x86/kernel/cpu/powerflags.o
  CC      net/netfilter/utils.o
  CC      net/xfrm/xfrm_policy.o
  CC      kernel/dma/direct.o
  CC      net/core/xdp.o
  CC      drivers/base/map.o
  CC      kernel/dma/ops_helpers.o
  CC      drivers/base/devres.o
  CC      lib/crypto/blake2s.o
  CC      fs/buffer.o
  CC      drivers/tty/serial/8250/8250_platform.o
  CC      net/ethtool/bitset.o
  AR      kernel/irq/built-in.a
  CC      arch/x86/kernel/cpu/topology.o
  CC      arch/x86/kernel/cpu/proc.o
  CC      arch/x86/kernel/cpu/feat_ctl.o
  CC      kernel/dma/remap.o
  CC      net/xfrm/xfrm_state.o
  CC      net/ipv4/protocol.o
  CC      lib/crypto/chacha-block-generic.o
  CC      drivers/base/attribute_container.o
  CC      lib/crypto/gf128hash.o
  CC      net/ethtool/strset.o
  CC      lib/crypto/sha1.o
  AR      drivers/mfd/built-in.a
  AR      kernel/dma/built-in.a
  CC      net/netfilter/x_tables.o
  CC      kernel/entry/common.o
  CC      arch/x86/kernel/cpu/intel.o
  CC      drivers/tty/serial/8250/8250_port.o
  CC      drivers/base/transport_class.o
  CC      net/core/flow_offload.o
  CC      mm/madvise.o
  AR      kernel/unwind/built-in.a
  CC      net/ipv4/ip_input.o
  CC      lib/crypto/sha256.o
  CC      mm/page_io.o
  CC      drivers/base/topology.o
  CC      kernel/module/main.o
  CC      net/ethtool/linkinfo.o
  CC      kernel/entry/syscall-common.o
  CC      fs/mpage.o
  CC      net/xfrm/xfrm_hash.o
  CC      lib/crypto/sha512.o
  CC      lib/crypto/mpi/generic_mpih-lshift.o
  CC      arch/x86/kernel/smp.o
  CC      mm/swap_state.o
  CC      drivers/base/container.o
  CC      net/core/gro.o
  CC      drivers/tty/serial/8250/8250_dma.o
  CC      net/ethtool/linkmodes.o
  CC      kernel/entry/syscall_user_dispatch.o
  CC      drivers/base/property.o
  CC      net/xfrm/xfrm_input.o
  CC      net/netfilter/xt_tcpudp.o
  CC      lib/crypto/mpi/generic_mpih-mul1.o
  CC      net/ipv4/ip_fragment.o
  CC      net/ipv6/af_inet6.o
  CC      fs/proc_namespace.o
  CC      net/ipv6/anycast.o
  CC      lib/crypto/mpi/generic_mpih-mul2.o
  AR      kernel/entry/built-in.a
  CC      fs/direct-io.o
  CC      mm/swapfile.o
  CC      kernel/module/strict_rwx.o
  CC      drivers/tty/serial/8250/8250_dwlib.o
  CC      net/ethtool/rss.o
  CC      lib/crypto/mpi/generic_mpih-mul3.o
  CC      net/core/netdev-genl.o
  CC      net/netfilter/xt_SECMARK.o
  CC      lib/vdso/datastore.o
  CC      drivers/base/cacheinfo.o
  CC      kernel/module/kmod.o
  CC      net/xfrm/xfrm_output.o
  CC      net/ipv4/ip_forward.o
  CC      net/ipv6/ip6_output.o
  CC      lib/crypto/mpi/generic_mpih-rshift.o
  AR      lib/vdso/built-in.a
  CC      drivers/tty/serial/8250/8250_pcilib.o
  CC      kernel/module/tree_lookup.o
  CC      net/ipv6/ip6_input.o
  CC      fs/notify/fsnotify.o
  CC      drivers/base/swnode.o
  CC      net/ethtool/linkstate.o
  CC      net/netfilter/xt_TCPMSS.o
  CC      drivers/base/faux.o
  CC      lib/crypto/mpi/generic_mpih-sub1.o
  CC      fs/notify/notification.o
  CC      kernel/module/kallsyms.o
  CC      mm/dmapool.o
  CC      fs/notify/group.o
  CC      drivers/tty/serial/8250/8250_rsa.o
  CC      net/ipv4/ip_options.o
  CC      lib/crypto/mpi/generic_mpih-add1.o
  CC      drivers/base/power/sysfs.o
  CC      net/core/netdev-genl-gen.o
  CC      net/ethtool/debug.o
  CC      kernel/module/procfs.o
  CC      net/xfrm/xfrm_sysctl.o
  AR      net/netfilter/built-in.a
  CC      drivers/base/power/generic_ops.o
  CC      drivers/base/firmware_loader/main.o
  CC      net/xfrm/xfrm_replay.o
  CC      arch/x86/kernel/cpu/tsx.o
  CC      lib/crypto/mpi/mpicoder.o
  CC      net/ethtool/wol.o
  CC      mm/migrate.o
  CC      kernel/module/sysfs.o
  CC      drivers/tty/serial/8250/8250_early.o
  CC      drivers/base/power/common.o
  CC      fs/notify/mark.o
  CC      net/core/netdev_work.o
  CC      net/ipv4/ip_output.o
  CC      arch/x86/kernel/cpu/intel_epb.o
  AR      lib/raid/xor/tests/built-in.a
  AR      lib/raid/xor/built-in.a
  AR      lib/raid/raid6/built-in.a
  AR      lib/raid/built-in.a
  CC      arch/x86/kernel/smpboot.o
  AR      drivers/nfc/built-in.a
  CC      net/packet/af_packet.o
  CC      arch/x86/kernel/cpu/amd.o
  CC      net/ipv6/addrconf.o
  CC      drivers/base/power/qos.o
  CC      kernel/module/version.o
  CC      lib/crypto/mpi/mpi-add.o
  CC      drivers/tty/serial/8250/8250_exar.o
  CC      drivers/base/firmware_loader/builtin/main.o
  CC      arch/x86/kernel/cpu/amd_cache_disable.o
  CC      net/ethtool/features.o
  CC      net/xfrm/xfrm_device.o
  CC      fs/notify/fdinfo.o
  AR      drivers/base/firmware_loader/builtin/built-in.a
  CC      net/core/gso.o
  AR      drivers/base/firmware_loader/built-in.a
  CC      fs/notify/dnotify/dnotify.o
  CC      net/ethtool/privflags.o
  AR      kernel/module/built-in.a
  CC      mm/early_ioremap.o
  CC      arch/x86/kernel/cpu/hygon.o
  CC      kernel/freezer.o
  CC      drivers/tty/serial/8250/8250_lpss.o
  CC      arch/x86/kernel/cpu/centaur.o
  CC      lib/crypto/mpi/mpi-bit.o
  CC      arch/x86/kernel/cpu/transmeta.o
  CC      kernel/stacktrace.o
  CC      lib/iomap.o
  CC      fs/notify/inotify/inotify_fsnotify.o
  AR      fs/notify/dnotify/built-in.a
  CC      fs/notify/inotify/inotify_user.o
  CC      net/xfrm/xfrm_nat_keepalive.o
  CC      drivers/base/power/runtime.o
  CC      mm/secretmem.o
  CC      drivers/tty/serial/8250/8250_mid.o
  CC      net/ipv4/ip_sockglue.o
  CC      arch/x86/kernel/cpu/zhaoxin.o
  CC      lib/crypto/mpi/mpi-cmp.o
  CC      net/ethtool/rings.o
  CC      kernel/time/time.o
  AR      net/dsa/built-in.a
  CC      drivers/base/power/wakeirq.o
  CC      fs/eventpoll.o
  CC      net/core/net-sysfs.o
  CC      arch/x86/kernel/cpu/vortex.o
  AR      fs/notify/inotify/built-in.a
  AR      drivers/dax/hmem/built-in.a
  AR      fs/notify/fanotify/built-in.a
  AR      drivers/dax/built-in.a
  AR      fs/notify/built-in.a
  CC      net/ethtool/channels.o
  CC      net/xfrm/xfrm_algo.o
  CC      drivers/tty/serial/8250/8250_pci.o
  CC      mm/memfd.o
  AR      net/packet/built-in.a
  CC      arch/x86/kernel/cpu/mtrr/mtrr.o
  CC      drivers/base/module.o
  CC      arch/x86/kernel/cpu/microcode/core.o
  CC      lib/crypto/mpi/mpi-sub-ui.o
  CC      drivers/dma-buf/dma-buf.o
  CC      drivers/base/power/main.o
  CC      drivers/dma-buf/dma-fence.o
  CC      kernel/time/timer.o
  CC      net/ipv6/addrlabel.o
  CC      drivers/base/power/wakeup.o
  CC      arch/x86/kernel/cpu/microcode/intel.o
  CC      net/ethtool/coalesce.o
  CC      mm/execmem.o
  CC      lib/crypto/mpi/mpi-div.o
  CC      fs/anon_inodes.o
  CC      arch/x86/kernel/cpu/mtrr/if.o
  CC      net/ipv4/inet_hashtables.o
  CC      drivers/tty/serial/8250/8250_pericom.o
  CC      net/xfrm/xfrm_user.o
  CC      arch/x86/kernel/cpu/mtrr/generic.o
  CC      lib/crypto/mpi/mpi-mod.o
  AR      mm/built-in.a
  CC      drivers/dma-buf/dma-fence-array.o
  CC      net/core/hotdata.o
  CC      net/ipv6/route.o
  CC      net/ethtool/pause.o
  CC      arch/x86/kernel/cpu/microcode/amd.o
  CC      drivers/base/power/wakeup_stats.o
  CC      drivers/base/power/trace.o
  AR      drivers/tty/serial/8250/built-in.a
  AR      drivers/tty/serial/built-in.a
  AR      drivers/tty/built-in.a
  CC      lib/crypto/mpi/mpi-mul.o
  CC      fs/signalfd.o
  CC      net/ipv4/inet_timewait_sock.o
  CC      net/core/netdev_config.o
  CC      arch/x86/kernel/tsc_sync.o
  CC      kernel/time/hrtimer.o
  CC      kernel/futex/core.o
  CC      drivers/dma-buf/dma-fence-chain.o
  CC      arch/x86/kernel/cpu/mtrr/cleanup.o
  CC      kernel/time/sleep_timeout.o
  CC      net/ethtool/eee.o
  AR      arch/x86/kernel/cpu/microcode/built-in.a
  CC      net/core/netdev_rx_queue.o
  AR      drivers/base/power/built-in.a
  CC      fs/timerfd.o
  CC      lib/crypto/mpi/mpih-cmp.o
  AR      drivers/base/test/built-in.a
  CC      drivers/base/trace.o
  CC      kernel/dma.o
  CC      arch/x86/kernel/cpu/mtrr/amd.o
  CC      net/wireless/core.o
  CC      drivers/dma-buf/dma-fence-unwrap.o
  CC      kernel/futex/syscalls.o
  CC      drivers/dma-buf/dma-resv.o
  CC      net/ipv4/inet_connection_sock.o
  CC      lib/crypto/mpi/mpih-div.o
  CC      net/ethtool/tsinfo.o
  AR      net/xfrm/built-in.a
  CC      arch/x86/kernel/cpu/mtrr/cyrix.o
  CC      kernel/time/timekeeping.o
  CC      net/wireless/sysfs.o
  CC      fs/eventfd.o
  AR      drivers/cxl/core/built-in.a
  AR      drivers/base/built-in.a
  AR      drivers/cxl/built-in.a
  CC      fs/aio.o
  CC      kernel/smp.o
  CC      arch/x86/kernel/setup_percpu.o
  CC      lib/iomap_copy.o
  CC      net/core/netdev_queues.o
  CC      kernel/futex/pi.o
  CC      lib/crypto/mpi/mpih-mul.o
  CC      net/ipv6/ip6_fib.o
  CC      arch/x86/kernel/cpu/mtrr/centaur.o
  CC      drivers/dma-buf/dma-buf-mapping.o
  CC      net/ethtool/cabletest.o
  CC      net/ipv4/tcp.o
  CC      arch/x86/kernel/cpu/mtrr/legacy.o
  CC      kernel/futex/requeue.o
  CC      lib/crypto/mpi/mpi-pow.o
  CC      kernel/futex/waitwake.o
  CC      kernel/time/ntp.o
  AR      arch/x86/kernel/cpu/mtrr/built-in.a
  CC      net/core/net-procfs.o
  CC      arch/x86/kernel/cpu/perfctr-watchdog.o
  CC      net/ipv4/tcp_input.o
  CC      drivers/dma-buf/sync_file.o
  CC      lib/crypto/mpi/mpiutil.o
  CC      fs/locks.o
  CC      drivers/macintosh/mac_hid.o
  CC      net/core/fib_rules.o
  AR      kernel/futex/built-in.a
  CC      net/core/net-traces.o
  CC      kernel/time/clocksource.o
  CC      fs/binfmt_misc.o
  CC      lib/devres.o
  AR      drivers/dma-buf/built-in.a
  AR      drivers/macintosh/built-in.a
  CC      kernel/uid16.o
  CC      drivers/scsi/scsi.o
  CC      net/ethtool/tunnels.o
  AR      lib/crypto/mpi/built-in.a
  AR      lib/crypto/built-in.a
  CC      arch/x86/kernel/cpu/vmware.o
  CC      net/ethtool/fec.o
  CC      net/mac80211/main.o
  CC      net/ipv6/ipv6_sockglue.o
  CC      lib/check_signature.o
  CC      net/wireless/radiotap.o
  CC      kernel/time/jiffies.o
  CC      net/core/selftests.o
  CC      lib/assoc_array.o
  CC      arch/x86/kernel/cpu/hypervisor.o
  CC      net/mac80211/status.o
  CC      net/core/ptp_classifier.o
  CC      net/ethtool/eeprom.o
  CC      kernel/time/timer_list.o
  CC      net/ipv4/tcp_output.o
  CC      lib/bitrev.o
  CC      arch/x86/kernel/cpu/mshyperv.o
  CC      drivers/scsi/hosts.o
  CC      fs/binfmt_script.o
  CC      net/wireless/util.o
  CC      kernel/time/timeconv.o
  CC      lib/xxhash.o
  CC      fs/binfmt_elf.o
  CC      arch/x86/kernel/mpparse.o
  CC      net/ipv6/ndisc.o
  CC      net/ethtool/stats.o
  CC      net/core/netprio_cgroup.o
  CC      kernel/time/timecounter.o
  CC      drivers/scsi/scsi_ioctl.o
  CC      fs/mbcache.o
  CC      kernel/time/alarmtimer.o
  CC      lib/genalloc.o
  CC      arch/x86/kernel/cpu/debugfs.o
  CC      arch/x86/kernel/cpu/bus_lock.o
  CC      net/netlabel/netlabel_user.o
  CC      kernel/kallsyms.o
  CC      net/ipv6/udp.o
  CC      net/wireless/reg.o
  CC      kernel/time/posix-timers.o
  CC      fs/posix_acl.o
  CC      lib/zlib_inflate/inffast.o
  CC      drivers/scsi/scsicam.o
  CC      net/core/netclassid_cgroup.o
  CC      lib/zlib_inflate/inflate.o
  CC      net/mac80211/driver-ops.o
  CC      net/ethtool/phc_vclocks.o
  CC      arch/x86/kernel/cpu/capflags.o
  AR      arch/x86/kernel/cpu/built-in.a
  CC      drivers/scsi/scsi_error.o
  CC      arch/x86/kernel/apic/apic.o
  CC      net/netlabel/netlabel_kapi.o
  CC      lib/zlib_inflate/infutil.o
  CC      net/ipv4/tcp_timer.o
  CC      net/mac80211/sta_info.o
  CC      kernel/time/posix-cpu-timers.o
  CC      lib/zlib_inflate/inftrees.o
  CC      fs/coredump.o
  CC      arch/x86/kernel/apic/apic_common.o
  CC      net/ethtool/mm.o
  CC      lib/zlib_inflate/inflate_syms.o
  CC      net/rfkill/core.o
  CC      net/core/dst_cache.o
  AR      lib/zlib_inflate/built-in.a
  CC      lib/lzo/lzo1x_compress.o
  CC      drivers/scsi/scsi_lib.o
  CC      net/ipv6/raw.o
  CC      kernel/time/posix-clock.o
  CC      net/netlabel/netlabel_domainhash.o
  CC      net/rfkill/input.o
  CC      net/ipv4/tcp_ipv4.o
  CC      net/9p/mod.o
  CC      net/ethtool/module.o
  CC      arch/x86/kernel/apic/apic_noop.o
  CC      arch/x86/kernel/apic/ipi.o
  CC      lib/lzo/lzo1x_compress_safe.o
  CC      net/core/gro_cells.o
  AR      net/rfkill/built-in.a
  CC      net/9p/client.o
  CC      net/ethtool/cmis_fw_update.o
  CC      arch/x86/kernel/apic/vector.o
  CC      fs/drop_caches.o
  CC      drivers/scsi/constants.o
  CC      net/netlabel/netlabel_addrlist.o
  CC      lib/lzo/lzo1x_decompress_safe.o
  CC      kernel/time/itimer.o
  CC      drivers/scsi/scsi_lib_dma.o
  AR      drivers/nvme/common/built-in.a
  AR      drivers/nvme/host/built-in.a
  CC      net/wireless/scan.o
  AR      drivers/nvme/target/built-in.a
  AR      drivers/nvme/built-in.a
  CC      net/netlabel/netlabel_mgmt.o
  CC      net/core/failover.o
  CC      fs/sysctls.o
  CC      net/ethtool/cmis_cdb.o
  AR      lib/lzo/built-in.a
  CC      lib/lz4/lz4_compress.o
  CC      fs/fhandle.o
  CC      net/ipv6/icmp.o
  CC      lib/lz4/lz4_decompress.o
  CC      net/ipv6/mcast.o
  CC      kernel/time/clockevents.o
  CC      net/sysctl_net.o
  CC      drivers/scsi/scsi_scan.o
  CC      arch/x86/kernel/apic/init.o
  CC      net/9p/error.o
  CC      net/netlabel/netlabel_unlabeled.o
  CC      net/mac80211/wep.o
  CC      net/ipv4/tcp_minisocks.o
  AR      net/core/built-in.a
  CC      kernel/time/tick-common.o
  CC      arch/x86/kernel/trace_clock.o
  CC      fs/iomap/trace.o
  CC      net/ethtool/pse-pd.o
  CC      kernel/vmcore_info.o
  GEN     drivers/scsi/scsi_devinfo_tbl.c
  AR      lib/lz4/built-in.a
  CC      drivers/scsi/scsi_devinfo.o
  CC      lib/zstd/zstd_decompress_module.o
  CC      arch/x86/kernel/apic/hw_nmi.o
  CC      net/9p/protocol.o
  CC      net/wireless/nl80211.o
  CC      net/dns_resolver/dns_key.o
  CC      net/mac80211/aead_api.o
  CC      lib/zstd/decompress/huf_decompress.o
  CC      net/dns_resolver/dns_query.o
  CC      arch/x86/kernel/apic/io_apic.o
  CC      net/netlabel/netlabel_cipso_v4.o
  CC      fs/iomap/iter.o
  CC      net/ipv4/tcp_cong.o
  CC      drivers/scsi/scsi_sysctl.o
  CC      net/9p/trans_common.o
  CC      kernel/time/tick-broadcast.o
  CC      arch/x86/kernel/trace.o
  CC      lib/percpu_counter.o
  CC      net/mac80211/wpa.o
  CC      net/ethtool/plca.o
  CC      net/ipv6/reassembly.o
  CC      fs/iomap/buffered-io.o
  AR      net/dns_resolver/built-in.a
  CC      lib/syscall.o
  CC      drivers/scsi/scsi_proc.o
  CC      net/mac80211/scan.o
  CC      net/netlabel/netlabel_calipso.o
  CC      net/9p/trans_fd.o
  CC      arch/x86/kernel/vmcore_info_32.o
  CC      kernel/time/tick-broadcast-hrtimer.o
  CC      lib/zstd/decompress/zstd_ddict.o
  CC      lib/zstd/decompress/zstd_decompress.o
  CC      fs/quota/dquot.o
  CC      net/ethtool/phy.o
  CC      fs/proc/task_mmu.o
  CC      kernel/time/tick-oneshot.o
  CC      arch/x86/kernel/apic/probe_32.o
  CC      fs/proc/inode.o
  CC      drivers/net/mii.o
  CC      net/ipv6/tcp_ipv6.o
  CC      drivers/scsi/scsi_debugfs.o
  CC      net/ipv4/tcp_metrics.o
  CC      kernel/time/tick-sched.o
  CC      lib/zstd/decompress/zstd_decompress_block.o
  CC      net/9p/trans_virtio.o
  AR      arch/x86/kernel/apic/built-in.a
  AR      arch/x86/kernel/kprobes/built-in.a
  CC      arch/x86/kernel/module.o
  AR      net/netlabel/built-in.a
  CC      net/ethtool/tsconfig.o
  CC      fs/iomap/direct-io.o
  CC      drivers/scsi/scsi_trace.o
  CC      drivers/firewire/init_ohci1394_dma.o
  AR      drivers/cdrom/built-in.a
  CC      kernel/time/timer_migration.o
  CC      fs/proc/root.o
  CC      arch/x86/kernel/doublefault_32.o
  CC      drivers/net/loopback.o
  CC      drivers/scsi/scsi_logging.o
  CC      drivers/net/phy/stubs.o
  CC      fs/quota/quota_v2.o
  AR      net/9p/built-in.a
  CC      drivers/net/phy/mdio_bus.o
  AR      drivers/firewire/built-in.a
  CC      net/ethtool/mse.o
  CC      net/ipv4/tcp_fastopen.o
  CC      lib/nlattr.o
  CC      fs/iomap/ioend.o
  CC      fs/proc/base.o
  CC      arch/x86/kernel/early_printk.o
  CC      fs/quota/quota_tree.o
  CC      net/mac80211/offchannel.o
  CC      kernel/time/vsyscall.o
  CC      lib/zstd/zstd_common_module.o
  CC      drivers/scsi/scsi_pm.o
  AR      net/ethtool/built-in.a
  CC      net/mac80211/ht.o
  CC      lib/cpu_rmap.o
  CC      net/ipv6/ping.o
  CC      fs/quota/quota.o
  CC      kernel/time/timekeeping_debug.o
  CC      arch/x86/kernel/amd_nb.o
  CC      drivers/net/phy/phy.o
  CC      net/ipv4/tcp_recovery.o
  CC      lib/zstd/common/debug.o
  CC      fs/iomap/fiemap.o
  CC      net/ipv4/tcp_ulp.o
  CC      lib/zstd/common/entropy_common.o
  CC      kernel/elfcorehdr.o
  CC      fs/kernfs/mount.o
  CC      lib/zstd/common/error_private.o
  CC      fs/proc/generic.o
  CC      lib/zstd/common/fse_decompress.o
  CC      drivers/scsi/scsi_bsg.o
  CC      kernel/time/namespace.o
  CC      fs/quota/kqid.o
  CC      lib/zstd/common/zstd_common.o
  CC      arch/x86/kernel/amd_node.o
  CC      fs/iomap/seek.o
  AR      lib/zstd/built-in.a
  CC      lib/dynamic_queue_limits.o
  CC      net/ipv6/exthdrs.o
  CC      fs/kernfs/inode.o
  CC      fs/proc/array.o
  CC      net/mac80211/agg-tx.o
  CC      drivers/scsi/scsi_common.o
  CC      fs/iomap/bio.o
  CC      fs/quota/netlink.o
  CC      kernel/time/namespace_vdso.o
  CC      drivers/net/phy/phy-c45.o
  CC      net/ipv4/tcp_offload.o
  CC      arch/x86/kernel/kvm.o
  CC      drivers/scsi/scsi_transport_spi.o
  CC      fs/kernfs/dir.o
  CC      net/mac80211/agg-rx.o
  AR      drivers/net/pse-pd/built-in.a
  AR      drivers/net/mdio/built-in.a
  CC      fs/sysfs/file.o
  CC      fs/proc/fd.o
  AR      kernel/time/built-in.a
  CC      lib/glob.o
  CC      kernel/cgroup/cgroup.o
  CC      kernel/cgroup/rstat.o
  CC      fs/iomap/swapfile.o
  AR      fs/quota/built-in.a
  CC      fs/sysfs/dir.o
  CC      lib/dim/dim.o
  CC      net/ipv6/datagram.o
  CC      fs/proc/proc_tty.o
  CC      net/ipv4/tcp_plb.o
  CC      drivers/net/phy/phy-core.o
  CC      net/mac80211/vht.o
  CC      lib/dim/net_dim.o
  CC      arch/x86/kernel/kvmclock.o
  CC      drivers/scsi/virtio_scsi.o
  CC      fs/kernfs/file.o
  CC      fs/sysfs/symlink.o
  AR      fs/iomap/built-in.a
  CC      lib/dim/rdma_dim.o
  CC      drivers/scsi/sd.o
  CC      fs/proc/cmdline.o
  CC      net/ipv6/ip6_flowlabel.o
  CC      net/ipv4/datagram.o
  CC      net/wireless/mlme.o
  CC      fs/proc/consoles.o
  CC      drivers/net/phy/phy_device.o
  CC      arch/x86/kernel/paravirt.o
  CC      fs/sysfs/mount.o
  CC      arch/x86/kernel/paravirt-spinlocks.o
  CC      net/ipv6/inet6_connection_sock.o
  CC      fs/kernfs/symlink.o
  CC      fs/sysfs/group.o
  AR      lib/dim/built-in.a
  CC      lib/strncpy_from_user.o
  CC      fs/proc/cpuinfo.o
  CC      arch/x86/kernel/pvclock.o
  CC      kernel/cgroup/namespace.o
  CC      drivers/scsi/scsi_sysfs.o
  CC      fs/proc/devices.o
  CC      net/mac80211/he.o
  CC      lib/strnlen_user.o
  AR      fs/kernfs/built-in.a
  AR      fs/sysfs/built-in.a
  AR      drivers/auxdisplay/built-in.a
  CC      kernel/cgroup/cgroup-v1.o
  CC      net/wireless/ibss.o
  CC      fs/devpts/inode.o
  CC      net/ipv4/raw.o
  CC      arch/x86/kernel/pcspeaker.o
  CC      net/ipv6/udp_offload.o
  CC      net/mac80211/s1g.o
  CC      fs/proc/loadavg.o
  CC      arch/x86/kernel/check.o
  CC      kernel/utsname.o
  CC      fs/netfs/buffered_read.o
  CC      lib/net_utils.o
  AR      drivers/net/pcs/built-in.a
  CC      fs/netfs/buffered_write.o
  CC      drivers/net/phy/linkmode.o
  AR      fs/devpts/built-in.a
  CC      fs/proc/meminfo.o
  CC      lib/sg_pool.o
  AR      drivers/scsi/built-in.a
  CC      fs/netfs/direct_read.o
  CC      net/mac80211/ibss.o
  CC      arch/x86/kernel/uprobes.o
  CC      net/ipv6/seg6.o
  CC      kernel/cgroup/freezer.o
  CC      fs/proc/stat.o
  CC      fs/netfs/direct_write.o
  CC      net/ipv4/udp.o
  CC      lib/stackdepot.o
  CC      drivers/net/phy/phy_link_topology.o
  CC      arch/x86/kernel/perf_regs.o
  CC      kernel/user_namespace.o
  AR      drivers/net/ethernet/3com/built-in.a
  AR      drivers/net/ethernet/adaptec/built-in.a
  CC      net/wireless/sme.o
  AR      drivers/net/ethernet/agere/built-in.a
  AR      drivers/net/ethernet/alacritech/built-in.a
  AR      drivers/net/ethernet/amazon/built-in.a
  AR      drivers/net/ethernet/aquantia/built-in.a
  AR      drivers/net/ethernet/arc/built-in.a
  AR      drivers/net/ethernet/asix/built-in.a
  AR      drivers/net/ethernet/atheros/built-in.a
  CC      fs/netfs/iterator.o
  AR      drivers/net/ethernet/cadence/built-in.a
  CC      drivers/net/ethernet/broadcom/bnx2.o
  CC      net/ipv4/udp_offload.o
  CC      fs/proc/uptime.o
  CC      net/ipv6/fib6_notifier.o
  CC      kernel/cgroup/legacy_freezer.o
  CC      net/wireless/chan.o
  CC      arch/x86/kernel/itmt.o
  CC      lib/asn1_decoder.o
  CC      fs/ext4/balloc.o
  AR      drivers/net/ethernet/brocade/built-in.a
  AR      drivers/net/wireless/atmel/built-in.a
  AR      drivers/net/wireless/broadcom/built-in.a
  AR      drivers/net/wireless/intel/built-in.a
  AR      drivers/net/wireless/intersil/built-in.a
  AR      drivers/net/wireless/marvell/built-in.a
  AR      drivers/net/wireless/mediatek/built-in.a
  AR      drivers/net/wireless/microchip/built-in.a
  AR      drivers/net/wireless/purelifi/built-in.a
  CC      fs/proc/util.o
  AR      drivers/net/wireless/quantenna/built-in.a
  AR      drivers/net/wireless/ralink/built-in.a
  AR      drivers/net/wireless/realtek/built-in.a
  AR      drivers/net/wireless/rsi/built-in.a
  AR      drivers/net/wireless/silabs/built-in.a
  CC      fs/netfs/locking.o
  AR      drivers/net/wireless/st/built-in.a
  CC      kernel/cgroup/pids.o
  AR      drivers/net/wireless/zydas/built-in.a
  AR      drivers/net/wireless/virtual/built-in.a
  AR      drivers/net/wireless/built-in.a
  CC      drivers/net/phy/phy_caps.o
  GEN     lib/oid_registry_data.c
  CC      net/ipv6/rpl.o
  CC      arch/x86/kernel/umip.o
  CC      net/mac80211/iface.o
  CC      arch/x86/kernel/unwind_frame.o
  CC      net/wireless/ethtool.o
  CC      fs/proc/version.o
  CC      net/ipv4/arp.o
  CC      kernel/cgroup/misc.o
  CC      fs/proc/softirqs.o
  AR      drivers/net/ethernet/chelsio/built-in.a
  CC      fs/jbd2/transaction.o
  CC      fs/netfs/main.o
  LDS     arch/x86/kernel/vmlinux.lds
  CC      net/ipv6/ioam6.o
  AR      arch/x86/kernel/built-in.a
  AR      arch/x86/built-in.a
  CC      fs/jbd2/commit.o
  CC      drivers/net/phy/mdio_bus_provider.o
  CC      fs/ext4/bitmap.o
  CC      net/mac80211/link.o
  AR      kernel/cgroup/built-in.a
  CC      kernel/pid_namespace.o
  CC      fs/proc/namespaces.o
  CC      fs/ext4/block_validity.o
  CC      drivers/net/ethernet/broadcom/tg3.o
  CC      net/wireless/mesh.o
  CC      fs/proc/self.o
  CC      net/ipv4/icmp.o
  CC      kernel/stop_machine.o
  CC      net/ipv6/sysctl_net_ipv6.o
  CC      fs/netfs/misc.o
  CC      fs/jbd2/recovery.o
  CC      drivers/net/phy/phy_port.o
  CC      net/ipv4/devinet.o
  CC      lib/sbitmap.o
  CC      fs/ext4/dir.o
  AR      drivers/net/ethernet/cortina/built-in.a
  AR      drivers/net/ethernet/dec/tulip/built-in.a
  AR      drivers/net/ethernet/dec/built-in.a
  CC      fs/proc/thread_self.o
  CC      net/mac80211/rate.o
  CC      kernel/relay.o
  CC      fs/jbd2/checkpoint.o
  CC      fs/proc/proc_sysctl.o
  CC      kernel/utsname_sysctl.o
  CC      net/ipv6/xfrm6_policy.o
  CC      fs/netfs/objects.o
  CC      fs/ext4/ext4_jbd2.o
  CC      drivers/net/phy/mdio_device.o
  CC      drivers/net/net_failover.o
  CC      net/wireless/ap.o
  CC      drivers/pcmcia/cs.o
  CC      kernel/delayacct.o
  CC      net/ipv6/xfrm6_state.o
  CC      fs/jbd2/revoke.o
  CC      fs/ramfs/inode.o
  CC      fs/netfs/read_collect.o
  AR      drivers/net/ethernet/emulex/built-in.a
  CC      net/ipv4/af_inet.o
  CC      kernel/taskstats.o
  CC      net/wireless/trace.o
  CC      drivers/pcmcia/socket_sysfs.o
  CC      drivers/net/phy/mdio_devres.o
  CC      fs/jbd2/journal.o
  CC      fs/proc/proc_net.o
  CC      fs/ext4/extents.o
  CC      net/ipv6/xfrm6_input.o
  CC      fs/ramfs/file-mmu.o
  AR      drivers/net/ethernet/engleder/built-in.a
  CC      lib/group_cpus.o
  CC      kernel/tsacct.o
  CC      net/mac80211/tkip.o
  CC      drivers/pcmcia/cardbus.o
  CC      kernel/tracepoint.o
  CC      fs/netfs/read_pgpriv2.o
  AR      fs/ramfs/built-in.a
  CC      drivers/net/phy/phy_package.o
  CC      kernel/trace/trace_clock.o
  CC      kernel/trace/ring_buffer.o
  CC      fs/proc/kcore.o
  AR      drivers/net/ethernet/ezchip/built-in.a
  CC      net/wireless/ocb.o
  CC      drivers/pcmcia/rsrc_mgr.o
  AR      lib/lib.a
  CC      lib/oid_registry.o
  CC      net/ipv6/xfrm6_output.o
  CC      fs/netfs/read_retry.o
  AR      drivers/net/ethernet/fungible/built-in.a
  CC      fs/ext4/extents_status.o
  CC      net/ipv4/igmp.o
  CC      fs/fat/cache.o
  CC      fs/proc/kmsg.o
  AR      drivers/net/phy/mediatek/built-in.a
  AR      drivers/net/phy/qcom/built-in.a
  CC      drivers/net/phy/realtek/realtek_main.o
  AR      lib/built-in.a
  CC      net/mac80211/aes_cmac.o
  AR      fs/jbd2/built-in.a
  CC      drivers/pcmcia/yenta_socket.o
  CC      fs/ext4/file.o
  AR      drivers/net/ethernet/broadcom/built-in.a
  AR      drivers/net/ethernet/google/built-in.a
  AR      drivers/net/ethernet/huawei/built-in.a
  AR      drivers/net/ethernet/intel/libie/built-in.a
  CC      fs/netfs/read_single.o
  CC      drivers/net/ethernet/intel/e1000e/82571.o
  CC      fs/proc/page.o
  CC      fs/fat/dir.o
  CC      net/ipv6/xfrm6_protocol.o
  CC      kernel/trace/trace.o
  CC      net/ipv6/netfilter.o
  CC      net/ipv6/proc.o
  CC      net/mac80211/aes_gmac.o
  CC      drivers/net/ethernet/intel/e1000e/ich8lan.o
  AR      drivers/pcmcia/built-in.a
  CC      kernel/irq_work.o
  CC      fs/ext4/fsmap.o
  CC      fs/netfs/rolling_buffer.o
  AR      fs/proc/built-in.a
  CC      fs/ext4/fsync.o
  AR      drivers/net/phy/realtek/built-in.a
  CC      fs/fat/fatent.o
  AR      drivers/net/phy/built-in.a
  CC      fs/ext4/hash.o
  CC      fs/fat/file.o
  CC      net/ipv4/fib_frontend.o
  CC      net/ipv4/fib_semantics.o
  CC      net/ipv4/fib_trie.o
  CC      net/mac80211/fils_aead.o
  CC      fs/netfs/write_collect.o
  CC      fs/isofs/namei.o
  CC      kernel/bpf/core.o
  CC      net/ipv4/fib_notifier.o
  CC      net/ipv4/inet_fragment.o
  CC      net/ipv6/syncookies.o
  CC      fs/isofs/inode.o
  CC      fs/ext4/ialloc.o
  CC      drivers/net/ethernet/intel/e1000e/80003es2lan.o
  CC      fs/fat/inode.o
  CC      drivers/net/ethernet/intel/e1000e/mac.o
  CC      net/mac80211/cfg.o
  CC      fs/netfs/write_issue.o
  CC      kernel/trace/trace_output.o
  CC      drivers/net/ethernet/intel/e1000e/manage.o
  CC      fs/isofs/dir.o
  CC      fs/exportfs/expfs.o
  AR      drivers/net/ethernet/i825xx/built-in.a
  CC      kernel/static_call.o
  CC      fs/ext4/indirect.o
  CC      net/mac80211/ethtool.o
  CC      drivers/usb/common/common.o
  CC      fs/isofs/util.o
  CC      net/ipv6/calipso.o
  CC      fs/fat/misc.o
  CC      net/ipv4/ping.o
  CC      net/wireless/michael-mic.o
  CC      fs/fat/nfs.o
  CC      drivers/net/ethernet/intel/e1000e/nvm.o
  CC      fs/netfs/write_retry.o
  AR      fs/exportfs/built-in.a
  CC      drivers/usb/common/debug.o
  CC      fs/nls/nls_base.o
  AR      kernel/bpf/built-in.a
  AR      drivers/net/ethernet/microsoft/built-in.a
  CC      fs/nls/nls_cp437.o
  CC      drivers/input/serio/serio.o
  CC      kernel/trace/trace_seq.o
  CC      fs/isofs/rock.o
  AR      drivers/usb/common/built-in.a
  CC      drivers/usb/core/usb.o
  CC      fs/nls/nls_ascii.o
  AR      drivers/usb/phy/built-in.a
  CC      fs/ext4/inline.o
  CC      fs/ext4/inode.o
  AR      drivers/net/ethernet/mellanox/built-in.a
  CC      kernel/trace/trace_stat.o
  CC      fs/fat/namei_vfat.o
  AR      fs/netfs/built-in.a
  CC      drivers/input/serio/serport.o
  CC      drivers/net/ethernet/intel/e1000e/phy.o
  CC      net/wireless/pmsr.o
  CC      net/ipv4/ip_tunnel_core.o
  CC      fs/nls/nls_utf8.o
  AR      drivers/net/ethernet/meta/built-in.a
  CC      kernel/jump_label.o
  CC      kernel/events/core.o
  CC      net/ipv6/ah6.o
  CC      drivers/usb/core/hub.o
  CC      fs/isofs/export.o
  AR      fs/nls/built-in.a
  CC      kernel/events/ring_buffer.o
  AR      drivers/input/serio/built-in.a
  CC      drivers/input/input.o
  CC      kernel/trace/trace_printk.o
  CC      drivers/usb/mon/mon_main.o
  CC      drivers/usb/mon/mon_stat.o
  CC      fs/isofs/joliet.o
  CC      fs/fat/namei_msdos.o
  CC      drivers/usb/host/pci-quirks.o
  CC      net/ipv6/esp6.o
  CC      drivers/net/ethernet/intel/e1000e/param.o
  CC      net/mac80211/rx.o
  CC      drivers/usb/host/ehci-hcd.o
  CC      drivers/usb/mon/mon_text.o
  CC      fs/isofs/compress.o
  CC      net/ipv4/gre_offload.o
  CC      drivers/input/input-compat.o
  AR      fs/fat/built-in.a
  CC      drivers/usb/host/ehci-pci.o
  CC      kernel/trace/trace_pid.o
  CC      drivers/rtc/lib.o
  CC      fs/ext4/ioctl.o
  AR      fs/isofs/built-in.a
  GEN     net/wireless/shipped-certs.c
  AR      net/wireless/tests/built-in.a
  CC      drivers/net/ethernet/intel/e1000e/ethtool.o
  AR      net/ipv6/netfilter/built-in.a
  CC      drivers/net/ethernet/intel/e1000e/netdev.o
  CC      drivers/usb/core/hcd.o
  CC      drivers/usb/mon/mon_bin.o
  CC      drivers/input/input-mt.o
  CC      kernel/events/callchain.o
  CC      kernel/trace/pid_list.o
  CC      drivers/net/ethernet/intel/e1000e/ptp.o
  CC      net/ipv4/metrics.o
  CC      drivers/rtc/class.o
  CC      net/wireless/shipped-certs.o
  CC      net/ipv6/addrconf_core.o
  AR      drivers/usb/mon/built-in.a
  CC      drivers/usb/core/urb.o
  CC      drivers/i2c/i2c-boardinfo.o
  CC      kernel/trace/trace_sched_switch.o
  CC      drivers/input/input-poller.o
  CC      drivers/rtc/interface.o
  AR      drivers/i3c/built-in.a
  CC      drivers/i2c/i2c-core-base.o
  CC      kernel/trace/trace_nop.o
  CC      drivers/usb/host/ohci-hcd.o
  CC      kernel/context_tracking.o
  CC      net/ipv4/netlink.o
  CC      fs/ext4/mballoc.o
  CC      drivers/usb/core/message.o
  AR      net/wireless/built-in.a
  CC      net/ipv4/nexthop.o
  CC      kernel/trace/blktrace.o
  CC      drivers/input/ff-core.o
  CC      drivers/rtc/nvmem.o
  CC      drivers/usb/host/ohci-pci.o
  AR      fs/unicode/built-in.a
  CC      drivers/usb/class/usblp.o
  CC      net/ipv6/exthdrs_core.o
  CC      kernel/events/hw_breakpoint.o
  CC      net/mac80211/spectmgmt.o
  AR      drivers/net/ethernet/intel/e1000e/built-in.a
  AR      drivers/net/ethernet/intel/built-in.a
  AR      drivers/net/ethernet/micrel/built-in.a
  AR      drivers/net/ethernet/microchip/built-in.a
  AR      drivers/net/ethernet/mscc/built-in.a
  AR      drivers/net/ethernet/mucse/built-in.a
  AR      drivers/net/ethernet/myricom/built-in.a
  AR      drivers/net/ethernet/netronome/built-in.a
  CC      drivers/net/ethernet/nvidia/forcedeth.o
  AR      drivers/usb/storage/built-in.a
  AR      drivers/media/i2c/built-in.a
  AR      drivers/media/tuners/built-in.a
  CC      kernel/events/uprobes.o
  AR      drivers/media/rc/keymaps/built-in.a
  AR      drivers/media/rc/built-in.a
  AR      drivers/net/ethernet/oki-semi/built-in.a
  CC      kernel/iomem.o
  AR      drivers/media/common/b2c2/built-in.a
  AR      drivers/media/common/saa7146/built-in.a
  CC      drivers/input/touchscreen.o
  CC      drivers/i2c/i2c-core-smbus.o
  AR      drivers/media/common/siano/built-in.a
  AR      drivers/media/common/v4l2-tpg/built-in.a
  CC      drivers/usb/host/uhci-hcd.o
  AR      drivers/media/common/videobuf2/built-in.a
  AR      drivers/media/common/built-in.a
  AR      drivers/media/platform/allegro-dvt/built-in.a
  AR      drivers/media/platform/amd/isp4/built-in.a
  AR      drivers/media/platform/amd/built-in.a
  CC      drivers/rtc/proc.o
  AR      drivers/media/platform/amlogic/c3/isp/built-in.a
  AR      drivers/media/platform/amlogic/c3/mipi-adapter/built-in.a
  AR      drivers/media/platform/amlogic/c3/mipi-csi2/built-in.a
  AR      drivers/media/platform/amlogic/c3/built-in.a
  AR      drivers/media/platform/amlogic/meson-ge2d/built-in.a
  AR      drivers/media/platform/amlogic/built-in.a
  AR      drivers/media/platform/amphion/built-in.a
  AR      drivers/media/platform/arm/mali-c55/built-in.a
  AR      drivers/media/platform/arm/built-in.a
  AR      drivers/usb/class/built-in.a
  AR      drivers/media/platform/aspeed/built-in.a
  AR      drivers/media/platform/atmel/built-in.a
  AR      drivers/media/platform/broadcom/built-in.a
  AR      drivers/media/platform/cadence/built-in.a
  AR      drivers/media/platform/chips-media/coda/built-in.a
  AR      drivers/media/platform/chips-media/wave5/built-in.a
  AR      drivers/media/platform/chips-media/built-in.a
  AR      drivers/media/platform/imagination/built-in.a
  AR      drivers/media/platform/intel/built-in.a
  AR      drivers/media/platform/marvell/built-in.a
  AR      drivers/media/platform/mediatek/jpeg/built-in.a
  CC      drivers/usb/core/driver.o
  AR      drivers/media/platform/mediatek/mdp/built-in.a
  AR      drivers/media/platform/mediatek/vcodec/common/built-in.a
  AR      drivers/media/platform/mediatek/vcodec/encoder/built-in.a
  AR      drivers/media/platform/mediatek/vcodec/decoder/built-in.a
  AR      drivers/media/platform/mediatek/vcodec/built-in.a
  AR      drivers/media/platform/mediatek/vpu/built-in.a
  CC      drivers/usb/host/xhci.o
  AR      drivers/media/platform/mediatek/mdp3/built-in.a
  AR      drivers/media/platform/mediatek/built-in.a
  AR      drivers/media/platform/microchip/built-in.a
  AR      drivers/media/platform/nuvoton/built-in.a
  AR      drivers/media/platform/nvidia/tegra-vde/built-in.a
  AR      drivers/media/platform/nvidia/built-in.a
  AR      drivers/media/platform/nxp/dw100/built-in.a
  AR      drivers/media/platform/nxp/imx-jpeg/built-in.a
  AR      drivers/media/platform/nxp/imx8-isi/built-in.a
  AR      drivers/media/platform/nxp/built-in.a
  AR      drivers/media/platform/qcom/camss/built-in.a
  AR      drivers/media/platform/qcom/iris/built-in.a
  AR      drivers/media/platform/qcom/venus/built-in.a
  AR      drivers/media/platform/qcom/built-in.a
  CC      net/mac80211/tx.o
  AR      drivers/media/platform/raspberrypi/pisp_be/built-in.a
  AR      drivers/media/platform/raspberrypi/rp1-cfe/built-in.a
  AR      drivers/media/platform/raspberrypi/built-in.a
  AR      drivers/media/platform/renesas/rcar-isp/built-in.a
  AR      drivers/media/platform/renesas/rcar-vin/built-in.a
  AR      drivers/media/platform/renesas/rzg2l-cru/built-in.a
  AR      drivers/media/platform/renesas/rzv2h-ivc/built-in.a
  CC      drivers/usb/host/xhci-mem.o
  CC      drivers/rtc/sysfs.o
  AR      drivers/media/platform/renesas/vsp1/built-in.a
  AR      drivers/media/platform/renesas/built-in.a
  AR      drivers/media/platform/rockchip/rga/built-in.a
  AR      drivers/media/platform/rockchip/rkcif/built-in.a
  AR      drivers/media/platform/rockchip/rkisp1/built-in.a
  AR      drivers/media/platform/rockchip/rkvdec/built-in.a
  AR      drivers/media/platform/rockchip/built-in.a
  CC      drivers/input/touch-overlay.o
  AR      drivers/media/platform/samsung/exynos-gsc/built-in.a
  AR      fs/hostfs/built-in.a
  AR      drivers/media/platform/samsung/exynos4-is/built-in.a
  CC      drivers/usb/host/xhci-ext-caps.o
  AR      drivers/media/platform/samsung/s3c-camif/built-in.a
  AR      drivers/media/platform/samsung/s5p-g2d/built-in.a
  CC      fs/ext4/migrate.o
  AR      drivers/media/platform/samsung/s5p-jpeg/built-in.a
  AR      drivers/media/platform/samsung/s5p-mfc/built-in.a
  AR      drivers/media/platform/samsung/built-in.a
  AR      drivers/media/platform/st/sti/bdisp/built-in.a
  AR      drivers/media/platform/st/sti/delta/built-in.a
  CC      net/ipv6/ip6_checksum.o
  AR      drivers/media/pci/ttpci/built-in.a
  AR      drivers/media/platform/st/sti/hva/built-in.a
  AR      drivers/media/pci/b2c2/built-in.a
  AR      drivers/media/platform/st/stm32/built-in.a
  AR      drivers/media/pci/pluto2/built-in.a
  AR      drivers/media/platform/st/built-in.a
  AR      drivers/media/pci/dm1105/built-in.a
  CC      kernel/trace/trace_events.o
  AR      drivers/media/pci/pt1/built-in.a
  CC      net/ipv4/udp_tunnel_stub.o
  AR      drivers/media/pci/pt3/built-in.a
  AR      drivers/media/platform/sunxi/sun4i-csi/built-in.a
  AR      drivers/media/platform/sunxi/sun6i-csi/built-in.a
  AR      drivers/media/pci/mantis/built-in.a
  AR      drivers/media/platform/sunxi/sun6i-mipi-csi2/built-in.a
  AR      drivers/media/pci/ngene/built-in.a
  AR      drivers/media/platform/sunxi/sun8i-a83t-mipi-csi2/built-in.a
  AR      drivers/media/pci/ddbridge/built-in.a
  AR      drivers/media/platform/sunxi/sun8i-di/built-in.a
  AR      drivers/media/pci/saa7146/built-in.a
  AR      drivers/media/platform/sunxi/sun8i-rotate/built-in.a
  AR      drivers/media/platform/sunxi/built-in.a
  AR      drivers/media/pci/smipcie/built-in.a
  AR      drivers/media/pci/netup_unidvb/built-in.a
  AR      drivers/media/platform/synopsys/hdmirx/built-in.a
  AR      drivers/media/pci/intel/ipu3/built-in.a
  AR      drivers/media/platform/synopsys/built-in.a
  AR      drivers/media/pci/intel/ivsc/built-in.a
  AR      drivers/media/pci/intel/built-in.a
  AR      drivers/media/platform/ti/am437x/built-in.a
  AR      drivers/media/platform/ti/cal/built-in.a
  AR      drivers/media/pci/built-in.a
  AR      drivers/media/platform/ti/vpe/built-in.a
  CC      drivers/usb/core/config.o
  AR      drivers/media/platform/ti/davinci/built-in.a
  AR      kernel/events/built-in.a
  AR      drivers/media/platform/ti/j721e-csi2rx/built-in.a
  AR      drivers/media/platform/verisilicon/built-in.a
  AR      drivers/media/platform/ti/omap/built-in.a
  CC      net/ipv4/sysctl_net_ipv4.o
  AR      drivers/media/platform/ti/omap3isp/built-in.a
  AR      drivers/media/platform/ti/built-in.a
  CC      drivers/i2c/i2c-smbus.o
  AR      drivers/media/platform/via/built-in.a
  AR      drivers/media/platform/xilinx/built-in.a
  AR      drivers/media/platform/built-in.a
  CC      net/ipv4/proc.o
  AR      drivers/media/usb/b2c2/built-in.a
  AR      drivers/media/usb/dvb-usb/built-in.a
  AR      drivers/media/usb/dvb-usb-v2/built-in.a
  AR      drivers/media/usb/s2255/built-in.a
  AR      drivers/media/usb/siano/built-in.a
  AR      drivers/media/usb/ttusb-budget/built-in.a
  AR      drivers/net/ethernet/nvidia/built-in.a
  AR      drivers/media/usb/ttusb-dec/built-in.a
  AR      drivers/media/usb/built-in.a
  AR      drivers/net/ethernet/qlogic/built-in.a
  CC      drivers/net/ethernet/realtek/8139too.o
  AR      drivers/media/mmc/siano/built-in.a
  AR      drivers/media/mmc/built-in.a
  AR      drivers/media/firewire/built-in.a
  AR      drivers/media/spi/built-in.a
  AR      drivers/media/test-drivers/built-in.a
  CC      drivers/input/ff-memless.o
  AR      drivers/media/built-in.a
  CC      drivers/rtc/rtc-mc146818-lib.o
  CC      net/ipv6/ip6_icmp.o
  CC      fs/ext4/mmp.o
  CC      fs/ext4/move_extent.o
  CC      drivers/usb/core/file.o
  CC      kernel/trace/trace_export.o
  CC      kernel/rseq.o
  AR      drivers/i2c/algos/built-in.a
  CC      drivers/i2c/busses/i2c-i801.o
  CC      drivers/input/sparse-keymap.o
  CC      fs/ext4/namei.o
  AR      drivers/net/ethernet/renesas/built-in.a
  CC      net/mac80211/key.o
  CC      net/ipv6/output_core.o
  CC      drivers/pps/pps.o
  AR      drivers/rtc/built-in.a
  CC      drivers/usb/core/buffer.o
  CC      net/ipv4/fib_rules.o
  CC      drivers/net/ethernet/realtek/r8169_main.o
  CC      drivers/usb/host/xhci-ring.o
  CC      drivers/usb/core/sysfs.o
  CC      drivers/net/ethernet/realtek/r8169_firmware.o
  CC      kernel/trace/trace_event_perf.o
  CC      drivers/input/evdev.o
  AR      drivers/net/ethernet/rdc/built-in.a
  CC      net/ipv6/protocol.o
  CC      net/mac80211/util.o
  CC      drivers/pps/kapi.o
  CC      drivers/ptp/ptp_clock.o
  AR      drivers/i2c/busses/built-in.a
  AR      drivers/i2c/muxes/built-in.a
  AR      drivers/i2c/built-in.a
  CC      net/ipv6/ip6_offload.o
  AR      drivers/usb/misc/built-in.a
  CC      drivers/usb/core/endpoint.o
  CC      drivers/usb/early/ehci-dbgp.o
  CC      kernel/trace/trace_events_filter.o
  AR      drivers/input/joystick/built-in.a
  AR      drivers/input/tablet/built-in.a
  AR      drivers/input/touchscreen/built-in.a
  AR      drivers/input/misc/built-in.a
  CC      drivers/pps/sysfs.o
  AR      drivers/input/built-in.a
  CC      drivers/usb/host/xhci-hub.o
  CC      net/ipv4/ipmr.o
  CC      drivers/usb/core/devio.o
  CC      fs/debugfs/inode.o
  CC      drivers/usb/host/xhci-dbg.o
  AR      drivers/pps/clients/built-in.a
  AR      drivers/pps/built-in.a
  CC      net/ipv6/exthdrs_offload.o
  CC      drivers/usb/host/xhci-trace.o
  CC      fs/ext4/page-io.o
  CC      drivers/ptp/ptp_chardev.o
  CC      drivers/net/ethernet/realtek/r8169_phy_config.o
  AR      drivers/usb/early/built-in.a
  CC      net/ipv6/inet6_hashtables.o
  CC      fs/tracefs/inode.o
  CC      fs/debugfs/file.o
  CC      net/ipv4/ipmr_base.o
  CC      fs/ext4/readpage.o
  CC      fs/tracefs/event_inode.o
  CC      drivers/ptp/ptp_sysfs.o
  CC      drivers/usb/core/notify.o
  CC      kernel/trace/trace_events_trigger.o
  CC      drivers/power/supply/power_supply_core.o
  CC      drivers/power/supply/power_supply_sysfs.o
  CC      net/ipv4/syncookies.o
  AR      drivers/net/ethernet/realtek/built-in.a
  AR      drivers/net/ethernet/rocker/built-in.a
  AR      drivers/net/ethernet/samsung/built-in.a
  AR      drivers/net/ethernet/seeq/built-in.a
  AR      drivers/net/ethernet/silan/built-in.a
  AR      drivers/net/ethernet/sis/built-in.a
  AR      drivers/net/ethernet/sfc/built-in.a
  AR      drivers/net/ethernet/smsc/built-in.a
  AR      drivers/net/ethernet/socionext/built-in.a
  CC      net/ipv6/mcast_snoop.o
  AR      drivers/net/ethernet/stmicro/built-in.a
  AR      drivers/net/ethernet/sun/built-in.a
  AR      drivers/net/ethernet/tehuti/built-in.a
  AR      drivers/net/ethernet/ti/built-in.a
  AR      drivers/net/ethernet/via/built-in.a
  AR      drivers/net/ethernet/wangxun/built-in.a
  AR      drivers/net/ethernet/wiznet/built-in.a
  AR      drivers/net/ethernet/xilinx/built-in.a
  AR      drivers/net/ethernet/synopsys/built-in.a
  AR      drivers/net/ethernet/pensando/built-in.a
  AR      drivers/net/ethernet/built-in.a
  AR      drivers/net/built-in.a
  CC      drivers/ptp/ptp_vclock.o
  CC      drivers/hwmon/hwmon.o
  CC      drivers/usb/core/generic.o
  CC      drivers/usb/host/xhci-debugfs.o
  AR      fs/tracefs/built-in.a
  CC      fs/ext4/resize.o
  CC      kernel/trace/trace_eprobe.o
  CC      net/mac80211/parse.o
  AR      fs/debugfs/built-in.a
  AR      drivers/power/supply/built-in.a
  CC      drivers/ptp/ptp_kvm_x86.o
  CC      drivers/thermal/thermal_core.o
  AR      drivers/power/built-in.a
  CC      net/ipv4/ipconfig.o
  CC      drivers/thermal/thermal_sysfs.o
  CC      fs/ext4/super.o
  CC      net/mac80211/wme.o
  CC      drivers/ptp/ptp_kvm_common.o
  CC      drivers/usb/core/quirks.o
  CC      drivers/usb/core/devices.o
  CC      drivers/usb/host/xhci-pci.o
  CC      drivers/thermal/thermal_trip.o
  CC      net/mac80211/chan.o
  CC      kernel/trace/error_report-traces.o
  AR      net/ipv6/built-in.a
  CC      kernel/trace/power-traces.o
  CC      net/ipv4/netfilter.o
  CC      drivers/thermal/thermal_helpers.o
  CC      drivers/thermal/thermal_thresholds.o
  AR      drivers/hwmon/built-in.a
  AR      drivers/watchdog/built-in.a
  CC      kernel/trace/rpm-traces.o
  CC      drivers/usb/core/phy.o
  AR      drivers/ptp/built-in.a
  CC      kernel/trace/trace_dynevent.o
  CC      kernel/trace/trace_probe.o
  CC      drivers/thermal/thermal_netlink.o
  CC      fs/ext4/symlink.o
  CC      net/mac80211/ap.o
  CC      kernel/trace/trace_uprobe.o
  AR      net/ipv4/netfilter/built-in.a
  CC      drivers/md/md.o
  CC      drivers/usb/core/port.o
  CC      net/ipv4/cipso_ipv4.o
  CC      drivers/thermal/thermal_hwmon.o
  CC      drivers/md/md-bitmap.o
  AR      drivers/usb/host/built-in.a
  CC      drivers/cpufreq/cpufreq.o
  CC      drivers/cpufreq/freq_table.o
  CC      net/ipv4/xfrm4_policy.o
  CC      drivers/thermal/gov_step_wise.o
  CC      net/mac80211/trace.o
  CC      drivers/usb/core/trace.o
  CC      drivers/md/md-autodetect.o
  AR      drivers/thermal/broadcom/built-in.a
  CC      drivers/usb/core/hcd-pci.o
  AR      drivers/mmc/built-in.a
  CC      drivers/cpufreq/cpufreq_performance.o
  AR      drivers/thermal/renesas/built-in.a
  AR      drivers/thermal/samsung/built-in.a
  AR      kernel/trace/built-in.a
  CC      drivers/thermal/intel/intel_tcc.o
  AR      kernel/built-in.a
  CC      net/ipv4/xfrm4_state.o
  CC      net/mac80211/mlme.o
  AR      drivers/thermal/st/built-in.a
  CC      fs/ext4/sysfs.o
  AR      drivers/thermal/qcom/built-in.a
  CC      drivers/thermal/intel/therm_throt.o
  CC      drivers/cpufreq/cpufreq_userspace.o
  CC      fs/ext4/xattr.o
  AR      drivers/thermal/tegra/built-in.a
  CC      net/mac80211/tdls.o
  AR      drivers/ufs/built-in.a
  AR      drivers/thermal/mediatek/built-in.a
  CC      net/ipv4/xfrm4_input.o
  CC      net/mac80211/ocb.o
  CC      fs/ext4/xattr_hurd.o
  AR      drivers/thermal/spacemit/built-in.a
  CC      net/ipv4/xfrm4_output.o
  AR      drivers/usb/core/built-in.a
  CC      net/ipv4/xfrm4_protocol.o
  AR      drivers/usb/built-in.a
  CC      drivers/md/dm.o
  CC      drivers/firmware/dmi_scan.o
  CC      drivers/cpufreq/cpufreq_ondemand.o
  CC      drivers/cpufreq/cpufreq_governor.o
  CC      drivers/firmware/memmap.o
  CC      net/mac80211/airtime.o
  AR      drivers/thermal/intel/built-in.a
  AR      drivers/thermal/built-in.a
  CC      fs/ext4/xattr_trusted.o
  CC      drivers/md/dm-table.o
  CC      fs/ext4/fast_commit.o
  CC      fs/ext4/xattr_user.o
  CC      fs/ext4/orphan.o
  CC      drivers/cpufreq/cpufreq_governor_attr_set.o
  AR      drivers/firmware/arm_ffa/built-in.a
  AR      drivers/firmware/arm_scmi/built-in.a
  AR      drivers/firmware/broadcom/built-in.a
  AR      drivers/firmware/cirrus/test/built-in.a
  AR      drivers/firmware/cirrus/built-in.a
  AR      drivers/firmware/meson/built-in.a
  AR      drivers/firmware/microchip/built-in.a
  CC      drivers/md/dm-target.o
  AR      drivers/firmware/efi/built-in.a
  AR      drivers/firmware/imx/built-in.a
  AR      drivers/firmware/psci/built-in.a
  AR      drivers/firmware/qcom/built-in.a
  AR      drivers/firmware/samsung/built-in.a
  AR      drivers/firmware/smccc/built-in.a
  AR      net/ipv4/built-in.a
  AR      drivers/firmware/tegra/built-in.a
  AR      drivers/firmware/xilinx/built-in.a
  AR      drivers/firmware/built-in.a
  CC      net/mac80211/eht.o
  CC      fs/ext4/acl.o
  CC      net/mac80211/uhr.o
  CC      drivers/cpufreq/intel_pstate.o
  CC      net/mac80211/nan.o
  CC      drivers/md/dm-linear.o
  CC      fs/ext4/xattr_security.o
  AR      drivers/crypto/stm32/built-in.a
  AR      drivers/crypto/inside-secure/eip93/built-in.a
  AR      drivers/crypto/inside-secure/built-in.a
  CC      net/mac80211/pm.o
  AR      drivers/crypto/xilinx/built-in.a
  AR      drivers/crypto/hisilicon/built-in.a
  AR      drivers/crypto/intel/keembay/built-in.a
  AR      drivers/crypto/intel/ixp4xx/built-in.a
  AR      drivers/crypto/intel/built-in.a
  AR      drivers/crypto/starfive/built-in.a
  AR      drivers/crypto/cavium/built-in.a
  AR      drivers/crypto/ti/built-in.a
  AR      drivers/crypto/built-in.a
  CC      drivers/md/dm-stripe.o
  CC      drivers/clocksource/i8253.o
  CC      net/mac80211/rc80211_minstrel_ht.o
  CC      drivers/hid/hid-core.o
  CC      net/mac80211/wbrf.o
  CC      drivers/hid/hid-input.o
  CC      drivers/md/dm-ioctl.o
  CC      drivers/hid/hid-quirks.o
  AR      drivers/clocksource/built-in.a
  AR      drivers/platform/x86/amd/built-in.a
  AR      fs/ext4/built-in.a
  AR      drivers/platform/x86/lenovo/built-in.a
  AR      drivers/platform/x86/intel/built-in.a
  AR      drivers/platform/x86/uniwill/built-in.a
  AR      fs/built-in.a
  CC      drivers/platform/x86/p2sb.o
  AR      drivers/platform/surface/built-in.a
  AR      net/mac80211/tests/built-in.a
  AR      drivers/virt/vboxguest/built-in.a
  CC      drivers/hid/hid-debug.o
  AR      drivers/virt/coco/built-in.a
  AR      drivers/virt/built-in.a
  CC      drivers/md/dm-io.o
  AR      drivers/platform/x86/tuxedo/nb04/built-in.a
  AR      drivers/platform/x86/tuxedo/built-in.a
  AR      drivers/perf/built-in.a
  AR      drivers/hwtracing/intel_th/built-in.a
  CC      drivers/md/dm-kcopyd.o
  AR      drivers/cpufreq/built-in.a
  CC      drivers/hid/hidraw.o
  CC      drivers/md/dm-sysfs.o
  AR      drivers/android/built-in.a
  CC      drivers/nvmem/core.o
  AR      drivers/platform/x86/built-in.a
  AR      drivers/platform/built-in.a
  AR      drivers/resctrl/built-in.a
  CC      drivers/hid/hid-generic.o
  AR      drivers/nvmem/layouts/built-in.a
  CC      drivers/md/dm-stats.o
  CC      drivers/hid/hid-gyration.o
  CC      drivers/hid/hid-pl.o
  CC      drivers/md/dm-rq.o
  CC      drivers/md/dm-io-rewind.o
  CC      drivers/md/dm-builtin.o
  CC      drivers/hid/hid-petalynx.o
  CC      drivers/hid/hid-sunplus.o
  CC      drivers/hid/hid-topseed.o
  AR      drivers/nvmem/built-in.a
  AR      drivers/hid/built-in.a
  AR      drivers/md/built-in.a
  AR      drivers/built-in.a
  AR      net/mac80211/built-in.a
  AR      net/built-in.a
  AR      built-in.a
  AR      built-in-fixup.a
  COPY    vmlinux.a
  LD      vmlinux.o
  GEN     .vmlinux.objs
  MODPOST vmlinux.symvers
  CC      .vmlinux.export.o
  UPD     include/generated/utsversion.h
  CC      init/version-timestamp.o
  KSYMS   .tmp_vmlinux0.kallsyms.S
  AS      .tmp_vmlinux0.kallsyms.o
  LD      .tmp_vmlinux1
  NM      .tmp_vmlinux1.syms
  KSYMS   .tmp_vmlinux1.kallsyms.S
  AS      .tmp_vmlinux1.kallsyms.o
  LD      .tmp_vmlinux2
  NM      .tmp_vmlinux2.syms
  KSYMS   .tmp_vmlinux2.kallsyms.S
  AS      .tmp_vmlinux2.kallsyms.o
  LD      vmlinux.unstripped
  NM      System.map
  SORTTAB vmlinux.unstripped
  OBJCOPY vmlinux
  GEN     modules.builtin.modinfo
  GEN     modules.builtin
  CC      arch/x86/boot/a20.o
  AS      arch/x86/boot/bioscall.o
  CC      arch/x86/boot/cmdline.o
  AS      arch/x86/boot/copy.o
  HOSTCC  arch/x86/boot/mkcpustr
  CC      arch/x86/boot/cpuflags.o
  CC      arch/x86/boot/cpucheck.o
  CC      arch/x86/boot/early_serial_console.o
  CC      arch/x86/boot/edd.o
  CC      arch/x86/boot/main.o
  CC      arch/x86/boot/memory.o
  CC      arch/x86/boot/pm.o
  AS      arch/x86/boot/pmjump.o
  CC      arch/x86/boot/printf.o
  CC      arch/x86/boot/regs.o
  CC      arch/x86/boot/string.o
  LDS     arch/x86/boot/compressed/vmlinux.lds
  CC      arch/x86/boot/tty.o
  CC      arch/x86/boot/video.o
  AS      arch/x86/boot/compressed/kernel_info.o
  AS      arch/x86/boot/compressed/head_32.o
  VOFFSET arch/x86/boot/compressed/../voffset.h
  CC      arch/x86/boot/compressed/string.o
  CC      arch/x86/boot/compressed/cmdline.o
  CC      arch/x86/boot/video-mode.o
  OBJCOPY arch/x86/boot/compressed/vmlinux.bin
  CC      arch/x86/boot/compressed/error.o
  RELOCS  arch/x86/boot/compressed/vmlinux.relocs
  HOSTCC  arch/x86/boot/compressed/mkpiggy
  CC      arch/x86/boot/compressed/cpuflags.o
  CC      arch/x86/boot/compressed/early_serial_console.o
  CC      arch/x86/boot/version.o
  CC      arch/x86/boot/compressed/kaslr.o
  CC      arch/x86/boot/video-vga.o
  GZIP    arch/x86/boot/compressed/vmlinux.bin.gz
  CC      arch/x86/boot/video-vesa.o
  CC      arch/x86/boot/video-bios.o
  CPUSTR  arch/x86/boot/cpustr.h
  CC      arch/x86/boot/cpu.o
  CC      arch/x86/boot/compressed/misc.o
  MKPIGGY arch/x86/boot/compressed/piggy.S
  AS      arch/x86/boot/compressed/piggy.o
  LD      arch/x86/boot/compressed/vmlinux
  ZOFFSET arch/x86/boot/zoffset.h
  OBJCOPY arch/x86/boot/vmlinux.bin
  AS      arch/x86/boot/header.o
  LD      arch/x86/boot/setup.elf
  OBJCOPY arch/x86/boot/setup.bin
  BUILD   arch/x86/boot/bzImage
Kernel: arch/x86/boot/bzImage is ready  (#1)
make[5]: Leaving directory '/home/benni/git/kernel-test-stable-rc/build/randdefnsconfig-i386'
make[4]: Leaving directory '/home/benni/git/linux-stable-rc'
