make[4]: Entering directory '/mnt/git-volume/linux-mainline'
make[5]: Entering directory '/mnt/git-volume/kernel-test-mainline/build/randdefconfig-i386'
*** Default configuration is based on 'i386_defconfig'
#
# configuration written to .config
#
make[5]: Leaving directory '/mnt/git-volume/kernel-test-mainline/build/randdefconfig-i386'
make[4]: Leaving directory '/mnt/git-volume/linux-mainline'
make[4]: Entering directory '/mnt/git-volume/linux-mainline'
make[5]: Entering directory '/mnt/git-volume/kernel-test-mainline/build/randdefconfig-i386'
.config:5257:warning: override: reassigning to symbol EFIVAR_FS
.config:5258:warning: override: reassigning to symbol GENERIC_CLOCKEVENTS
.config:5259:warning: override: reassigning to symbol PARAVIRT
.config:5260:warning: override: reassigning to symbol X86_DISABLED_FEATURE_PCID
.config:5261:warning: override: reassigning to symbol IOSF_MBI
.config:5262:warning: override: reassigning to symbol ATA_FORCE
.config:5263:warning: override: reassigning to symbol RTC_INTF_DEV
.config:5264:warning: override: reassigning to symbol E1000
.config:5265:warning: override: reassigning to symbol ARCH_HAS_FORTIFY_SOURCE
.config:5266:warning: override: reassigning to symbol WLAN_VENDOR_MICROCHIP
.config:5267:warning: override: reassigning to symbol ARCH_WANT_IRQS_OFF_ACTIVATE_MM
.config:5268:warning: override: reassigning to symbol HAVE_PERF_EVENTS
.config:5269:warning: override: reassigning to symbol HOTPLUG_SMT
.config:5270:warning: override: reassigning to symbol MICROCODE_INITRD32
.config:5271:warning: override: reassigning to symbol EXT4_FS
.config:5272:warning: override: reassigning to symbol INET6_AH
.config:5273:warning: override: reassigning to symbol VMCORE_INFO
.config:5274:warning: override: reassigning to symbol HAVE_DYNAMIC_FTRACE
.config:5275:warning: override: reassigning to symbol ACPI_SYSTEM_POWER_STATES_SUPPORT
.config:5276:warning: override: reassigning to symbol NF_CONNTRACK_SECMARK
.config:5277:warning: override: reassigning to symbol RCU_NEED_SEGCBLIST
.config:5278:warning: override: reassigning to symbol MSDOS_FS
.config:5279:warning: override: reassigning to symbol USB_EHCI_HCD
.config:5280:warning: override: reassigning to symbol HAVE_RETHOOK
.config:5281:warning: override: reassigning to symbol INTEL_TCC
.config:5282:warning: override: reassigning to symbol RELAY
.config:5283:warning: override: reassigning to symbol DRM_DISPLAY_DSC_HELPER
.config:5284:warning: override: reassigning to symbol MAC80211_RC_MINSTREL
.config:5285:warning: override: reassigning to symbol GENERIC_ISA_DMA
.config:5286:warning: override: reassigning to symbol HAVE_DEBUG_STACKOVERFLOW
.config:5287:warning: override: reassigning to symbol CLZ_TAB
.config:5288:warning: override: reassigning to symbol ZONE_DMA
.config:5289:warning: override: reassigning to symbol CPU_FREQ_GOV_ATTR_SET
.config:5290:warning: override: reassigning to symbol IP_MROUTE
.config:5291:warning: override: reassigning to symbol X86_HAVE_PAE
.config:5292:warning: override: reassigning to symbol NET_VENDOR_FUNGIBLE
.config:5293:warning: override: reassigning to symbol SLUB
.config:5294:warning: override: reassigning to symbol RD_LZMA
.config:5295:warning: override: reassigning to symbol NLS_ASCII
.config:5296:warning: override: reassigning to symbol HAVE_FTRACE_GRAPH_FUNC
.config:5297:warning: override: reassigning to symbol PACKET
.config:5298:warning: override: reassigning to symbol HAVE_PERF_REGS
.config:5299:warning: override: reassigning to symbol FILE_LOCKING
.config:5300:warning: override: reassigning to symbol DST_CACHE
.config:5301:warning: override: reassigning to symbol IPC_NS
.config:5302:warning: override: reassigning to symbol X86
.config:5303:warning: override: reassigning to symbol PPS
.config:5304:warning: override: reassigning to symbol DRM_PANEL
.config:5305:warning: override: reassigning to symbol IO_URING_BPF
.config:5306:warning: override: reassigning to symbol BLK_DEV_BSG_COMMON
.config:5307:warning: override: reassigning to symbol PHY_PACKAGE
.config:5308:warning: override: reassigning to symbol ARCH_HAS_SYNC_CORE_BEFORE_USERMODE
.config:5309:warning: override: reassigning to symbol WLAN_VENDOR_ATMEL
.config:5310:warning: override: reassigning to symbol XFRM
.config:5311:warning: override: reassigning to symbol CGROUP_HUGETLB
.config:5312:warning: override: reassigning to symbol PNFS_BLOCK
.config:5313:warning: override: reassigning to symbol NET_RX_BUSY_POLL
.config:5314:warning: override: reassigning to symbol X86_DEBUG_FPU
.config:5315:warning: override: reassigning to symbol MAC_EMUMOUSEBTN
.config:5316:warning: override: reassigning to symbol X86_MSR
.config:5317:warning: override: reassigning to symbol MOUSE_PS2_SYNAPTICS
.config:5318:warning: override: reassigning to symbol DMA_ENGINE
.config:5319:warning: override: reassigning to symbol ARCH_HAS_PTE_SPECIAL
.config:5320:warning: override: reassigning to symbol NET_CLS
.config:5321:warning: override: reassigning to symbol IO_URING_ZCRX
.config:5322:warning: override: reassigning to symbol X86_REQUIRED_FEATURE_CX8
.config:5323:warning: override: reassigning to symbol SND
.config:5324:warning: override: reassigning to symbol HAVE_SYSCALL_TRACEPOINTS
.config:5325:warning: override: reassigning to symbol NET_PTP_CLASSIFY
.config:5326:warning: override: reassigning to symbol SYSTEM_DATA_VERIFICATION
.config:5327:warning: override: reassigning to symbol MITIGATION_SPECTRE_V1
.config:5328:warning: override: reassigning to symbol IP_PNP_RARP
.config:5329:warning: override: reassigning to symbol CRYPTO_HMAC
.config:5330:warning: override: reassigning to symbol FAILOVER
.config:5331:warning: override: reassigning to symbol HID_PID
.config:5332:warning: override: reassigning to symbol PATA_MPIIX
.config:5333:warning: override: reassigning to symbol NVMEM
.config:5334:warning: override: reassigning to symbol HAVE_ACPI_APEI_NMI
.config:5335:warning: override: reassigning to symbol SCHED_MC_PRIO
.config:5336:warning: override: reassigning to symbol PATA_TIMINGS
.config:5337:warning: override: reassigning to symbol KRETPROBE_ON_RETHOOK
.config:5338:warning: override: reassigning to symbol ARCH_HAS_DEBUG_VM_PGTABLE
.config:5339:warning: override: reassigning to symbol HAVE_DMA_CONTIGUOUS
.config:5340:warning: override: reassigning to symbol X86_NEED_RELOCS
.config:5341:warning: override: reassigning to symbol NET_VENDOR_OKI
.config:5342:warning: override: reassigning to symbol NF_LOG_SYSLOG
.config:5343:warning: override: reassigning to symbol MITIGATION_RETBLEED
.config:5344:warning: override: reassigning to symbol HAS_DMA
.config:5345:warning: override: reassigning to symbol FIRMWARE_TABLE
.config:5346:warning: override: reassigning to symbol UCS2_STRING
.config:5347:warning: override: reassigning to symbol VGA_ARB
.config:5348:warning: override: reassigning to symbol XARRAY_MULTI
.config:5349:warning: override: reassigning to symbol CRYPTO_AUTHENC
.config:5350:warning: override: reassigning to symbol NETFILTER_XTABLES
.config:5351:warning: override: reassigning to symbol ZLIB_DEFLATE
.config:5352:warning: override: reassigning to symbol TMPFS_POSIX_ACL
.config:5353:warning: override: reassigning to symbol ARCH_HAS_MEM_ENCRYPT
.config:5354:warning: override: reassigning to symbol X86_DISABLED_FEATURE_LAM
.config:5355:warning: override: reassigning to symbol PAGE_SIZE_4KB
.config:5356:warning: override: reassigning to symbol PCIEPORTBUS
.config:5357:warning: override: reassigning to symbol ARCH_HIBERNATION_HEADER
.config:5358:warning: override: reassigning to symbol HAS_IOMEM
.config:5359:warning: override: reassigning to symbol FW_LOADER
.config:5360:warning: override: reassigning to symbol WLAN_VENDOR_RALINK
.config:5361:warning: override: reassigning to symbol NET_POLL_CONTROLLER
.config:5362:warning: override: reassigning to symbol E100
.config:5363:warning: override: reassigning to symbol JOLIET
.config:5364:warning: override: reassigning to symbol HAS_IOPORT
.config:5365:warning: override: reassigning to symbol CONNECTOR
.config:5366:warning: override: reassigning to symbol PERF_EVENTS_INTEL_RAPL
.config:5367:warning: override: reassigning to symbol MOUSE_PS2
.config:5368:warning: override: reassigning to symbol X86_HV_CALLBACK_VECTOR
.config:5369:warning: override: reassigning to symbol XZ_DEC_RISCV
.config:5370:warning: override: reassigning to symbol X86_DISABLED_FEATURE_LASS
.config:5371:warning: override: reassigning to symbol WLAN_VENDOR_ST
.config:5372:warning: override: reassigning to symbol DECOMPRESS_GZIP
.config:5373:warning: override: reassigning to symbol SCHED_INFO
.config:5374:warning: override: reassigning to symbol X86_ESPFIX32
.config:5375:warning: override: reassigning to symbol NF_CONNTRACK_FTP
.config:5376:warning: override: reassigning to symbol USB
.config:5377:warning: override: reassigning to symbol NET_9P
.config:5378:warning: override: reassigning to symbol I2C_ALGOBIT
.config:5379:warning: override: reassigning to symbol NEW_LEDS
.config:5380:warning: override: reassigning to symbol HAVE_MMIOTRACE_SUPPORT
.config:5381:warning: override: reassigning to symbol CRYPTO_ALGAPI2
.config:5382:warning: override: reassigning to symbol GENERIC_CLOCKEVENTS_MIN_ADJUST
.config:5383:warning: override: reassigning to symbol NET_VENDOR_DEC
.config:5384:warning: override: reassigning to symbol ARCH_SUPPORTS_KEXEC_JUMP
.config:5385:warning: override: reassigning to symbol PT_RECLAIM
.config:5386:warning: override: reassigning to symbol HAVE_GENERIC_VDSO
.config:5387:warning: override: reassigning to symbol ARCH_SUPPORTS_KEXEC_BZIMAGE_VERIFY_SIG
.config:5388:warning: override: reassigning to symbol IOMMU_SUPPORT
.config:5389:warning: override: reassigning to symbol PADATA
.config:5390:warning: override: reassigning to symbol VIRTIO_PCI_LIB
.config:5391:warning: override: reassigning to symbol EPROBE_EVENTS
.config:5392:warning: override: reassigning to symbol DEBUG_DEVRES
.config:5393:warning: override: reassigning to symbol NET_VENDOR_NATSEMI
.config:5394:warning: override: reassigning to symbol PRINTK_TIME
.config:5395:warning: override: reassigning to symbol BLOCK_LEGACY_AUTOLOAD
.config:5396:warning: override: reassigning to symbol DECOMPRESS_LZMA
.config:5397:warning: override: reassigning to symbol USB_HIDDEV
.config:5398:warning: override: reassigning to symbol SERIAL_8250_DETECT_IRQ
.config:5399:warning: override: reassigning to symbol NET_VENDOR_SAMSUNG
.config:5400:warning: override: reassigning to symbol CPU_FREQ_GOV_USERSPACE
.config:5401:warning: override: reassigning to symbol DQL
.config:5402:warning: override: reassigning to symbol AS_IS_GNU
.config:5403:warning: override: reassigning to symbol RTC_SYSTOHC
.config:5404:warning: override: reassigning to symbol EARLY_PRINTK
.config:5405:warning: override: reassigning to symbol CPU_FREQ_GOV_ONDEMAND
.config:5406:warning: override: reassigning to symbol FRAME_POINTER
.config:5407:warning: override: reassigning to symbol RWSEM_SPIN_ON_OWNER
.config:5408:warning: override: reassigning to symbol DEBUG_KERNEL
.config:5409:warning: override: reassigning to symbol NFS_COMMON
.config:5410:warning: override: reassigning to symbol COREDUMP
.config:5411:warning: override: reassigning to symbol FREEZER
.config:5412:warning: override: reassigning to symbol EXT4_FS_POSIX_ACL
.config:5413:warning: override: reassigning to symbol INSTRUCTION_DECODER
.config:5414:warning: override: reassigning to symbol MMU_NOTIFIER
.config:5415:warning: override: reassigning to symbol HAVE_PERF_EVENTS_NMI
.config:5416:warning: override: reassigning to symbol CRYPTO_CTS
.config:5417:warning: override: reassigning to symbol M686
.config:5418:warning: override: reassigning to symbol HAVE_EFFICIENT_UNALIGNED_ACCESS
.config:5419:warning: override: reassigning to symbol VIRTIO_MENU
.config:5420:warning: override: reassigning to symbol SND_HDA_CORE
.config:5421:warning: override: reassigning to symbol NET_TULIP
.config:5422:warning: override: reassigning to symbol TCP_CONG_CUBIC
.config:5423:warning: override: reassigning to symbol NET_VENDOR_WANGXUN
.config:5424:warning: override: reassigning to symbol UPROBE_EVENTS
.config:5425:warning: override: reassigning to symbol X86_VMX_FEATURE_NAMES
.config:5426:warning: override: reassigning to symbol OLD_SIGSUSPEND3
.config:5427:warning: override: reassigning to symbol XZ_DEC_ARMTHUMB
.config:5428:warning: override: reassigning to symbol CGROUP_SCHED
.config:5429:warning: override: reassigning to symbol GCC_ASM_GOTO_OUTPUT_BROKEN
.config:5430:warning: override: reassigning to symbol MODULES
.config:5431:warning: override: reassigning to symbol LZ4_COMPRESS
.config:5432:warning: override: reassigning to symbol HWMON
.config:5433:warning: override: reassigning to symbol INPUT_TOUCHSCREEN
.config:5434:warning: override: reassigning to symbol AF_UNIX_OOB
.config:5435:warning: override: reassigning to symbol SMP
.config:5436:warning: override: reassigning to symbol NET_VENDOR_SYNOPSYS
.config:5437:warning: override: reassigning to symbol BLK_DEV_WRITE_MOUNTED
.config:5438:warning: override: reassigning to symbol LOCK_DEBUGGING_SUPPORT
.config:5439:warning: override: reassigning to symbol PROVIDE_OHCI1394_DMA_INIT
.config:5440:warning: override: reassigning to symbol NF_LOG_IPV4
.config:5441:warning: override: reassigning to symbol PTP_1588_CLOCK
.config:5442:warning: override: reassigning to symbol INTERVAL_TREE
.config:5443:warning: override: reassigning to symbol BLK_CGROUP_IOCOST
.config:5444:warning: override: reassigning to symbol WLAN_VENDOR_ADMTEK
.config:5445:warning: override: reassigning to symbol KVFREE_RCU_BATCHED
.config:5446:warning: override: reassigning to symbol CPU_SUP_AMD
.config:5447:warning: override: reassigning to symbol X86_DISABLED_FEATURE_SEV_SNP
.config:5448:warning: override: reassigning to symbol NFS_V3_ACL
.config:5449:warning: override: reassigning to symbol IRQ_FORCED_THREADING
.config:5450:warning: override: reassigning to symbol CGROUP_NET_CLASSID
.config:5451:warning: override: reassigning to symbol ARCH_HAS_KERNEL_FPU_SUPPORT
.config:5452:warning: override: reassigning to symbol HOTPLUG_CORE_SYNC
.config:5453:warning: override: reassigning to symbol SERIAL_8250_MANY_PORTS
.config:5454:warning: override: reassigning to symbol XXHASH
.config:5455:warning: override: reassigning to symbol PAGE_MAPCOUNT
.config:5456:warning: override: reassigning to symbol ACPI_FAN
.config:5457:warning: override: reassigning to symbol SECURITY_SELINUX_DEVELOP
.config:5458:warning: override: reassigning to symbol FS_POSIX_ACL
.config:5459:warning: override: reassigning to symbol ZSTD_COMMON
.config:5460:warning: override: reassigning to symbol NO_HZ
.config:5461:warning: override: reassigning to symbol USB_OHCI_LITTLE_ENDIAN
.config:5462:warning: override: reassigning to symbol POSIX_MQUEUE
.config:5463:warning: override: reassigning to symbol PCI_DOMAINS
.config:5464:warning: override: reassigning to symbol CC_OPTIMIZE_FOR_PERFORMANCE
.config:5465:warning: override: reassigning to symbol CC_HAS_NAMED_AS
.config:5466:warning: override: reassigning to symbol INPUT
.config:5467:warning: override: reassigning to symbol TIGON3
.config:5468:warning: override: reassigning to symbol SND_INTEL_DSP_CONFIG
.config:5469:warning: override: reassigning to symbol KEXEC
.config:5470:warning: override: reassigning to symbol MITIGATION_SPECTRE_V2
.config:5471:warning: override: reassigning to symbol SUNRPC
.config:5472:warning: override: reassigning to symbol ARCH_USE_MEMTEST
.config:5473:warning: override: reassigning to symbol GENERIC_GETTIMEOFDAY
.config:5474:warning: override: reassigning to symbol X86_AMD_PSTATE
.config:5475:warning: override: reassigning to symbol EDAC_SUPPORT
.config:5476:warning: override: reassigning to symbol DMA_OPS_HELPERS
.config:5477:warning: override: reassigning to symbol CACHESTAT_SYSCALL
.config:5478:warning: override: reassigning to symbol MMU
.config:5479:warning: override: reassigning to symbol CC_NO_ARRAY_BOUNDS
.config:5480:warning: override: reassigning to symbol CRYPTO_AES
.config:5481:warning: override: reassigning to symbol ARCH_SUPPORTS_MEMORY_FAILURE
.config:5482:warning: override: reassigning to symbol NF_REJECT_IPV6
.config:5483:warning: override: reassigning to symbol HAVE_FUNCTION_ARG_ACCESS_API
.config:5484:warning: override: reassigning to symbol HID_SUNPLUS
.config:5485:warning: override: reassigning to symbol ARCH_HAS_ELF_RANDOMIZE
.config:5486:warning: override: reassigning to symbol ARCH_USE_MEMREMAP_PROT
.config:5487:warning: override: reassigning to symbol ARCH_SUPPORTS_UPROBES
.config:5488:warning: override: reassigning to symbol CLONE_BACKWARDS
.config:5489:warning: override: reassigning to symbol CC_IS_GCC
.config:5490:warning: override: reassigning to symbol SND_HDA_I915
.config:5491:warning: override: reassigning to symbol IP_MULTIPLE_TABLES
.config:5492:warning: override: reassigning to symbol RCU_TRACE
.config:5493:warning: override: reassigning to symbol SERIAL_8250_SHARE_IRQ
.config:5494:warning: override: reassigning to symbol PM
.config:5495:warning: override: reassigning to symbol CPU_SUP_ZHAOXIN
.config:5496:warning: override: reassigning to symbol CPU_ISOLATION
.config:5497:warning: override: reassigning to symbol ROOT_NFS
.config:5498:warning: override: reassigning to symbol HAS_SECURITY_AUDIT
.config:5499:warning: override: reassigning to symbol JBD2
.config:5500:warning: override: reassigning to symbol TRACING
.config:5501:warning: override: reassigning to symbol STACKPROTECTOR_STRONG
.config:5502:warning: override: reassigning to symbol ACPI_THERMAL_LIB
.config:5503:warning: override: reassigning to symbol DECOMPRESS_BZIP2
.config:5504:warning: override: reassigning to symbol IPV6
.config:5505:warning: override: reassigning to symbol MICROCODE
.config:5506:warning: override: reassigning to symbol GENERIC_MSI_IRQ
.config:5507:warning: override: reassigning to symbol ELFCORE
.config:5508:warning: override: reassigning to symbol ARCH_CPUIDLE_HALTPOLL
.config:5509:warning: override: reassigning to symbol EXT4_USE_FOR_EXT2
.config:5510:warning: override: reassigning to symbol X86_BOOTPARAM_MEMORY_CORRUPTION_CHECK
.config:5511:warning: override: reassigning to symbol MMU_GATHER_MERGE_VMAS
.config:5512:warning: override: reassigning to symbol HAVE_OPTPROBES
.config:5513:warning: override: reassigning to symbol SERIAL_8250_LPSS
.config:5514:warning: override: reassigning to symbol NET_VENDOR_MUCSE
.config:5515:warning: override: reassigning to symbol ARCH_FLATMEM_ENABLE
.config:5516:warning: override: reassigning to symbol CPU_FREQ_GOV_PERFORMANCE
.config:5517:warning: override: reassigning to symbol MOUSE_PS2_BYD
.config:5518:warning: override: reassigning to symbol GPU_BUDDY
.config:5519:warning: override: reassigning to symbol FHANDLE
.config:5520:warning: override: reassigning to symbol ETHTOOL_NETLINK
.config:5521:warning: override: reassigning to symbol DYNAMIC_SIGFRAME
.config:5522:warning: override: reassigning to symbol ARCH_HIBERNATION_POSSIBLE
.config:5523:warning: override: reassigning to symbol SCHEDSTATS
.config:5524:warning: override: reassigning to symbol NF_NAT_SIP
.config:5525:warning: override: reassigning to symbol CPU_SUP_TRANSMETA_32
.config:5526:warning: override: reassigning to symbol VIRTIO_PCI_LIB_LEGACY
.config:5527:warning: override: reassigning to symbol IP_MULTICAST
.config:5528:warning: override: reassigning to symbol EARLY_PRINTK_DBGP
.config:5529:warning: override: reassigning to symbol MAC80211_RC_DEFAULT_MINSTREL
.config:5530:warning: override: reassigning to symbol RPCSEC_GSS_KRB5
.config:5531:warning: override: reassigning to symbol EXCLUSIVE_SYSTEM_RAM
.config:5532:warning: override: reassigning to symbol RFS_ACCEL
.config:5533:warning: override: reassigning to symbol EFI_CAPSULE_QUIRK_QUARK_CSH
.config:5534:warning: override: reassigning to symbol PCMCIA
.config:5535:warning: override: reassigning to symbol CROSS_MEMORY_ATTACH
.config:5536:warning: override: reassigning to symbol SND_DRIVERS
.config:5537:warning: override: reassigning to symbol DMA_ACPI
.config:5538:warning: override: reassigning to symbol TASKSTATS
.config:5539:warning: override: reassigning to symbol GENERIC_IRQ_PROBE
.config:5540:warning: override: reassigning to symbol CRYPTO_LIB_AES
.config:5541:warning: override: reassigning to symbol PM_SLEEP
.config:5542:warning: override: reassigning to symbol GENERIC_IRQ_SHOW
.config:5543:warning: override: reassigning to symbol NETFILTER_NETLINK
.config:5544:warning: override: reassigning to symbol THERMAL
.config:5545:warning: override: reassigning to symbol KERNEL_GZIP
.config:5546:warning: override: reassigning to symbol HAVE_UNSTABLE_SCHED_CLOCK
.config:5547:warning: override: reassigning to symbol RD_GZIP
.config:5548:warning: override: reassigning to symbol KPROBE_EVENTS
.config:5549:warning: override: reassigning to symbol MTRR
.config:5550:warning: override: reassigning to symbol FLATMEM
.config:5551:warning: override: reassigning to symbol HAVE_PV_STEAL_CLOCK_GEN
.config:5552:warning: override: reassigning to symbol MMU_GATHER_TABLE_FREE
.config:5553:warning: override: reassigning to symbol UNINLINE_SPIN_UNLOCK
.config:5554:warning: override: reassigning to symbol EVENTFD
.config:5555:warning: override: reassigning to symbol CC_HAS_KASAN_GENERIC
.config:5556:warning: override: reassigning to symbol ATA
.config:5570:warning: override: reassigning to symbol PRINTK
.config:5574:warning: override: reassigning to symbol TTY
.config:5577:warning: override: reassigning to symbol BLK_DEV_INITRD
.config:5578:warning: override: reassigning to symbol RD_GZIP
.config:5581:warning: override: reassigning to symbol BINFMT_ELF
.config:5582:warning: override: reassigning to symbol BINFMT_SCRIPT
.config:5585:warning: override: reassigning to symbol TMPFS
.config:5588:warning: override: reassigning to symbol KERNEL_GZIP
.config:5591:warning: override: reassigning to symbol DRM
.config:5592:warning: override: reassigning to symbol SOUND
.config:5593:warning: override: reassigning to symbol STAGING
.config:5594:warning: override: reassigning to symbol INFINIBAND
.config:5595:warning: override: reassigning to symbol MEDIA_SUPPORT
.config:5597:warning: override: reassigning to symbol SERIAL_8250
.config:5598:warning: override: reassigning to symbol SERIAL_8250_CONSOLE
#
# configuration written to .config
#
make[5]: Leaving directory '/mnt/git-volume/kernel-test-mainline/build/randdefconfig-i386'
make[4]: Leaving directory '/mnt/git-volume/linux-mainline'
make[4]: Entering directory '/mnt/git-volume/linux-mainline'
make[5]: Entering directory '/mnt/git-volume/kernel-test-mainline/build/randdefconfig-i386'
  SYNC    include/config/auto.conf.cmd
  UPD     arch/x86/include/generated/asm/cpufeaturemasks.h
  HOSTCC  arch/x86/tools/relocs_32.o
  HOSTCC  arch/x86/tools/relocs_64.o
  HOSTCC  arch/x86/tools/relocs_common.o
  HOSTCC  arch/x86/tools/vdso2c
  HOSTLD  arch/x86/tools/relocs
  HOSTCC  scripts/selinux/mdp/mdp
  HOSTCC  scripts/kallsyms
  HOSTCC  scripts/sorttable.o
  HOSTCC  scripts/elf-parse.o
  HOSTCC  scripts/asn1_compiler
  HOSTCC  scripts/tracepoint-update.o
  HOSTLD  scripts/sorttable
  HOSTLD  scripts/tracepoint-update
  CC      scripts/mod/empty.o
  HOSTCC  scripts/mod/mk_elfconfig
  CC      scripts/mod/devicetable-offsets.s
  MKELF   scripts/mod/elfconfig.h
  HOSTCC  scripts/mod/modpost.o
  HOSTCC  scripts/mod/sumversion.o
  HOSTCC  scripts/mod/symsearch.o
  HOSTCC  scripts/mod/file2alias.o
  HOSTLD  scripts/mod/modpost
  CC      kernel/bounds.s
  UPD     include/generated/timeconst.h
  UPD     include/generated/bounds.h
  CC      arch/x86/kernel/asm-offsets.s
  UPD     include/generated/asm-offsets.h
  CC      kernel/sched/rq-offsets.s
  UPD     include/generated/rq-offsets.h
  CALL    /mnt/git-volume/linux-mainline/scripts/checksyscalls.sh 
  HOSTCC  usr/gen_init_cpio
  AS      arch/x86/entry/entry.o
  CC      init/main.o
  AS      arch/x86/entry/entry_32.o
  CC      arch/x86/entry/syscall_32.o
  GEN     usr/initramfs_data.cpio
  COPY    usr/initramfs_inc_data
  AS      usr/initramfs_data.o
  AR      usr/built-in.a
  CC      certs/system_keyring.o
  CC      kernel/fork.o
  HOSTCC  certs/extract-cert
  CERT    certs/x509_certificate_list
  CERT    certs/signing_key.x509
  AS      certs/system_certificates.o
  AR      certs/built-in.a
  CC      arch/x86/events/core.o
  CC      arch/x86/entry/common.o
  UPD     init/utsversion-tmp.h
  CC      init/do_mounts.o
  CC      arch/x86/entry/vdso/vma.o
  CC      kernel/exec_domain.o
  CC      arch/x86/events/probe.o
  CC      init/do_mounts_initrd.o
  CC      arch/x86/events/utils.o
  CC      kernel/exec_state.o
  CC      arch/x86/entry/vdso/extable.o
  CC      kernel/panic.o
  CC      init/initramfs.o
  CC      arch/x86/events/amd/core.o
  CC      arch/x86/entry/vdso/vdso32-setup.o
  CC      kernel/cpu.o
  LDS     arch/x86/entry/vdso/vdso32/vdso32.lds
  AS      arch/x86/entry/vdso/vdso32/note.o
  CC      arch/x86/entry/vdso/vdso32/vclock_gettime.o
  CC      init/calibrate.o
  CC      arch/x86/events/amd/lbr.o
  CC      init/init_task.o
  CC      arch/x86/entry/vdso/vdso32/vgetcpu.o
  AS      arch/x86/entry/vdso/vdso32/system_call.o
  AS      arch/x86/entry/vdso/vdso32/sigreturn.o
  CC      arch/x86/entry/vdso/vdso32/vfutex.o
  VDSO    arch/x86/entry/vdso/vdso32/vdso32.so.dbg
  OBJCOPY arch/x86/entry/vdso/vdso32/vdso32.so
  VDSO2C  arch/x86/entry/vdso/vdso32/vdso32-image.c
  CC      arch/x86/entry/vdso/vdso32/vdso32-image.o
  CC      kernel/exit.o
  CC      init/version.o
  AR      arch/x86/entry/vdso/vdso32/built-in.a
  AR      arch/x86/entry/vdso/built-in.a
  CC      arch/x86/events/amd/ibs.o
  AS      arch/x86/entry/thunk.o
  AR      arch/x86/entry/built-in.a
  CC      arch/x86/realmode/init.o
  AR      init/built-in.a
  AS      arch/x86/realmode/rm/header.o
  AS      arch/x86/realmode/rm/trampoline_32.o
  CC      mm/filemap.o
  AS      arch/x86/realmode/rm/stack.o
  AS      arch/x86/realmode/rm/reboot.o
  AS      arch/x86/realmode/rm/wakeup_asm.o
  CC      arch/x86/realmode/rm/wakemain.o
  CC      arch/x86/realmode/rm/video-mode.o
  AS      arch/x86/realmode/rm/copy.o
  CC      arch/x86/events/amd/uncore.o
  AS      arch/x86/realmode/rm/bioscall.o
  CC      arch/x86/realmode/rm/regs.o
  CC      kernel/softirq.o
  CC      arch/x86/realmode/rm/video-vga.o
  CC      arch/x86/realmode/rm/video-vesa.o
  CC      arch/x86/realmode/rm/video-bios.o
  PASYMS  arch/x86/realmode/rm/pasyms.h
  LDS     arch/x86/realmode/rm/realmode.lds
  LD      arch/x86/realmode/rm/realmode.elf
  RELOCS  arch/x86/realmode/rm/realmode.relocs
  OBJCOPY arch/x86/realmode/rm/realmode.bin
  AS      arch/x86/realmode/rmpiggy.o
  AR      arch/x86/realmode/built-in.a
  CC      mm/mempool.o
  AR      arch/x86/events/amd/built-in.a
  CC      arch/x86/events/msr.o
  CC      kernel/resource.o
  CC      mm/oom_kill.o
  CC      mm/fadvise.o
  CC      arch/x86/events/intel/core.o
  CC      kernel/sysctl.o
  CC      arch/x86/events/intel/bts.o
  CC      mm/maccess.o
  CC      kernel/capability.o
  CC      mm/page-writeback.o
  CC      arch/x86/events/intel/ds.o
  CC      kernel/ptrace.o
  CC      arch/x86/events/intel/knc.o
  CC      mm/folio-compat.o
  CC      kernel/user.o
  CC      arch/x86/events/intel/lbr.o
  CC      mm/readahead.o
  CC      kernel/signal.o
  CC      arch/x86/events/intel/p4.o
  CC      arch/x86/events/intel/p6.o
  CC      mm/swap.o
  CC      arch/x86/events/intel/pt.o
  CC      arch/x86/events/intel/uncore.o
  CC      kernel/sys.o
  CC      mm/truncate.o
  CC      arch/x86/events/intel/uncore_nhmex.o
  CC      arch/x86/events/intel/uncore_snb.o
  CC      kernel/umh.o
  CC      mm/vmscan.o
  CC      arch/x86/events/intel/uncore_snbep.o
  CC      arch/x86/events/intel/uncore_discovery.o
  CC      kernel/workqueue.o
  CC      arch/x86/events/intel/cstate.o
  CC      kernel/pid.o
  CC      mm/shrinker.o
  CC      mm/shmem.o
  AR      arch/x86/events/intel/built-in.a
  CC      arch/x86/events/zhaoxin/core.o
  CC      kernel/task_work.o
  AR      arch/x86/events/zhaoxin/built-in.a
  AR      arch/x86/events/built-in.a
  CC      arch/x86/mm/init.o
  CC      kernel/extable.o
  AS      arch/x86/kernel/head_32.o
  CC      arch/x86/kernel/head32.o
  CC      mm/util.o
  CC      arch/x86/kernel/ebda.o
  CC      kernel/params.o
  CC      arch/x86/mm/init_32.o
  CC      arch/x86/kernel/platform-quirks.o
  CC      mm/mmzone.o
  CC      kernel/kthread.o
  CC      arch/x86/kernel/process_32.o
  CC      arch/x86/mm/fault.o
  CC      mm/vmstat.o
  CC      arch/x86/kernel/signal.o
  CC      kernel/sys_ni.o
  CC      kernel/nsproxy.o
  CC      arch/x86/mm/ioremap.o
  CC      mm/backing-dev.o
  CC      arch/x86/kernel/signal_32.o
  CC      arch/x86/mm/extable.o
  CC      kernel/nstree.o
  CC      mm/mm_init.o
  CC      arch/x86/kernel/traps.o
  CC      arch/x86/mm/mmap.o
  CC      kernel/nscommon.o
  CC      mm/percpu.o
  CC      arch/x86/mm/pgtable.o
  CC      kernel/notifier.o
  CC      arch/x86/kernel/idt.o
  CC      arch/x86/mm/physaddr.o
  CC      kernel/ksysfs.o
  CC      arch/x86/kernel/irq.o
  CC      mm/slab_common.o
  CC      arch/x86/mm/tlb.o
  CC      kernel/cred.o
  CC      arch/x86/mm/cpu_entry_area.o
  CC      arch/x86/kernel/irq_32.o
  CC      kernel/reboot.o
  CC      arch/x86/mm/maccess.o
  CC      mm/compaction.o
  CC      arch/x86/mm/pgprot.o
  CC      arch/x86/kernel/dumpstack_32.o
  CC      kernel/async.o
  CC      arch/x86/mm/pat/set_memory.o
  CC      arch/x86/kernel/time.o
  CC      kernel/range.o
  CC      kernel/smpboot.o
  CC      arch/x86/kernel/ioport.o
  CC      kernel/ucount.o
  CC      mm/show_mem.o
  CC      arch/x86/mm/pat/memtype.o
  CC      kernel/regset.o
  CC      arch/x86/kernel/dumpstack.o
  CC      kernel/ksyms_common.o
  CC      arch/x86/mm/pat/memtype_interval.o
  CC      mm/interval_tree.o
  CC      arch/x86/kernel/nmi.o
  AR      arch/x86/mm/pat/built-in.a
  CC      arch/x86/mm/pgtable_32.o
  CC      kernel/groups.o
  CC      mm/list_lru.o
  CC      arch/x86/kernel/ldt.o
  CC      arch/x86/mm/iomap_32.o
  CC      mm/workingset.o
  CC      kernel/sched/core.o
  CC      arch/x86/mm/hugetlbpage.o
  CC      arch/x86/kernel/setup.o
  CC      mm/debug.o
  AR      arch/x86/mm/built-in.a
  CC      arch/x86/platform/efi/memmap.o
  CC      arch/x86/kernel/x86_init.o
  CC      mm/gup.o
  CC      arch/x86/platform/efi/quirks.o
  CC      arch/x86/kernel/i8259.o
  CC      arch/x86/platform/efi/efi.o
  CC      kernel/sched/fair.o
  CC      arch/x86/kernel/irqinit.o
  CC      mm/mmap_lock.o
  CC      arch/x86/platform/efi/efi_32.o
  CC      arch/x86/kernel/jump_label.o
  CC      mm/vma_init.o
  AS      arch/x86/platform/efi/efi_stub_32.o
  AR      arch/x86/platform/efi/built-in.a
  AR      arch/x86/platform/built-in.a
  CC      arch/x86/virt/svm/cmdline.o
  AR      arch/x86/virt/svm/built-in.a
  AR      arch/x86/virt/built-in.a
  CC      mm/highmem.o
  CC      arch/x86/kernel/irq_work.o
  CC      arch/x86/kernel/probe_roms.o
  CC      mm/memory.o
  CC      kernel/sched/build_policy.o
  CC      arch/x86/kernel/sys_ia32.o
  CC      arch/x86/kernel/ksysfs.o
  CC      arch/x86/kernel/bootflag.o
  CC      arch/x86/kernel/e820.o
  CC      arch/x86/kernel/pci-dma.o
  CC      arch/x86/kernel/quirks.o
  CC      arch/x86/kernel/kdebugfs.o
  CC      mm/mincore.o
  CC      arch/x86/kernel/alternative.o
  CC      kernel/sched/build_utility.o
  CC      arch/x86/kernel/i8253.o
  CC      mm/mlock.o
  CC      arch/x86/kernel/hw_breakpoint.o
  CC      arch/x86/kernel/tsc.o
  CC      arch/x86/kernel/tsc_msr.o
  CC      mm/mmap.o
  CC      arch/x86/kernel/io_delay.o
  CC      arch/x86/kernel/rtc.o
  AR      kernel/sched/built-in.a
  CC      arch/x86/kernel/resource.o
  CC      kernel/locking/mutex.o
  AS      arch/x86/kernel/irqflags.o
  CC      arch/x86/kernel/static_call.o
  CC      arch/x86/kernel/process.o
  CC      mm/mmu_gather.o
  CC      kernel/power/qos.o
  CC      kernel/locking/semaphore.o
  CC      arch/x86/kernel/fpu/init.o
  CC      mm/mprotect.o
  CC      kernel/power/main.o
  CC      kernel/locking/rwsem.o
  CC      arch/x86/kernel/fpu/bugs.o
  CC      arch/x86/kernel/fpu/core.o
  CC      kernel/locking/percpu-rwsem.o
  CC      mm/mremap.o
  CC      kernel/power/console.o
  CC      kernel/locking/rtmutex_api.o
  CC      arch/x86/kernel/fpu/regset.o
  CC      kernel/power/process.o
  CC      mm/msync.o
  AR      kernel/locking/built-in.a
  CC      arch/x86/kernel/fpu/signal.o
  CC      kernel/printk/printk.o
  CC      kernel/power/suspend.o
  CC      mm/page_vma_mapped.o
  CC      arch/x86/kernel/fpu/xstate.o
  CC      kernel/power/hibernate.o
  CC      kernel/printk/printk_safe.o
  CC      mm/pagewalk.o
  AR      arch/x86/kernel/fpu/built-in.a
  CC      arch/x86/kernel/ptrace.o
  CC      kernel/printk/nbcon.o
  CC      mm/pgtable-generic.o
  CC      kernel/power/snapshot.o
  CC      kernel/printk/printk_ringbuffer.o
  CC      arch/x86/kernel/tls.o
  CC      mm/rmap.o
  CC      kernel/printk/sysctl.o
  CC      arch/x86/kernel/step.o
  CC      kernel/power/swap.o
  AR      kernel/printk/built-in.a
  CC      kernel/irq/irqdesc.o
  CC      arch/x86/kernel/i8237.o
  CC      kernel/irq/handle.o
  CC      kernel/power/user.o
  CC      arch/x86/kernel/stacktrace.o
  CC      mm/vmalloc.o
  CC      kernel/irq/manage.o
  CC      kernel/power/poweroff.o
  CC      arch/x86/kernel/cpu/cacheinfo.o
  AR      kernel/power/built-in.a
  CC      kernel/rcu/update.o
  CC      kernel/irq/spurious.o
  CC      arch/x86/kernel/cpu/scattered.o
  CC      kernel/irq/resend.o
  CC      arch/x86/kernel/cpu/topology_common.o
  CC      mm/vma.o
  CC      kernel/rcu/sync.o
  CC      kernel/irq/chip.o
  CC      kernel/rcu/srcutree.o
  CC      arch/x86/kernel/cpu/topology_ext.o
  CC      arch/x86/kernel/cpu/topology_amd.o
  CC      kernel/irq/dummychip.o
  CC      arch/x86/kernel/cpu/cpuid_parser.o
  CC      kernel/rcu/tree.o
  CC      mm/vma_exec.o
  CC      arch/x86/kernel/cpu/common.o
  CC      kernel/irq/devres.o
  CC      kernel/irq/kexec.o
  CC      mm/page_alloc.o
  CC      kernel/irq/autoprobe.o
  CC      arch/x86/kernel/cpu/rdrand.o
  CC      arch/x86/kernel/cpu/match.o
  CC      kernel/irq/irqdomain.o
  CC      arch/x86/kernel/cpu/bugs.o
  CC      kernel/rcu/rcu_segcblist.o
  AR      kernel/rcu/built-in.a
  CC      kernel/dma/mapping.o
  CC      mm/page_frag_cache.o
  CC      kernel/irq/proc.o
  CC      arch/x86/kernel/cpu/aperfmperf.o
  CC      kernel/irq/pm.o
  CC      mm/init-mm.o
  CC      arch/x86/kernel/cpu/cpuid-deps.o
  CC      kernel/dma/direct.o
  CC      arch/x86/kernel/cpu/cpuid_0x2_table.o
  CC      mm/memblock.o
  CC      kernel/irq/msi.o
  CC      arch/x86/kernel/cpu/umwait.o
  CC      kernel/dma/remap.o
  CC      arch/x86/kernel/cpu/capflags.o
  CC      arch/x86/kernel/cpu/powerflags.o
  AR      kernel/dma/built-in.a
  CC      mm/slub.o
  CC      kernel/entry/common.o
  CC      arch/x86/kernel/cpu/topology.o
  CC      kernel/irq/matrix.o
  CC      arch/x86/kernel/cpu/proc.o
  CC      arch/x86/kernel/cpu/feat_ctl.o
  CC      kernel/entry/syscall-common.o
  AR      kernel/irq/built-in.a
  CC      kernel/freezer.o
  CC      arch/x86/kernel/cpu/intel.o
  CC      arch/x86/kernel/cpu/tsx.o
  CC      kernel/entry/syscall_user_dispatch.o
  CC      kernel/profile.o
  CC      mm/madvise.o
  CC      arch/x86/kernel/cpu/intel_epb.o
  AR      kernel/entry/built-in.a
  CC      arch/x86/kernel/cpu/amd.o
  CC      arch/x86/kernel/acpi/boot.o
  CC      kernel/stacktrace.o
  CC      mm/page_io.o
  CC      kernel/time/time.o
  CC      arch/x86/kernel/cpu/amd_cache_disable.o
  CC      arch/x86/kernel/acpi/sleep.o
  CC      mm/swap_state.o
  CC      arch/x86/kernel/cpu/hygon.o
  AS      arch/x86/kernel/acpi/wakeup_32.o
  CC      arch/x86/kernel/acpi/cstate.o
  CC      kernel/time/timer.o
  CC      arch/x86/kernel/cpu/cyrix.o
  AR      arch/x86/kernel/acpi/built-in.a
  CC      arch/x86/kernel/reboot.o
  CC      arch/x86/kernel/cpu/centaur.o
  CC      mm/swapfile.o
  CC      arch/x86/kernel/cpuid.o
  CC      arch/x86/kernel/cpu/transmeta.o
  CC      kernel/time/hrtimer.o
  CC      arch/x86/kernel/early-quirks.o
  CC      arch/x86/kernel/cpu/zhaoxin.o
  CC      arch/x86/kernel/cpu/vortex.o
  CC      mm/dmapool.o
  CC      kernel/time/sleep_timeout.o
  CC      arch/x86/kernel/tsc_sync.o
  CC      arch/x86/kernel/cpu/mce/core.o
  CC      kernel/time/timekeeping.o
  CC      mm/hugetlb.o
  CC      arch/x86/kernel/mpparse.o
  CC      arch/x86/kernel/apic/apic.o
  CC      kernel/time/ntp.o
  CC      arch/x86/kernel/cpu/mce/severity.o
  CC      mm/hugetlb_sysfs.o
  CC      kernel/time/clocksource.o
  CC      arch/x86/kernel/cpu/mce/genpool.o
  CC      arch/x86/kernel/apic/apic_common.o
  CC      mm/hugetlb_sysctl.o
  CC      kernel/time/jiffies.o
  CC      arch/x86/kernel/cpu/mce/intel.o
  CC      arch/x86/kernel/apic/apic_noop.o
  CC      kernel/time/timer_list.o
  CC      arch/x86/kernel/cpu/mce/amd.o
  CC      arch/x86/kernel/apic/ipi.o
  CC      mm/migrate.o
  CC      arch/x86/kernel/apic/vector.o
  CC      kernel/time/timeconv.o
  CC      kernel/time/timecounter.o
  CC      kernel/time/alarmtimer.o
  CC      arch/x86/kernel/cpu/mce/threshold.o
  CC      mm/early_ioremap.o
  CC      arch/x86/kernel/apic/init.o
  CC      arch/x86/kernel/apic/hw_nmi.o
  CC      kernel/time/posix-timers.o
  CC      mm/secretmem.o
  AR      arch/x86/kernel/cpu/mce/built-in.a
  CC      arch/x86/kernel/cpu/mtrr/mtrr.o
  CC      arch/x86/kernel/apic/io_apic.o
  CC      arch/x86/kernel/cpu/mtrr/if.o
  CC      mm/memfd.o
  CC      kernel/time/posix-cpu-timers.o
  CC      arch/x86/kernel/cpu/mtrr/generic.o
  CC      arch/x86/kernel/apic/msi.o
  CC      mm/execmem.o
  CC      kernel/time/posix-clock.o
  CC      arch/x86/kernel/cpu/mtrr/cleanup.o
  CC      arch/x86/kernel/apic/probe_32.o
  AR      mm/built-in.a
  CC      kernel/time/itimer.o
  CC      fs/open.o
  AR      arch/x86/kernel/apic/built-in.a
  CC      fs/read_write.o
  CC      arch/x86/kernel/cpu/mtrr/amd.o
  CC      arch/x86/kernel/cpu/mtrr/cyrix.o
  CC      kernel/time/clockevents.o
  CC      fs/file_table.o
  CC      fs/super.o
  CC      arch/x86/kernel/cpu/mtrr/centaur.o
  CC      kernel/time/tick-common.o
  CC      arch/x86/kernel/cpu/mtrr/legacy.o
  CC      fs/char_dev.o
  CC      kernel/time/tick-broadcast.o
  AR      arch/x86/kernel/cpu/mtrr/built-in.a
  CC      arch/x86/kernel/cpu/microcode/core.o
  CC      arch/x86/kernel/cpu/microcode/intel.o
  CC      fs/stat.o
  CC      kernel/time/tick-broadcast-hrtimer.o
  CC      arch/x86/kernel/cpu/microcode/amd.o
  CC      kernel/time/tick-oneshot.o
  CC      kernel/time/tick-sched.o
  CC      kernel/time/vsyscall.o
  CC      fs/exec.o
  AR      arch/x86/kernel/cpu/microcode/built-in.a
  CC      arch/x86/kernel/cpu/perfctr-watchdog.o
  CC      kernel/time/timekeeping_debug.o
  CC      kernel/time/namespace.o
  CC      arch/x86/kernel/cpu/vmware.o
  CC      kernel/time/namespace_vdso.o
  CC      arch/x86/kernel/cpu/hypervisor.o
  CC      arch/x86/kernel/cpu/mshyperv.o
  CC      fs/pipe.o
  AR      kernel/time/built-in.a
  CC      arch/x86/kernel/cpu/debugfs.o
  CC      kernel/futex/core.o
  CC      arch/x86/kernel/cpu/bus_lock.o
  CC      kernel/futex/syscalls.o
  CC      fs/namei.o
  CC      kernel/futex/pi.o
  AR      arch/x86/kernel/cpu/built-in.a
  CC      arch/x86/kernel/trace_clock.o
  CC      arch/x86/kernel/trace.o
  CC      kernel/futex/requeue.o
  CC      kernel/futex/waitwake.o
  CC      arch/x86/kernel/rethook.o
  CC      arch/x86/kernel/vmcore_info_32.o
  AR      kernel/futex/built-in.a
  CC      kernel/dma.o
  CC      arch/x86/kernel/kprobes/core.o
  CC      arch/x86/kernel/doublefault_32.o
  CC      kernel/up.o
  CC      fs/fcntl.o
  CC      kernel/uid16.o
  CC      arch/x86/kernel/kprobes/opt.o
  CC      arch/x86/kernel/early_printk.o
  CC      kernel/kallsyms.o
  CC      fs/ioctl.o
  CC      arch/x86/kernel/amd_nb.o
  AR      arch/x86/kernel/kprobes/built-in.a
  CC      fs/readdir.o
  CC      kernel/acct.o
  CC      fs/select.o
  CC      arch/x86/kernel/amd_node.o
  CC      arch/x86/kernel/pcspeaker.o
  CC      kernel/vmcore_info.o
  CC      arch/x86/kernel/check.o
  CC      arch/x86/kernel/perf_regs.o
  CC      kernel/elfcorehdr.o
  CC      fs/dcache.o
  CC      arch/x86/kernel/umip.o
  CC      arch/x86/kernel/unwind_frame.o
  CC      kernel/cgroup/cgroup.o
  CC      kernel/utsname.o
  LDS     arch/x86/kernel/vmlinux.lds
  AR      arch/x86/kernel/built-in.a
  AR      arch/x86/built-in.a
  CC      ipc/util.o
  CC      fs/inode.o
  CC      kernel/pid_namespace.o
  CC      ipc/msgutil.o
  CC      kernel/audit.o
  CC      fs/attr.o
  CC      ipc/msg.o
  CC      kernel/cgroup/rstat.o
  CC      fs/bad_inode.o
  CC      kernel/cgroup/namespace.o
  CC      kernel/auditfilter.o
  CC      ipc/sem.o
  CC      fs/file.o
  CC      kernel/cgroup/cgroup-v1.o
  CC      kernel/auditsc.o
  CC      ipc/shm.o
  CC      fs/filesystems.o
  CC      kernel/cgroup/freezer.o
  CC      ipc/syscall.o
  CC      fs/namespace.o
  CC      kernel/cgroup/legacy_freezer.o
  CC      kernel/audit_watch.o
  CC      ipc/ipc_sysctl.o
  CC      kernel/cgroup/pids.o
  AR      ipc/built-in.a
  CC      kernel/audit_fsnotify.o
  CC      security/keys/gc.o
  CC      kernel/cgroup/rdma.o
  CC      security/commoncap.o
  CC      security/keys/key.o
  CC      fs/seq_file.o
  CC      kernel/cgroup/misc.o
  AR      kernel/cgroup/built-in.a
  CC      kernel/audit_tree.o
  CC      security/keys/keyring.o
  CC      fs/xattr.o
  CC      security/lsm_syscalls.o
  CC      security/min_addr.o
  CC      kernel/kprobes.o
  CC      security/keys/keyctl.o
  CC      fs/libfs.o
  CC      fs/fs-writeback.o
  CC      security/keys/permission.o
  CC      kernel/seccomp.o
  CC      fs/pnode.o
  CC      security/keys/process_keys.o
  CC      fs/splice.o
  CC      fs/sync.o
  CC      kernel/relay.o
  CC      security/keys/request_key.o
  CC      fs/utimes.o
  CC      kernel/utsname_sysctl.o
  CC      fs/d_path.o
  CC      security/keys/request_key_auth.o
  CC      kernel/tracepoint.o
  CC      security/keys/user_defined.o
  CC      fs/stack.o
  CC      kernel/trace/trace_clock.o
  CC      fs/fs_struct.o
  CC      security/keys/proc.o
  CC      kernel/trace/ring_buffer.o
  CC      kernel/trace/trace.o
  CC      fs/statfs.o
  CC      security/keys/sysctl.o
  CC      fs/fs_pin.o
  CC      security/keys/keyctl_pkey.o
  CC      fs/nsfs.o
  AR      security/keys/built-in.a
  CC      security/security.o
  CC      fs/fs_dirent.o
  CC      fs/fs_context.o
  CC      kernel/trace/trace_output.o
  CC      fs/fs_parser.o
  CC      fs/fsopen.o
  CC      fs/init.o
  CC      kernel/trace/trace_seq.o
  CC      fs/kernel_read_file.o
  CC      fs/mnt_idmapping.o
  CC      security/lsm_notifier.o
  CC      kernel/trace/trace_stat.o
  CC      fs/remap_range.o
  CC      kernel/trace/trace_printk.o
  CC      security/lsm_init.o
  CC      fs/pidfs.o
  CC      fs/file_attr.o
  CC      kernel/trace/trace_pid.o
  CC      security/selinux/avc.o
  CC      fs/fserror.o
  CC      fs/nullfs.o
  CC      kernel/trace/pid_list.o
  CC      security/lsm_audit.o
  CC      fs/buffer.o
  CC      security/selinux/hooks.o
  CC      kernel/trace/trace_sched_switch.o
  CC      fs/mpage.o
  CC      kernel/trace/trace_nop.o
  CC      fs/proc_namespace.o
  CC      fs/direct-io.o
  CC      kernel/trace/blktrace.o
  CC      fs/notify/fsnotify.o
  CC      fs/eventpoll.o
  CC      security/selinux/selinuxfs.o
  CC      fs/notify/notification.o
  CC      kernel/trace/trace_events.o
  CC      fs/notify/group.o
  CC      fs/anon_inodes.o
  CC      security/selinux/netlink.o
  CC      fs/notify/mark.o
  CC      crypto/api.o
  CC      security/selinux/nlmsgtab.o
  CC      kernel/trace/trace_export.o
  CC      fs/notify/fdinfo.o
  CC      crypto/cipher.o
  CC      kernel/trace/trace_event_perf.o
  CC      fs/notify/dnotify/dnotify.o
  CC      security/selinux/netif.o
  CC      crypto/algapi.o
  AR      fs/notify/dnotify/built-in.a
  CC      kernel/trace/trace_events_filter.o
  CC      fs/notify/inotify/inotify_fsnotify.o
  CC      crypto/scatterwalk.o
  CC      security/selinux/netnode.o
  CC      crypto/proc.o
  CC      kernel/trace/trace_events_trigger.o
  CC      fs/notify/inotify/inotify_user.o
  CC      crypto/aead.o
  CC      security/selinux/netport.o
  CC      kernel/trace/error_report-traces.o
  AR      fs/notify/inotify/built-in.a
  AR      fs/notify/built-in.a
  CC      fs/signalfd.o
  CC      crypto/geniv.o
  CC      kernel/trace/power-traces.o
  CC      security/selinux/status.o
  CC      fs/timerfd.o
  CC      crypto/lskcipher.o
  CC      security/selinux/initcalls.o
  CC      kernel/trace/rpm-traces.o
  CC      security/selinux/ss/ebitmap.o
  CC      fs/eventfd.o
  CC      crypto/skcipher.o
  CC      fs/aio.o
  CC      kernel/trace/rethook.o
  CC      security/selinux/ss/hashtab.o
  CC      crypto/seqiv.o
  AR      kernel/trace/built-in.a
  CC      kernel/irq_work.o
  CC      security/selinux/ss/symtab.o
  CC      security/selinux/ss/sidtab.o
  CC      kernel/bpf/core.o
  CC      crypto/echainiv.o
  CC      fs/locks.o
  CC      crypto/ahash.o
  CC      security/selinux/ss/avtab.o
  CC      fs/binfmt_misc.o
  CC      crypto/shash.o
  AR      kernel/bpf/built-in.a
  CC      kernel/static_call.o
  CC      security/selinux/ss/policydb.o
  CC      kernel/events/core.o
  CC      fs/binfmt_script.o
  CC      crypto/akcipher.o
  CC      fs/binfmt_elf.o
  CC      crypto/sig.o
  CC      security/selinux/ss/services.o
  CC      fs/nfs_common/grace.o
  ASN.1   crypto/rsapubkey.asn1.[ch]
  ASN.1   crypto/rsaprivkey.asn1.[ch]
  CC      crypto/rsa.o
  CC      fs/nfs_common/common.o
  CC      crypto/rsa_helper.o
  CC      crypto/rsa-pkcs1pad.o
  CC      security/selinux/ss/conditional.o
  AR      fs/nfs_common/built-in.a
  CC      fs/coredump.o
  CC      crypto/rsassa-pkcs1.o
  CC      kernel/events/ring_buffer.o
  CC      crypto/acompress.o
  CC      security/selinux/ss/mls.o
  CC      fs/drop_caches.o
  CC      kernel/events/callchain.o
  CC      crypto/scompress.o
  CC      security/selinux/ss/context.o
  CC      fs/sysctls.o
  CC      fs/fhandle.o
  CC      kernel/events/hw_breakpoint.o
  CC      crypto/algboss.o
  CC      security/selinux/netlabel.o
  CC      fs/iomap/trace.o
  AR      kernel/events/built-in.a
  CC      kernel/jump_label.o
  CC      crypto/testmgr.o
  CC      kernel/context_tracking.o
  CC      fs/iomap/iter.o
  CC      crypto/cmac.o
  AR      security/selinux/built-in.a
  CC      security/device_cgroup.o
  CC      kernel/iomem.o
  CC      crypto/hmac.o
  CC      fs/iomap/buffered-io.o
  CC      kernel/rseq.o
  CC      security/integrity/iint.o
  CC      crypto/sha1.o
  CC      crypto/sha256.o
  CC      security/integrity/integrity_audit.o
  CC      fs/iomap/direct-io.o
  AR      kernel/built-in.a
  CC      block/bdev.o
  CC      crypto/sha512.o
  CC      security/integrity/efi_secureboot.o
  CC      fs/iomap/ioend.o
  CC      crypto/ecb.o
  CC      block/fops.o
  AR      security/integrity/built-in.a
  AR      security/built-in.a
  CC      crypto/cbc.o
  CC      io_uring/io_uring.o
  CC      fs/iomap/fiemap.o
  CC      crypto/cts.o
  CC      fs/iomap/seek.o
  CC      block/bio.o
  CC      crypto/ctr.o
  CC      fs/iomap/bio.o
  CC      crypto/gcm.o
  CC      block/elevator.o
  CC      fs/iomap/swapfile.o
  CC      io_uring/opdef.o
  CC      crypto/ccm.o
  AR      fs/iomap/built-in.a
  CC      fs/quota/dquot.o
  CC      block/blk-core.o
  CC      io_uring/kbuf.o
  CC      crypto/aes.o
  CC      crypto/camellia_generic.o
  CC      io_uring/rsrc.o
  CC      fs/quota/quota_v2.o
  CC      block/blk-sysfs.o
  CC      crypto/authenc.o
  CC      fs/quota/quota_tree.o
  CC      io_uring/notif.o
  CC      block/blk-flush.o
  CC      crypto/authencesn.o
  CC      fs/quota/quota.o
  CC      block/blk-settings.o
  CC      crypto/krb5enc.o
  CC      io_uring/tctx.o
  CC      fs/quota/kqid.o
  CC      block/blk-ioc.o
  CC      fs/quota/netlink.o
  CC      io_uring/filetable.o
  CC      crypto/lzo.o
  CC      block/blk-map.o
  CC      crypto/lzo-rle.o
  CC      io_uring/rw.o
  AR      fs/quota/built-in.a
  CC      fs/proc/task_mmu.o
  CC      block/blk-merge.o
  CC      crypto/lz4.o
  CC      io_uring/poll.o
  CC      crypto/asymmetric_keys/asymmetric_type.o
  CC      fs/proc/inode.o
  CC      block/blk-timeout.o
  CC      crypto/asymmetric_keys/restrict.o
  CC      fs/proc/root.o
  CC      block/blk-lib.o
  CC      crypto/asymmetric_keys/signature.o
  CC      io_uring/tw.o
  CC      crypto/asymmetric_keys/public_key.o
  CC      fs/proc/base.o
  CC      block/blk-mq.o
  CC      io_uring/wait.o
  ASN.1   crypto/asymmetric_keys/x509.asn1.[ch]
  ASN.1   crypto/asymmetric_keys/x509_akid.asn1.[ch]
  CC      crypto/asymmetric_keys/x509_loader.o
  CC      crypto/asymmetric_keys/x509_public_key.o
  CC      fs/proc/generic.o
  ASN.1   crypto/asymmetric_keys/pkcs7.asn1.[ch]
  CC      crypto/asymmetric_keys/pkcs7_trust.o
  CC      io_uring/eventfd.o
  CC      crypto/asymmetric_keys/pkcs7_verify.o
  CC      block/blk-mq-tag.o
  CC      fs/proc/array.o
  CC      io_uring/uring_cmd.o
  CC      crypto/asymmetric_keys/x509.asn1.o
  CC      crypto/asymmetric_keys/x509_akid.asn1.o
  CC      crypto/asymmetric_keys/x509_cert_parser.o
  CC      crypto/asymmetric_keys/pkcs7.asn1.o
  CC      crypto/asymmetric_keys/pkcs7_parser.o
  CC      fs/proc/fd.o
  CC      block/blk-mq-dma.o
  CC      io_uring/openclose.o
  AR      crypto/asymmetric_keys/built-in.a
  CC      crypto/krb5/krb5_kdf.o
  CC      fs/proc/proc_tty.o
  CC      block/blk-stat.o
  CC      io_uring/sqpoll.o
  CC      crypto/krb5/krb5_api.o
  CC      fs/proc/cmdline.o
  CC      block/blk-mq-sysfs.o
  CC      crypto/krb5/rfc3961_simplified.o
  CC      fs/proc/consoles.o
  CC      block/blk-mq-cpumap.o
  CC      io_uring/xattr.o
  CC      fs/proc/cpuinfo.o
  CC      crypto/krb5/rfc3962_aes.o
  CC      block/blk-mq-sched.o
  CC      fs/proc/devices.o
  CC      io_uring/nop.o
  CC      crypto/krb5/rfc6803_camellia.o
  CC      fs/proc/loadavg.o
  CC      block/ioctl.o
  CC      crypto/krb5/rfc8009_aes2.o
  CC      io_uring/fs.o
  CC      fs/proc/meminfo.o
  AR      crypto/krb5/built-in.a
  CC      crypto/rsapubkey.asn1.o
  CC      crypto/rsaprivkey.asn1.o
  AR      crypto/built-in.a
  CC      block/genhd.o
  CC      io_uring/splice.o
  CC      fs/proc/stat.o
  CC      lib/argv_split.o
  CC      lib/bug.o
  CC      io_uring/sync.o
  CC      fs/proc/uptime.o
  CC      block/ioprio.o
  CC      lib/buildid.o
  CC      fs/proc/util.o
  CC      io_uring/msg_ring.o
  CC      block/badblocks.o
  CC      lib/clz_tab.o
  CC      lib/cmdline.o
  CC      lib/ctype.o
  CC      lib/dec_and_lock.o
  CC      fs/proc/version.o
  CC      lib/decompress.o
  CC      lib/decompress_bunzip2.o
  CC      io_uring/advise.o
  CC      block/partitions/core.o
  CC      fs/proc/softirqs.o
  CC      lib/decompress_inflate.o
  CC      io_uring/statx.o
  CC      fs/proc/namespaces.o
  CC      block/partitions/msdos.o
  CC      lib/decompress_unlz4.o
  CC      io_uring/timeout.o
  CC      fs/proc/self.o
  CC      lib/decompress_unlzo.o
  CC      block/partitions/efi.o
  CC      fs/proc/thread_self.o
  CC      lib/decompress_unxz.o
  CC      io_uring/cancel.o
  AR      block/partitions/built-in.a
  CC      block/blk-rq-qos.o
  CC      fs/proc/proc_sysctl.o
  CC      lib/decompress_unzstd.o
  CC      io_uring/waitid.o
  CC      block/disk-events.o
  CC      lib/dump_stack.o
  CC      lib/earlycpio.o
  CC      lib/extable.o
  CC      fs/proc/proc_net.o
  CC      block/blk-ia-ranges.o
  CC      io_uring/register.o
  CC      lib/flex_proportions.o
  CC      lib/idr.o
  CC      fs/proc/kcore.o
  CC      block/early-lookup.o
  CC      lib/iomem_copy.o
  CC      lib/irq_regs.o
  CC      lib/is_single_threaded.o
  CC      block/bsg.o
  CC      io_uring/truncate.o
  CC      lib/klist.o
  CC      fs/proc/kmsg.o
  CC      lib/kobject.o
  CC      block/blk-cgroup.o
  CC      fs/proc/page.o
  CC      io_uring/memmap.o
  CC      lib/kobject_uevent.o
  AR      fs/proc/built-in.a
  CC      fs/kernfs/mount.o
  CC      io_uring/alloc_cache.o
  CC      block/blk-ioprio.o
  CC      fs/kernfs/inode.o
  CC      io_uring/query.o
  CC      lib/logic_pio.o
  CC      block/blk-iolatency.o
  CC      lib/maple_tree.o
  CC      io_uring/loop.o
  CC      fs/kernfs/dir.o
  CC      block/mq-deadline.o
  CC      io_uring/zcrx.o
  CC      fs/kernfs/file.o
  CC      block/kyber-iosched.o
  CC      lib/memcat_p.o
  CC      fs/kernfs/symlink.o
  CC      lib/nmi_backtrace.o
  CC      io_uring/io-wq.o
  CC      block/blk-mq-debugfs.o
  AR      fs/kernfs/built-in.a
  CC      lib/objpool.o
  CC      fs/sysfs/file.o
  CC      lib/plist.o
  CC      lib/radix-tree.o
  CC      block/blk-pm.o
  CC      io_uring/futex.o
  CC      fs/sysfs/dir.o
  CC      lib/ratelimit.o
  CC      fs/sysfs/symlink.o
  CC      block/holder.o
  CC      lib/rbtree.o
  CC      io_uring/epoll.o
  CC      lib/seq_buf.o
  AR      block/built-in.a
  AS      arch/x86/lib/atomic64_cx8_32.o
  CC      fs/sysfs/mount.o
  AS      arch/x86/lib/checksum_32.o
  CC      arch/x86/lib/cmdline.o
  CC      lib/siphash.o
  AS      arch/x86/lib/cmpxchg8b_emu.o
  CC      arch/x86/lib/cpu.o
  CC      io_uring/napi.o
  CC      lib/string.o
  CC      lib/sys_info.o
  CC      arch/x86/lib/delay.o
  AS      arch/x86/lib/getuser.o
  CC      arch/x86/lib/inat.o
  CC      fs/sysfs/group.o
  CC      arch/x86/lib/insn-eval.o
  CC      lib/timerqueue.o
  CC      io_uring/net.o
  CC      lib/vsprintf.o
  AR      fs/sysfs/built-in.a
  CC      fs/devpts/inode.o
  CC      arch/x86/lib/insn.o
  CC      arch/x86/lib/kaslr.o
  CC      arch/x86/lib/memcpy_32.o
  AS      arch/x86/lib/memmove_32.o
  CC      arch/x86/lib/misc.o
  CC      arch/x86/lib/pc-conf-reg.o
  AR      fs/devpts/built-in.a
  CC      fs/ramfs/inode.o
  AS      arch/x86/lib/putuser.o
  AS      arch/x86/lib/retpoline.o
  CC      arch/x86/lib/string_32.o
  CC      arch/x86/lib/strstr_32.o
  CC      arch/x86/lib/usercopy.o
  CC      io_uring/cmd_net.o
  CC      arch/x86/lib/usercopy_32.o
  CC      fs/ramfs/file-mmu.o
  CC      lib/win_minmax.o
  CC      arch/x86/lib/msr.o
  CC      lib/xarray.o
  AR      fs/ramfs/built-in.a
  CC      fs/hugetlbfs/inode.o
  CC      io_uring/fdinfo.o
  CC      lib/lockref.o
  AS      arch/x86/lib/msr-reg.o
  CC      arch/x86/lib/msr-reg-export.o
  CC      lib/bcd.o
  CC      lib/sort.o
  AS      arch/x86/lib/hweight.o
  CC      arch/x86/lib/iomem.o
  CC      lib/parser.o
  CC      io_uring/bpf_filter.o
  CC      arch/x86/lib/atomic64_32.o
  AR      arch/x86/lib/lib.a
  AR      fs/hugetlbfs/built-in.a
  AR      arch/x86/lib/built-in.a
  CC      fs/fat/cache.o
  CC      lib/debug_locks.o
  CC      fs/isofs/namei.o
  CC      lib/random32.o
  CC      lib/bust_spinlocks.o
  AR      io_uring/built-in.a
  CC      fs/isofs/inode.o
  CC      fs/fat/dir.o
  CC      fs/nfs/client.o
  CC      lib/kasprintf.o
  CC      lib/bitmap.o
  CC      fs/isofs/dir.o
  CC      fs/fat/fatent.o
  CC      lib/scatterlist.o
  CC      fs/isofs/util.o
  CC      fs/nfs/dir.o
  CC      lib/list_sort.o
  CC      fs/fat/file.o
  CC      lib/uuid.o
  CC      fs/isofs/rock.o
  CC      lib/iov_iter.o
  CC      fs/isofs/export.o
  CC      fs/fat/inode.o
  CC      lib/clz_ctz.o
  CC      lib/bsearch.o
  CC      fs/isofs/compress.o
  CC      fs/nfs/file.o
  CC      lib/find_bit.o
  CC      lib/llist.o
  CC      fs/fat/misc.o
  AR      fs/isofs/built-in.a
  CC      fs/exportfs/expfs.o
  CC      lib/lwq.o
  CC      lib/memweight.o
  CC      lib/kfifo.o
  AR      fs/exportfs/built-in.a
  CC      fs/lockd/clntlock.o
  CC      fs/fat/nfs.o
  CC      fs/nfs/getroot.o
  CC      lib/percpu-refcount.o
  CC      fs/fat/namei_vfat.o
  CC      lib/rhashtable.o
  CC      fs/nfs/inode.o
  CC      fs/lockd/clntproc.o
  AR      fs/fat/built-in.a
  CC      fs/lockd/clntxdr.o
  CC      lib/base64.o
  CC      lib/once.o
  CC      lib/refcount.o
  CC      fs/lockd/host.o
  CC      lib/rcuref.o
  CC      fs/lockd/svc.o
  CC      lib/usercopy.o
  CC      fs/nfs/super.o
  CC      lib/errseq.o
  CC      lib/bucket_locks.o
  CC      fs/lockd/svclock.o
  CC      lib/generic-radix-tree.o
  CC      fs/lockd/svcshare.o
  CC      lib/bitmap-str.o
  CC      fs/nfs/io.o
  CC      lib/string_helpers.o
  CC      lib/hexdump.o
  CC      lib/kstrtox.o
  CC      fs/lockd/svcproc.o
  CC      lib/math/div64.o
  CC      fs/nfs/direct.o
  CC      lib/math/gcd.o
  CC      fs/nfs/pagelist.o
  CC      lib/math/lcm.o
  CC      lib/math/int_log.o
  CC      lib/math/int_pow.o
  CC      lib/math/int_sqrt.o
  CC      lib/math/reciprocal_div.o
  CC      fs/lockd/svcsubs.o
  CC      lib/math/rational.o
  AR      lib/math/built-in.a
  HOSTCC  lib/crc/gen_crc32table
  AS      lib/crc/x86/crc32-pclmul.o
  GEN     lib/crc/crc32table.h
  CC      lib/crc/crc32-main.o
  AR      lib/crc/built-in.a
  CC      lib/crypto/hash_info.o
  CC      lib/vdso/datastore.o
  CC      fs/lockd/mon.o
  CC      fs/nfs/read.o
  CC      lib/crypto/memneq.o
  AR      lib/vdso/built-in.a
  CC      lib/crypto/utils.o
  CC      lib/crypto/aes.o
  AS      lib/crypto/x86/aes-aesni.o
  CC      lib/crypto/arc4.o
  CC      fs/lockd/trace.o
  CC      fs/lockd/netlink.o
  CC      lib/crypto/blake2s.o
  CC      fs/nfs/symlink.o
  CC      lib/crypto/chacha-block-generic.o
  CC      lib/crypto/gf128hash.o
  CC      fs/lockd/nlm3xdr_gen.o
  CC      fs/lockd/clnt4xdr.o
  CC      lib/crypto/md5.o
  CC      fs/nfs/unlink.o
  CC      fs/lockd/svc4proc.o
  CC      lib/crypto/sha1.o
  CC      fs/lockd/nlm4xdr_gen.o
  CC      lib/crypto/sha256.o
  CC      lib/crypto/sha512.o
  CC      lib/crypto/mpi/generic_mpih-lshift.o
  CC      fs/nfs/write.o
  CC      fs/lockd/procfs.o
  CC      lib/crypto/mpi/generic_mpih-mul1.o
  CC      lib/crypto/mpi/generic_mpih-mul2.o
  CC      lib/crypto/mpi/generic_mpih-mul3.o
  AR      fs/lockd/built-in.a
  CC      fs/nls/nls_base.o
  CC      lib/crypto/mpi/generic_mpih-rshift.o
  CC      fs/nls/nls_cp437.o
  CC      lib/crypto/mpi/generic_mpih-sub1.o
  CC      lib/crypto/mpi/generic_mpih-add1.o
  CC      fs/nls/nls_iso8859-1.o
  CC      fs/nfs/namespace.o
  CC      lib/crypto/mpi/mpicoder.o
  CC      lib/crypto/mpi/mpi-add.o
  CC      fs/nls/nls_utf8.o
  AR      fs/nls/built-in.a
  CC      lib/crypto/mpi/mpi-bit.o
  CC      fs/autofs/init.o
  CC      drivers/leds/led-core.o
  CC      fs/nfs/mount_clnt.o
  CC      lib/crypto/mpi/mpi-cmp.o
  CC      fs/autofs/inode.o
  CC      drivers/leds/led-class.o
  CC      lib/crypto/mpi/mpi-sub-ui.o
  CC      drivers/leds/led-triggers.o
  CC      fs/nfs/nfstrace.o
  CC      fs/autofs/root.o
  CC      lib/crypto/mpi/mpi-div.o
  AR      drivers/leds/built-in.a
  CC      drivers/pci/access.o
  CC      lib/crypto/mpi/mpi-mod.o
  CC      fs/autofs/symlink.o
  CC      drivers/pci/bus.o
  CC      lib/crypto/mpi/mpi-mul.o
  CC      fs/autofs/waitq.o
  CC      lib/crypto/mpi/mpih-cmp.o
  CC      drivers/pci/probe.o
  CC      fs/autofs/expire.o
  CC      lib/crypto/mpi/mpih-div.o
  CC      fs/nfs/export.o
  CC      fs/autofs/dev-ioctl.o
  CC      lib/crypto/mpi/mpih-mul.o
  CC      drivers/pci/host-bridge.o
  CC      lib/crypto/mpi/mpi-pow.o
  AR      fs/autofs/built-in.a
  CC      fs/debugfs/inode.o
  CC      fs/nfs/sysfs.o
  CC      drivers/pci/remove.o
  CC      lib/crypto/mpi/mpiutil.o
  CC      fs/debugfs/file.o
  CC      drivers/pci/pci.o
  AR      lib/crypto/mpi/built-in.a
  AR      lib/crypto/built-in.a
  CC      lib/iomap.o
  CC      fs/nfs/fs_context.o
  CC      lib/iomap_copy.o
  CC      lib/devres.o
  AR      fs/debugfs/built-in.a
  CC      fs/tracefs/inode.o
  CC      lib/check_signature.o
  CC      lib/assoc_array.o
  CC      fs/nfs/sysctl.o
  CC      fs/tracefs/event_inode.o
  CC      drivers/pci/pci-driver.o
  CC      lib/bitrev.o
  CC      lib/xxhash.o
  AR      fs/tracefs/built-in.a
  CC      lib/genalloc.o
  CC      fs/nfs/nfs3super.o
  CC      fs/nfs/nfs3client.o
  CC      drivers/pci/search.o
  CC      lib/zlib_inflate/inffast.o
  CC      lib/zlib_inflate/inflate.o
  CC      drivers/pci/rebar.o
  CC      lib/zlib_inflate/infutil.o
  CC      fs/nfs/nfs3proc.o
  CC      fs/nfs/nfs3xdr.o
  CC      lib/zlib_inflate/inftrees.o
  CC      lib/zlib_inflate/inflate_syms.o
  CC      drivers/pci/rom.o
  AR      lib/zlib_inflate/built-in.a
  CC      lib/lzo/lzo1x_compress.o
  CC      lib/lzo/lzo1x_compress_safe.o
  CC      drivers/pci/setup-res.o
  CC      lib/lzo/lzo1x_decompress_safe.o
  CC      fs/nfs/nfs4proc.o
  CC      net/devres.o
  CC      drivers/pci/irq.o
  AR      lib/lzo/built-in.a
  CC      lib/lz4/lz4_compress.o
  CC      drivers/pci/vpd.o
  CC      net/socket.o
  CC      lib/lz4/lz4_decompress.o
  CC      drivers/pci/setup-bus.o
  AR      lib/lz4/built-in.a
  CC      lib/zstd/zstd_decompress_module.o
  CC      lib/zstd/decompress/huf_decompress.o
  CC      drivers/pci/vc.o
  CC      net/core/sock.o
  CC      lib/zstd/decompress/zstd_ddict.o
  CC      lib/zstd/decompress/zstd_decompress.o
  CC      drivers/pci/mmap.o
  CC      fs/nfs/nfs4xdr.o
  CC      lib/zstd/decompress/zstd_decompress_block.o
  CC      drivers/pci/devres.o
  CC      drivers/pci/msi/pcidev_msi.o
  CC      net/core/skbuff.o
  CC      drivers/pci/msi/api.o
  CC      lib/zstd/zstd_common_module.o
  CC      lib/zstd/common/debug.o
  CC      drivers/pci/msi/msi.o
  CC      lib/zstd/common/entropy_common.o
  CC      fs/nfs/nfs4state.o
  CC      lib/zstd/common/error_private.o
  CC      lib/zstd/common/fse_decompress.o
  CC      lib/zstd/common/zstd_common.o
  AR      lib/zstd/built-in.a
  CC      lib/xz/xz_dec_syms.o
  CC      lib/xz/xz_dec_stream.o
  CC      drivers/pci/msi/irqdomain.o
  CC      lib/xz/xz_dec_lzma2.o
  AR      drivers/pci/msi/built-in.a
  CC      drivers/pci/pcie/aspm.o
  CC      lib/xz/xz_dec_bcj.o
  CC      fs/nfs/nfs4renewd.o
  CC      net/core/datagram.o
  AR      lib/xz/built-in.a
  CC      lib/audit.o
  AR      drivers/pci/pcie/built-in.a
  CC      drivers/pci/proc.o
  CC      lib/syscall.o
  CC      fs/nfs/nfs4super.o
  CC      lib/errname.o
  CC      lib/nlattr.o
  CC      net/core/stream.o
  CC      drivers/pci/pci-sysfs.o
  CC      fs/nfs/nfs4file.o
  CC      lib/dynamic_queue_limits.o
  CC      net/core/scm.o
  CC      drivers/pci/slot.o
  CC      drivers/pci/pci-acpi.o
  CC      lib/glob.o
  CC      net/core/gen_stats.o
  CC      fs/nfs/delegation.o
  CC      lib/dim/dim.o
  CC      lib/dim/net_dim.o
  CC      drivers/pci/iomap.o
  CC      net/core/gen_estimator.o
  CC      drivers/pci/quirks.o
  CC      lib/dim/rdma_dim.o
  CC      fs/nfs/nfs4idmap.o
  AR      lib/dim/built-in.a
  CC      lib/strncpy_from_user.o
  CC      net/core/net_namespace.o
  CC      lib/strnlen_user.o
  CC      lib/net_utils.o
  CC      drivers/pci/hotplug/pci_hotplug_core.o
  CC      fs/nfs/callback.o
  CC      net/core/secure_seq.o
  CC      lib/sg_pool.o
  CC      drivers/pci/hotplug/acpi_pcihp.o
  CC      lib/stackdepot.o
  CC      fs/nfs/callback_xdr.o
  CC      net/core/flow_dissector.o
  AR      drivers/pci/hotplug/built-in.a
  CC      drivers/pci/pci-label.o
  CC      lib/asn1_decoder.o
  CC      drivers/pci/vgaarb.o
  CC      lib/fonts/fonts.o
  CC      fs/nfs/callback_proc.o
  CC      lib/fonts/font_8x16.o
  CC      net/core/sysctl_net_core.o
  AR      lib/fonts/built-in.a
  CC      lib/oid_registry.o
  CC      drivers/pci/setup-cardbus.o
  CC      lib/ucs2_string.o
  CC      drivers/pci/trace.o
  CC      lib/sbitmap.o
  CC      net/core/dev.o
  CC      fs/nfs/nfs4namespace.o
  CC      lib/group_cpus.o
  AR      drivers/pci/built-in.a
  CC      drivers/video/screen_info_generic.o
  CC      drivers/video/screen_info_pci.o
  CC      lib/fw_table.o
  CC      fs/nfs/nfs4getroot.o
  AR      lib/lib.a
  AR      lib/built-in.a
  CC      arch/x86/pci/i386.o
  CC      drivers/video/console/dummycon.o
  CC      fs/nfs/nfs4client.o
  CC      arch/x86/pci/init.o
  CC      drivers/video/console/vgacon.o
  CC      arch/x86/pci/pcbios.o
  AR      drivers/video/console/built-in.a
  CC      drivers/video/backlight/backlight.o
  CC      fs/nfs/nfs4session.o
  AR      drivers/video/backlight/built-in.a
  CC      arch/x86/pci/mmconfig_32.o
  AR      drivers/video/built-in.a
  CC      net/core/dev_api.o
  CC      drivers/acpi/tables.o
  CC      arch/x86/pci/direct.o
  CC      fs/nfs/dns_resolve.o
  CC      net/core/dev_addr_lists.o
  CC      drivers/acpi/osi.o
  CC      arch/x86/pci/mmconfig-shared.o
  CC      drivers/acpi/osl.o
  CC      fs/nfs/nfs4trace.o
  CC      arch/x86/pci/fixup.o
  CC      net/core/dst.o
  CC      drivers/acpi/utils.o
  CC      arch/x86/pci/acpi.o
  CC      net/core/netevent.o
  CC      drivers/acpi/reboot.o
  CC      arch/x86/pci/legacy.o
  CC      drivers/acpi/nvs.o
  CC      net/core/neighbour.o
  CC      arch/x86/pci/irq.o
  CC      drivers/acpi/wakeup.o
  CC      fs/nfs/pnfs.o
  CC      drivers/acpi/sleep.o
  CC      arch/x86/pci/common.o
  CC      arch/x86/pci/early.o
  CC      drivers/acpi/device_sysfs.o
  CC      net/core/rtnetlink.o
  CC      arch/x86/pci/bus_numa.o
  CC      drivers/acpi/device_pm.o
  CC      fs/nfs/pnfs_dev.o
  CC      arch/x86/pci/amd_bus.o
  CC      drivers/acpi/proc.o
  AR      arch/x86/pci/built-in.a
  CC      arch/x86/power/cpu.o
  CC      fs/nfs/pnfs_nfs.o
  CC      drivers/acpi/bus.o
  CC      net/core/utils.o
  CC      arch/x86/power/hibernate_32.o
  CC      drivers/acpi/glue.o
  AS      arch/x86/power/hibernate_asm_32.o
  CC      arch/x86/power/hibernate.o
  CC      net/core/link_watch.o
  CC      fs/nfs/nfs4sysctl.o
  CC      drivers/acpi/scan.o
  AR      arch/x86/power/built-in.a
  CC      drivers/acpi/mipi-disco-img.o
  CC      drivers/acpi/resource.o
  CC      net/core/filter.o
  CC      fs/nfs/nfs40client.o
  CC      drivers/acpi/acpi_processor.o
  CC      drivers/acpi/processor_core.o
  CC      drivers/acpi/processor_pdc.o
  CC      fs/nfs/nfs40proc.o
  CC      drivers/acpi/ec.o
  CC      drivers/acpi/dock.o
  CC      drivers/acpi/pci_root.o
  CC      drivers/acpi/pci_link.o
  CC      fs/nfs/filelayout/filelayout.o
  CC      drivers/acpi/pci_irq.o
  CC      fs/nfs/filelayout/filelayoutdev.o
  CC      drivers/acpi/acpi_apd.o
  CC      drivers/acpi/acpi_platform.o
  CC      net/core/sock_diag.o
  CC      drivers/acpi/acpi_pnp.o
  CC      drivers/acpi/power.o
  AR      fs/nfs/filelayout/built-in.a
  CC      fs/nfs/blocklayout/blocklayout.o
  CC      net/core/dev_ioctl.o
  CC      drivers/acpi/event.o
  CC      net/core/tso.o
  CC      fs/nfs/blocklayout/dev.o
  CC      drivers/acpi/evged.o
  CC      drivers/acpi/sysfs.o
  CC      net/core/sock_reuseport.o
  CC      drivers/acpi/property.o
  CC      drivers/pnp/core.o
  CC      drivers/acpi/debugfs.o
  CC      net/core/fib_notifier.o
  CC      fs/nfs/blocklayout/extent_tree.o
  CC      drivers/pnp/card.o
  CC      drivers/acpi/acpi_lpat.o
  CC      drivers/pnp/driver.o
  CC      net/core/xdp.o
  CC      drivers/pnp/resource.o
  CC      fs/nfs/blocklayout/rpc_pipefs.o
  CC      drivers/acpi/acpica/dsargs.o
  CC      drivers/acpi/acpica/dscontrol.o
  CC      drivers/pnp/manager.o
  CC      drivers/acpi/acpica/dsdebug.o
  CC      net/core/flow_offload.o
  AR      fs/nfs/blocklayout/built-in.a
  CC      fs/nfs/flexfilelayout/flexfilelayout.o
  CC      drivers/acpi/acpica/dsfield.o
  CC      drivers/pnp/support.o
  CC      drivers/acpi/acpica/dsinit.o
  CC      drivers/pnp/interface.o
  CC      net/core/gro.o
  CC      drivers/acpi/acpica/dsmethod.o
  CC      drivers/pnp/quirks.o
  CC      drivers/acpi/acpica/dsmthdat.o
  CC      drivers/acpi/acpica/dsobject.o
  CC      fs/nfs/flexfilelayout/flexfilelayoutdev.o
  CC      drivers/pnp/system.o
  CC      drivers/acpi/acpica/dsopcode.o
  CC      net/core/netdev-genl.o
  CC      drivers/pnp/pnpacpi/core.o
  CC      drivers/acpi/acpica/dspkginit.o
  CC      drivers/acpi/acpica/dsutils.o
  CC      drivers/pnp/pnpacpi/rsparser.o
  AR      fs/nfs/flexfilelayout/built-in.a
  AR      fs/nfs/built-in.a
  AR      fs/built-in.a
  CC      drivers/acpi/acpica/dswexec.o
  CC      drivers/acpi/acpica/dswload.o
  CC      drivers/acpi/acpica/dswload2.o
  CC      net/core/netdev-genl-gen.o
  CC      drivers/acpi/acpica/dswscope.o
  AR      drivers/pnp/pnpacpi/built-in.a
  AR      drivers/pnp/built-in.a
  CC      drivers/dma/dmaengine.o
  CC      drivers/acpi/acpica/dswstate.o
  CC      drivers/acpi/acpica/evevent.o
  CC      net/core/netdev_work.o
  CC      drivers/acpi/acpica/evgpe.o
  CC      drivers/acpi/acpica/evgpeblk.o
  CC      drivers/acpi/acpica/evgpeinit.o
  CC      drivers/dma/virt-dma.o
  CC      drivers/acpi/acpica/evgpeutil.o
  CC      drivers/acpi/acpica/evglock.o
  CC      net/core/gso.o
  CC      drivers/acpi/ac.o
  CC      drivers/dma/acpi-dma.o
  CC      drivers/acpi/acpica/evhandler.o
  CC      drivers/acpi/acpica/evmisc.o
  CC      drivers/acpi/acpica/evregion.o
  CC      drivers/acpi/acpica/evrgnini.o
  CC      drivers/dma/hsu/hsu.o
  CC      net/core/net-sysfs.o
  CC      drivers/acpi/button.o
  CC      drivers/acpi/acpica/evsci.o
  CC      drivers/acpi/acpica/evxface.o
  AR      drivers/dma/hsu/built-in.a
  AR      drivers/dma/built-in.a
  CC      drivers/acpi/acpica/evxfevnt.o
  CC      drivers/acpi/acpica/evxfgpe.o
  CC      drivers/acpi/acpica/evxfregn.o
  CC      drivers/acpi/acpica/exconcat.o
  CC      drivers/acpi/acpica/exconfig.o
  CC      drivers/acpi/acpi_video.o
  CC      drivers/acpi/video_detect.o
  CC      drivers/acpi/acpica/exconvrt.o
  CC      net/core/hotdata.o
  CC      drivers/acpi/acpica/excreate.o
  CC      drivers/acpi/processor_driver.o
  CC      drivers/acpi/processor_thermal.o
  CC      drivers/acpi/acpica/exdebug.o
  CC      drivers/acpi/processor_idle.o
  CC      net/core/netdev_config.o
  CC      drivers/acpi/acpica/exdump.o
  CC      net/core/netdev_rx_queue.o
  CC      drivers/acpi/acpica/exfield.o
  CC      drivers/acpi/processor_throttling.o
  CC      net/ethernet/eth.o
  CC      drivers/acpi/acpica/exfldio.o
  CC      net/core/netdev_queues.o
  CC      drivers/acpi/acpica/exmisc.o
  CC      drivers/acpi/processor_perflib.o
  CC      drivers/acpi/acpica/exmutex.o
  CC      drivers/acpi/container.o
  AR      net/ethernet/built-in.a
  CC      net/core/page_pool.o
  CC      net/sched/sch_generic.o
  CC      drivers/acpi/acpica/exnames.o
  CC      net/sched/sch_mq.o
  CC      drivers/acpi/acpica/exoparg1.o
  CC      drivers/acpi/acpica/exoparg2.o
  CC      drivers/acpi/acpica/exoparg3.o
  CC      net/core/page_pool_user.o
  CC      net/sched/sch_frag.o
  CC      drivers/acpi/acpica/exoparg6.o
  CC      net/sched/sch_api.o
  CC      drivers/acpi/acpica/exprep.o
  CC      drivers/acpi/acpica/exregion.o
  CC      net/core/net-procfs.o
  CC      net/sched/sch_blackhole.o
  CC      drivers/acpi/acpica/exresnte.o
  CC      drivers/acpi/acpica/exresolv.o
  CC      net/sched/cls_api.o
  CC      drivers/acpi/acpica/exresop.o
  CC      net/sched/act_api.o
  CC      net/core/netpoll.o
  CC      drivers/acpi/acpica/exserial.o
  CC      drivers/acpi/acpica/exstore.o
  CC      drivers/acpi/acpica/exstoren.o
  CC      net/sched/sch_fifo.o
  CC      net/core/net-traces.o
  CC      drivers/acpi/acpica/exstorob.o
  CC      net/sched/cls_cgroup.o
  CC      drivers/acpi/acpica/exsystem.o
  CC      drivers/acpi/acpica/extrace.o
  CC      net/sched/ematch.o
  CC      drivers/acpi/acpica/exutils.o
  CC      drivers/acpi/acpica/hwacpi.o
  CC      drivers/acpi/acpica/hwesleep.o
  CC      drivers/acpi/acpica/hwgpe.o
  CC      drivers/acpi/acpica/hwregs.o
  AR      net/sched/built-in.a
  CC      net/netlink/af_netlink.o
  CC      net/core/selftests.o
  CC      drivers/acpi/acpica/hwsleep.o
  CC      drivers/acpi/acpica/hwvalid.o
  CC      drivers/acpi/acpica/hwxface.o
  CC      drivers/acpi/thermal_lib.o
  CC      net/core/netprio_cgroup.o
  CC      drivers/acpi/acpica/hwxfsleep.o
  CC      drivers/acpi/thermal.o
  CC      net/netlink/genetlink.o
  CC      drivers/acpi/acpica/hwpci.o
  CC      drivers/acpi/acpi_memhotplug.o
  CC      drivers/acpi/acpica/nsaccess.o
  CC      net/core/netclassid_cgroup.o
  CC      drivers/acpi/ioapic.o
  CC      drivers/acpi/acpica/nsalloc.o
  CC      net/netlink/policy.o
  CC      drivers/acpi/acpica/nsarguments.o
  CC      net/core/gro_cells.o
  CC      drivers/acpi/battery.o
  CC      drivers/acpi/acpica/nsconvert.o
  CC      drivers/acpi/acpica/nsdump.o
  AR      net/netlink/built-in.a
  CC      drivers/acpi/acpica/nseval.o
  CC      net/core/failover.o
  CC      drivers/acpi/acpica/nsinit.o
  CC      drivers/acpi/acpica/nsload.o
  CC      drivers/acpi/acpica/nsnames.o
  CC      drivers/acpi/acpica/nsobject.o
  CC      drivers/acpi/acpica/nsparse.o
  CC      drivers/acpi/acpica/nspredef.o
  CC      drivers/acpi/acpica/nsprepkg.o
  CC      drivers/acpi/acpica/nsrepair.o
  CC      drivers/acpi/acpica/nsrepair2.o
  CC      net/core/devmem.o
  CC      drivers/acpi/acpica/nssearch.o
  CC      drivers/acpi/acpica/nsutils.o
  CC      drivers/acpi/acpica/nswalk.o
  CC      drivers/acpi/acpica/nsxfeval.o
  CC      drivers/acpi/acpica/nsxfname.o
  CC      drivers/acpi/acpica/nsxfobj.o
  CC      drivers/acpi/acpica/psargs.o
  CC      drivers/acpi/acpica/psloop.o
  CC      drivers/acpi/acpica/psobject.o
  AR      net/core/built-in.a
  CC      drivers/acpi/acpica/psopcode.o
  CC      net/ethtool/ioctl.o
  CC      drivers/acpi/acpica/psopinfo.o
  CC      net/ethtool/common.o
  CC      drivers/acpi/acpica/psparse.o
  CC      drivers/acpi/acpica/psscope.o
  CC      drivers/acpi/acpica/pstree.o
  CC      net/netfilter/core.o
  CC      drivers/acpi/acpica/psutils.o
  CC      drivers/acpi/acpica/pswalk.o
  CC      drivers/acpi/acpica/psxface.o
  CC      drivers/acpi/acpica/rsaddr.o
  AR      net/ethtool/built-in.a
  CC      drivers/acpi/acpica/rscalc.o
  CC      drivers/acpi/acpica/rscreate.o
  CC      net/ipv4/route.o
  CC      net/netfilter/nf_log.o
  CC      drivers/acpi/acpica/rsdumpinfo.o
  CC      drivers/acpi/acpica/rsinfo.o
  CC      drivers/acpi/acpica/rsio.o
  CC      net/xfrm/xfrm_policy.o
  CC      net/netfilter/nf_queue.o
  CC      drivers/acpi/acpica/rsirq.o
  CC      drivers/acpi/acpica/rslist.o
  CC      drivers/acpi/acpica/rsmemory.o
  CC      net/ipv4/inetpeer.o
  CC      drivers/acpi/acpica/rsmisc.o
  CC      net/netfilter/nf_sockopt.o
  CC      drivers/acpi/acpica/rsserial.o
  CC      net/xfrm/xfrm_state.o
  CC      drivers/acpi/acpica/rsutils.o
  CC      net/ipv4/protocol.o
  CC      net/netfilter/utils.o
  CC      drivers/acpi/acpica/rsxface.o
  CC      drivers/acpi/acpica/tbdata.o
  CC      net/ipv4/ip_input.o
  CC      drivers/acpi/acpica/tbfadt.o
  CC      net/netfilter/nfnetlink.o
  CC      drivers/acpi/acpica/tbfind.o
  CC      net/xfrm/xfrm_hash.o
  CC      drivers/acpi/acpica/tbinstal.o
  CC      net/ipv4/ip_fragment.o
  CC      net/xfrm/xfrm_input.o
  CC      drivers/acpi/acpica/tbprint.o
  CC      net/netfilter/nfnetlink_log.o
  CC      drivers/acpi/acpica/tbutils.o
  CC      drivers/acpi/acpica/tbxface.o
  CC      drivers/acpi/acpica/tbxfload.o
  CC      net/netfilter/nf_conntrack_core.o
  CC      net/xfrm/xfrm_output.o
  CC      net/ipv4/ip_forward.o
  CC      drivers/acpi/acpica/tbxfroot.o
  CC      drivers/acpi/acpica/utaddress.o
  CC      drivers/acpi/acpica/utalloc.o
  CC      drivers/acpi/acpica/utascii.o
  CC      net/netfilter/nf_conntrack_standalone.o
  CC      net/xfrm/xfrm_sysctl.o
  CC      net/ipv4/ip_options.o
  CC      drivers/acpi/acpica/utbuffer.o
  CC      drivers/acpi/acpica/utcksum.o
  CC      net/netfilter/nf_conntrack_expect.o
  CC      drivers/acpi/acpica/utcopy.o
  CC      net/xfrm/xfrm_replay.o
  CC      net/ipv4/ip_output.o
  CC      drivers/acpi/acpica/utexcep.o
  CC      drivers/acpi/acpica/utdebug.o
  CC      net/netfilter/nf_conntrack_helper.o
  CC      drivers/acpi/acpica/utdecode.o
  CC      net/xfrm/xfrm_device.o
  CC      drivers/acpi/acpica/utdelete.o
  CC      drivers/acpi/acpica/uterror.o
  CC      net/ipv4/ip_sockglue.o
  CC      net/netfilter/nf_conntrack_proto.o
  CC      net/xfrm/xfrm_nat_keepalive.o
  CC      drivers/acpi/acpica/uteval.o
  CC      drivers/acpi/acpica/utglobal.o
  CC      drivers/acpi/acpica/uthex.o
  CC      net/xfrm/xfrm_algo.o
  CC      net/netfilter/nf_conntrack_proto_generic.o
  CC      net/ipv4/inet_hashtables.o
  CC      drivers/acpi/acpica/utids.o
  CC      drivers/acpi/acpica/utinit.o
  CC      drivers/acpi/acpica/utlock.o
  CC      net/netfilter/nf_conntrack_proto_tcp.o
  CC      net/xfrm/xfrm_user.o
  CC      drivers/acpi/acpica/utmath.o
  CC      net/ipv4/inet_timewait_sock.o
  CC      drivers/acpi/acpica/utmisc.o
  CC      drivers/acpi/acpica/utmutex.o
  CC      net/netfilter/nf_conntrack_proto_udp.o
  CC      drivers/acpi/acpica/utnonansi.o
  AR      net/xfrm/built-in.a
  CC      net/unix/af_unix.o
  CC      net/ipv4/inet_connection_sock.o
  CC      drivers/acpi/acpica/utobject.o
  CC      drivers/acpi/acpica/utosi.o
  CC      net/netfilter/nf_conntrack_proto_icmp.o
  CC      drivers/acpi/acpica/utownerid.o
  CC      drivers/acpi/acpica/utpredef.o
  CC      net/ipv4/tcp.o
  CC      net/unix/garbage.o
  CC      drivers/acpi/acpica/utresdecode.o
  CC      net/netfilter/nf_conntrack_extend.o
  CC      drivers/acpi/acpica/utresrc.o
  CC      drivers/acpi/acpica/utstate.o
  CC      net/netfilter/nf_conntrack_acct.o
  CC      drivers/acpi/acpica/utstring.o
  CC      net/unix/sysctl_net_unix.o
  CC      drivers/acpi/acpica/utstrsuppt.o
  CC      net/netfilter/nf_conntrack_seqadj.o
  CC      drivers/acpi/acpica/utstrtoul64.o
  CC      net/ipv4/tcp_input.o
  AR      net/unix/built-in.a
  AR      net/ipv6/netfilter/built-in.a
  CC      net/ipv6/addrconf_core.o
  CC      drivers/acpi/acpica/utxface.o
  CC      drivers/acpi/acpica/utxfinit.o
  CC      drivers/acpi/acpica/utxferror.o
  CC      net/netfilter/nf_conntrack_netlink.o
  CC      net/ipv6/exthdrs_core.o
  CC      drivers/acpi/acpica/utxfmutex.o
  AR      drivers/acpi/acpica/built-in.a
  CC      drivers/acpi/bgrt.o
  CC      drivers/acpi/spcr.o
  CC      net/ipv6/ip6_checksum.o
  CC      net/netfilter/nf_conntrack_irc.o
  CC      drivers/acpi/x86/apple.o
  CC      net/ipv4/tcp_output.o
  CC      net/ipv6/ip6_icmp.o
  CC      drivers/acpi/x86/cmos_rtc.o
  CC      net/netfilter/nf_conntrack_sip.o
  CC      drivers/acpi/x86/lpss.o
  CC      net/ipv6/output_core.o
  CC      drivers/acpi/x86/s2idle.o
  CC      net/netfilter/nf_log_syslog.o
  CC      net/ipv6/protocol.o
  CC      net/ipv4/tcp_timer.o
  CC      drivers/acpi/x86/utils.o
  CC      net/ipv6/ip6_offload.o
  CC      drivers/acpi/x86/blacklist.o
  CC      net/netfilter/nf_nat_core.o
  AR      drivers/acpi/x86/built-in.a
  AR      drivers/acpi/built-in.a
  CC      drivers/virtio/virtio.o
  CC      net/ipv4/tcp_ipv4.o
  CC      net/ipv6/exthdrs_offload.o
  CC      drivers/virtio/virtio_ring.o
  CC      net/netfilter/nf_nat_proto.o
  AR      net/ipv6/built-in.a
  CC      net/sunrpc/clnt.o
  CC      drivers/virtio/virtio_anchor.o
  CC      net/netfilter/nf_nat_helper.o
  CC      net/ipv4/tcp_minisocks.o
  AR      drivers/virtio/built-in.a
  CC      drivers/tty/tty_io.o
  CC      net/sunrpc/xprt.o
  CC      net/netfilter/nf_nat_masquerade.o
  CC      net/ipv4/tcp_cong.o
  CC      drivers/tty/n_tty.o
  CC      net/netfilter/nf_nat_irc.o
  CC      net/ipv4/tcp_metrics.o
  CC      drivers/tty/tty_ioctl.o
  CC      net/sunrpc/socklib.o
  CC      net/netfilter/nf_nat_sip.o
  CC      drivers/tty/tty_ldisc.o
  CC      net/sunrpc/xprtsock.o
  CC      net/ipv4/tcp_fastopen.o
  CC      drivers/tty/tty_buffer.o
  CC      net/netfilter/x_tables.o
  CC      drivers/tty/tty_port.o
  CC      net/ipv4/tcp_recovery.o
  CC      drivers/tty/tty_mutex.o
  CC      net/sunrpc/sched.o
  CC      drivers/tty/tty_ldsem.o
  CC      net/netfilter/xt_tcpudp.o
  CC      net/ipv4/tcp_ulp.o
  CC      drivers/tty/tty_baudrate.o
  CC      drivers/tty/tty_jobctrl.o
  CC      net/netfilter/xt_mark.o
  CC      net/ipv4/tcp_offload.o
  CC      drivers/tty/n_null.o
  CC      net/netfilter/xt_LOG.o
  CC      drivers/tty/pty.o
  CC      net/ipv4/tcp_plb.o
  CC      drivers/tty/tty_audit.o
  CC      net/netfilter/xt_NFLOG.o
  CC      net/sunrpc/auth.o
  CC      drivers/tty/sysrq.o
  CC      net/ipv4/datagram.o
  CC      net/netfilter/xt_MASQUERADE.o
  CC      drivers/tty/vt/vt_ioctl.o
  CC      net/sunrpc/auth_null.o
  CC      net/ipv4/raw.o
  CC      net/netfilter/xt_SECMARK.o
  CC      drivers/tty/vt/vc_screen.o
  CC      net/sunrpc/auth_tls.o
  CC      net/netfilter/xt_TCPMSS.o
  CC      drivers/tty/vt/selection.o
  CC      net/ipv4/udp.o
  CC      drivers/tty/vt/keyboard.o
  CC      net/sunrpc/auth_unix.o
  CC      net/netfilter/xt_addrtype.o
  CC      drivers/tty/vt/vt.o
  CC      net/sunrpc/svc.o
  CC      net/netfilter/xt_conntrack.o
  CC      net/ipv4/udp_offload.o
  CC      drivers/tty/vt/defkeymap.o
  CC      net/netfilter/xt_policy.o
  CC      drivers/tty/vt/consolemap.o
  CC      net/sunrpc/svcsock.o
  CC      net/ipv4/arp.o
  HOSTCC  drivers/tty/vt/conmakehash
  CC      drivers/tty/vt/ucs.o
  CC      net/netfilter/xt_state.o
  CONMK   drivers/tty/vt/consolemap_deftbl.c
  CC      drivers/tty/vt/consolemap_deftbl.o
  AR      drivers/tty/vt/built-in.a
  CC      drivers/tty/hvc/hvc_console.o
  AR      drivers/tty/hvc/built-in.a
  AR      net/netfilter/built-in.a
  CC      net/ipv4/icmp.o
  CC      net/sunrpc/svcauth.o
  CC      drivers/tty/serial/serial_core.o
  CC      net/wireless/core.o
  CC      net/sunrpc/svcauth_unix.o
  CC      drivers/tty/serial/serial_base_bus.o
  CC      net/ipv4/devinet.o
  CC      net/wireless/sysfs.o
  CC      drivers/tty/serial/serial_ctrl.o
  CC      drivers/tty/serial/serial_port.o
  CC      net/sunrpc/addr.o
  CC      drivers/tty/serial/earlycon.o
  CC      net/ipv4/af_inet.o
  CC      net/wireless/radiotap.o
  CC      drivers/tty/serial/8250/8250_core.o
  CC      net/sunrpc/rpcb_clnt.o
  CC      net/wireless/util.o
  CC      drivers/tty/serial/8250/8250_platform.o
  CC      net/ipv4/igmp.o
  CC      net/sunrpc/timer.o
  CC      drivers/tty/serial/8250/8250_pnp.o
  CC      drivers/tty/serial/8250/8250_port.o
  CC      net/ipv4/fib_frontend.o
  CC      net/sunrpc/xdr.o
  CC      net/wireless/reg.o
  CC      drivers/tty/serial/8250/8250_dma.o
  CC      net/ipv4/fib_semantics.o
  CC      net/sunrpc/sunrpc_syms.o
  CC      drivers/tty/serial/8250/8250_pcilib.o
  CC      net/wireless/scan.o
  CC      drivers/tty/serial/8250/8250_rsa.o
  CC      net/sunrpc/cache.o
  CC      net/ipv4/fib_trie.o
  CC      drivers/tty/serial/8250/8250_early.o
  CC      drivers/tty/serial/8250/8250_exar.o
  CC      net/sunrpc/rpc_pipe.o
  CC      net/wireless/nl80211.o
  CC      drivers/tty/serial/8250/8250_mid.o
  CC      net/ipv4/fib_notifier.o
  CC      drivers/tty/serial/8250/8250_pci.o
  CC      net/ipv4/inet_fragment.o
  CC      net/sunrpc/sysfs.o
  CC      drivers/tty/serial/8250/8250_pericom.o
  AR      drivers/tty/serial/8250/built-in.a
  CC      net/ipv4/ping.o
  AR      drivers/tty/serial/built-in.a
  AR      drivers/tty/built-in.a
  CC      drivers/char/mem.o
  CC      net/sunrpc/svc_xprt.o
  CC      drivers/char/random.o
  CC      net/ipv4/ip_tunnel_core.o
  CC      net/sunrpc/xprtmultipath.o
  CC      drivers/char/misc.o
  CC      net/ipv4/gre_offload.o
  CC      net/sunrpc/netlink.o
  CC      drivers/char/virtio_console.o
  CC      net/sunrpc/backchannel_rqst.o
  CC      net/ipv4/metrics.o
  CC      drivers/char/hpet.o
  CC      net/wireless/mlme.o
  CC      net/sunrpc/stats.o
  CC      drivers/char/nvram.o
  CC      net/ipv4/netlink.o
  CC      drivers/char/hw_random/core.o
  CC      net/sunrpc/sysctl.o
  CC      drivers/char/hw_random/intel-rng.o
  CC      net/ipv4/nexthop.o
  CC      net/wireless/ibss.o
  CC      drivers/char/hw_random/amd-rng.o
  AR      net/sunrpc/built-in.a
  CC      net/mac80211/main.o
  CC      drivers/char/hw_random/geode-rng.o
  CC      net/wireless/sme.o
  CC      net/ipv4/udp_tunnel_stub.o
  CC      drivers/char/hw_random/via-rng.o
  AR      drivers/char/hw_random/built-in.a
  CC      drivers/char/agp/backend.o
  CC      net/ipv4/sysctl_net_ipv4.o
  CC      net/mac80211/status.o
  CC      drivers/char/agp/generic.o
  CC      net/wireless/chan.o
  CC      drivers/char/agp/isoch.o
  CC      net/ipv4/proc.o
  CC      net/mac80211/driver-ops.o
  CC      net/wireless/ethtool.o
  CC      drivers/char/agp/amd64-agp.o
  CC      drivers/char/agp/intel-agp.o
  CC      net/ipv4/syncookies.o
  CC      drivers/char/agp/intel-gtt.o
  CC      net/wireless/mesh.o
  CC      net/mac80211/sta_info.o
  CC      net/ipv4/ipconfig.o
  AR      drivers/char/agp/built-in.a
  AR      drivers/char/built-in.a
  AR      drivers/iommu/built-in.a
  CC      drivers/base/component.o
  CC      net/wireless/ap.o
  CC      drivers/base/core.o
  CC      net/ipv4/netfilter.o
  CC      net/mac80211/wep.o
  CC      net/wireless/trace.o
  CC      net/ipv4/netfilter/nf_defrag_ipv4.o
  CC      drivers/base/bus.o
  CC      net/mac80211/aead_api.o
  CC      drivers/base/dd.o
  CC      net/mac80211/wpa.o
  CC      net/ipv4/netfilter/nf_reject_ipv4.o
  CC      drivers/base/syscore.o
  CC      net/mac80211/scan.o
  CC      drivers/base/driver.o
  AR      net/ipv4/netfilter/built-in.a
  CC      net/ipv4/cipso_ipv4.o
  CC      drivers/base/class.o
  CC      drivers/base/platform.o
  CC      net/mac80211/offchannel.o
  CC      net/ipv4/xfrm4_policy.o
  CC      drivers/base/cpu.o
  CC      drivers/base/firmware.o
  CC      net/ipv4/xfrm4_state.o
  CC      drivers/base/init.o
  CC      net/mac80211/ht.o
  CC      drivers/base/map.o
  CC      net/wireless/ocb.o
  CC      net/ipv4/xfrm4_input.o
  CC      drivers/base/devres.o
  CC      net/mac80211/agg-tx.o
  CC      drivers/base/attribute_container.o
  CC      net/ipv4/xfrm4_output.o
  CC      drivers/base/transport_class.o
  CC      net/wireless/michael-mic.o
  CC      drivers/base/topology.o
  CC      net/wireless/pmsr.o
  CC      drivers/base/container.o
  CC      net/mac80211/agg-rx.o
  CC      net/ipv4/xfrm4_protocol.o
  CC      drivers/base/property.o
  AR      net/ipv4/built-in.a
  CC      net/netlabel/netlabel_user.o
  CC      drivers/base/cacheinfo.o
  CC      net/wireless/shipped-certs.o
  CC      net/mac80211/vht.o
  CC      drivers/base/swnode.o
  CC      net/netlabel/netlabel_kapi.o
  AR      net/wireless/built-in.a
  CC      net/rfkill/core.o
  CC      drivers/base/faux.o
  CC      drivers/base/auxiliary.o
  CC      net/mac80211/he.o
  CC      net/rfkill/input.o
  CC      net/netlabel/netlabel_domainhash.o
  CC      drivers/base/devtmpfs.o
  AR      net/rfkill/built-in.a
  CC      net/sysctl_net.o
  CC      net/netlabel/netlabel_addrlist.o
  CC      net/mac80211/s1g.o
  CC      drivers/base/power/sysfs.o
  CC      net/dns_resolver/dns_key.o
  CC      drivers/base/power/generic_ops.o
  CC      net/dns_resolver/dns_query.o
  CC      net/netlabel/netlabel_mgmt.o
  CC      drivers/base/power/common.o
  AR      net/dns_resolver/built-in.a
  CC      drivers/base/power/qos.o
  CC      net/mac80211/ibss.o
  CC      drivers/base/power/runtime.o
  CC      net/netlabel/netlabel_unlabeled.o
  CC      net/netlabel/netlabel_cipso_v4.o
  CC      drivers/base/power/wakeirq.o
  CC      drivers/base/power/main.o
  CC      net/mac80211/iface.o
  CC      net/mac80211/link.o
  AR      net/netlabel/built-in.a
  CC      drivers/base/power/wakeup.o
  CC      drivers/base/power/wakeup_stats.o
  CC      drivers/base/power/trace.o
  CC      net/handshake/alert.o
  CC      net/mac80211/rate.o
  CC      net/mac80211/tkip.o
  AR      drivers/base/power/built-in.a
  CC      drivers/base/firmware_loader/main.o
  CC      net/handshake/genl.o
  CC      drivers/base/firmware_loader/builtin/main.o
  CC      net/mac80211/aes_cmac.o
  CC      net/handshake/netlink.o
  AR      drivers/base/firmware_loader/builtin/built-in.a
  AR      drivers/base/firmware_loader/built-in.a
  CC      drivers/base/auxiliary_sysfs.o
  CC      net/mac80211/aes_gmac.o
  CC      drivers/base/platform-msi.o
  CC      net/mac80211/fils_aead.o
  CC      drivers/base/physical_location.o
  CC      net/handshake/request.o
  CC      net/mac80211/cfg.o
  CC      drivers/base/trace.o
  CC      net/mac80211/ethtool.o
  AR      drivers/base/built-in.a
  CC      drivers/block/loop.o
  CC      net/handshake/tlshd.o
  CC      net/handshake/trace.o
  CC      drivers/block/virtio_blk.o
  CC      net/mac80211/rx.o
  CC      net/mac80211/spectmgmt.o
  AR      net/handshake/built-in.a
  CC      net/mac80211/tx.o
  AR      drivers/block/built-in.a
  CC      drivers/misc/eeprom/eeprom_93cx6.o
  CC      net/mac80211/key.o
  AR      drivers/misc/eeprom/built-in.a
  AR      drivers/misc/built-in.a
  CC      drivers/dma-buf/dma-buf.o
  CC      net/mac80211/util.o
  CC      drivers/dma-buf/dma-fence.o
  CC      net/mac80211/parse.o
  CC      drivers/dma-buf/dma-fence-array.o
  CC      net/mac80211/wme.o
  CC      drivers/dma-buf/dma-fence-chain.o
  CC      net/mac80211/chan.o
  CC      net/mac80211/ap.o
  CC      drivers/dma-buf/dma-fence-unwrap.o
  CC      net/mac80211/trace.o
  CC      drivers/dma-buf/dma-resv.o
  CC      drivers/dma-buf/dma-buf-mapping.o
  CC      net/mac80211/mlme.o
  CC      net/mac80211/tdls.o
  CC      drivers/dma-buf/sync_file.o
  AR      drivers/dma-buf/built-in.a
  AR      drivers/macintosh/built-in.a
  CC      drivers/scsi/scsi.o
  CC      net/mac80211/ocb.o
  CC      drivers/scsi/hosts.o
  CC      drivers/scsi/scsi_ioctl.o
  CC      net/mac80211/airtime.o
  CC      drivers/scsi/scsicam.o
  CC      drivers/scsi/scsi_error.o
  CC      net/mac80211/eht.o
  CC      drivers/scsi/scsi_lib.o
  CC      drivers/scsi/constants.o
  CC      net/mac80211/uhr.o
  CC      drivers/scsi/scsi_lib_dma.o
  CC      drivers/scsi/scsi_scan.o
  CC      drivers/scsi/scsi_sysfs.o
  CC      net/mac80211/nan.o
  CC      drivers/scsi/scsi_devinfo.o
  CC      net/mac80211/led.o
  CC      drivers/scsi/scsi_sysctl.o
  CC      drivers/scsi/scsi_proc.o
  CC      drivers/scsi/scsi_debugfs.o
  CC      net/mac80211/pm.o
  CC      drivers/scsi/scsi_trace.o
  CC      net/mac80211/rc80211_minstrel_ht.o
  CC      drivers/scsi/scsi_logging.o
  CC      drivers/scsi/scsi_pm.o
  CC      drivers/scsi/scsi_bsg.o
  CC      net/mac80211/wbrf.o
  CC      drivers/scsi/scsi_common.o
  CC      drivers/scsi/scsi_transport_spi.o
  CC      drivers/scsi/virtio_scsi.o
  CC      drivers/scsi/sd.o
  AR      net/mac80211/built-in.a
  AR      net/built-in.a
  CC      drivers/scsi/sr.o
  CC      drivers/scsi/sr_ioctl.o
  CC      drivers/scsi/sr_vendor.o
  CC      drivers/scsi/sg.o
  CC      drivers/net/mii.o
  CC      drivers/net/loopback.o
  CC      drivers/net/netconsole.o
  AR      drivers/scsi/built-in.a
  CC      drivers/cdrom/cdrom.o
  CC      drivers/net/phy/stubs.o
  CC      drivers/net/mdio/acpi_mdio.o
  CC      drivers/net/virtio_net.o
  CC      drivers/net/phy/mdio_bus.o
  AR      drivers/cdrom/built-in.a
  CC      drivers/net/phy/phy.o
  CC      drivers/net/mdio/fwnode_mdio.o
  CC      drivers/pcmcia/cs.o
  AR      drivers/net/mdio/built-in.a
  CC      drivers/net/ethernet/broadcom/bnx2.o
  CC      drivers/net/phy/phy-c45.o
  CC      drivers/pcmcia/socket_sysfs.o
  AR      drivers/net/wireless/built-in.a
  CC      drivers/net/net_failover.o
  CC      drivers/pcmcia/cardbus.o
  CC      drivers/net/phy/phy-core.o
  CC      drivers/pcmcia/rsrc_mgr.o
  CC      drivers/pcmcia/yenta_socket.o
  CC      drivers/net/phy/phy_device.o
  CC      drivers/net/phy/linkmode.o
  AR      drivers/net/ethernet/broadcom/built-in.a
  CC      drivers/net/ethernet/intel/e1000e/82571.o
  AR      drivers/pcmcia/built-in.a
  CC      drivers/usb/host/pci-quirks.o
  CC      drivers/net/phy/phy_link_topology.o
  AR      drivers/usb/host/built-in.a
  AR      drivers/usb/built-in.a
  CC      drivers/input/serio/serio.o
  CC      drivers/net/phy/phy_caps.o
  CC      drivers/net/ethernet/intel/e1000e/ich8lan.o
  CC      drivers/net/phy/mdio_bus_provider.o
  CC      drivers/input/serio/i8042.o
  CC      drivers/net/phy/phy_port.o
  CC      drivers/net/phy/mdio_device.o
  CC      drivers/input/serio/serport.o
  CC      drivers/net/phy/mdio_devres.o
  CC      drivers/net/ethernet/intel/e1000e/80003es2lan.o
  CC      drivers/net/phy/phy_package.o
  CC      drivers/input/serio/libps2.o
  CC      drivers/net/ethernet/intel/e1000e/mac.o
  AR      drivers/input/serio/built-in.a
  CC      drivers/input/input.o
  CC      drivers/net/phy/realtek/realtek_main.o
  CC      drivers/net/ethernet/intel/e1000e/manage.o
  CC      drivers/net/ethernet/intel/e1000e/nvm.o
  CC      drivers/input/input-compat.o
  CC      drivers/net/ethernet/intel/e1000e/phy.o
  AR      drivers/net/phy/realtek/built-in.a
  AR      drivers/net/phy/built-in.a
  CC      drivers/net/ethernet/intel/e1000e/param.o
  CC      drivers/input/input-mt.o
  CC      drivers/net/ethernet/intel/e1000e/ethtool.o
  CC      drivers/input/input-poller.o
  CC      drivers/net/ethernet/intel/e1000e/netdev.o
  CC      drivers/input/ff-core.o
  CC      drivers/input/touchscreen.o
  CC      drivers/input/touch-overlay.o
  CC      drivers/net/ethernet/intel/e1000e/ptp.o
  CC      drivers/input/ff-memless.o
  CC      drivers/input/sparse-keymap.o
  CC      drivers/input/vivaldi-fmap.o
  CC      drivers/input/input-leds.o
  CC      drivers/input/evdev.o
  CC      drivers/input/keyboard/atkbd.o
  CC      drivers/rtc/lib.o
  AR      drivers/net/ethernet/intel/e1000e/built-in.a
  AR      drivers/net/ethernet/intel/built-in.a
  CC      drivers/net/ethernet/marvell/sky2.o
  CC      drivers/rtc/class.o
  AR      drivers/input/keyboard/built-in.a
  AR      drivers/input/built-in.a
  CC      drivers/i2c/i2c-boardinfo.o
  CC      drivers/rtc/interface.o
  CC      drivers/rtc/nvmem.o
  CC      drivers/i2c/i2c-core-base.o
  CC      drivers/rtc/proc.o
  CC      drivers/rtc/sysfs.o
  CC      drivers/rtc/rtc-mc146818-lib.o
  AR      drivers/net/ethernet/marvell/built-in.a
  CC      drivers/net/ethernet/nvidia/forcedeth.o
  CC      drivers/i2c/i2c-core-smbus.o
  CC      drivers/rtc/rtc-cmos.o
  CC      drivers/i2c/i2c-core-acpi.o
  AR      drivers/rtc/built-in.a
  CC      drivers/i2c/i2c-smbus.o
  CC      drivers/i2c/busses/i2c-i801.o
  AR      drivers/ptp/built-in.a
  CC      drivers/power/supply/power_supply_core.o
  CC      drivers/power/supply/power_supply_sysfs.o
  AR      drivers/net/ethernet/nvidia/built-in.a
  CC      drivers/net/ethernet/realtek/8139too.o
  CC      drivers/power/supply/power_supply_leds.o
  AR      drivers/i2c/busses/built-in.a
  AR      drivers/i2c/built-in.a
  CC      drivers/hwmon/hwmon.o
  CC      drivers/power/supply/power_supply_hwmon.o
  CC      drivers/thermal/thermal_core.o
  AR      drivers/power/supply/built-in.a
  AR      drivers/power/built-in.a
  CC      drivers/md/md.o
  CC      drivers/net/ethernet/realtek/r8169_main.o
  AR      drivers/hwmon/built-in.a
  CC      drivers/md/md-bitmap.o
  CC      drivers/thermal/thermal_sysfs.o
  CC      drivers/thermal/thermal_trip.o
  CC      drivers/md/md-autodetect.o
  CC      drivers/thermal/thermal_helpers.o
  CC      drivers/net/ethernet/realtek/r8169_firmware.o
  CC      drivers/thermal/thermal_thresholds.o
  CC      drivers/md/dm.o
  CC      drivers/net/ethernet/realtek/r8169_phy_config.o
  CC      drivers/thermal/thermal_netlink.o
  CC      drivers/md/dm-table.o
  CC      drivers/md/dm-target.o
  AR      drivers/net/ethernet/realtek/built-in.a
  AR      drivers/net/ethernet/built-in.a
  AR      drivers/net/built-in.a
  CC      drivers/thermal/thermal_hwmon.o
  CC      drivers/cpufreq/cpufreq.o
  CC      drivers/md/dm-linear.o
  CC      drivers/thermal/gov_step_wise.o
  CC      drivers/md/dm-stripe.o
  CC      drivers/md/dm-ioctl.o
  CC      drivers/thermal/intel/intel_tcc.o
  CC      drivers/cpufreq/freq_table.o
  CC      drivers/md/dm-io.o
  CC      drivers/thermal/intel/x86_pkg_temp_thermal.o
  CC      drivers/cpufreq/cpufreq_performance.o
  CC      drivers/thermal/intel/therm_throt.o
  CC      drivers/md/dm-kcopyd.o
  CC      drivers/cpufreq/cpufreq_userspace.o
  CC      drivers/md/dm-sysfs.o
  CC      drivers/cpufreq/acpi-cpufreq.o
  AR      drivers/thermal/intel/built-in.a
  AR      drivers/thermal/built-in.a
  CC      drivers/md/dm-stats.o
  CC      drivers/cpuidle/cpuidle.o
  CC      drivers/md/dm-rq.o
  CC      drivers/cpufreq/intel_pstate.o
  CC      drivers/md/dm-io-rewind.o
  CC      drivers/cpuidle/driver.o
  CC      drivers/md/dm-builtin.o
  CC      drivers/cpuidle/governor.o
  CC      drivers/md/dm-raid1.o
  CC      drivers/cpuidle/sysfs.o
  CC      drivers/md/dm-log.o
  AR      drivers/cpufreq/built-in.a
  CC      drivers/firmware/dmi_scan.o
  CC      drivers/cpuidle/governors/menu.o
  CC      drivers/md/dm-region-hash.o
  CC      drivers/md/dm-zero.o
  CC      drivers/firmware/dmi-id.o
  AR      drivers/cpuidle/governors/built-in.a
  CC      drivers/cpuidle/poll_state.o
  AR      drivers/cpuidle/built-in.a
  CC      drivers/clocksource/acpi_pm.o
  CC      drivers/firmware/memmap.o
  CC      drivers/clocksource/i8253.o
  AR      drivers/md/built-in.a
  CC      drivers/hid/hid-core.o
  CC      drivers/hid/hid-input.o
  AR      drivers/clocksource/built-in.a
  CC      drivers/platform/x86/wmi-bmof.o
  CC      drivers/firmware/efi/efi-bgrt.o
  CC      drivers/platform/x86/eeepc-laptop.o
  CC      drivers/firmware/efi/efi.o
  CC      drivers/hid/hid-quirks.o
  CC      drivers/hid/hid-debug.o
  CC      drivers/platform/x86/p2sb.o
  CC      drivers/hid/hidraw.o
  CC      drivers/firmware/efi/vars.o
  AR      drivers/platform/x86/built-in.a
  CC      drivers/platform/wmi/core.o
  CC      drivers/firmware/efi/reboot.o
  CC      drivers/firmware/efi/memattr.o
  CC      drivers/hid/hid-generic.o
  CC      drivers/firmware/efi/tpm.o
  CC      drivers/platform/wmi/marshalling.o
  CC      drivers/firmware/efi/memmap.o
  CC      drivers/hid/hid-gyration.o
  CC      drivers/platform/wmi/string.o
  CC      drivers/firmware/efi/capsule.o
  CC      drivers/firmware/efi/esrt.o
  AR      drivers/platform/wmi/built-in.a
  AR      drivers/platform/built-in.a
  CC      drivers/hid/hid-pl.o
  CC      drivers/nvmem/core.o
  CC      drivers/firmware/efi/runtime-wrappers.o
  CC      drivers/firmware/efi/capsule-loader.o
  CC      drivers/hid/hid-petalynx.o
  AR      drivers/nvmem/built-in.a
  CC      drivers/hid/hid-topseed.o
  CC      drivers/firmware/efi/earlycon.o
  CC      drivers/firmware/efi/libstub/alignedmem.o
  CC      drivers/firmware/efi/libstub/efi-stub-helper.o
  AR      drivers/hid/built-in.a
  CC      drivers/firmware/efi/libstub/file.o
  AR      drivers/firmware/efi/built-in.a
  CC      drivers/firmware/efi/libstub/gop.o
  CC      drivers/firmware/efi/libstub/lib-cmdline.o
  CC      drivers/firmware/efi/libstub/lib-ctype.o
  CC      drivers/firmware/efi/libstub/mem.o
  CC      drivers/firmware/efi/libstub/pci.o
  CC      drivers/firmware/efi/libstub/printk.o
  CC      drivers/firmware/efi/libstub/random.o
  CC      drivers/firmware/efi/libstub/randomalloc.o
  CC      drivers/firmware/efi/libstub/secureboot.o
  CC      drivers/firmware/efi/libstub/skip_spaces.o
  CC      drivers/firmware/efi/libstub/smbios.o
  CC      drivers/firmware/efi/libstub/tpm.o
  CC      drivers/firmware/efi/libstub/vsprintf.o
  CC      drivers/firmware/efi/libstub/x86-stub.o
  STUBCPY drivers/firmware/efi/libstub/alignedmem.stub.o
  STUBCPY drivers/firmware/efi/libstub/efi-stub-helper.stub.o
  STUBCPY drivers/firmware/efi/libstub/file.stub.o
  STUBCPY drivers/firmware/efi/libstub/gop.stub.o
  STUBCPY drivers/firmware/efi/libstub/lib-cmdline.stub.o
  STUBCPY drivers/firmware/efi/libstub/lib-ctype.stub.o
  STUBCPY drivers/firmware/efi/libstub/mem.stub.o
  STUBCPY drivers/firmware/efi/libstub/pci.stub.o
  STUBCPY drivers/firmware/efi/libstub/printk.stub.o
  STUBCPY drivers/firmware/efi/libstub/random.stub.o
  STUBCPY drivers/firmware/efi/libstub/randomalloc.stub.o
  STUBCPY drivers/firmware/efi/libstub/secureboot.stub.o
  STUBCPY drivers/firmware/efi/libstub/skip_spaces.stub.o
  STUBCPY drivers/firmware/efi/libstub/vsprintf.stub.o
  STUBCPY drivers/firmware/efi/libstub/smbios.stub.o
  STUBCPY drivers/firmware/efi/libstub/tpm.stub.o
  STUBCPY drivers/firmware/efi/libstub/x86-stub.stub.o
  AR      drivers/firmware/efi/libstub/lib.a
  AR      drivers/firmware/built-in.a
  AR      drivers/built-in.a
  AR      built-in.a
  AR      built-in-fixup.a
  COPY    vmlinux.a
  LD      vmlinux.o
  MODPOST vmlinux.symvers
  CC      .vmlinux.export.o
  UPD     include/generated/utsversion.h
  CC      init/version-timestamp.o
  KSYMS   .tmp_vmlinux0.kallsyms.S
  AS      .tmp_vmlinux0.kallsyms.o
  LD      .tmp_vmlinux1
  NM      .tmp_vmlinux1.syms
  KSYMS   .tmp_vmlinux1.kallsyms.S
  AS      .tmp_vmlinux1.kallsyms.o
  LD      .tmp_vmlinux2
  NM      .tmp_vmlinux2.syms
  KSYMS   .tmp_vmlinux2.kallsyms.S
  AS      .tmp_vmlinux2.kallsyms.o
  LD      vmlinux.unstripped
  NM      System.map
  SORTTAB vmlinux.unstripped
  OBJCOPY vmlinux
  GEN     modules.builtin.modinfo
  GEN     modules.builtin
  CC      arch/x86/boot/a20.o
  AS      arch/x86/boot/bioscall.o
  CC      arch/x86/boot/cmdline.o
  AS      arch/x86/boot/copy.o
  HOSTCC  arch/x86/boot/mkcpustr
  CC      arch/x86/boot/cpuflags.o
  CC      arch/x86/boot/cpucheck.o
  CC      arch/x86/boot/early_serial_console.o
  CC      arch/x86/boot/edd.o
  CC      arch/x86/boot/main.o
  CC      arch/x86/boot/memory.o
  CC      arch/x86/boot/pm.o
  LDS     arch/x86/boot/compressed/vmlinux.lds
  AS      arch/x86/boot/pmjump.o
  AS      arch/x86/boot/compressed/kernel_info.o
  AS      arch/x86/boot/compressed/head_32.o
  CC      arch/x86/boot/printf.o
  VOFFSET arch/x86/boot/compressed/../voffset.h
  CC      arch/x86/boot/regs.o
  CC      arch/x86/boot/compressed/string.o
  CC      arch/x86/boot/compressed/cmdline.o
  CC      arch/x86/boot/string.o
  CC      arch/x86/boot/tty.o
  CC      arch/x86/boot/compressed/error.o
  CC      arch/x86/boot/video.o
  CC      arch/x86/boot/video-mode.o
  CC      arch/x86/boot/version.o
  CC      arch/x86/boot/video-vga.o
  CC      arch/x86/boot/video-vesa.o
  CC      arch/x86/boot/video-bios.o
  CPUSTR  arch/x86/boot/cpustr.h
  CC      arch/x86/boot/cpu.o
  OBJCOPY arch/x86/boot/compressed/vmlinux.bin
  RELOCS  arch/x86/boot/compressed/vmlinux.relocs
  HOSTCC  arch/x86/boot/compressed/mkpiggy
  CC      arch/x86/boot/compressed/cpuflags.o
  CC      arch/x86/boot/compressed/early_serial_console.o
  CC      arch/x86/boot/compressed/kaslr.o
  CC      arch/x86/boot/compressed/acpi.o
  CC      arch/x86/boot/compressed/efi.o
  CC      arch/x86/boot/compressed/misc.o
  GZIP    arch/x86/boot/compressed/vmlinux.bin.gz
  MKPIGGY arch/x86/boot/compressed/piggy.S
  AS      arch/x86/boot/compressed/piggy.o
  LD      arch/x86/boot/compressed/vmlinux
  ZOFFSET arch/x86/boot/zoffset.h
  OBJCOPY arch/x86/boot/vmlinux.bin
  AS      arch/x86/boot/header.o
  LD      arch/x86/boot/setup.elf
  OBJCOPY arch/x86/boot/setup.bin
  BUILD   arch/x86/boot/bzImage
Kernel: arch/x86/boot/bzImage is ready  (#23)
make[5]: Leaving directory '/mnt/git-volume/kernel-test-mainline/build/randdefconfig-i386'
make[4]: Leaving directory '/mnt/git-volume/linux-mainline'
