make[4]: Entering directory '/mnt/git-volume/linux-mainline'
make[5]: Entering directory '/mnt/git-volume/kernel-test-mainline/build/randdefnsconfig-arm64'
*** Default configuration is based on 'defconfig'
#
# configuration written to .config
#
make[5]: Leaving directory '/mnt/git-volume/kernel-test-mainline/build/randdefnsconfig-arm64'
make[4]: Leaving directory '/mnt/git-volume/linux-mainline'
make[4]: Entering directory '/mnt/git-volume/linux-mainline'
make[5]: Entering directory '/mnt/git-volume/kernel-test-mainline/build/randdefnsconfig-arm64'
.config:11983:warning: override: reassigning to symbol PCIE_IPROC_PLATFORM
.config:11984:warning: override: reassigning to symbol EXT4_FS_POSIX_ACL
.config:11985:warning: override: reassigning to symbol DRM_MSM_MDP4
.config:11986:warning: override: reassigning to symbol DRM_IMX_DCSS
.config:11987:warning: override: reassigning to symbol HIBERNATE_CALLBACKS
.config:11988:warning: override: reassigning to symbol EFI
.config:11989:warning: override: reassigning to symbol USB_DWC3_IMX
.config:11990:warning: override: reassigning to symbol DRM_RCAR_CMM
.config:11991:warning: override: reassigning to symbol TYPEC_MUX_GPIO_SBU
.config:11992:warning: override: reassigning to symbol GPIO_MAX77759
.config:11993:warning: override: reassigning to symbol OF_RESOLVE
.config:11994:warning: override: reassigning to symbol DRM_PANEL_NOVATEK_NT37801
.config:11995:warning: override: reassigning to symbol FRAME_POINTER
.config:11996:warning: override: reassigning to symbol CROS_EC_UCSI
.config:11997:warning: override: reassigning to symbol ARCH_SUPPORTS_MEMORY_FAILURE
.config:11998:warning: override: reassigning to symbol SUN8I_R_CCU
.config:11999:warning: override: reassigning to symbol SUN4I_TIMER
.config:12000:warning: override: reassigning to symbol IP_VS
.config:12001:warning: override: reassigning to symbol HDMI
.config:12002:warning: override: reassigning to symbol ZLIB_INFLATE
.config:12003:warning: override: reassigning to symbol NET_DSA_TAG_BRCM_LEGACY
.config:12004:warning: override: reassigning to symbol COMMON_CLK_MESON_SCLK_DIV
.config:12005:warning: override: reassigning to symbol NET_VENDOR_MICROSEMI
.config:12006:warning: override: reassigning to symbol COMMON_CLK_MT8195_IPESYS
.config:12007:warning: override: reassigning to symbol XZ_DEC_ARMTHUMB
.config:12008:warning: override: reassigning to symbol EINT_MTK
.config:12009:warning: override: reassigning to symbol COMMON_CLK_MT8186_CAMSYS
.config:12010:warning: override: reassigning to symbol ARCH_WANT_COMPAT_IPC_PARSE_VERSION
.config:12011:warning: override: reassigning to symbol CLK_R9A08G045
.config:12012:warning: override: reassigning to symbol CLK_RK3588
.config:12013:warning: override: reassigning to symbol DRM_AUX_BRIDGE
.config:12014:warning: override: reassigning to symbol SND_SOC_MT8188_MT6359
.config:12015:warning: override: reassigning to symbol ARCH_SPRD
.config:12016:warning: override: reassigning to symbol ARM64_ERRATUM_827319
.config:12017:warning: override: reassigning to symbol NVMEM_SUNXI_SID
.config:12018:warning: override: reassigning to symbol VFIO_PCI_INTX
.config:12019:warning: override: reassigning to symbol TEGRA186_TIMER
.config:12020:warning: override: reassigning to symbol SND_DMAENGINE_PCM
.config:12021:warning: override: reassigning to symbol SND_MESON_G12A_TOHDMITX
.config:12022:warning: override: reassigning to symbol VIDEOBUF2_CORE
.config:12023:warning: override: reassigning to symbol CRYPTO_AEAD2
.config:12024:warning: override: reassigning to symbol MEDIA_TUNER_XC2028
.config:12025:warning: override: reassigning to symbol REGULATOR_MP8859
.config:12026:warning: override: reassigning to symbol SND_PCI
.config:12027:warning: override: reassigning to symbol DRM_PANEL_SAMSUNG_ATNA33XC20
.config:12028:warning: override: reassigning to symbol PCIE_XILINX_DMA_PL
.config:12029:warning: override: reassigning to symbol QCOM_PDR_HELPERS
.config:12030:warning: override: reassigning to symbol REGMAP_SPMI
.config:12031:warning: override: reassigning to symbol BT_HCIUART_QCA
.config:12032:warning: override: reassigning to symbol BROADCOM_PHY
.config:12033:warning: override: reassigning to symbol AUDIT_GENERIC
.config:12034:warning: override: reassigning to symbol FSL_IMX8_DDR_PMU
.config:12035:warning: override: reassigning to symbol I2C
.config:12036:warning: override: reassigning to symbol KCMP
.config:12037:warning: override: reassigning to symbol IMX7ULP_WDT
.config:12038:warning: override: reassigning to symbol BCM_NS_THERMAL
.config:12039:warning: override: reassigning to symbol USB_CHIPIDEA_GENERIC
.config:12040:warning: override: reassigning to symbol NEED_PER_CPU_EMBED_FIRST_CHUNK
.config:12041:warning: override: reassigning to symbol USB_XHCI_SIDEBAND
.config:12042:warning: override: reassigning to symbol HTE
.config:12043:warning: override: reassigning to symbol ARCH_BRCMSTB
.config:12044:warning: override: reassigning to symbol SUNXI_RSB
.config:12045:warning: override: reassigning to symbol MTD_CFI
.config:12046:warning: override: reassigning to symbol RC_MAP
.config:12047:warning: override: reassigning to symbol ARCH_HAS_MEM_ENCRYPT
.config:12048:warning: override: reassigning to symbol I2C_MV64XXX
.config:12049:warning: override: reassigning to symbol SND_SOC_XILINX_AUDIO_FORMATTER
.config:12050:warning: override: reassigning to symbol ARM64_ERRATUM_1463225
.config:12051:warning: override: reassigning to symbol PCI_DOMAINS_GENERIC
.config:12052:warning: override: reassigning to symbol HNS3
.config:12053:warning: override: reassigning to symbol VIDEO_IMX8_ISI_M2M
.config:12054:warning: override: reassigning to symbol GPIO_TEGRA186
.config:12055:warning: override: reassigning to symbol ARM64_ERRATUM_2658417
.config:12056:warning: override: reassigning to symbol MFD_BD9571MWV
.config:12057:warning: override: reassigning to symbol SPARSEMEM
.config:12058:warning: override: reassigning to symbol ARCH_HAS_SET_MEMORY
.config:12059:warning: override: reassigning to symbol PCI_J721E_HOST
.config:12060:warning: override: reassigning to symbol RD_XZ
.config:12061:warning: override: reassigning to symbol SND_SOC_NAU8822
.config:12062:warning: override: reassigning to symbol SENSORS_PWM_FAN
.config:12063:warning: override: reassigning to symbol STM32_TIMER_CNT
.config:12064:warning: override: reassigning to symbol USB_SERIAL_FTDI_SIO
.config:12065:warning: override: reassigning to symbol GENERIC_STRNCPY_FROM_USER
.config:12066:warning: override: reassigning to symbol REGULATOR_MT6359
.config:12067:warning: override: reassigning to symbol ARCH_USE_GNU_PROPERTY
.config:12068:warning: override: reassigning to symbol TYPEC_MUX_NB7VPQ904M
.config:12069:warning: override: reassigning to symbol MVPP2
.config:12070:warning: override: reassigning to symbol INTERCONNECT_QCOM_GLYMUR
.config:12071:warning: override: reassigning to symbol PRU_REMOTEPROC
.config:12072:warning: override: reassigning to symbol DQL
.config:12073:warning: override: reassigning to symbol LEGACY_TIOCSTI
.config:12074:warning: override: reassigning to symbol DWMAC_IPQ806X
.config:12075:warning: override: reassigning to symbol RT_MUTEXES
.config:12076:warning: override: reassigning to symbol ARM_GIC_V5
.config:12077:warning: override: reassigning to symbol DRM_LONTIUM_LT8912B
.config:12078:warning: override: reassigning to symbol KVM
.config:12079:warning: override: reassigning to symbol USB_DWC3_EXYNOS
.config:12080:warning: override: reassigning to symbol GPIO_PCF857X
.config:12081:warning: override: reassigning to symbol NET_VENDOR_AMD
.config:12082:warning: override: reassigning to symbol VIDEO_WAVE_VPU
.config:12083:warning: override: reassigning to symbol DRM_GEM_DMA_HELPER
.config:12084:warning: override: reassigning to symbol REGULATOR_LP873X
.config:12085:warning: override: reassigning to symbol REGULATOR_MT6357
.config:12086:warning: override: reassigning to symbol SND_SOC_WSA884X
.config:12087:warning: override: reassigning to symbol PHY_MESON_AXG_MIPI_DPHY
.config:12088:warning: override: reassigning to symbol PINCTRL_MT8183
.config:12089:warning: override: reassigning to symbol ARCH_HAS_GCOV_PROFILE_ALL
.config:12090:warning: override: reassigning to symbol SENSORS_ARM_SCPI
.config:12091:warning: override: reassigning to symbol V4L2_CCI_I2C
.config:12092:warning: override: reassigning to symbol RESET_NUVOTON_MA35D1
.config:12093:warning: override: reassigning to symbol REGMAP_SPI
.config:12094:warning: override: reassigning to symbol CC_NO_STRINGOP_OVERFLOW
.config:12095:warning: override: reassigning to symbol PHY_ROCKCHIP_TYPEC
.config:12096:warning: override: reassigning to symbol CRYPTO_DES
.config:12097:warning: override: reassigning to symbol REGULATOR_UNIPHIER
.config:12098:warning: override: reassigning to symbol QUOTA
.config:12099:warning: override: reassigning to symbol IMX_INTMUX
.config:12100:warning: override: reassigning to symbol LEDS_TRIGGERS
.config:12101:warning: override: reassigning to symbol GENERIC_IRQ_PROBE
.config:12102:warning: override: reassigning to symbol MWIFIEX
.config:12103:warning: override: reassigning to symbol TEGRA_HOST1X_FIREWALL
.config:12104:warning: override: reassigning to symbol STUB_CLK_HI6220
.config:12105:warning: override: reassigning to symbol GPIO_XGENE_SB
.config:12106:warning: override: reassigning to symbol MTK_GPUEB_MBOX
.config:12107:warning: override: reassigning to symbol IMX_MBOX
.config:12108:warning: override: reassigning to symbol PWM_TIECAP
.config:12109:warning: override: reassigning to symbol FEC
.config:12110:warning: override: reassigning to symbol ARM64_ERRATUM_832075
.config:12111:warning: override: reassigning to symbol EXYNOS_PMU
.config:12112:warning: override: reassigning to symbol ARCH_XGENE
.config:12113:warning: override: reassigning to symbol MEDIA_TUNER
.config:12114:warning: override: reassigning to symbol SPARSEMEM_VMEMMAP_ENABLE
.config:12115:warning: override: reassigning to symbol CPU_FREQ_STAT
.config:12116:warning: override: reassigning to symbol COMMON_CLK_MT8195_IMP_IIC_WRAP
.config:12117:warning: override: reassigning to symbol HAVE_GUP_FAST
.config:12118:warning: override: reassigning to symbol MEDIA_CAMERA_SUPPORT
.config:12119:warning: override: reassigning to symbol ROCKCHIP_GRF
.config:12120:warning: override: reassigning to symbol SCREEN_INFO
.config:12121:warning: override: reassigning to symbol HAVE_CONTEXT_TRACKING_USER
.config:12122:warning: override: reassigning to symbol CRYPTO_LIB_SHA3_ARCH
.config:12123:warning: override: reassigning to symbol NXP_NTMP
.config:12124:warning: override: reassigning to symbol ARM_CCI400_PMU
.config:12125:warning: override: reassigning to symbol HW_RANDOM_OMAP
.config:12126:warning: override: reassigning to symbol COMMON_CLK_MT8192_IMGSYS
.config:12127:warning: override: reassigning to symbol ARM_SCMI_HAVE_TRANSPORT
.config:12128:warning: override: reassigning to symbol NO_HZ_COMMON
.config:12129:warning: override: reassigning to symbol ARM_SCMI_TRANSPORT_MAILBOX
.config:12130:warning: override: reassigning to symbol SND_SOC_RK817
.config:12131:warning: override: reassigning to symbol TIMER_PROBE
.config:12132:warning: override: reassigning to symbol PINCTRL_SM4450
.config:12133:warning: override: reassigning to symbol MESON_WATCHDOG
.config:12134:warning: override: reassigning to symbol ATH11K_PCI
.config:12135:warning: override: reassigning to symbol UBIFS_FS_ZLIB
.config:12136:warning: override: reassigning to symbol GENERIC_IRQ_SHOW_LEVEL
.config:12137:warning: override: reassigning to symbol KVM_GENERIC_HARDWARE_ENABLING
.config:12138:warning: override: reassigning to symbol USB_NET_CDCETHER
.config:12139:warning: override: reassigning to symbol NET_CRC32C
.config:12140:warning: override: reassigning to symbol GPIO_CDEV
.config:12141:warning: override: reassigning to symbol VIDEO_IMX7_CSI
.config:12142:warning: override: reassigning to symbol CHARGER_CROS_CONTROL
.config:12143:warning: override: reassigning to symbol SND_SOC_HDMI_CODEC
.config:12144:warning: override: reassigning to symbol PHY_QCOM_SGMII_ETH
.config:12145:warning: override: reassigning to symbol COMMON_CLK_MT8192_IPESYS
.config:12146:warning: override: reassigning to symbol ARCH_TEGRA_194_SOC
.config:12147:warning: override: reassigning to symbol GPIO_DWAPB
.config:12148:warning: override: reassigning to symbol ARM64_SME
.config:12149:warning: override: reassigning to symbol USB_BELKIN
.config:12150:warning: override: reassigning to symbol RC_DECODERS
.config:12151:warning: override: reassigning to symbol ARCH_HAS_FORTIFY_SOURCE
.config:12152:warning: override: reassigning to symbol PINCTRL_STM32
.config:12153:warning: override: reassigning to symbol ACPI_HMAT
.config:12154:warning: override: reassigning to symbol USB_SERIAL
.config:12155:warning: override: reassigning to symbol GPIO_SHARED
.config:12156:warning: override: reassigning to symbol SDM_VIDEOCC_845
.config:12157:warning: override: reassigning to symbol PINCTRL_HAWI
.config:12158:warning: override: reassigning to symbol SCSI_UFS_TI_J721E
.config:12159:warning: override: reassigning to symbol CC_CAN_LINK
.config:12160:warning: override: reassigning to symbol MOUSE_PS2_ALPS
.config:12161:warning: override: reassigning to symbol WLAN_VENDOR_TI
.config:12162:warning: override: reassigning to symbol SND_SIMPLE_CARD_UTILS
.config:12163:warning: override: reassigning to symbol IMX_SCMI_LMM_EXT
.config:12164:warning: override: reassigning to symbol REGULATOR_BD718XX
.config:12165:warning: override: reassigning to symbol CLK_GFM_LPASS_SM8250
.config:12166:warning: override: reassigning to symbol NLS
.config:12167:warning: override: reassigning to symbol VIRTIO_MENU
.config:12168:warning: override: reassigning to symbol SERIAL_DEV_BUS
.config:12169:warning: override: reassigning to symbol ARCH_EXYNOS
.config:12170:warning: override: reassigning to symbol PINCTRL_IMX_SCU
.config:12171:warning: override: reassigning to symbol CRYPTO_SHA512
.config:12172:warning: override: reassigning to symbol SYSC_R8A77990
.config:12173:warning: override: reassigning to symbol INTERCONNECT_QCOM_X1E80100
.config:12174:warning: override: reassigning to symbol EXYNOS_CHIPID
.config:12175:warning: override: reassigning to symbol SERIAL_SH_SCI
.config:12176:warning: override: reassigning to symbol SND_SOC_RT5682
.config:12177:warning: override: reassigning to symbol SND_SOC_SOF_OF_DEV
.config:12178:warning: override: reassigning to symbol PINCTRL_MSM8998
.config:12179:warning: override: reassigning to symbol ARM_TEGRA194_CPUFREQ
.config:12180:warning: override: reassigning to symbol CC_HAS_NO_PROFILE_FN_ATTR
.config:12181:warning: override: reassigning to symbol SPI_BCM2835
.config:12182:warning: override: reassigning to symbol MST_IRQ
.config:12183:warning: override: reassigning to symbol CLK_KAANAPALI_VIDEOCC
.config:12184:warning: override: reassigning to symbol VIRTIO_PCI_LIB_LEGACY
.config:12185:warning: override: reassigning to symbol CRYPTO_SM4
.config:12186:warning: override: reassigning to symbol VIDEO_V4L2_SUBDEV_API
.config:12187:warning: override: reassigning to symbol MMC_DW_HI3798CV200
.config:12188:warning: override: reassigning to symbol MMC_SDHCI_PLTFM
.config:12189:warning: override: reassigning to symbol FB_DMAMEM_HELPERS_DEFERRED
.config:12190:warning: override: reassigning to symbol HWSPINLOCK_OMAP
.config:12191:warning: override: reassigning to symbol SENSORS_ARM_SCMI
.config:12192:warning: override: reassigning to symbol PHY_CADENCE_DPHY
.config:12193:warning: override: reassigning to symbol RESET_BRCMSTB_RESCAL
.config:12194:warning: override: reassigning to symbol COMMON_CLK_MT6795_VDECSYS
.config:12195:warning: override: reassigning to symbol UNIX
.config:12196:warning: override: reassigning to symbol RTC_DRV_RV3028
.config:12197:warning: override: reassigning to symbol DEBUG_MEMORY_INIT
.config:12198:warning: override: reassigning to symbol CRC64
.config:12199:warning: override: reassigning to symbol ARM_SCPI_POWER_DOMAIN
.config:12200:warning: override: reassigning to symbol CRYPTO_CTR
.config:12201:warning: override: reassigning to symbol OF_GPIO
.config:12202:warning: override: reassigning to symbol COMMON_CLK_MT8167_VDECSYS
.config:12203:warning: override: reassigning to symbol RTC_DRV_MESON_VRTC
.config:12204:warning: override: reassigning to symbol ACPI_PCC
.config:12205:warning: override: reassigning to symbol GENERIC_PHY
.config:12206:warning: override: reassigning to symbol CPU_FREQ_GOV_USERSPACE
.config:12207:warning: override: reassigning to symbol CPU_PM
.config:12208:warning: override: reassigning to symbol BLK_MQ_STACKING
.config:12209:warning: override: reassigning to symbol SPI_MESON_SPICC
.config:12210:warning: override: reassigning to symbol COMPAT_OLD_SIGACTION
.config:12211:warning: override: reassigning to symbol ASYMMETRIC_KEY_TYPE
.config:12212:warning: override: reassigning to symbol GOOGLE_COREBOOT_TABLE
.config:12213:warning: override: reassigning to symbol PHY_QCOM_QMP_UFS
.config:12214:warning: override: reassigning to symbol FPGA_MGR_ZYNQMP_FPGA
.config:12215:warning: override: reassigning to symbol USB_ISP1760_HCD
.config:12216:warning: override: reassigning to symbol USB_CHIPIDEA_HOST
.config:12217:warning: override: reassigning to symbol IOMMU_IO_PGTABLE_DART
.config:12218:warning: override: reassigning to symbol DRM_PANEL_VISIONOX_VTDR6130
.config:12219:warning: override: reassigning to symbol CAN_MCP251XFD
.config:12220:warning: override: reassigning to symbol SG_SPLIT
.config:12221:warning: override: reassigning to symbol COMMON_CLK_MT8195_VDOSYS
.config:12222:warning: override: reassigning to symbol DRM_SUN8I_MIXER
.config:12223:warning: override: reassigning to symbol TTY
.config:12224:warning: override: reassigning to symbol DRM_EXYNOS7_DECON
.config:12225:warning: override: reassigning to symbol VIDEO_SYNOPSYS_HDMIRX
.config:12226:warning: override: reassigning to symbol V4L2_CCI
.config:12227:warning: override: reassigning to symbol SND_SOC_BT_SCO
.config:12228:warning: override: reassigning to symbol TYPEC_HD3SS3220
.config:12229:warning: override: reassigning to symbol PINCTRL_MESON
.config:12230:warning: override: reassigning to symbol IWLWIFI_LEDS
.config:12231:warning: override: reassigning to symbol ARMADA_CP110_SYSCON
.config:12232:warning: override: reassigning to symbol COMMON_CLK_VC3
.config:12233:warning: override: reassigning to symbol RPMSG_CTRL
.config:12234:warning: override: reassigning to symbol ARCH_WANT_BATCHED_UNMAP_TLB_FLUSH
.config:12235:warning: override: reassigning to symbol IP_MULTICAST
.config:12236:warning: override: reassigning to symbol VIRTIO_PCI_LEGACY
.config:12237:warning: override: reassigning to symbol REGULATOR_ROHM
.config:12238:warning: override: reassigning to symbol ATA
.config:12239:warning: override: reassigning to symbol GPIO_SL28CPLD
.config:12240:warning: override: reassigning to symbol SND_SOC_MT8183_DA7219_MAX98357A
.config:12241:warning: override: reassigning to symbol SLUB_DEBUG
.config:12242:warning: override: reassigning to symbol USB_DWC2_DUAL_ROLE
.config:12243:warning: override: reassigning to symbol SERIAL_STM32_CONSOLE
.config:12244:warning: override: reassigning to symbol ROCKCHIP_INNO_HDMI
.config:12245:warning: override: reassigning to symbol CORESIGHT_CATU
.config:12246:warning: override: reassigning to symbol DRM_MSM_DSI
.config:12247:warning: override: reassigning to symbol FAIR_GROUP_SCHED
.config:12248:warning: override: reassigning to symbol DEBUG_INFO_COMPRESSED_NONE
.config:12249:warning: override: reassigning to symbol MMC_QCOM_DML
.config:12250:warning: override: reassigning to symbol ARCH_SUPPORTS_KEXEC_HANDOVER
.config:12251:warning: override: reassigning to symbol IRQCHIP
.config:12252:warning: override: reassigning to symbol IMX_SCU_PD
.config:12253:warning: override: reassigning to symbol MDIO
.config:12254:warning: override: reassigning to symbol SND_SOC_MT8365_MT6357
.config:12255:warning: override: reassigning to symbol PCS_XPCS
.config:12256:warning: override: reassigning to symbol ARCH_TEGRA_241_SOC
.config:12257:warning: override: reassigning to symbol MEDIA_TUNER_TDA8290
.config:12258:warning: override: reassigning to symbol ARM64_ERRATUM_4311569
.config:12259:warning: override: reassigning to symbol HAVE_FUNCTION_TRACER
.config:12260:warning: override: reassigning to symbol NF_CT_PROTO_SCTP
.config:12261:warning: override: reassigning to symbol QCOM_SPMI_TEMP_ALARM
.config:12262:warning: override: reassigning to symbol CRYPTO_ECHAINIV
.config:12263:warning: override: reassigning to symbol SERIAL_STM32
.config:12264:warning: override: reassigning to symbol MQ_IOSCHED_KYBER
.config:12265:warning: override: reassigning to symbol SL28CPLD_INTC
.config:12266:warning: override: reassigning to symbol CLK_RENESAS_DIV6
.config:12267:warning: override: reassigning to symbol SERIAL_RSCI
.config:12268:warning: override: reassigning to symbol QCOM_SMP2P
.config:12269:warning: override: reassigning to symbol QCOM_RPMH
.config:12270:warning: override: reassigning to symbol GENERIC_CSUM
.config:12271:warning: override: reassigning to symbol PINCTRL_MESON_AXG_PMX
.config:12272:warning: override: reassigning to symbol SGL_ALLOC
.config:12273:warning: override: reassigning to symbol PM_OPP
.config:12274:warning: override: reassigning to symbol GENERIC_ADC_THERMAL
.config:12275:warning: override: reassigning to symbol POWER_RESET_GPIO_RESTART
.config:12276:warning: override: reassigning to symbol SPI_RPCIF
.config:12277:warning: override: reassigning to symbol HIGH_RES_TIMERS
.config:12278:warning: override: reassigning to symbol PINCTRL_TEGRA_XUSB
.config:12279:warning: override: reassigning to symbol BNX2X_SRIOV
.config:12280:warning: override: reassigning to symbol USB_CHIPIDEA_UDC
.config:12281:warning: override: reassigning to symbol SYSCON_REBOOT_MODE
.config:12282:warning: override: reassigning to symbol RMNET
.config:12296:warning: override: reassigning to symbol PRINTK
.config:12300:warning: override: reassigning to symbol TTY
.config:12303:warning: override: reassigning to symbol BLK_DEV_INITRD
.config:12304:warning: override: reassigning to symbol RD_GZIP
.config:12307:warning: override: reassigning to symbol BINFMT_ELF
.config:12308:warning: override: reassigning to symbol BINFMT_SCRIPT
.config:12311:warning: override: reassigning to symbol TMPFS
.config:12317:warning: override: reassigning to symbol DRM
.config:12318:warning: override: reassigning to symbol SOUND
.config:12319:warning: override: reassigning to symbol STAGING
.config:12320:warning: override: reassigning to symbol INFINIBAND
.config:12321:warning: override: reassigning to symbol MEDIA_SUPPORT
.config:12331:warning: override: reassigning to symbol NAMESPACES
.config:12332:warning: override: reassigning to symbol UTS_NS
.config:12333:warning: override: reassigning to symbol IPC_NS
.config:12334:warning: override: reassigning to symbol PID_NS
.config:12335:warning: override: reassigning to symbol NET_NS
.config:12336:warning: override: reassigning to symbol USER_NS
.config:12337:warning: override: reassigning to symbol TIME_NS
.config:12340:warning: override: reassigning to symbol CGROUPS
.config:12344:warning: override: reassigning to symbol PROC_FS
.config:12345:warning: override: reassigning to symbol NET
.config:12346:warning: override: reassigning to symbol INET
.config:12347:warning: override: reassigning to symbol TMPFS
.config:12348:warning: override: reassigning to symbol SYSVIPC
.config:12349:warning: override: reassigning to symbol FUTEX
.config:12351:warning: override: reassigning to symbol SERIAL_AMBA_PL011
.config:12352:warning: override: reassigning to symbol SERIAL_AMBA_PL011_CONSOLE
.config:12354:warning: override: reassigning to symbol ARM64_4K_PAGES
#
# configuration written to .config
#
make[5]: Leaving directory '/mnt/git-volume/kernel-test-mainline/build/randdefnsconfig-arm64'
make[4]: Leaving directory '/mnt/git-volume/linux-mainline'
make[4]: Entering directory '/mnt/git-volume/linux-mainline'
make[5]: Entering directory '/mnt/git-volume/kernel-test-mainline/build/randdefnsconfig-arm64'
  SYNC    include/config/auto.conf.cmd
  CC      scripts/mod/empty.o
  MKELF   scripts/mod/elfconfig.h
  HOSTCC  scripts/mod/file2alias.o
  HOSTCC  scripts/mod/modpost.o
  HOSTCC  scripts/mod/sumversion.o
  HOSTCC  scripts/mod/symsearch.o
  HOSTLD  scripts/mod/modpost
  CC      kernel/bounds.s
  CC      arch/arm64/kernel/asm-offsets.s
  UPD     include/generated/asm-offsets.h
  CC      kernel/sched/rq-offsets.s
  UPD     include/generated/rq-offsets.h
  CALL    /mnt/git-volume/linux-mainline/scripts/checksyscalls.sh 
  LDS     arch/arm64/kernel/vdso/vdso.lds
  CC      arch/arm64/kernel/vdso/vgettimeofday.o
  AS      arch/arm64/kernel/vdso/note.o
  AS      arch/arm64/kernel/vdso/sigreturn.o
  CC      arch/arm64/kernel/vdso/vgetrandom.o
  AS      arch/arm64/kernel/vdso/vgetrandom-chacha.o
  LD      arch/arm64/kernel/vdso/vdso.so.dbg
  VDSOSYM include/generated/vdso-offsets.h
  OBJCOPY arch/arm64/kernel/vdso/vdso.so
  GEN     usr/initramfs_data.cpio
  COPY    usr/initramfs_inc_data
  AS      usr/initramfs_data.o
  CC      init/main.o
  AR      usr/built-in.a
  CC      certs/system_keyring.o
  CC      arch/arm64/kernel/debug-monitors.o
  CC      kernel/fork.o
  AS      certs/system_certificates.o
  AR      certs/built-in.a
  AS      arch/arm64/kernel/entry.o
  CC      arch/arm64/kernel/irq.o
  CC      arch/arm64/kernel/fpsimd.o
  UPD     init/utsversion-tmp.h
  CC      init/do_mounts.o
  CC      arch/arm64/kernel/entry-common.o
  CC      kernel/exec_domain.o
  CC      arch/arm64/kernel/process.o
  CC      init/do_mounts_initrd.o
  CC      arch/arm64/kernel/ptrace.o
  CC      kernel/exec_state.o
  CC      arch/arm64/kernel/setup.o
  CC      init/initramfs.o
  CC      kernel/panic.o
  CC      arch/arm64/kernel/signal.o
  CC      arch/arm64/kernel/sys.o
  CC      kernel/cpu.o
  CC      init/calibrate.o
  CC      init/init_task.o
  CC      arch/arm64/kernel/stacktrace.o
  CC      arch/arm64/kernel/time.o
  CC      init/version.o
  CC      kernel/exit.o
  CC      arch/arm64/kernel/traps.o
  CC      arch/arm64/kernel/io.o
  AR      init/built-in.a
  CC      mm/filemap.o
  CC      arch/arm64/kernel/vdso.o
  AS      arch/arm64/kernel/hyp-stub.o
  CC      arch/arm64/kernel/psci.o
  CC      kernel/softirq.o
  CC      arch/arm64/kernel/cpu_ops.o
  CC      arch/arm64/kernel/return_address.o
  CC      kernel/resource.o
  CC      arch/arm64/kernel/cpuinfo.o
  CC      arch/arm64/kernel/cpu_errata.o
  CC      mm/mempool.o
  CC      arch/arm64/kernel/cpufeature.o
  CC      arch/arm64/kernel/alternative.o
  CC      kernel/sysctl.o
  CC      mm/oom_kill.o
  CC      arch/arm64/kernel/cacheinfo.o
  CC      kernel/capability.o
  CC      arch/arm64/kernel/smp.o
  CC      arch/arm64/kernel/smp_spin_table.o
  CC      mm/fadvise.o
  CC      kernel/ptrace.o
  CC      arch/arm64/kernel/topology.o
  AS      arch/arm64/kernel/smccc-call.o
  CC      arch/arm64/kernel/syscall.o
  CC      mm/maccess.o
  CC      arch/arm64/kernel/proton-pack.o
  CC      kernel/user.o
  CC      mm/page-writeback.o
  CC      arch/arm64/kernel/idle.o
  CC      arch/arm64/kernel/patching.o
  CC      kernel/signal.o
  CC      arch/arm64/kernel/pi/idreg-override.o
  CC      arch/arm64/kernel/rsi.o
  CC      mm/folio-compat.o
  CC      arch/arm64/kernel/pi/map_kernel.o
  CC      arch/arm64/kernel/jump_label.o
  CC      arch/arm64/kernel/sys32.o
  CC      arch/arm64/kernel/pi/map_range.o
  CC      mm/readahead.o
  CC      kernel/sys.o
  CC      arch/arm64/kernel/signal32.o
  CC      arch/arm64/kernel/pi/lib-fdt.o
  CC      arch/arm64/kernel/pi/lib-fdt_ro.o
  CC      mm/swap.o
  CC      arch/arm64/kernel/pi/relocate.o
  CC      arch/arm64/kernel/sys_compat.o
  CC      arch/arm64/kernel/pi/kaslr_early.o
  CC      kernel/umh.o
  CC      mm/truncate.o
  OBJCOPY arch/arm64/kernel/pi/idreg-override.pi.o
  OBJCOPY arch/arm64/kernel/pi/map_kernel.pi.o
  OBJCOPY arch/arm64/kernel/pi/map_range.pi.o
  OBJCOPY arch/arm64/kernel/pi/lib-fdt.pi.o
  OBJCOPY arch/arm64/kernel/pi/lib-fdt_ro.pi.o
  OBJCOPY arch/arm64/kernel/pi/relocate.pi.o
  OBJCOPY arch/arm64/kernel/pi/kaslr_early.pi.o
  AR      arch/arm64/kernel/pi/built-in.a
  AS      arch/arm64/kernel/sigreturn32.o
  AS      arch/arm64/kernel/kuser32.o
  CC      arch/arm64/kernel/module.o
  CC      arch/arm64/kernel/module-plts.o
  CC      kernel/workqueue.o
  CC      arch/arm64/kernel/perf_regs.o
  CC      arch/arm64/kernel/perf_callchain.o
  CC      mm/vmscan.o
  CC      arch/arm64/kernel/hw_breakpoint.o
  AS      arch/arm64/kernel/sleep.o
  CC      arch/arm64/kernel/suspend.o
  CC      arch/arm64/kernel/pci.o
  CC      arch/arm64/kernel/paravirt.o
  CC      mm/shrinker.o
  CC      kernel/pid.o
  CC      arch/arm64/kernel/kaslr.o
  CC      arch/arm64/kernel/hibernate.o
  AS      arch/arm64/kernel/hibernate-asm.o
  CC      arch/arm64/kernel/elfcore.o
  CC      mm/shmem.o
  CC      arch/arm64/kernel/machine_kexec.o
  AS      arch/arm64/kernel/relocate_kernel.o
  AS      arch/arm64/kernel/cpu-reset.o
  CC      kernel/task_work.o
  CC      arch/arm64/mm/dma-mapping.o
  CC      arch/arm64/kernel/machine_kexec_file.o
  CC      kernel/extable.o
  CC      arch/arm64/mm/extable.o
  CC      arch/arm64/kernel/kexec_image.o
  CC      arch/arm64/mm/fault.o
  CC      kernel/params.o
  CC      arch/arm64/kernel/crash_dump.o
  CC      mm/util.o
  CC      arch/arm64/mm/init.o
  CC      arch/arm64/kernel/vmcore_info.o
  CC      kernel/kthread.o
  CC      mm/mmzone.o
  CC      arch/arm64/kernel/sdei.o
  AS      arch/arm64/mm/cache.o
  CC      arch/arm64/mm/copypage.o
  CC      kernel/sys_ni.o
  CC      mm/vmstat.o
  CC      arch/arm64/kernel/pointer_auth.o
  CC      kernel/nsproxy.o
  CC      arch/arm64/mm/flush.o
  CC      arch/arm64/kernel/mte.o
  CC      arch/arm64/mm/ioremap.o
  CC      mm/backing-dev.o
  CC      kernel/nstree.o
  AS      arch/arm64/kernel/vdso-wrap.o
  AS      arch/arm64/kernel/head.o
  LDS     arch/arm64/kernel/vmlinux.lds
  AR      arch/arm64/kernel/built-in.a
  CC      arch/arm64/net/bpf_jit_comp.o
  CC      arch/arm64/mm/mmap.o
  CC      mm/mm_init.o
  CC      arch/arm64/mm/pgd.o
  CC      kernel/nscommon.o
  CC      kernel/notifier.o
  CC      arch/arm64/mm/mem_encrypt.o
  CC      mm/percpu.o
  CC      arch/arm64/mm/mmu.o
  AS      arch/arm64/net/bpf_timed_may_goto.o
  AR      arch/arm64/net/built-in.a
  CC      kernel/ksysfs.o
  CC      kernel/cred.o
  CC      kernel/reboot.o
  CC      kernel/async.o
  CC      mm/slab_common.o
  CC      kernel/range.o
  CC      kernel/smpboot.o
  CC      kernel/ucount.o
  CC      arch/arm64/mm/context.o
  CC      kernel/regset.o
  CC      kernel/ksyms_common.o
  AS      arch/arm64/mm/proc.o
  CC      arch/arm64/mm/pageattr.o
  CC      arch/arm64/mm/fixmap.o
  CC      mm/compaction.o
  CC      kernel/groups.o
  CC      kernel/sched/core.o
  CC      arch/arm64/mm/contpte.o
  CC      kernel/locking/mutex.o
  CC      mm/show_mem.o
  CC      arch/arm64/mm/hugetlbpage.o
  CC      kernel/locking/semaphore.o
  CC      mm/interval_tree.o
  CC      arch/arm64/mm/trans_pgd.o
  CC      kernel/locking/rwsem.o
  CC      mm/list_lru.o
  CC      kernel/sched/fair.o
  AS      arch/arm64/mm/trans_pgd-asm.o
  CC      arch/arm64/mm/mteswap.o
  CC      kernel/locking/percpu-rwsem.o
  CC      mm/workingset.o
  CC      arch/arm64/mm/gcs.o
  CC      kernel/locking/spinlock.o
  CC      kernel/locking/osq_lock.o
  AR      arch/arm64/mm/built-in.a
  CC      arch/arm64/xen/../../arm/xen/enlighten.o
  CC      mm/debug.o
  CC      kernel/locking/qspinlock.o
  CC      arch/arm64/xen/../../arm/xen/grant-table.o
  CC      mm/gup.o
  CC      kernel/locking/rtmutex_api.o
  CC      arch/arm64/xen/../../arm/xen/p2m.o
  CC      kernel/sched/build_policy.o
  CC      kernel/locking/qrwlock.o
  CC      arch/arm64/xen/../../arm/xen/mm.o
  AR      kernel/locking/built-in.a
  CC      kernel/power/qos.o
  CC      mm/mmap_lock.o
  AS      arch/arm64/xen/hypercall.o
  AR      arch/arm64/xen/built-in.a
  CC      arch/arm64/crypto/ghash-ce-glue.o
  CC      kernel/power/main.o
  CC      mm/vma_init.o
  AS      arch/arm64/crypto/ghash-ce-core.o
  CC      arch/arm64/crypto/aes-ce-ccm-glue.o
  CC      kernel/power/console.o
  CC      mm/highmem.o
  AS      arch/arm64/crypto/aes-ce-ccm-core.o
  CC      arch/arm64/crypto/aes-glue-ce.o
  CC      kernel/sched/build_utility.o
  CC      mm/memory.o
  CC      kernel/power/process.o
  AR      arch/arm64/crypto/built-in.a
  AR      arch/arm64/built-in.a
  CC      mm/mincore.o
  CC      kernel/power/suspend.o
  CC      mm/mlock.o
  CC      kernel/power/hibernate.o
  CC      mm/mmap.o
  AR      kernel/sched/built-in.a
  CC      kernel/power/snapshot.o
  CC      kernel/printk/printk.o
  CC      mm/mmu_gather.o
  CC      mm/mprotect.o
  CC      kernel/power/swap.o
  CC      mm/mremap.o
  CC      kernel/printk/printk_safe.o
  CC      kernel/printk/nbcon.o
  CC      kernel/printk/printk_ringbuffer.o
  CC      kernel/power/user.o
  CC      kernel/printk/sysctl.o
  CC      mm/msync.o
  CC      mm/page_vma_mapped.o
  AR      kernel/printk/built-in.a
  CC      kernel/power/poweroff.o
  CC      kernel/irq/irqdesc.o
  CC      kernel/power/energy_model.o
  CC      kernel/irq/handle.o
  CC      mm/pagewalk.o
  CC      kernel/irq/manage.o
  CC      kernel/irq/spurious.o
  CC      kernel/power/em_netlink_autogen.o
  CC      kernel/irq/resend.o
  CC      mm/pgtable-generic.o
  CC      kernel/power/em_netlink.o
  CC      kernel/irq/chip.o
  CC      kernel/irq/dummychip.o
  CC      mm/rmap.o
  CC      kernel/irq/devres.o
  AR      kernel/power/built-in.a
  CC      kernel/rcu/update.o
  CC      kernel/irq/kexec.o
  CC      kernel/irq/generic-chip.o
  CC      kernel/irq/autoprobe.o
  CC      kernel/rcu/sync.o
  CC      kernel/rcu/srcutree.o
  CC      mm/vmalloc.o
  CC      kernel/irq/irqdomain.o
  CC      kernel/irq/proc.o
  CC      kernel/irq/cpuhotplug.o
  CC      kernel/rcu/tree.o
  CC      kernel/irq/pm.o
  CC      kernel/irq/msi.o
  CC      kernel/irq/ipi.o
  CC      kernel/irq/ipi-mux.o
  CC      kernel/irq/affinity.o
  CC      mm/vma.o
  CC      mm/vma_exec.o
  AR      kernel/irq/built-in.a
  CC      kernel/dma/mapping.o
  CC      kernel/rcu/rcu_segcblist.o
  CC      mm/process_vm_access.o
  CC      mm/mseal.o
  AR      kernel/rcu/built-in.a
  CC      kernel/entry/common.o
  CC      kernel/dma/direct.o
  CC      mm/page_alloc.o
  CC      mm/page_frag_cache.o
  AR      kernel/entry/built-in.a
  CC      kernel/module/main.o
  CC      kernel/dma/ops_helpers.o
  CC      kernel/dma/dummy.o
  CC      kernel/module/strict_rwx.o
  CC      kernel/dma/contiguous.o
  CC      kernel/module/kmod.o
  CC      kernel/module/tree_lookup.o
  CC      kernel/dma/coherent.o
  CC      kernel/module/kallsyms.o
  CC      kernel/module/procfs.o
  CC      mm/init-mm.o
  CC      kernel/dma/swiotlb.o
  CC      kernel/module/sysfs.o
  CC      fs/open.o
  CC      mm/memblock.o
  AR      kernel/module/built-in.a
  CC      kernel/freezer.o
  CC      kernel/dma/pool.o
  CC      kernel/dma/remap.o
  CC      kernel/profile.o
  CC      fs/read_write.o
  CC      mm/memory_hotplug.o
  AR      kernel/dma/built-in.a
  CC      kernel/stacktrace.o
  CC      kernel/time/time.o
  CC      kernel/futex/core.o
  CC      mm/slub.o
  CC      fs/file_table.o
  CC      kernel/time/timer.o
  CC      fs/super.o
  CC      kernel/futex/syscalls.o
  CC      kernel/time/hrtimer.o
  CC      kernel/futex/pi.o
  CC      fs/char_dev.o
  CC      kernel/time/sleep_timeout.o
  CC      kernel/futex/requeue.o
  CC      fs/stat.o
  CC      kernel/time/timekeeping.o
  CC      mm/madvise.o
  CC      kernel/futex/waitwake.o
  AR      kernel/futex/built-in.a
  CC      kernel/smp.o
  CC      fs/exec.o
  CC      kernel/time/ntp.o
  CC      mm/page_io.o
  CC      kernel/uid16.o
  CC      kernel/time/clocksource.o
  CC      fs/pipe.o
  CC      mm/swap_state.o
  CC      kernel/time/jiffies.o
  CC      mm/swapfile.o
  CC      kernel/time/timer_list.o
  CC      fs/namei.o
  CC      mm/dmapool.o
  CC      kernel/time/timeconv.o
  CC      mm/hugetlb.o
  CC      mm/hugetlb_sysfs.o
  CC      kernel/time/timecounter.o
  CC      kernel/time/alarmtimer.o
  CC      kernel/time/posix-timers.o
  CC      mm/hugetlb_sysctl.o
  CC      fs/fcntl.o
  CC      mm/hugetlb_cma.o
  CC      kernel/time/posix-cpu-timers.o
  CC      mm/mempolicy.o
  CC      fs/ioctl.o
  CC      kernel/time/posix-clock.o
  CC      mm/sparse.o
  CC      kernel/time/itimer.o
  CC      fs/readdir.o
  CC      mm/sparse-vmemmap.o
  CC      mm/mmu_notifier.o
  CC      kernel/time/clockevents.o
  CC      fs/select.o
  CC      mm/ksm.o
  CC      kernel/time/tick-common.o
  CC      kernel/time/tick-broadcast.o
  CC      fs/dcache.o
  CC      kernel/time/tick-broadcast-hrtimer.o
  CC      kernel/time/sched_clock.o
  CC      mm/memtest.o
  CC      kernel/time/tick-oneshot.o
  CC      kernel/time/tick-sched.o
  CC      mm/migrate.o
  CC      kernel/time/timer_migration.o
  CC      fs/inode.o
  CC      ipc/compat.o
  CC      kernel/time/vsyscall.o
  CC      ipc/util.o
  CC      kernel/time/timekeeping_debug.o
  CC      mm/memory-tiers.o
  CC      fs/attr.o
  CC      ipc/msgutil.o
  CC      kernel/time/namespace.o
  CC      fs/bad_inode.o
  CC      mm/huge_memory.o
  CC      ipc/msg.o
  CC      kernel/time/namespace_vdso.o
  CC      fs/file.o
  AR      kernel/time/built-in.a
  CC      kernel/kallsyms.o
  CC      ipc/sem.o
  CC      fs/filesystems.o
  CC      kernel/acct.o
  CC      mm/khugepaged.o
  CC      fs/namespace.o
  CC      ipc/shm.o
  CC      kernel/vmcore_info.o
  CC      kernel/elfcorehdr.o
  CC      ipc/syscall.o
  CC      mm/page_counter.o
  CC      kernel/crash_reserve.o
  CC      mm/memcontrol.o
  CC      ipc/ipc_sysctl.o
  CC      fs/seq_file.o
  CC      kernel/kexec_core.o
  CC      ipc/mqueue.o
  CC      fs/xattr.o
  CC      kernel/crash_core.o
  CC      ipc/namespace.o
  CC      fs/libfs.o
  CC      kernel/kexec.o
  CC      ipc/mq_sysctl.o
  CC      mm/vmpressure.o
  AR      ipc/built-in.a
  CC      security/keys/gc.o
  CC      kernel/kexec_file.o
  CC      mm/bpf_memcontrol.o
  CC      fs/fs-writeback.o
  CC      security/keys/key.o
  CC      mm/hugetlb_cgroup.o
  CC      kernel/compat.o
  CC      fs/pnode.o
  CC      security/keys/keyring.o
  CC      kernel/cgroup/cgroup.o
  CC      mm/memory-failure.o
  CC      fs/splice.o
  CC      security/keys/keyctl.o
  CC      mm/page_isolation.o
  CC      fs/sync.o
  CC      security/keys/permission.o
  CC      mm/early_ioremap.o
  CC      kernel/cgroup/rstat.o
  CC      fs/utimes.o
  CC      security/keys/process_keys.o
  CC      mm/cma.o
  CC      kernel/cgroup/namespace.o
  CC      fs/d_path.o
  CC      security/keys/request_key.o
  CC      mm/numa.o
  CC      kernel/cgroup/cgroup-v1.o
  CC      fs/stack.o
  CC      mm/numa_memblks.o
  CC      security/keys/request_key_auth.o
  CC      fs/fs_struct.o
  CC      kernel/cgroup/freezer.o
  CC      security/keys/user_defined.o
  CC      mm/secretmem.o
  CC      fs/statfs.o
  CC      security/keys/compat.o
  CC      kernel/cgroup/legacy_freezer.o
  CC      mm/memfd.o
  CC      fs/fs_pin.o
  CC      security/keys/proc.o
  CC      kernel/cgroup/pids.o
  CC      fs/nsfs.o
  CC      mm/page_reporting.o
  CC      security/keys/sysctl.o
  CC      kernel/cgroup/cpuset.o
  CC      fs/fs_dirent.o
  CC      mm/ioremap.o
  CC      fs/fs_context.o
  CC      security/keys/keyctl_pkey.o
  CC      mm/execmem.o
  AR      security/keys/built-in.a
  CC      security/commoncap.o
  CC      fs/fs_parser.o
  AR      kernel/cgroup/built-in.a
  CC      kernel/utsname.o
  AR      mm/built-in.a
  CC      crypto/api.o
  CC      fs/fsopen.o
  CC      kernel/user_namespace.o
  CC      security/lsm_syscalls.o
  CC      crypto/cipher.o
  CC      security/min_addr.o
  CC      fs/init.o
  CC      kernel/pid_namespace.o
  CC      crypto/algapi.o
  CC      security/security.o
  CC      fs/kernel_read_file.o
  UPD     kernel/config_data
  CC      kernel/stop_machine.o
  CC      crypto/scatterwalk.o
  CC      fs/mnt_idmapping.o
  CC      kernel/audit.o
  CC      crypto/proc.o
  CC      fs/remap_range.o
  CC      security/lsm_notifier.o
  CC      crypto/aead.o
  CC      security/lsm_init.o
  CC      fs/pidfs.o
  CC      kernel/auditfilter.o
  CC      crypto/lskcipher.o
  CC      security/inode.o
  CC      fs/file_attr.o
  CC      crypto/skcipher.o
  CC      kernel/auditsc.o
  CC      security/lsm_audit.o
  CC      fs/fserror.o
  CC      crypto/bpf_crypto_skcipher.o
  CC      security/device_cgroup.o
  CC      kernel/audit_watch.o
  CC      crypto/ahash.o
  CC      fs/nullfs.o
  CC      security/integrity/iint.o
  CC      kernel/audit_fsnotify.o
  CC      fs/buffer.o
  CC      crypto/shash.o
  CC      security/integrity/integrity_audit.o
  CC      kernel/audit_tree.o
  CC      crypto/akcipher.o
  AR      security/integrity/built-in.a
  AR      security/built-in.a
  CC      block/bdev.o
  CC      fs/mpage.o
  CC      kernel/seccomp.o
  CC      crypto/sig.o
  CC      fs/proc_namespace.o
  CC      block/fops.o
  CC      crypto/rsapubkey.asn1.o
  CC      crypto/rsaprivkey.asn1.o
  CC      crypto/rsa.o
  CC      kernel/utsname_sysctl.o
  CC      fs/direct-io.o
  CC      crypto/rsa_helper.o
  CC      block/bio.o
  CC      kernel/taskstats.o
  CC      crypto/rsa-pkcs1pad.o
  CC      fs/notify/fsnotify.o
  CC      crypto/rsassa-pkcs1.o
  CC      kernel/tsacct.o
  CC      block/elevator.o
  CC      fs/notify/notification.o
  CC      crypto/acompress.o
  CC      kernel/trace/trace_clock.o
  CC      fs/notify/group.o
  CC      block/blk-core.o
  AR      kernel/trace/built-in.a
  CC      kernel/irq_work.o
  CC      crypto/scompress.o
  CC      kernel/cpu_pm.o
  CC      fs/notify/mark.o
  CC      block/blk-sysfs.o
  CC      crypto/algboss.o
  CC      kernel/bpf/core.o
  CC      fs/notify/fdinfo.o
  CC      block/blk-flush.o
  CC      crypto/testmgr.o
  CC      fs/notify/dnotify/dnotify.o
  CC      crypto/crypto_user.o
  CC      block/blk-settings.o
  AR      fs/notify/dnotify/built-in.a
  CC      fs/notify/inotify/inotify_fsnotify.o
  CC      kernel/bpf/syscall.o
  CC      fs/notify/inotify/inotify_user.o
  CC      block/blk-ioc.o
  CC      crypto/cmac.o
  AR      fs/notify/inotify/built-in.a
  CC      fs/notify/fanotify/fanotify.o
  CC      crypto/hmac.o
  CC      block/blk-map.o
  CC      crypto/sha1.o
  CC      fs/notify/fanotify/fanotify_user.o
  CC      block/blk-merge.o
  CC      crypto/sha256.o
  CC      kernel/bpf/verifier.o
  CC      crypto/sha512.o
  AR      fs/notify/fanotify/built-in.a
  AR      fs/notify/built-in.a
  CC      fs/eventpoll.o
  CC      block/blk-timeout.o
  CC      crypto/ecb.o
  CC      block/blk-lib.o
  CC      crypto/cbc.o
  CC      fs/anon_inodes.o
  CC      block/blk-mq.o
  CC      crypto/cts.o
  CC      fs/signalfd.o
  CC      crypto/aes.o
  CC      crypto/camellia_generic.o
  CC      fs/timerfd.o
  CC      block/blk-mq-tag.o
  CC      crypto/authenc.o
  CC      fs/eventfd.o
  CC      block/blk-mq-dma.o
  CC      fs/aio.o
  CC      crypto/authencesn.o
  CC      block/blk-stat.o
  CC      kernel/bpf/inode.o
  CC      crypto/krb5enc.o
  CC      fs/locks.o
  CC      block/blk-mq-sysfs.o
  CC      crypto/lzo.o
  CC      kernel/bpf/helpers.o
  CC      block/blk-mq-cpumap.o
  CC      crypto/lzo-rle.o
  CC      fs/binfmt_script.o
  CC      block/blk-mq-sched.o
  CC      crypto/lz4.o
  CC      fs/binfmt_elf.o
  CC      crypto/rng.o
  CC      kernel/bpf/tnum.o
  CC      kernel/bpf/cnum.o
  CC      block/ioctl.o
  CC      kernel/bpf/log.o
  CC      fs/compat_binfmt_elf.o
  CC      crypto/asymmetric_keys/asymmetric_type.o
  CC      block/genhd.o
  CC      crypto/asymmetric_keys/restrict.o
  CC      kernel/bpf/token.o
  CC      fs/backing-file.o
  CC      crypto/asymmetric_keys/signature.o
  CC      block/ioprio.o
  CC      kernel/bpf/liveness.o
  CC      crypto/asymmetric_keys/public_key.o
  CC      fs/mbcache.o
  CC      crypto/asymmetric_keys/x509.asn1.o
  CC      crypto/asymmetric_keys/x509_akid.asn1.o
  CC      crypto/asymmetric_keys/x509_cert_parser.o
  CC      block/badblocks.o
  CC      fs/posix_acl.o
  CC      crypto/asymmetric_keys/x509_loader.o
  CC      crypto/asymmetric_keys/x509_public_key.o
  CC      block/partitions/core.o
  CC      kernel/bpf/const_fold.o
  CC      fs/nfs_common/grace.o
  CC      crypto/asymmetric_keys/pkcs7.asn1.o
  CC      crypto/asymmetric_keys/pkcs7_parser.o
  CC      block/partitions/msdos.o
  CC      kernel/bpf/bpf_iter.o
  CC      fs/nfs_common/nfs_ssc.o
  CC      crypto/asymmetric_keys/pkcs7_trust.o
  CC      block/partitions/efi.o
  CC      crypto/asymmetric_keys/pkcs7_verify.o
  CC      fs/nfs_common/common.o
  CC      kernel/bpf/map_iter.o
  AR      crypto/asymmetric_keys/built-in.a
  CC      crypto/krb5/krb5_kdf.o
  AR      block/partitions/built-in.a
  CC      block/blk-rq-qos.o
  AR      fs/nfs_common/built-in.a
  CC      fs/coredump.o
  CC      crypto/krb5/krb5_api.o
  CC      kernel/bpf/task_iter.o
  CC      block/disk-events.o
  CC      crypto/krb5/rfc3961_simplified.o
  CC      block/blk-ia-ranges.o
  CC      fs/drop_caches.o
  CC      kernel/bpf/prog_iter.o
  CC      crypto/krb5/rfc3962_aes.o
  CC      block/early-lookup.o
  CC      fs/sysctls.o
  CC      fs/fhandle.o
  CC      kernel/bpf/link_iter.o
  CC      crypto/krb5/rfc6803_camellia.o
  CC      block/bsg.o
  CC      crypto/krb5/rfc8009_aes2.o
  CC      kernel/bpf/hashtab.o
  CC      block/bsg-lib.o
  CC      fs/iomap/trace.o
  AR      crypto/krb5/built-in.a
  AR      crypto/built-in.a
  CC      io_uring/io_uring.o
  CC      fs/iomap/iter.o
  CC      block/blk-cgroup.o
  CC      fs/iomap/buffered-io.o
  CC      block/blk-cgroup-rwstat.o
  CC      kernel/bpf/arraymap.o
  CC      fs/iomap/direct-io.o
  CC      block/mq-deadline.o
  CC      io_uring/opdef.o
  CC      kernel/bpf/percpu_freelist.o
  CC      fs/iomap/ioend.o
  CC      block/bfq-iosched.o
  CC      io_uring/kbuf.o
  CC      kernel/bpf/bpf_lru_list.o
  CC      kernel/bpf/lpm_trie.o
  CC      fs/iomap/fiemap.o
  CC      io_uring/rsrc.o
  CC      fs/iomap/seek.o
  CC      kernel/bpf/map_in_map.o
  CC      block/bfq-wf2q.o
  CC      fs/iomap/bio.o
  CC      io_uring/notif.o
  CC      kernel/bpf/bloom_filter.o
  CC      fs/iomap/swapfile.o
  CC      block/bfq-cgroup.o
  CC      kernel/bpf/local_storage.o
  CC      io_uring/tctx.o
  AR      fs/iomap/built-in.a
  AR      fs/quota/built-in.a
  CC      fs/proc/task_mmu.o
  CC      block/bio-integrity.o
  CC      io_uring/filetable.o
  CC      kernel/bpf/queue_stack_maps.o
  CC      block/blk-integrity.o
  CC      io_uring/rw.o
  CC      kernel/bpf/ringbuf.o
  CC      fs/proc/inode.o
  CC      block/t10-pi.o
  CC      io_uring/poll.o
  CC      fs/proc/root.o
  CC      kernel/bpf/bpf_insn_array.o
  CC      block/bio-integrity-auto.o
  CC      fs/proc/base.o
  CC      io_uring/tw.o
  CC      kernel/bpf/bpf_local_storage.o
  CC      block/bio-integrity-fs.o
  CC      block/blk-mq-debugfs.o
  CC      io_uring/wait.o
  CC      kernel/bpf/bpf_task_storage.o
  CC      fs/proc/generic.o
  CC      block/blk-pm.o
  CC      io_uring/eventfd.o
  CC      fs/proc/array.o
  CC      kernel/bpf/fixups.o
  CC      block/blk-crypto.o
  CC      io_uring/uring_cmd.o
  CC      fs/proc/fd.o
  CC      block/blk-crypto-profile.o
  CC      io_uring/openclose.o
  CC      kernel/bpf/cfg.o
  CC      fs/proc/proc_tty.o
  CC      io_uring/sqpoll.o
  CC      block/blk-crypto-sysfs.o
  CC      fs/proc/cmdline.o
  CC      kernel/bpf/states.o
  CC      block/holder.o
  CC      fs/proc/consoles.o
  CC      io_uring/xattr.o
  AR      block/built-in.a
  AS      arch/arm64/lib/clear_page.o
  AS      arch/arm64/lib/clear_user.o
  CC      fs/proc/cpuinfo.o
  AS      arch/arm64/lib/copy_from_user.o
  CC      kernel/bpf/backtrack.o
  AS      arch/arm64/lib/copy_page.o
  AS      arch/arm64/lib/copy_to_user.o
  CC      arch/arm64/lib/csum.o
  CC      io_uring/nop.o
  CC      arch/arm64/lib/delay.o
  CC      fs/proc/devices.o
  CC      arch/arm64/lib/insn.o
  CC      kernel/bpf/check_btf.o
  CC      io_uring/fs.o
  CC      fs/proc/loadavg.o
  AS      arch/arm64/lib/memchr.o
  AS      arch/arm64/lib/memcmp.o
  AS      arch/arm64/lib/memcpy.o
  AS      arch/arm64/lib/memset.o
  AS      arch/arm64/lib/strchr.o
  AS      arch/arm64/lib/strcmp.o
  AS      arch/arm64/lib/strlen.o
  CC      fs/proc/meminfo.o
  AS      arch/arm64/lib/strncmp.o
  AS      arch/arm64/lib/strnlen.o
  AS      arch/arm64/lib/strrchr.o
  CC      io_uring/splice.o
  AS      arch/arm64/lib/tishift.o
  AS      arch/arm64/lib/mte.o
  AR      arch/arm64/lib/lib.a
  AR      arch/arm64/lib/built-in.a
  CC      kernel/bpf/disasm.o
  CC      lib/argv_split.o
  CC      fs/proc/stat.o
  CC      io_uring/sync.o
  CC      lib/bug.o
  CC      kernel/bpf/mprog.o
  CC      fs/proc/uptime.o
  CC      io_uring/msg_ring.o
  CC      lib/buildid.o
  CC      fs/proc/util.o
  CC      kernel/bpf/trampoline.o
  CC      lib/clz_tab.o
  CC      lib/cmdline.o
  CC      io_uring/advise.o
  CC      fs/proc/version.o
  CC      lib/cpumask.o
  CC      fs/proc/softirqs.o
  CC      io_uring/statx.o
  CC      kernel/bpf/btf.o
  CC      lib/ctype.o
  CC      lib/dec_and_lock.o
  CC      lib/decompress.o
  CC      lib/decompress_bunzip2.o
  CC      fs/proc/namespaces.o
  CC      io_uring/timeout.o
  CC      lib/decompress_inflate.o
  CC      fs/proc/self.o
  CC      io_uring/cancel.o
  CC      lib/decompress_unlz4.o
  CC      fs/proc/thread_self.o
  CC      lib/decompress_unlzma.o
  CC      io_uring/waitid.o
  CC      fs/proc/proc_sysctl.o
  CC      lib/decompress_unlzo.o
  CC      io_uring/register.o
  CC      kernel/bpf/memalloc.o
  CC      lib/decompress_unzstd.o
  CC      fs/proc/proc_net.o
  CC      lib/dump_stack.o
  CC      kernel/bpf/rqspinlock.o
  CC      io_uring/truncate.o
  CC      lib/earlycpio.o
  CC      fs/proc/vmcore.o
  CC      lib/extable.o
  CC      lib/fdt.o
  CC      kernel/bpf/stream.o
  CC      lib/fdt_addresses.o
  CC      io_uring/memmap.o
  CC      lib/fdt_empty_tree.o
  CC      lib/fdt_ro.o
  CC      fs/proc/kmsg.o
  CC      lib/fdt_rw.o
  CC      lib/fdt_strerror.o
  CC      lib/fdt_sw.o
  CC      fs/proc/page.o
  CC      lib/fdt_wip.o
  CC      lib/flex_proportions.o
  CC      io_uring/alloc_cache.o
  CC      kernel/bpf/arena.o
  CC      lib/idr.o
  AR      fs/proc/built-in.a
  CC      fs/kernfs/mount.o
  CC      io_uring/query.o
  CC      lib/iomem_copy.o
  CC      lib/irq_regs.o
  CC      kernel/bpf/range_tree.o
  CC      lib/is_single_threaded.o
  CC      fs/kernfs/inode.o
  CC      io_uring/loop.o
  CC      lib/klist.o
  CC      lib/kobject.o
  CC      io_uring/zcrx.o
  CC      kernel/bpf/dispatcher.o
  CC      fs/kernfs/dir.o
  CC      lib/kobject_uevent.o
  CC      kernel/bpf/devmap.o
  CC      fs/kernfs/file.o
  CC      lib/logic_pio.o
  CC      io_uring/io-wq.o
  CC      fs/kernfs/symlink.o
  CC      lib/maple_tree.o
  CC      kernel/bpf/cpumap.o
  CC      io_uring/futex.o
  AR      fs/kernfs/built-in.a
  CC      fs/sysfs/file.o
  CC      kernel/bpf/offload.o
  CC      fs/sysfs/dir.o
  CC      io_uring/epoll.o
  CC      fs/sysfs/symlink.o
  CC      io_uring/napi.o
  CC      lib/memcat_p.o
  CC      kernel/bpf/net_namespace.o
  CC      fs/sysfs/mount.o
  CC      lib/nmi_backtrace.o
  CC      io_uring/net.o
  CC      fs/sysfs/group.o
  CC      kernel/bpf/tcx.o
  CC      lib/objpool.o
  AR      fs/sysfs/built-in.a
  CC      fs/configfs/inode.o
  CC      lib/plist.o
  CC      lib/radix-tree.o
  CC      kernel/bpf/stackmap.o
  CC      io_uring/cmd_net.o
  CC      fs/configfs/file.o
  CC      lib/ratelimit.o
  CC      fs/configfs/dir.o
  CC      lib/rbtree.o
  CC      kernel/bpf/cgroup_iter.o
  CC      io_uring/fdinfo.o
  CC      lib/seq_buf.o
  CC      fs/configfs/symlink.o
  CC      lib/siphash.o
  CC      io_uring/bpf_filter.o
  CC      kernel/bpf/bpf_cgrp_storage.o
  CC      lib/string.o
  CC      fs/configfs/mount.o
  CC      lib/sys_info.o
  CC      kernel/bpf/cgroup.o
  CC      fs/configfs/item.o
  AR      io_uring/built-in.a
  CC      drivers/irqchip/irqchip.o
  CC      lib/timerqueue.o
  AR      fs/configfs/built-in.a
  CC      fs/devpts/inode.o
  CC      lib/union_find.o
  CC      lib/vsprintf.o
  CC      drivers/irqchip/irq-alpine-msi.o
  AR      fs/devpts/built-in.a
  CC      drivers/irqchip/irq-bcm2835.o
  CC      fs/ext4/balloc.o
  CC      kernel/bpf/reuseport_array.o
  CC      drivers/irqchip/irq-bcm2836.o
  CC      lib/win_minmax.o
  CC      fs/ext4/bitmap.o
  CC      kernel/bpf/bpf_struct_ops.o
  CC      drivers/irqchip/irq-owl-sirq.o
  CC      lib/xarray.o
  CC      fs/ext4/block_validity.o
  CC      drivers/irqchip/irq-tegra.o
  CC      lib/lockref.o
  CC      kernel/bpf/cpumask.o
  CC      fs/ext4/dir.o
  CC      drivers/irqchip/irq-dw-apb-ictl.o
  CC      lib/bcd.o
  CC      lib/sort.o
  CC      lib/parser.o
  CC      kernel/bpf/crypto.o
  CC      drivers/irqchip/irq-sun6i-r.o
  CC      lib/debug_locks.o
  CC      fs/ext4/ext4_jbd2.o
  CC      lib/random32.o
  CC      drivers/irqchip/irq-sunxi-nmi.o
  CC      lib/bust_spinlocks.o
  CC      kernel/bpf/relo_core.o
  CC      fs/ext4/extents.o
  CC      drivers/irqchip/irq-gic.o
  CC      lib/kasprintf.o
  CC      lib/bitmap.o
  CC      kernel/bpf/btf_iter.o
  CC      drivers/irqchip/irq-gic-common.o
  CC      lib/scatterlist.o
  CC      drivers/irqchip/irq-gic-pm.o
  CC      kernel/bpf/btf_relocate.o
  CC      fs/ext4/extents_status.o
  CC      drivers/irqchip/irq-msi-lib.o
  CC      lib/list_sort.o
  CC      lib/uuid.o
  CC      lib/iov_iter.o
  CC      kernel/bpf/kmem_cache_iter.o
  CC      drivers/irqchip/irq-gic-v2m.o
  CC      fs/ext4/file.o
  CC      kernel/bpf/dmabuf_iter.o
  CC      drivers/irqchip/irq-gic-v3.o
  CC      lib/clz_ctz.o
  CC      lib/bsearch.o
  AR      kernel/bpf/built-in.a
  CC      kernel/events/core.o
  CC      fs/ext4/fsmap.o
  CC      lib/find_bit.o
  CC      drivers/irqchip/irq-gic-v3-mbi.o
  CC      lib/llist.o
  CC      lib/lwq.o
  CC      lib/memweight.o
  CC      fs/ext4/fsync.o
  CC      lib/kfifo.o
  CC      drivers/irqchip/irq-gic-its-msi-parent.o
  CC      lib/percpu-refcount.o
  CC      fs/ext4/hash.o
  CC      drivers/irqchip/irq-gic-v3-its.o
  CC      lib/rhashtable.o
  CC      fs/ext4/ialloc.o
  CC      lib/base64.o
  CC      lib/once.o
  CC      fs/ext4/indirect.o
  CC      lib/refcount.o
  CC      drivers/irqchip/irq-gic-v4.o
  CC      kernel/events/ring_buffer.o
  CC      lib/rcuref.o
  CC      lib/usercopy.o
  CC      drivers/irqchip/irq-gic-v5.o
  CC      fs/ext4/inline.o
  CC      lib/errseq.o
  CC      kernel/events/callchain.o
  CC      lib/bucket_locks.o
  CC      lib/generic-radix-tree.o
  CC      drivers/irqchip/irq-gic-v5-irs.o
  CC      kernel/events/hw_breakpoint.o
  CC      fs/ext4/inode.o
  CC      lib/bitmap-str.o
  CC      drivers/irqchip/irq-gic-v5-its.o
  AR      kernel/events/built-in.a
  CC      kernel/padata.o
  CC      lib/string_helpers.o
  CC      kernel/jump_label.o
  CC      lib/hexdump.o
  CC      drivers/irqchip/irq-gic-v5-iwb.o
  CC      lib/kstrtox.o
  CC      kernel/context_tracking.o
  CC      fs/ext4/ioctl.o
  CC      lib/debug_info.o
  CC      drivers/irqchip/irq-mbigen.o
  CC      kernel/iomem.o
  CC      drivers/irqchip/irq-renesas-irqc.o
  CC      kernel/rseq.o
  CC      lib/math/div64.o
  CC      fs/ext4/mballoc.o
  CC      lib/math/gcd.o
  CC      lib/math/lcm.o
  CC      drivers/irqchip/irq-renesas-rzg2l.o
  CC      lib/math/int_log.o
  CC      lib/math/int_pow.o
  CC      lib/math/int_sqrt.o
  CC      lib/math/reciprocal_div.o
  CC      lib/math/rational.o
  GZIP    kernel/config_data.gz
  CC      kernel/configs.o
  AR      lib/math/built-in.a
  CC      drivers/irqchip/irq-renesas-rzt2h.o
  CC      lib/crc/crc7.o
  AR      kernel/built-in.a
  CC      net/devres.o
  CC      lib/crc/crc8.o
  CC      drivers/irqchip/irq-renesas-rzv2h.o
  CC      lib/crc/crc16.o
  CC      fs/ext4/migrate.o
  CC      net/socket.o
  CC      lib/crc/crc-itu-t.o
  CC      drivers/irqchip/irq-xilinx-intc.o
  CC      lib/crc/crc-t10dif-main.o
  CC      fs/ext4/mmp.o
  AS      lib/crc/arm64/crc-t10dif-core.o
  CC      lib/crc/crc32-main.o
  CC      drivers/irqchip/irq-brcmstb-l2.o
  CC      fs/ext4/move_extent.o
  AS      lib/crc/arm64/crc32-core.o
  CC      lib/crc/crc64-main.o
  CC      drivers/irqchip/irq-mtk-sysirq.o
  CC      net/core/sock.o
  CC      lib/crc/crc64-neon.o
  CC      fs/ext4/namei.o
  AR      lib/crc/built-in.a
  CC      lib/crypto/hash_info.o
  CC      drivers/irqchip/irq-mtk-cirq.o
  CC      lib/crypto/memneq.o
  CC      drivers/irqchip/irq-imx-gpcv2.o
  CC      lib/crypto/utils.o
  CC      drivers/irqchip/irq-mvebu-gicp.o
  CC      lib/crypto/aes.o
  CC      fs/ext4/page-io.o
  CC      net/core/skbuff.o
  CC      drivers/irqchip/irq-mvebu-icu.o
  AS      lib/crypto/arm64/aes-cipher-core.o
  AS      lib/crypto/arm64/aes-ce-core.o
  AS      lib/crypto/arm64/aes-ce.o
  AS      lib/crypto/arm64/aes-neon.o
  CC      lib/crypto/gf128mul.o
  CC      fs/ext4/readpage.o
  CC      drivers/irqchip/irq-mvebu-odmi.o
  CC      lib/crypto/blake2s.o
  CC      drivers/irqchip/irq-mvebu-pic.o
  CC      fs/ext4/resize.o
  CC      lib/crypto/chacha-block-generic.o
  CC      lib/crypto/sha1.o
  CC      drivers/irqchip/irq-mvebu-sei.o
  AS      lib/crypto/arm64/sha1-ce-core.o
  CC      lib/crypto/sha256.o
  CC      drivers/irqchip/irq-ls-extirq.o
  CC      fs/ext4/super.o
  AS      lib/crypto/arm64/sha256-ce.o
  CC      net/core/datagram.o
  AS      lib/crypto/arm64/sha256-core.o
  CC      lib/crypto/sha512.o
  CC      drivers/irqchip/irq-ls-scfg-msi.o
  AS      lib/crypto/arm64/sha512-ce-core.o
  AS      lib/crypto/arm64/sha512-core.o
  CC      lib/crypto/mpi/generic_mpih-lshift.o
  CC      drivers/irqchip/irq-aspeed-vic.o
  CC      net/core/stream.o
  CC      lib/crypto/mpi/generic_mpih-mul1.o
  CC      drivers/irqchip/irq-aspeed-i2c-ic.o
  CC      fs/ext4/symlink.o
  CC      lib/crypto/mpi/generic_mpih-mul2.o
  CC      drivers/irqchip/irq-aspeed-scu-ic.o
  CC      net/core/scm.o
  CC      fs/ext4/sysfs.o
  CC      lib/crypto/mpi/generic_mpih-mul3.o
  CC      drivers/irqchip/irq-stm32mp-exti.o
  CC      lib/crypto/mpi/generic_mpih-rshift.o
  CC      fs/ext4/xattr.o
  CC      drivers/irqchip/irq-uniphier-aidet.o
  CC      net/core/gen_stats.o
  CC      lib/crypto/mpi/generic_mpih-sub1.o
  CC      drivers/irqchip/irq-sni-exiu.o
  CC      lib/crypto/mpi/generic_mpih-add1.o
  CC      net/core/gen_estimator.o
  CC      fs/ext4/xattr_hurd.o
  CC      drivers/irqchip/irq-meson-gpio.o
  CC      lib/crypto/mpi/mpicoder.o
  CC      fs/ext4/xattr_trusted.o
  CC      net/core/net_namespace.o
  CC      drivers/irqchip/qcom-pdc.o
  CC      lib/crypto/mpi/mpi-add.o
  CC      fs/ext4/xattr_user.o
  CC      lib/crypto/mpi/mpi-bit.o
  CC      drivers/irqchip/irq-qcom-mpm.o
  CC      net/core/secure_seq.o
  CC      lib/crypto/mpi/mpi-cmp.o
  CC      fs/ext4/fast_commit.o
  CC      drivers/irqchip/irq-imx-irqsteer.o
  CC      lib/crypto/mpi/mpi-sub-ui.o
  CC      drivers/irqchip/irq-imx-intmux.o
  CC      net/core/flow_dissector.o
  CC      lib/crypto/mpi/mpi-div.o
  CC      fs/ext4/orphan.o
  CC      drivers/irqchip/irq-ti-sci-intr.o
  CC      lib/crypto/mpi/mpi-mod.o
  CC      drivers/irqchip/irq-ti-sci-inta.o
  CC      fs/ext4/xattr_security.o
  CC      lib/crypto/mpi/mpi-mul.o
  CC      net/core/sysctl_net_core.o
  CC      drivers/irqchip/irq-apple-aic.o
  CC      lib/crypto/mpi/mpih-cmp.o
  AR      fs/ext4/built-in.a
  CC      fs/jbd2/transaction.o
  CC      lib/crypto/mpi/mpih-div.o
  AR      drivers/irqchip/built-in.a
  CC      net/core/dev.o
  CC      drivers/bus/arm-cci.o
  CC      lib/crypto/mpi/mpih-mul.o
  CC      fs/jbd2/commit.o
  CC      drivers/bus/hisi_lpc.o
  CC      lib/crypto/mpi/mpi-pow.o
  CC      drivers/bus/fsl-mc/fsl-mc-bus.o
  CC      fs/jbd2/recovery.o
  CC      lib/crypto/mpi/mpiutil.o
  AR      lib/crypto/mpi/built-in.a
  AR      lib/crypto/built-in.a
  CC      lib/vdso/datastore.o
  CC      drivers/bus/fsl-mc/mc-sys.o
  CC      fs/jbd2/checkpoint.o
  AR      lib/vdso/built-in.a
  CC      drivers/bus/fsl-mc/mc-io.o
  CC      lib/iomap_copy.o
  CC      fs/jbd2/revoke.o
  CC      lib/devres.o
  CC      drivers/bus/fsl-mc/dpbp.o
  CC      lib/cache_maint.o
  CC      fs/jbd2/journal.o
  CC      drivers/bus/fsl-mc/dpcon.o
  CC      lib/hweight.o
  CC      lib/interval_tree.o
  CC      drivers/bus/fsl-mc/dprc.o
  CC      net/core/dev_api.o
  CC      lib/assoc_array.o
  CC      lib/linear_ranges.o
  AR      fs/jbd2/built-in.a
  CC      drivers/bus/fsl-mc/dprc-driver.o
  CC      fs/squashfs/block.o
  CC      net/core/dev_addr_lists.o
  CC      lib/packing.o
  CC      drivers/bus/fsl-mc/fsl-mc-allocator.o
  CC      fs/squashfs/cache.o
  CC      lib/xxhash.o
  CC      drivers/bus/fsl-mc/fsl-mc-msi.o
  CC      net/core/dst.o
  CC      lib/genalloc.o
  CC      fs/squashfs/dir.o
  CC      drivers/bus/fsl-mc/dpmcp.o
  CC      fs/squashfs/export.o
  CC      lib/zlib_inflate/inffast.o
  CC      lib/zlib_inflate/inflate.o
  CC      net/core/netevent.o
  CC      drivers/bus/fsl-mc/obj-api.o
  CC      fs/squashfs/file.o
  CC      lib/zlib_inflate/infutil.o
  CC      lib/zlib_inflate/inftrees.o
  AR      drivers/bus/fsl-mc/built-in.a
  CC      drivers/bus/qcom-ebi2.o
  CC      lib/zlib_inflate/inflate_syms.o
  CC      net/core/neighbour.o
  CC      fs/squashfs/fragment.o
  AR      lib/zlib_inflate/built-in.a
  CC      lib/zlib_deflate/deflate.o
  CC      drivers/bus/stm32_firewall.o
  CC      fs/squashfs/id.o
  CC      fs/squashfs/inode.o
  CC      drivers/bus/stm32_rifsc.o
  CC      lib/zlib_deflate/deftree.o
  CC      lib/zlib_deflate/deflate_syms.o
  CC      fs/squashfs/namei.o
  CC      drivers/bus/stm32_etzpc.o
  AR      lib/zlib_deflate/built-in.a
  CC      lib/lzo/lzo1x_compress.o
  CC      net/core/rtnetlink.o
  CC      fs/squashfs/super.o
  CC      drivers/bus/sun50i-de2.o
  CC      lib/lzo/lzo1x_compress_safe.o
  CC      drivers/bus/simple-pm-bus.o
  CC      lib/lzo/lzo1x_decompress_safe.o
  CC      fs/squashfs/symlink.o
  CC      drivers/bus/ti-sysc.o
  AR      lib/lzo/built-in.a
  CC      lib/lz4/lz4_compress.o
  CC      fs/squashfs/decompressor.o
  CC      fs/squashfs/page_actor.o
  CC      lib/lz4/lz4_decompress.o
  CC      drivers/bus/uniphier-system-bus.o
  CC      net/core/utils.o
  CC      fs/squashfs/file_cache.o
  CC      drivers/bus/vexpress-config.o
  AR      lib/lz4/built-in.a
  CC      lib/zstd/zstd_decompress_module.o
  CC      fs/squashfs/decompressor_single.o
  AR      drivers/bus/built-in.a
  CC      drivers/phy/phy-core.o
  CC      lib/zstd/decompress/huf_decompress.o
  CC      net/core/link_watch.o
  CC      fs/squashfs/zlib_wrapper.o
  CC      lib/zstd/decompress/zstd_ddict.o
  CC      drivers/phy/phy-core-mipi-dphy.o
  CC      lib/zstd/decompress/zstd_decompress.o
  CC      net/core/filter.o
  AR      fs/squashfs/built-in.a
  CC      fs/ramfs/inode.o
  CC      lib/zstd/decompress/zstd_decompress_block.o
  CC      drivers/phy/allwinner/phy-sun4i-usb.o
  CC      fs/ramfs/file-mmu.o
  CC      lib/zstd/zstd_common_module.o
  AR      drivers/phy/allwinner/built-in.a
  CC      drivers/phy/amlogic/phy-meson8b-usb2.o
  AR      fs/ramfs/built-in.a
  CC      fs/hugetlbfs/inode.o
  CC      lib/zstd/common/debug.o
  CC      lib/zstd/common/entropy_common.o
  CC      lib/zstd/common/error_private.o
  CC      lib/zstd/common/fse_decompress.o
  CC      lib/zstd/common/zstd_common.o
  AR      lib/zstd/built-in.a
  CC      lib/xz/xz_dec_syms.o
  CC      drivers/phy/amlogic/phy-meson-gxl-usb2.o
  CC      lib/xz/xz_dec_stream.o
  AR      fs/hugetlbfs/built-in.a
  CC      fs/fat/cache.o
  CC      drivers/phy/amlogic/phy-meson-g12a-usb2.o
  CC      lib/xz/xz_dec_lzma2.o
  CC      fs/fat/dir.o
  CC      net/core/sock_diag.o
  CC      drivers/phy/amlogic/phy-meson-g12a-usb3-pcie.o
  CC      lib/xz/xz_dec_bcj.o
  AR      lib/xz/built-in.a
  CC      lib/percpu_counter.o
  CC      drivers/phy/amlogic/phy-meson-g12a-mipi-dphy-analog.o
  CC      fs/fat/fatent.o
  CC      net/core/dev_ioctl.o
  CC      lib/audit.o
  CC      drivers/phy/amlogic/phy-meson-axg-pcie.o
  CC      lib/compat_audit.o
  CC      lib/syscall.o
  CC      fs/fat/file.o
  CC      net/core/tso.o
  CC      drivers/phy/amlogic/phy-meson-axg-mipi-pcie-analog.o
  CC      lib/errname.o
  CC      lib/nlattr.o
  CC      fs/fat/inode.o
  AR      drivers/phy/amlogic/built-in.a
  CC      drivers/phy/broadcom/phy-bcm-ns2-pcie.o
  CC      net/core/sock_reuseport.o
  CC      lib/checksum.o
  CC      lib/cpu_rmap.o
  CC      fs/fat/misc.o
  CC      drivers/phy/broadcom/phy-bcm-ns2-usbdrd.o
  CC      net/core/fib_notifier.o
  CC      lib/dynamic_queue_limits.o
  CC      fs/fat/nfs.o
  CC      drivers/phy/broadcom/phy-brcm-sata.o
  CC      net/core/xdp.o
  CC      lib/glob.o
  CC      fs/fat/namei_vfat.o
  CC      drivers/phy/broadcom/phy-brcm-usb.o
  CC      lib/dim/dim.o
  CC      lib/dim/net_dim.o
  CC      drivers/phy/broadcom/phy-brcm-usb-init.o
  CC      net/core/flow_offload.o
  AR      fs/fat/built-in.a
  CC      fs/nfs/client.o
  CC      drivers/phy/broadcom/phy-brcm-usb-init-synopsys.o
  CC      lib/dim/rdma_dim.o
  CC      drivers/phy/broadcom/phy-bcm-sr-pcie.o
  CC      net/core/gro.o
  AR      lib/dim/built-in.a
  CC      lib/strncpy_from_user.o
  CC      drivers/phy/broadcom/phy-bcm-sr-usb.o
  CC      lib/strnlen_user.o
  CC      fs/nfs/dir.o
  AR      drivers/phy/broadcom/built-in.a
  CC      net/core/netdev-genl.o
  CC      drivers/phy/freescale/phy-fsl-imx8m-pcie.o
  CC      lib/net_utils.o
  CC      lib/sg_split.o
  AR      drivers/phy/freescale/built-in.a
  CC      drivers/phy/hisilicon/phy-hi6220-usb.o
  CC      fs/nfs/file.o
  CC      lib/sg_pool.o
  CC      net/core/netdev-genl-gen.o
  CC      drivers/phy/hisilicon/phy-histb-combphy.o
  CC      lib/stmp_device.o
  CC      net/core/netdev_work.o
  CC      drivers/phy/hisilicon/phy-hisi-inno-usb2.o
  CC      lib/irq_poll.o
  CC      fs/nfs/getroot.o
  AR      drivers/phy/hisilicon/built-in.a
  CC      drivers/phy/marvell/phy-mvebu-a3700-comphy.o
  CC      net/core/gso.o
  CC      lib/stackdepot.o
  CC      fs/nfs/inode.o
  CC      lib/asn1_decoder.o
  CC      net/core/net-sysfs.o
  CC      drivers/phy/marvell/phy-mvebu-a3700-utmi.o
  CC      lib/fonts/fonts.o
  CC      lib/fonts/font_8x8.o
  CC      lib/fonts/font_8x16.o
  CC      fs/nfs/super.o
  CC      drivers/phy/marvell/phy-mvebu-cp110-comphy.o
  AR      lib/fonts/built-in.a
  CC      lib/oid_registry.o
  CC      net/core/hotdata.o
  CC      lib/sbitmap.o
  AR      drivers/phy/marvell/built-in.a
  CC      drivers/phy/mediatek/phy-mtk-tphy.o
  CC      fs/nfs/io.o
  CC      net/core/netdev_config.o
  CC      lib/group_cpus.o
  CC      lib/devmem_is_allowed.o
  CC      fs/nfs/direct.o
  CC      drivers/phy/mediatek/phy-mtk-ufs.o
  CC      net/core/netdev_rx_queue.o
  AR      lib/lib.a
  AR      lib/built-in.a
  CC      virt/lib/irqbypass.o
  AR      drivers/phy/mediatek/built-in.a
  CC      drivers/phy/renesas/r8a779f0-ether-serdes.o
  AR      virt/lib/built-in.a
  AR      virt/built-in.a
  CC      drivers/phy/renesas/phy-rcar-gen3-pcie.o
  CC      net/core/netdev_queues.o
  CC      fs/nfs/pagelist.o
  CC      drivers/phy/renesas/phy-rcar-gen3-usb2.o
  CC      fs/nfs/read.o
  CC      net/core/page_pool.o
  AR      drivers/phy/renesas/built-in.a
  CC      drivers/phy/rockchip/phy-rockchip-emmc.o
  CC      fs/nfs/symlink.o
  CC      fs/nfs/unlink.o
  CC      drivers/phy/rockchip/phy-rockchip-inno-usb2.o
  CC      net/core/page_pool_user.o
  CC      fs/nfs/write.o
  CC      fs/nfs/namespace.o
  CC      drivers/phy/rockchip/phy-rockchip-snps-pcie3.o
  CC      net/core/net-procfs.o
  AR      drivers/phy/rockchip/built-in.a
  CC      fs/nfs/mount_clnt.o
  CC      drivers/phy/samsung/phy-samsung-usb2.o
  CC      fs/nfs/nfstrace.o
  CC      net/core/selftests.o
  AR      drivers/phy/samsung/built-in.a
  CC      drivers/phy/socionext/phy-uniphier-usb2.o
  CC      fs/nfs/export.o
  CC      fs/nfs/sysfs.o
  CC      drivers/phy/socionext/phy-uniphier-usb3hs.o
  CC      net/core/ptp_classifier.o
  CC      fs/nfs/fs_context.o
  CC      fs/nfs/nfsroot.o
  CC      drivers/phy/socionext/phy-uniphier-usb3ss.o
  CC      net/core/dst_cache.o
  CC      drivers/phy/socionext/phy-uniphier-ahci.o
  CC      fs/nfs/sysctl.o
  CC      fs/nfs/nfs3super.o
  CC      net/core/gro_cells.o
  AR      drivers/phy/socionext/built-in.a
  CC      drivers/phy/tegra/xusb.o
  CC      fs/nfs/nfs3client.o
  CC      fs/nfs/nfs3proc.o
  CC      net/core/failover.o
  CC      drivers/phy/tegra/xusb-tegra124.o
  CC      fs/nfs/nfs3xdr.o
  CC      net/core/skmsg.o
  CC      fs/nfs/nfs4proc.o
  CC      drivers/phy/tegra/xusb-tegra210.o
  CC      fs/nfs/nfs4xdr.o
  CC      net/core/sock_map.o
  CC      drivers/phy/tegra/xusb-tegra186.o
  AR      drivers/phy/tegra/built-in.a
  AR      drivers/phy/built-in.a
  CC      drivers/pinctrl/core.o
  CC      net/core/bpf_sk_storage.o
  CC      drivers/pinctrl/pinctrl-utils.o
  CC      fs/nfs/nfs4state.o
  CC      drivers/pinctrl/pinmux.o
  CC      drivers/pinctrl/pinconf.o
  CC      net/core/of_net.o
  CC      net/core/devmem.o
  CC      drivers/pinctrl/pinconf-generic.o
  CC      drivers/pinctrl/devicetree.o
  CC      drivers/pinctrl/pinctrl-rockchip.o
  CC      fs/nfs/nfs4renewd.o
  AR      net/core/built-in.a
  CC      net/compat.o
  CC      net/ethernet/eth.o
  CC      drivers/pinctrl/pinctrl-single.o
  CC      fs/nfs/nfs4super.o
  CC      net/sched/sch_generic.o
  AR      net/ethernet/built-in.a
  CC      drivers/pinctrl/pinctrl-zynqmp.o
  CC      drivers/gpio/gpiolib.o
  CC      fs/nfs/nfs4file.o
  CC      drivers/pinctrl/actions/pinctrl-owl.o
  CC      fs/nfs/delegation.o
  CC      net/sched/sch_mq.o
  CC      drivers/pinctrl/actions/pinctrl-s700.o
  CC      drivers/gpio/gpiolib-devres.o
  CC      drivers/pinctrl/actions/pinctrl-s900.o
  CC      net/sched/sch_frag.o
  CC      drivers/gpio/gpiolib-legacy.o
  AR      drivers/pinctrl/actions/built-in.a
  CC      fs/nfs/nfs4idmap.o
  CC      drivers/pinctrl/bcm/pinctrl-bcm2835.o
  CC      drivers/gpio/gpiolib-of.o
  CC      net/sched/sch_api.o
  CC      drivers/pinctrl/bcm/pinctrl-bcm4908.o
  CC      drivers/gpio/gpiolib-cdev.o
  CC      fs/nfs/callback.o
  CC      drivers/pinctrl/bcm/pinctrl-brcmstb.o
  CC      fs/nfs/callback_xdr.o
  CC      drivers/gpio/gpiolib-swnode.o
  CC      drivers/pinctrl/bcm/pinctrl-brcmstb-bcm2712.o
  CC      net/sched/sch_blackhole.o
  CC      drivers/pinctrl/bcm/pinctrl-iproc-gpio.o
  CC      drivers/gpio/gpiolib-shared.o
  CC      net/sched/cls_api.o
  CC      fs/nfs/callback_proc.o
  CC      drivers/pinctrl/bcm/pinctrl-ns2-mux.o
  CC      drivers/gpio/gpio-mmio.o
  AR      drivers/pinctrl/bcm/built-in.a
  CC      drivers/pinctrl/cix/pinctrl-sky1-base.o
  CC      drivers/gpio/gpio-xgs-iproc.o
  CC      fs/nfs/nfs4namespace.o
  CC      drivers/pinctrl/cix/pinctrl-sky1.o
  CC      drivers/gpio/gpio-blzp1600.o
  CC      net/sched/act_api.o
  AR      drivers/pinctrl/cix/built-in.a
  CC      drivers/pinctrl/freescale/pinctrl-imx.o
  CC      fs/nfs/nfs4getroot.o
  CC      drivers/gpio/gpio-brcmstb.o
  CC      drivers/pinctrl/freescale/pinctrl-imx-scmi.o
  CC      drivers/gpio/gpio-davinci.o
  CC      drivers/pinctrl/freescale/pinctrl-imx8mm.o
  CC      fs/nfs/nfs4client.o
  CC      net/sched/sch_fifo.o
  CC      drivers/pinctrl/freescale/pinctrl-imx8mn.o
  CC      drivers/gpio/gpio-en7523.o
  CC      drivers/pinctrl/freescale/pinctrl-imx8mp.o
  AR      net/sched/built-in.a
  CC      net/netlink/af_netlink.o
  CC      drivers/gpio/gpio-mb86s7x.o
  CC      fs/nfs/nfs4session.o
  CC      drivers/pinctrl/freescale/pinctrl-imx8mq.o
  CC      drivers/gpio/gpio-mpc8xxx.o
  CC      drivers/pinctrl/freescale/pinctrl-imx8ulp.o
  CC      drivers/pinctrl/freescale/pinctrl-imx91.o
  CC      drivers/gpio/gpio-mvebu.o
  CC      fs/nfs/dns_resolve.o
  CC      drivers/pinctrl/freescale/pinctrl-imx93.o
  CC      net/netlink/genetlink.o
  CC      drivers/gpio/gpio-mxc.o
  AR      drivers/pinctrl/freescale/built-in.a
  CC      fs/nfs/nfs4trace.o
  CC      drivers/pinctrl/mediatek/mtk-eint.o
  CC      drivers/gpio/gpio-pl061.o
  CC      net/netlink/policy.o
  CC      drivers/pinctrl/mediatek/pinctrl-mtk-common.o
  CC      fs/nfs/pnfs.o
  CC      drivers/gpio/gpio-raspberrypi-exp.o
  CC      drivers/pinctrl/mediatek/pinctrl-mtk-common-v2.o
  AR      net/netlink/built-in.a
  CC      net/bpf/test_run.o
  CC      drivers/gpio/gpio-rcar.o
  CC      drivers/pinctrl/mediatek/pinctrl-moore.o
  CC      drivers/gpio/gpio-rockchip.o
  CC      fs/nfs/pnfs_dev.o
  CC      drivers/pinctrl/mediatek/pinctrl-paris.o
  CC      net/bpf/bpf_dummy_struct_ops.o
  CC      drivers/gpio/gpio-rtd.o
  CC      drivers/pinctrl/mediatek/pinctrl-mt2712.o
  CC      fs/nfs/pnfs_nfs.o
  CC      drivers/gpio/gpio-syscon.o
  AR      net/bpf/built-in.a
  CC      net/ethtool/ioctl.o
  CC      drivers/pinctrl/mediatek/pinctrl-mt6765.o
  CC      drivers/gpio/gpio-tegra.o
  CC      drivers/pinctrl/mediatek/pinctrl-mt6779.o
  CC      fs/nfs/nfs4sysctl.o
  CC      drivers/gpio/gpio-uniphier.o
  CC      drivers/pinctrl/mediatek/pinctrl-mt6795.o
  CC      drivers/gpio/gpio-vf610.o
  CC      fs/nfs/nfs40client.o
  CC      net/ethtool/common.o
  CC      drivers/pinctrl/mediatek/pinctrl-mt6797.o
  CC      drivers/gpio/gpio-visconti.o
  CC      drivers/pinctrl/mediatek/pinctrl-mt6878.o
  CC      fs/nfs/nfs40proc.o
  CC      drivers/gpio/gpio-xgene.o
  CC      net/ethtool/netlink.o
  CC      drivers/pinctrl/mediatek/pinctrl-mt6893.o
  CC      drivers/gpio/gpio-zynqmp-modepin.o
  CC      fs/nfs/nfs42proc.o
  CC      drivers/pinctrl/mediatek/pinctrl-mt7622.o
  AR      drivers/gpio/built-in.a
  CC      drivers/pwm/core.o
  CC      net/ethtool/bitset.o
  CC      drivers/pinctrl/mediatek/pinctrl-mt7981.o
  CC      fs/nfs/nfs42xattr.o
  CC      drivers/pwm/pwm-bcm-iproc.o
  CC      drivers/pinctrl/mediatek/pinctrl-mt7986.o
  CC      net/ethtool/strset.o
  CC      drivers/pwm/pwm-rockchip.o
  CC      drivers/pinctrl/mediatek/pinctrl-mt7988.o
  CC      net/ethtool/linkinfo.o
  CC      fs/nfs/filelayout/filelayout.o
  CC      drivers/pinctrl/mediatek/pinctrl-mt8167.o
  AR      drivers/pwm/built-in.a
  CC      fs/nfs/filelayout/filelayoutdev.o
  CC      net/ethtool/linkmodes.o
  CC      drivers/pinctrl/mediatek/pinctrl-mt8173.o
  CC      net/netfilter/core.o
  AR      fs/nfs/filelayout/built-in.a
  CC      fs/nfs/flexfilelayout/flexfilelayout.o
  CC      drivers/pinctrl/mediatek/pinctrl-mt8186.o
  CC      net/ethtool/rss.o
  CC      drivers/pinctrl/mediatek/pinctrl-mt8188.o
  CC      net/netfilter/nf_log.o
  CC      drivers/pinctrl/mediatek/pinctrl-mt8189.o
  CC      net/ethtool/linkstate.o
  CC      fs/nfs/flexfilelayout/flexfilelayoutdev.o
  CC      net/netfilter/nf_queue.o
  CC      drivers/pinctrl/mediatek/pinctrl-mt8192.o
  CC      net/ethtool/debug.o
  AR      fs/nfs/flexfilelayout/built-in.a
  AR      fs/nfs/built-in.a
  CC      fs/exportfs/expfs.o
  CC      drivers/pinctrl/mediatek/pinctrl-mt8195.o
  CC      net/netfilter/nf_sockopt.o
  AR      fs/exportfs/built-in.a
  CC      net/ethtool/wol.o
  CC      fs/lockd/clntlock.o
  CC      drivers/pinctrl/mediatek/pinctrl-mt8196.o
  CC      net/netfilter/utils.o
  CC      drivers/pinctrl/mediatek/pinctrl-mt8365.o
  CC      net/ethtool/features.o
  CC      fs/lockd/clntproc.o
  CC      drivers/pinctrl/mediatek/pinctrl-mt8516.o
  CC      net/netfilter/nf_bpf_link.o
  CC      net/ethtool/privflags.o
  CC      drivers/pinctrl/mediatek/pinctrl-mt6397.o
  CC      fs/lockd/clntxdr.o
  AR      drivers/pinctrl/mediatek/built-in.a
  CC      drivers/pinctrl/mvebu/pinctrl-mvebu.o
  CC      net/ethtool/rings.o
  AR      net/netfilter/built-in.a
  CC      net/ipv4/route.o
  CC      fs/lockd/host.o
  CC      drivers/pinctrl/mvebu/pinctrl-armada-ap806.o
  CC      net/ethtool/channels.o
  CC      drivers/pinctrl/mvebu/pinctrl-armada-cp110.o
  CC      fs/lockd/svc.o
  CC      drivers/pinctrl/mvebu/pinctrl-armada-37xx.o
  CC      net/ethtool/coalesce.o
  CC      net/ipv4/inetpeer.o
  CC      drivers/pinctrl/mvebu/pinctrl-ac5.o
  CC      fs/lockd/svclock.o
  CC      net/ethtool/pause.o
  AR      drivers/pinctrl/mvebu/built-in.a
  CC      drivers/pinctrl/qcom/pinctrl-msm.o
  CC      net/ipv4/protocol.o
  CC      net/ethtool/eee.o
  CC      fs/lockd/svcshare.o
  CC      net/ipv4/ip_input.o
  CC      drivers/pinctrl/qcom/pinctrl-eliza.o
  CC      drivers/pinctrl/qcom/pinctrl-glymur.o
  CC      net/ethtool/tsinfo.o
  CC      fs/lockd/svcproc.o
  CC      drivers/pinctrl/qcom/pinctrl-ipq5018.o
  CC      net/ipv4/ip_fragment.o
  CC      drivers/pinctrl/qcom/pinctrl-ipq5210.o
  CC      net/ethtool/cabletest.o
  CC      fs/lockd/svcsubs.o
  CC      drivers/pinctrl/qcom/pinctrl-ipq5332.o
  CC      net/ipv4/ip_forward.o
  CC      drivers/pinctrl/qcom/pinctrl-ipq5424.o
  CC      net/ethtool/tunnels.o
  CC      fs/lockd/mon.o
  CC      drivers/pinctrl/qcom/pinctrl-ipq8074.o
  CC      net/ipv4/ip_options.o
  CC      drivers/pinctrl/qcom/pinctrl-ipq6018.o
  CC      net/ethtool/fec.o
  CC      drivers/pinctrl/qcom/pinctrl-ipq9574.o
  CC      fs/lockd/trace.o
  CC      net/ipv4/ip_output.o
  CC      drivers/pinctrl/qcom/pinctrl-ipq9650.o
  CC      net/ethtool/eeprom.o
  CC      drivers/pinctrl/qcom/pinctrl-kaanapali.o
  CC      fs/lockd/netlink.o
  CC      net/ethtool/stats.o
  CC      drivers/pinctrl/qcom/pinctrl-msm8916.o
  CC      fs/lockd/nlm3xdr_gen.o
  CC      drivers/pinctrl/qcom/pinctrl-msm8953.o
  CC      net/ipv4/ip_sockglue.o
  CC      net/ethtool/phc_vclocks.o
  CC      drivers/pinctrl/qcom/pinctrl-msm8976.o
  CC      fs/lockd/clnt4xdr.o
  CC      drivers/pinctrl/qcom/pinctrl-msm8994.o
  CC      net/ethtool/mm.o
  CC      net/ipv4/inet_hashtables.o
  CC      drivers/pinctrl/qcom/pinctrl-msm8996.o
  CC      fs/lockd/svc4proc.o
  CC      drivers/pinctrl/qcom/pinctrl-qcm2290.o
  CC      net/ethtool/module.o
  CC      drivers/pinctrl/qcom/pinctrl-qcs404.o
  CC      fs/lockd/nlm4xdr_gen.o
  CC      net/ipv4/inet_timewait_sock.o
  CC      drivers/pinctrl/qcom/pinctrl-qcs615.o
  CC      net/ethtool/cmis_fw_update.o
  CC      drivers/pinctrl/qcom/pinctrl-milos.o
  CC      fs/lockd/procfs.o
  CC      net/ipv4/inet_connection_sock.o
  CC      net/ethtool/cmis_cdb.o
  CC      drivers/pinctrl/qcom/pinctrl-nord.o
  AR      fs/lockd/built-in.a
  CC      fs/nls/nls_base.o
  CC      drivers/pinctrl/qcom/pinctrl-spmi-gpio.o
  CC      net/ethtool/pse-pd.o
  CC      fs/nls/nls_cp437.o
  CC      fs/nls/nls_iso8859-1.o
  CC      drivers/pinctrl/qcom/pinctrl-spmi-mpp.o
  CC      net/ipv4/tcp.o
  CC      net/ethtool/plca.o
  AR      fs/nls/built-in.a
  CC      fs/autofs/init.o
  CC      drivers/pinctrl/qcom/pinctrl-qdu1000.o
  CC      fs/autofs/inode.o
  CC      net/ethtool/phy.o
  CC      drivers/pinctrl/qcom/pinctrl-sa8775p.o
  CC      drivers/pinctrl/qcom/pinctrl-sc7180.o
  CC      fs/autofs/root.o
  CC      net/ethtool/tsconfig.o
  CC      drivers/pinctrl/qcom/pinctrl-sc7280.o
  CC      fs/autofs/symlink.o
  CC      drivers/pinctrl/qcom/pinctrl-sc8180x.o
  CC      net/ipv4/tcp_input.o
  CC      net/ethtool/mse.o
  CC      drivers/pinctrl/qcom/pinctrl-sc8280xp.o
  CC      fs/autofs/waitq.o
  CC      drivers/pinctrl/qcom/pinctrl-sdm660.o
  AR      net/ethtool/built-in.a
  CC      fs/autofs/expire.o
  CC      net/ipv6/af_inet6.o
  CC      drivers/pinctrl/qcom/pinctrl-sdm670.o
  CC      drivers/pinctrl/qcom/pinctrl-sdm845.o
  CC      fs/autofs/dev-ioctl.o
  CC      drivers/pinctrl/qcom/pinctrl-sdx75.o
  CC      net/ipv6/anycast.o
  AR      fs/autofs/built-in.a
  CC      drivers/pinctrl/qcom/pinctrl-shikra.o
  CC      fs/debugfs/inode.o
  CC      net/ipv4/tcp_output.o
  CC      drivers/pinctrl/qcom/pinctrl-sm6115.o
  CC      net/ipv6/ip6_output.o
  CC      fs/debugfs/file.o
  CC      drivers/pinctrl/qcom/pinctrl-sm6125.o
  CC      drivers/pinctrl/qcom/pinctrl-sm6350.o
  AR      fs/debugfs/built-in.a
  CC      fs/pstore/inode.o
  CC      drivers/pinctrl/qcom/pinctrl-sm6375.o
  CC      net/ipv4/tcp_timer.o
  CC      drivers/pinctrl/qcom/pinctrl-sm7150.o
  CC      net/ipv6/ip6_input.o
  CC      fs/pstore/platform.o
  CC      drivers/pinctrl/qcom/pinctrl-sm8150.o
  AR      fs/pstore/built-in.a
  CC      drivers/pinctrl/qcom/pinctrl-sm8250.o
  AR      fs/built-in.a
  CC      drivers/pinctrl/qcom/pinctrl-sm8350.o
  CC      net/ipv4/tcp_ipv4.o
  CC      net/ipv6/addrconf.o
  CC      drivers/pinctrl/qcom/pinctrl-sm8450.o
  CC      drivers/pinctrl/qcom/pinctrl-sm8550.o
  CC      drivers/pinctrl/qcom/pinctrl-sm8650.o
  CC      drivers/pinctrl/qcom/pinctrl-sm8750.o
  CC      drivers/pinctrl/qcom/pinctrl-x1e80100.o
  CC      net/ipv6/addrlabel.o
  CC      drivers/pinctrl/qcom/pinctrl-qcs8300.o
  CC      net/ipv4/tcp_minisocks.o
  CC      net/ipv6/route.o
  AR      drivers/pinctrl/qcom/built-in.a
  CC      drivers/pinctrl/realtek/pinctrl-rtd.o
  CC      net/ipv6/ip6_fib.o
  CC      drivers/pinctrl/realtek/pinctrl-rtd1619b.o
  CC      net/ipv4/tcp_cong.o
  CC      drivers/pinctrl/realtek/pinctrl-rtd1319d.o
  CC      drivers/pinctrl/realtek/pinctrl-rtd1315e.o
  CC      net/ipv4/tcp_metrics.o
  CC      net/ipv6/ipv6_sockglue.o
  CC      drivers/pinctrl/realtek/pinctrl-rtd1625.o
  CC      net/ipv6/ndisc.o
  AR      drivers/pinctrl/realtek/built-in.a
  CC      drivers/pinctrl/renesas/core.o
  CC      net/ipv4/tcp_fastopen.o
  CC      drivers/pinctrl/renesas/pinctrl.o
  CC      net/ipv6/udp.o
  CC      net/ipv6/raw.o
  CC      drivers/pinctrl/renesas/pfc-r8a7796.o
  CC      net/ipv4/tcp_recovery.o
  CC      drivers/pinctrl/renesas/pfc-r8a77965.o
  CC      drivers/pinctrl/renesas/pfc-r8a77990.o
  CC      net/ipv6/icmp.o
  CC      drivers/pinctrl/renesas/pfc-r8a77951.o
  CC      net/ipv6/mcast.o
  CC      net/ipv4/tcp_ulp.o
  CC      drivers/pinctrl/renesas/pfc-r8a77970.o
  CC      drivers/pinctrl/renesas/pfc-r8a77980.o
  CC      net/ipv4/tcp_offload.o
  CC      net/ipv6/reassembly.o
  CC      drivers/pinctrl/renesas/pfc-r8a77995.o
  CC      drivers/pinctrl/renesas/pfc-r8a779a0.o
  CC      net/ipv6/tcp_ipv6.o
  CC      net/ipv4/tcp_plb.o
  CC      net/ipv6/ping.o
  CC      drivers/pinctrl/renesas/pfc-r8a779f0.o
  CC      drivers/pinctrl/renesas/pfc-r8a779g0.o
  CC      net/ipv6/exthdrs.o
  CC      net/ipv4/datagram.o
  CC      drivers/pinctrl/renesas/pfc-r8a779h0.o
  CC      net/ipv6/datagram.o
  CC      drivers/pinctrl/renesas/pinctrl-rzg2l.o
  CC      net/ipv4/raw.o
  CC      net/ipv6/ip6_flowlabel.o
  CC      drivers/pinctrl/sophgo/pinctrl-sophgo-common.o
  CC      drivers/pinctrl/sophgo/pinctrl-cv18xx.o
  CC      net/ipv4/udp.o
  CC      net/ipv6/inet6_connection_sock.o
  CC      drivers/pinctrl/sophgo/pinctrl-sg2000.o
  CC      net/ipv6/udp_offload.o
  AR      drivers/pinctrl/sophgo/built-in.a
  CC      drivers/pinctrl/stm32/pinctrl-stm32.o
  CC      net/ipv6/seg6.o
  CC      drivers/pinctrl/stm32/pinctrl-stm32mp257.o
  CC      net/ipv4/udp_offload.o
  CC      drivers/pinctrl/stm32/pinctrl-stm32-hdp.o
  CC      net/ipv6/fib6_notifier.o
  AR      drivers/pinctrl/stm32/built-in.a
  CC      drivers/pinctrl/sunxi/pinctrl-sunxi.o
  CC      drivers/pinctrl/renesas/pinctrl-rzt2h.o
  CC      net/ipv4/arp.o
  CC      net/ipv6/rpl.o
  CC      drivers/pinctrl/renesas/pinctrl-rzv2m.o
  CC      drivers/pinctrl/sunxi/pinctrl-sunxi-dt.o
  CC      drivers/pinctrl/sunxi/pinctrl-sun50i-a64.o
  CC      net/ipv6/ioam6.o
  AR      drivers/pinctrl/renesas/built-in.a
  CC      drivers/pinctrl/tegra/pinctrl-tegra.o
  CC      net/ipv4/icmp.o
  CC      drivers/pinctrl/sunxi/pinctrl-sun50i-a64-r.o
  CC      drivers/pinctrl/tegra/pinctrl-tegra124.o
  CC      drivers/pinctrl/sunxi/pinctrl-sun50i-a100.o
  CC      drivers/pinctrl/tegra/pinctrl-tegra210.o
  CC      net/ipv6/sysctl_net_ipv6.o
  CC      drivers/pinctrl/sunxi/pinctrl-sun50i-a100-r.o
  CC      net/ipv4/devinet.o
  CC      drivers/pinctrl/tegra/pinctrl-tegra186.o
  CC      drivers/pinctrl/sunxi/pinctrl-sun8i-h3-r.o
  CC      drivers/pinctrl/tegra/pinctrl-tegra234.o
  CC      net/ipv6/netfilter.o
  CC      drivers/pinctrl/sunxi/pinctrl-sun50i-h5.o
  CC      drivers/pinctrl/tegra/pinctrl-tegra-xusb.o
  CC      drivers/pinctrl/sunxi/pinctrl-sun50i-h6.o
  CC      net/ipv4/af_inet.o
  CC      drivers/pinctrl/sunxi/pinctrl-sun50i-h6-r.o
  CC      net/ipv6/proc.o
  AR      drivers/pinctrl/tegra/built-in.a
  CC      drivers/pinctrl/uniphier/pinctrl-uniphier-core.o
  CC      drivers/pinctrl/sunxi/pinctrl-sun50i-h616.o
  CC      drivers/pinctrl/uniphier/pinctrl-uniphier-ld11.o
  CC      drivers/pinctrl/sunxi/pinctrl-sun50i-h616-r.o
  CC      net/ipv6/addrconf_core.o
  CC      net/ipv4/igmp.o
  CC      drivers/pinctrl/uniphier/pinctrl-uniphier-ld20.o
  CC      drivers/pinctrl/sunxi/pinctrl-sun55i-a523.o
  CC      drivers/pinctrl/uniphier/pinctrl-uniphier-pxs3.o
  CC      drivers/pinctrl/sunxi/pinctrl-sun55i-a523-r.o
  CC      net/ipv6/exthdrs_core.o
  CC      drivers/pinctrl/uniphier/pinctrl-uniphier-nx1.o
  AR      drivers/pinctrl/sunxi/built-in.a
  CC      drivers/pinctrl/visconti/pinctrl-common.o
  CC      net/ipv4/fib_frontend.o
  AR      drivers/pinctrl/uniphier/built-in.a
  CC      drivers/pinctrl/visconti/pinctrl-tmpv7700.o
  CC      net/ipv6/ip6_checksum.o
  CC      net/ipv6/ip6_icmp.o
  AR      drivers/pinctrl/visconti/built-in.a
  AR      drivers/pinctrl/built-in.a
  CC      drivers/leds/led-core.o
  CC      drivers/leds/led-class.o
  CC      net/ipv6/output_core.o
  CC      net/ipv4/fib_semantics.o
  CC      net/ipv6/protocol.o
  CC      drivers/leds/led-triggers.o
  CC      net/ipv6/ip6_offload.o
  CC      net/ipv6/exthdrs_offload.o
  CC      drivers/leds/leds-gpio.o
  CC      net/ipv4/fib_trie.o
  CC      drivers/leds/leds-pwm.o
  CC      net/ipv6/inet6_hashtables.o
  CC      net/ipv6/mcast_snoop.o
  CC      drivers/leds/leds-syscon.o
  CC      drivers/leds/trigger/ledtrig-timer.o
  CC      net/ipv4/fib_notifier.o
  CC      net/ipv4/inet_fragment.o
  AR      net/ipv6/built-in.a
  CC      net/packet/af_packet.o
  CC      drivers/leds/trigger/ledtrig-heartbeat.o
  CC      drivers/leds/trigger/ledtrig-cpu.o
  CC      net/ipv4/ping.o
  CC      drivers/leds/trigger/ledtrig-default-on.o
  CC      drivers/leds/trigger/ledtrig-panic.o
  CC      drivers/leds/blink/leds-bcm63138.o
  AR      drivers/leds/trigger/built-in.a
  CC      net/ipv4/ip_tunnel_core.o
  CC      net/ipv4/gre_offload.o
  AR      drivers/leds/blink/built-in.a
  AR      drivers/leds/built-in.a
  AR      net/packet/built-in.a
  CC      drivers/pci/access.o
  CC      net/devlink/core.o
  CC      drivers/pci/bus.o
  CC      drivers/pci/probe.o
  CC      net/ipv4/metrics.o
  CC      net/devlink/netlink.o
  CC      net/ipv4/netlink.o
  CC      net/ipv4/nexthop.o
  CC      drivers/pci/host-bridge.o
  CC      net/ipv4/udp_tunnel_stub.o
  CC      net/devlink/netlink_gen.o
  CC      drivers/pci/remove.o
  CC      drivers/pci/pci.o
  CC      net/devlink/dev.o
  CC      net/ipv4/sysctl_net_ipv4.o
  CC      net/ipv4/proc.o
  CC      net/ipv4/ipconfig.o
  CC      net/devlink/port.o
  CC      net/ipv4/netfilter.o
  CC      drivers/pci/pci-driver.o
  CC      net/ipv4/inet_diag.o
  CC      net/devlink/sb.o
  CC      net/ipv4/tcp_diag.o
  CC      drivers/pci/search.o
  CC      drivers/pci/rebar.o
  CC      net/ipv4/tcp_cubic.o
  CC      net/devlink/dpipe.o
  CC      net/ipv4/tcp_bpf.o
  CC      drivers/pci/rom.o
  CC      net/ipv4/udp_bpf.o
  CC      drivers/pci/setup-res.o
  CC      net/devlink/resource.o
  CC      net/ipv4/bpf_tcp_ca.o
  CC      drivers/pci/irq.o
  CC      drivers/pci/vpd.o
  CC      net/devlink/param.o
  CC      drivers/pci/setup-bus.o
  AR      net/ipv4/built-in.a
  CC      net/dsa/stubs.o
  CC      drivers/pci/vc.o
  CC      net/devlink/region.o
  CC      drivers/pci/mmap.o
  CC      drivers/pci/devres.o
  AR      net/dsa/built-in.a
  CC      net/sunrpc/clnt.o
  CC      drivers/pci/msi/pcidev_msi.o
  CC      drivers/pci/pcie/portdrv.o
  CC      net/devlink/health.o
  CC      drivers/pci/msi/api.o
  CC      drivers/pci/pcie/rcec.o
  CC      net/sunrpc/xprt.o
  CC      drivers/pci/msi/msi.o
  CC      drivers/pci/pcie/bwctrl.o
  CC      net/devlink/trap.o
  CC      drivers/pci/msi/irqdomain.o
  CC      drivers/pci/pcie/aspm.o
  CC      net/sunrpc/socklib.o
  AR      drivers/pci/msi/built-in.a
  CC      drivers/pci/pwrctrl/core.o
  CC      net/devlink/rate.o
  CC      drivers/pci/pcie/aer.o
  CC      drivers/pci/pwrctrl/generic.o
  CC      net/sunrpc/xprtsock.o
  AR      drivers/pci/pwrctrl/built-in.a
  CC      drivers/pci/proc.o
  CC      drivers/pci/pcie/err.o
  CC      net/devlink/linecard.o
  CC      drivers/pci/pci-sysfs.o
  CC      drivers/pci/pcie/tlp.o
  CC      net/sunrpc/sched.o
  CC      net/devlink/sh_dev.o
  CC      drivers/pci/pcie/pme.o
  CC      drivers/pci/slot.o
  AR      drivers/pci/pcie/built-in.a
  CC      drivers/pci/iomap.o
  CC      net/sunrpc/auth.o
  AR      net/devlink/built-in.a
  CC      net/8021q/vlan_core.o
  CC      drivers/pci/of.o
  CC      drivers/pci/quirks.o
  CC      drivers/pci/hotplug/pci_hotplug_core.o
  CC      net/sunrpc/auth_null.o
  AR      net/8021q/built-in.a
  CC      net/sysctl_net.o
  AR      drivers/pci/hotplug/built-in.a
  CC      drivers/pci/ats.o
  CC      net/sunrpc/auth_tls.o
  CC      drivers/pci/iov.o
  CC      drivers/pci/pci-bridge-emul.o
  CC      net/dns_resolver/dns_key.o
  CC      net/dns_resolver/dns_query.o
  CC      drivers/pci/syscall.o
  CC      net/sunrpc/auth_unix.o
  CC      drivers/pci/ecam.o
  AR      net/dns_resolver/built-in.a
  CC      net/switchdev/switchdev.o
  CC      drivers/pci/vgaarb.o
  CC      drivers/pci/endpoint/pci-ep-cfs.o
  CC      net/sunrpc/svc.o
  CC      drivers/pci/endpoint/pci-epc-core.o
  AR      net/switchdev/built-in.a
  CC      drivers/pci/endpoint/pci-epf-core.o
  CC      drivers/pci/controller/pci-aardvark.o
  CC      net/sunrpc/svcsock.o
  CC      drivers/pci/endpoint/pci-epc-mem.o
  CC      drivers/pci/controller/pci-tegra.o
  CC      drivers/pci/controller/pcie-rcar.o
  AR      drivers/pci/endpoint/built-in.a
  CC      drivers/pci/controller/pcie-rcar-host.o
  CC      drivers/pci/controller/pcie-rcar-ep.o
  CC      drivers/pci/controller/pcie-rzg3s-host.o
  CC      net/sunrpc/svcauth.o
  CC      drivers/pci/controller/pci-host-common.o
  CC      drivers/pci/controller/pci-host-generic.o
  CC      drivers/pci/controller/pci-thunder-ecam.o
  CC      drivers/pci/controller/pci-thunder-pem.o
  CC      net/sunrpc/svcauth_unix.o
  CC      drivers/pci/controller/pcie-xilinx.o
  CC      drivers/pci/controller/pcie-xilinx-nwl.o
  CC      drivers/pci/controller/pcie-xilinx-cpm.o
  CC      drivers/pci/controller/pci-xgene.o
  CC      net/sunrpc/addr.o
  CC      drivers/pci/controller/pci-xgene-msi.o
  CC      drivers/pci/controller/pcie-altera.o
  CC      drivers/pci/controller/pcie-altera-msi.o
  CC      drivers/pci/controller/pcie-rockchip.o
  CC      net/sunrpc/rpcb_clnt.o
  CC      drivers/pci/controller/dwc/pcie-designware.o
  CC      drivers/pci/controller/mobiveil/pcie-mobiveil.o
  CC      drivers/pci/controller/mobiveil/pcie-mobiveil-host.o
  CC      drivers/pci/controller/mobiveil/pcie-layerscape-gen4.o
  CC      net/sunrpc/timer.o
  CC      drivers/pci/controller/dwc/pcie-designware-host.o
  CC      drivers/pci/controller/dwc/pcie-designware-ep.o
  AR      drivers/pci/controller/mobiveil/built-in.a
  CC      drivers/pci/controller/dwc/pci-imx6.o
  CC      net/sunrpc/xdr.o
  CC      drivers/pci/controller/dwc/pci-layerscape.o
  CC      drivers/pci/controller/dwc/pcie-qcom-common.o
  CC      drivers/pci/controller/dwc/pcie-qcom.o
  CC      drivers/pci/controller/dwc/pcie-armada8k.o
  CC      drivers/pci/controller/dwc/pcie-dw-rockchip.o
  CC      net/sunrpc/sunrpc_syms.o
  CC      drivers/pci/controller/dwc/pcie-kirin.o
  CC      drivers/pci/controller/dwc/pcie-histb.o
  CC      drivers/pci/controller/dwc/pcie-visconti.o
  CC      net/sunrpc/cache.o
  CC      net/sunrpc/rpc_pipe.o
  CC      drivers/pci/controller/dwc/pcie-hisi.o
  CC      net/sunrpc/sysfs.o
  AR      drivers/pci/controller/dwc/built-in.a
  AR      drivers/pci/controller/built-in.a
  AR      drivers/pci/built-in.a
  CC      drivers/video/cmdline.o
  CC      net/sunrpc/svc_xprt.o
  CC      net/sunrpc/xprtmultipath.o
  CC      net/sunrpc/netlink.o
  CC      drivers/video/nomodeset.o
  CC      drivers/video/console/dummycon.o
  CC      drivers/video/logo/logo.o
  CC      net/sunrpc/backchannel_rqst.o
  CC      net/sunrpc/stats.o
  CC      drivers/video/logo/logo_linux_clut224.o
  AR      drivers/video/logo/built-in.a
  AR      drivers/video/console/built-in.a
  CC      net/sunrpc/sysctl.o
  CC      drivers/video/fbdev/core/fb_notify.o
  CC      drivers/video/fbdev/xen-fbfront.o
  CC      drivers/video/fbdev/core/fb_info.o
  CC      net/sunrpc/auth_gss/auth_gss.o
  CC      net/sunrpc/auth_gss/gss_mech_switch.o
  CC      drivers/video/fbdev/core/fbmem.o
  CC      drivers/video/fbdev/core/fbcmap.o
  CC      net/sunrpc/auth_gss/svcauth_gss.o
  CC      net/sunrpc/auth_gss/gss_rpc_upcall.o
  CC      drivers/video/fbdev/core/modedb.o
  CC      drivers/video/fbdev/core/fbcvt.o
  CC      drivers/video/fbdev/core/fb_cmdline.o
  CC      net/sunrpc/auth_gss/gss_rpc_xdr.o
  CC      net/sunrpc/auth_gss/trace.o
  CC      drivers/video/fbdev/core/fb_backlight.o
  CC      drivers/video/fbdev/core/fbmon.o
  CC      drivers/video/fbdev/core/fb_defio.o
  CC      net/sunrpc/auth_gss/gss_krb5_mech.o
  CC      net/sunrpc/auth_gss/gss_krb5_seal.o
  CC      drivers/video/fbdev/core/fb_chrdev.o
  CC      drivers/video/fbdev/core/fb_procfs.o
  CC      net/sunrpc/auth_gss/gss_krb5_unseal.o
  CC      drivers/video/fbdev/core/fbsysfs.o
  CC      net/sunrpc/auth_gss/gss_krb5_wrap.o
  CC      drivers/video/fbdev/core/fbcon.o
  CC      net/sunrpc/auth_gss/gss_krb5_crypto.o
  CC      drivers/video/fbdev/core/bitblit.o
  CC      drivers/video/fbdev/core/softcursor.o
  CC      drivers/video/fbdev/core/fb_logo.o
  AR      net/sunrpc/auth_gss/built-in.a
  AR      net/sunrpc/built-in.a
  CC      net/handshake/alert.o
  CC      drivers/video/fbdev/core/sysfillrect.o
  CC      drivers/video/fbdev/core/syscopyarea.o
  CC      drivers/video/fbdev/core/sysimgblt.o
  CC      drivers/video/fbdev/core/fb_sys_fops.o
  CC      net/handshake/genl.o
  CC      net/handshake/netlink.o
  CC      net/handshake/request.o
  AR      drivers/video/fbdev/core/built-in.a
  AR      drivers/video/fbdev/built-in.a
  AR      drivers/video/built-in.a
  CC      drivers/char/ipmi/ipmi_plat_data.o
  CC      net/handshake/tlshd.o
  CC      net/handshake/trace.o
  AR      drivers/char/ipmi/built-in.a
  CC      drivers/amba/bus.o
  CC      drivers/amba/tegra-ahb.o
  CC      drivers/clk/clk-devres.o
  AR      net/handshake/built-in.a
  AR      net/built-in.a
  CC      drivers/clk/clk-bulk.o
  CC      drivers/clk/clkdev.o
  AR      drivers/amba/built-in.a
  CC      drivers/dma/dmaengine.o
  CC      drivers/clk/clk.o
  CC      drivers/clk/clk-divider.o
  CC      drivers/clk/clk-fixed-factor.o
  CC      drivers/dma/virt-dma.o
  CC      drivers/clk/clk-fixed-rate.o
  CC      drivers/clk/clk-gate.o
  CC      drivers/clk/clk-multiplier.o
  CC      drivers/dma/of-dma.o
  CC      drivers/clk/clk-mux.o
  CC      drivers/clk/clk-composite.o
  CC      drivers/clk/clk-fractional-divider.o
  CC      drivers/dma/bcm2835-dma.o
  CC      drivers/clk/clk-gpio.o
  CC      drivers/clk/clk-conf.o
  CC      drivers/clk/clk-sparx5.o
  CC      drivers/clk/clk-en7523.o
  CC      drivers/clk/clk-fsl-flexspi.o
  CC      drivers/dma/fsl-edma-main.o
  CC      drivers/clk/clk-fsl-sai.o
  CC      drivers/clk/clk-plldig.o
  CC      drivers/clk/clk-pwm.o
  CC      drivers/soc/aspeed/aspeed-lpc-ctrl.o
  CC      drivers/dma/fsl-edma-common.o
  CC      drivers/clk/clk-qoriq.o
  CC      drivers/clk/clk-rk808.o
  CC      drivers/soc/aspeed/aspeed-lpc-snoop.o
  CC      drivers/clk/clk-hi655x.o
  CC      drivers/dma/k3dma.o
  AR      drivers/soc/bcm/built-in.a
  CC      drivers/soc/fsl/qbman/bman_ccsr.o
  CC      drivers/soc/aspeed/aspeed-uart-routing.o
  CC      drivers/clk/clk-scmi.o
  CC      drivers/soc/fsl/qbman/qman_ccsr.o
  CC      drivers/dma/mv_xor.o
  CC      drivers/soc/aspeed/aspeed-p2a-ctrl.o
  CC      drivers/clk/clk-scpi.o
  CC      drivers/soc/aspeed/aspeed-socinfo.o
  CC      drivers/soc/fsl/qbman/bman_portal.o
  CC      drivers/clk/clk-xgene.o
  CC      drivers/dma/mv_xor_v2.o
  AR      drivers/soc/aspeed/built-in.a
  CC      drivers/soc/imx/soc-imx8m.o
  CC      drivers/soc/fsl/qbman/qman_portal.o
  CC      drivers/clk/actions/owl-common.o
  CC      drivers/dma/owl-dma.o
  CC      drivers/soc/imx/imx93-src.o
  CC      drivers/clk/actions/owl-gate.o
  CC      drivers/soc/fsl/qbman/bman.o
  CC      drivers/soc/imx/soc-imx9.o
  CC      drivers/dma/pl330.o
  CC      drivers/clk/actions/owl-mux.o
  AR      drivers/soc/imx/built-in.a
  CC      drivers/clk/actions/owl-divider.o
  CC      drivers/soc/fsl/qbman/qman.o
  CC      drivers/clk/actions/owl-factor.o
  CC      drivers/clk/actions/owl-composite.o
  CC      drivers/pmdomain/actions/owl-sps-helper.o
  CC      drivers/dma/sh/rcar-dmac.o
  CC      drivers/clk/actions/owl-pll.o
  CC      drivers/pmdomain/actions/owl-sps.o
  CC      drivers/soc/fsl/qbman/dpaa_sys.o
  CC      drivers/clk/actions/owl-reset.o
  AR      drivers/pmdomain/actions/built-in.a
  CC      drivers/pmdomain/amlogic/meson-ee-pwrc.o
  CC      drivers/dma/sh/rz-dmac.o
  CC      drivers/clk/actions/owl-s500.o
  AR      drivers/soc/fsl/qbman/built-in.a
  CC      drivers/soc/fsl/rcpm.o
  CC      drivers/pmdomain/amlogic/meson-secure-pwrc.o
  CC      drivers/clk/actions/owl-s700.o
  CC      drivers/soc/fsl/guts.o
  AR      drivers/dma/sh/built-in.a
  CC      drivers/dma/tegra186-gpc-dma.o
  AR      drivers/pmdomain/amlogic/built-in.a
  CC      drivers/pmdomain/apple/pmgr-pwrstate.o
  CC      drivers/clk/actions/owl-s900.o
  CC      drivers/soc/fsl/dpio/dpio.o
  AR      drivers/clk/actions/built-in.a
  CC      drivers/clk/aspeed/clk-aspeed.o
  AR      drivers/pmdomain/apple/built-in.a
  CC      drivers/pmdomain/arm/scmi_perf_domain.o
  CC      drivers/dma/tegra20-apb-dma.o
  CC      drivers/soc/fsl/dpio/qbman-portal.o
  CC      drivers/pmdomain/arm/scmi_pm_domain.o
  AR      drivers/clk/aspeed/built-in.a
  CC      drivers/clk/bcm/clk-bcm63xx.o
  AR      drivers/pmdomain/arm/built-in.a
  CC      drivers/pmdomain/bcm/bcm-pmb.o
  CC      drivers/clk/bcm/clk-iproc-armpll.o
  CC      drivers/soc/fsl/dpio/dpio-service.o
  CC      drivers/dma/qcom/bam_dma.o
  CC      drivers/clk/bcm/clk-iproc-pll.o
  CC      drivers/pmdomain/bcm/bcm2835-power.o
  CC      drivers/soc/fsl/dpio/dpio-driver.o
  CC      drivers/dma/qcom/hidma_mgmt.o
  CC      drivers/clk/bcm/clk-iproc-asiu.o
  CC      drivers/pmdomain/bcm/raspberrypi-power.o
  AR      drivers/soc/fsl/dpio/built-in.a
  CC      drivers/soc/fsl/dpaa2-console.o
  CC      drivers/dma/qcom/hidma_mgmt_sys.o
  AR      drivers/pmdomain/bcm/built-in.a
  CC      drivers/pmdomain/imx/gpcv2.o
  CC      drivers/clk/bcm/clk-bcm2711-dvp.o
  AR      drivers/soc/fsl/built-in.a
  CC      drivers/soc/mediatek/mtk-infracfg.o
  CC      drivers/dma/qcom/hidma_ll.o
  CC      drivers/clk/bcm/clk-bcm2835.o
  CC      drivers/soc/mediatek/mtk-pmic-wrap.o
  CC      drivers/pmdomain/imx/imx8m-blk-ctrl.o
  CC      drivers/dma/qcom/hidma.o
  CC      drivers/clk/bcm/clk-bcm2835-aux.o
  CC      drivers/soc/mediatek/mtk-regulator-coupler.o
  CC      drivers/pmdomain/imx/imx8mp-blk-ctrl.o
  CC      drivers/clk/bcm/clk-raspberrypi.o
  CC      drivers/dma/qcom/hidma_dbg.o
  CC      drivers/soc/mediatek/mtk-socinfo.o
  CC      drivers/pmdomain/imx/imx93-pd.o
  CC      drivers/clk/bcm/clk-ns2.o
  AR      drivers/soc/mediatek/built-in.a
  CC      drivers/soc/microchip/mpfs-irqmux.o
  AR      drivers/dma/qcom/built-in.a
  CC      drivers/dma/ti/k3-udma.o
  CC      drivers/pmdomain/imx/imx93-blk-ctrl.o
  CC      drivers/clk/bcm/clk-sr.o
  CC      drivers/soc/microchip/mpfs-control-scb.o
  AR      drivers/pmdomain/imx/built-in.a
  CC      drivers/pmdomain/mediatek/mtk-mfg-pmdomain.o
  AR      drivers/clk/bcm/built-in.a
  CC      drivers/clk/berlin/berlin2-avpll.o
  CC      drivers/soc/microchip/mpfs-mss-top-sysreg.o
  CC      drivers/clk/berlin/berlin2-pll.o
  AR      drivers/soc/microchip/built-in.a
  CC      drivers/soc/amlogic/meson-clk-measure.o
  CC      drivers/pmdomain/mediatek/mtk-scpsys.o
  CC      drivers/dma/ti/k3-udma-glue.o
  CC      drivers/clk/berlin/berlin2-div.o
  CC      drivers/soc/amlogic/meson-gx-socinfo.o
  AR      drivers/clk/berlin/built-in.a
  CC      drivers/clk/hisilicon/clk.o
  CC      drivers/pmdomain/mediatek/mtk-pm-domains.o
  AR      drivers/soc/amlogic/built-in.a
  CC      drivers/dma/ti/k3-psil.o
  CC      drivers/soc/qcom/qcom_aoss.o
  CC      drivers/clk/hisilicon/clkgate-separated.o
  CC      drivers/dma/ti/k3-psil-am654.o
  CC      drivers/dma/ti/k3-psil-j721e.o
  CC      drivers/soc/qcom/qcom-geni-se.o
  CC      drivers/dma/ti/k3-psil-j7200.o
  CC      drivers/dma/ti/k3-psil-am64.o
  CC      drivers/clk/hisilicon/clkdivider-hi6220.o
  CC      drivers/pmdomain/mediatek/airoha-cpu-pmdomain.o
  CC      drivers/dma/ti/k3-psil-j721s2.o
  CC      drivers/dma/ti/k3-psil-am62.o
  CC      drivers/dma/ti/k3-psil-am62a.o
  CC      drivers/dma/ti/k3-psil-j784s4.o
  CC      drivers/dma/ti/k3-psil-am62p.o
  CC      drivers/clk/hisilicon/clk-hisi-phase.o
  AR      drivers/dma/ti/built-in.a
  AR      drivers/dma/built-in.a
  CC      drivers/virtio/virtio.o
  AR      drivers/pmdomain/mediatek/built-in.a
  CC      drivers/pmdomain/qcom/cpr.o
  CC      drivers/soc/qcom/cmd-db.o
  CC      drivers/clk/hisilicon/crg-hi3516cv300.o
  CC      drivers/virtio/virtio_ring.o
  CC      drivers/soc/qcom/rpm-proc.o
  CC      drivers/clk/hisilicon/clk-hi3519.o
  CC      drivers/pmdomain/qcom/rpmpd.o
  CC      drivers/soc/qcom/smd-rpm.o
  CC      drivers/clk/hisilicon/clk-hi3559a.o
  AR      drivers/pmdomain/qcom/built-in.a
  CC      drivers/pmdomain/renesas/r8a774a1-sysc.o
  CC      drivers/pmdomain/renesas/r8a774b1-sysc.o
  CC      drivers/pmdomain/renesas/r8a774c0-sysc.o
  CC      drivers/soc/qcom/smem.o
  CC      drivers/clk/hisilicon/clk-hi3660.o
  CC      drivers/pmdomain/renesas/r8a774e1-sysc.o
  CC      drivers/virtio/virtio_anchor.o
  CC      drivers/pmdomain/renesas/r8a7795-sysc.o
  CC      drivers/soc/qcom/smem_state.o
  CC      drivers/pmdomain/renesas/r8a77960-sysc.o
  CC      drivers/clk/hisilicon/clk-hi3670.o
  CC      drivers/pmdomain/renesas/r8a77961-sysc.o
  AR      drivers/virtio/built-in.a
  CC      drivers/pmdomain/renesas/r8a77965-sysc.o
  CC      drivers/pmdomain/renesas/r8a77970-sysc.o
  CC      drivers/pmdomain/renesas/r8a77980-sysc.o
  CC      drivers/pmdomain/renesas/r8a77990-sysc.o
  CC      drivers/pmdomain/renesas/r8a77995-sysc.o
  CC      drivers/soc/qcom/smsm.o
  CC      drivers/pmdomain/renesas/r8a779a0-sysc.o
  CC      drivers/pmdomain/renesas/r8a779f0-sysc.o
  CC      drivers/clk/hisilicon/crg-hi3798cv200.o
  CC      drivers/xen/cpu_hotplug.o
  CC      drivers/pmdomain/renesas/r8a779g0-sysc.o
  CC      drivers/pmdomain/renesas/r8a779h0-sysc.o
  CC      drivers/pmdomain/renesas/rcar-sysc.o
  CC      drivers/soc/qcom/kryo-l2-accessors.o
  CC      drivers/clk/hisilicon/clk-hi6220.o
  CC      drivers/xen/grant-table.o
  AR      drivers/soc/qcom/built-in.a
  CC      drivers/soc/renesas/renesas-soc.o
  CC      drivers/clk/hisilicon/reset.o
  CC      drivers/pmdomain/renesas/rcar-gen4-sysc.o
  CC      drivers/soc/renesas/r9a08g045-sysc.o
  CC      drivers/clk/hisilicon/clk-hi6220-stub.o
  CC      drivers/xen/features.o
  AR      drivers/pmdomain/renesas/built-in.a
  CC      drivers/pmdomain/rockchip/pm-domains.o
  CC      drivers/soc/renesas/r9a08g046-sysc.o
  CC      drivers/xen/balloon.o
  CC      drivers/clk/hisilicon/clk-hi3660-stub.o
  CC      drivers/soc/renesas/r9a09g047-sys.o
  CC      drivers/xen/manage.o
  AR      drivers/pmdomain/rockchip/built-in.a
  AR      drivers/pmdomain/samsung/built-in.a
  CC      drivers/pmdomain/sunxi/sun20i-ppu.o
  AR      drivers/clk/hisilicon/built-in.a
  CC      drivers/soc/renesas/r9a09g056-sys.o
  CC      drivers/clk/imx/clk.o
  CC      drivers/pmdomain/sunxi/sun55i-pck600.o
  CC      drivers/xen/time.o
  CC      drivers/clk/imx/clk-busy.o
  CC      drivers/soc/renesas/r9a09g057-sys.o
  CC      drivers/clk/imx/clk-composite-7ulp.o
  AR      drivers/pmdomain/sunxi/built-in.a
  CC      drivers/pmdomain/tegra/powergate-bpmp.o
  CC      drivers/xen/mem-reservation.o
  CC      drivers/soc/renesas/pwc-rzv2m.o
  CC      drivers/clk/imx/clk-composite-8m.o
  AR      drivers/pmdomain/tegra/built-in.a
  CC      drivers/soc/renesas/rcar-rst.o
  CC      drivers/pmdomain/ti/ti_sci_pm_domains.o
  CC      drivers/xen/events/events_base.o
  CC      drivers/clk/imx/clk-composite-93.o
  CC      drivers/soc/renesas/rz-sysc.o
  AR      drivers/pmdomain/ti/built-in.a
  CC      drivers/pmdomain/xilinx/zynqmp-pm-domains.o
  CC      drivers/clk/imx/clk-fracn-gppll.o
  AR      drivers/soc/renesas/built-in.a
  CC      drivers/soc/rockchip/grf.o
  AR      drivers/pmdomain/xilinx/built-in.a
  CC      drivers/pmdomain/core.o
  CC      drivers/xen/events/events_2l.o
  CC      drivers/clk/imx/clk-cpu.o
  CC      drivers/soc/rockchip/io-domain.o
  CC      drivers/clk/imx/clk-divider-gate.o
  CC      drivers/xen/events/events_fifo.o
  CC      drivers/clk/imx/clk-fixup-div.o
  AR      drivers/soc/rockchip/built-in.a
  CC      drivers/soc/sunxi/sunxi_mbus.o
  AR      drivers/xen/events/built-in.a
  CC      drivers/xen/xenbus/xenbus_client.o
  CC      drivers/pmdomain/governor.o
  CC      drivers/clk/imx/clk-fixup-mux.o
  CC      drivers/soc/sunxi/sunxi_sram.o
  AR      drivers/pmdomain/built-in.a
  CC      drivers/xen/xenbus/xenbus_comms.o
  CC      drivers/clk/imx/clk-frac-pll.o
  CC      drivers/xen/xenbus/xenbus_xs.o
  CC      drivers/clk/imx/clk-gate2.o
  AR      drivers/soc/sunxi/built-in.a
  CC      drivers/xen/xenbus/xenbus_probe.o
  CC      drivers/soc/tegra/fuse/fuse-tegra.o
  CC      drivers/xen/xenbus/xenbus_probe_backend.o
  CC      drivers/clk/imx/clk-gate-93.o
  CC      drivers/xen/xenbus/xenbus_dev_frontend.o
  CC      drivers/soc/tegra/fuse/fuse-tegra30.o
  CC      drivers/clk/imx/clk-gate-exclusive.o
  CC      drivers/soc/ti/ti_sci_inta_msi.o
  CC      drivers/clk/imx/clk-pfd.o
  CC      drivers/soc/tegra/fuse/tegra-apbmisc.o
  CC      drivers/xen/xenbus/xenbus_dev_backend.o
  CC      drivers/soc/ti/k3-ringacc.o
  CC      drivers/clk/imx/clk-pfdv2.o
  CC      drivers/xen/xenbus/xenbus_probe_frontend.o
  CC      drivers/soc/tegra/fuse/speedo-tegra124.o
  CC      drivers/clk/imx/clk-pllv1.o
  CC      drivers/soc/ti/k3-socinfo.o
  CC      drivers/soc/tegra/fuse/speedo-tegra210.o
  CC      drivers/clk/imx/clk-pllv2.o
  AR      drivers/xen/xenbus/built-in.a
  CC      drivers/xen/arm-device.o
  AR      drivers/soc/ti/built-in.a
  CC      drivers/soc/xilinx/zynqmp_power.o
  CC      drivers/clk/imx/clk-pllv3.o
  AR      drivers/soc/tegra/fuse/built-in.a
  CC      drivers/soc/tegra/cbb/tegra-cbb.o
  CC      drivers/xen/pci.o
  CC      drivers/soc/xilinx/xlnx_event_manager.o
  CC      drivers/clk/imx/clk-pllv4.o
  CC      drivers/soc/tegra/cbb/tegra234-cbb.o
  CC      drivers/clk/imx/clk-pll14xx.o
  CC      drivers/xen/dbgp.o
  AR      drivers/soc/xilinx/built-in.a
  CC      drivers/xen/biomerge.o
  AR      drivers/soc/tegra/cbb/built-in.a
  CC      drivers/soc/tegra/common.o
  CC      drivers/clk/imx/clk-sscg-pll.o
  CC      drivers/xen/xen-balloon.o
  CC      drivers/xen/evtchn.o
  CC      drivers/soc/tegra/flowctrl.o
  CC      drivers/clk/imx/clk-gpr-mux.o
  CC      drivers/xen/gntdev.o
  CC      drivers/xen/gntalloc.o
  CC      drivers/soc/tegra/pmc.o
  CC      drivers/clk/imx/clk-imx8mm.o
  CC      drivers/xen/xenfs/super.o
  CC      drivers/xen/sys-hypervisor.o
  CC      drivers/clk/imx/clk-imx8mn.o
  CC      drivers/soc/tegra/ari-tegra186.o
  CC      drivers/xen/swiotlb-xen.o
  CC      drivers/xen/xenfs/xenstored.o
  AR      drivers/soc/tegra/built-in.a
  AR      drivers/soc/built-in.a
  CC      drivers/regulator/core.o
  CC      drivers/clk/imx/clk-imx8mp.o
  AR      drivers/xen/xenfs/built-in.a
  CC      drivers/xen/privcmd.o
  CC      drivers/xen/privcmd-buf.o
  CC      drivers/clk/imx/clk-imx8mp-audiomix.o
  CC      drivers/xen/xlate_mmu.o
  CC      drivers/clk/imx/clk-imx8mq.o
  CC      drivers/regulator/dummy.o
  AR      drivers/xen/built-in.a
  CC      drivers/reset/core.o
  CC      drivers/regulator/fixed-helper.o
  CC      drivers/clk/imx/clk-imx93.o
  CC      drivers/regulator/helpers.o
  CC      drivers/clk/imx/clk-imx95-blk-ctl.o
  CC      drivers/regulator/devres.o
  CC      drivers/reset/amlogic/reset-meson.o
  CC      drivers/regulator/irq_helpers.o
  CC      drivers/clk/imx/clk-imx8ulp.o
  CC      drivers/reset/amlogic/reset-meson-common.o
  CC      drivers/regulator/of_regulator.o
  CC      drivers/regulator/fixed.o
  AR      drivers/reset/amlogic/built-in.a
  CC      drivers/reset/hisilicon/hi6220_reset.o
  CC      drivers/clk/imx/clk-imx8ulp-sim-lpav.o
  CC      drivers/regulator/cros-ec-regulator.o
  CC      drivers/reset/hisilicon/reset-hi3660.o
  CC      drivers/regulator/scmi-regulator.o
  AR      drivers/clk/imx/built-in.a
  CC      drivers/clk/keystone/sci-clk.o
  AR      drivers/reset/hisilicon/built-in.a
  CC      drivers/reset/tegra/reset-bpmp.o
  CC      drivers/regulator/gpio-regulator.o
  CC      drivers/regulator/hi6421v530-regulator.o
  CC      drivers/clk/keystone/syscon-clk.o
  AR      drivers/reset/tegra/built-in.a
  CC      drivers/reset/reset-brcmstb.o
  CC      drivers/regulator/hi655x-regulator.o
  CC      drivers/regulator/mt6358-regulator.o
  AR      drivers/clk/keystone/built-in.a
  CC      drivers/reset/reset-imx7.o
  CC      drivers/clk/mediatek/clk-mtk.o
  CC      drivers/clk/mediatek/clk-pll.o
  CC      drivers/regulator/mt6397-regulator.o
  CC      drivers/reset/reset-imx8mp-audiomix.o
  CC      drivers/clk/mediatek/clk-gate.o
  CC      drivers/clk/meson/meson-clkc-utils.o
  CC      drivers/regulator/qcom_smd-regulator.o
  CC      drivers/reset/reset-npcm.o
  CC      drivers/clk/mediatek/clk-apmixed.o
  CC      drivers/clk/meson/meson-aoclk.o
  CC      drivers/reset/reset-mpfs.o
  CC      drivers/regulator/qcom_spmi-regulator.o
  CC      drivers/clk/mediatek/clk-cpumux.o
  CC      drivers/clk/meson/clk-cpu-dyndiv.o
  CC      drivers/reset/reset-qcom-aoss.o
  CC      drivers/clk/mediatek/reset.o
  CC      drivers/clk/meson/clk-dualdiv.o
  CC      drivers/regulator/pwm-regulator.o
  CC      drivers/reset/reset-raspberrypi.o
  CC      drivers/clk/meson/clk-mpll.o
  CC      drivers/clk/mediatek/clk-mux.o
  CC      drivers/reset/reset-rzg2l-usbphy-ctrl.o
  CC      drivers/regulator/rk808-regulator.o
  CC      drivers/clk/meson/clk-pll.o
  CC      drivers/clk/mediatek/clk-fhctl.o
  CC      drivers/reset/reset-scmi.o
  CC      drivers/regulator/sun20i-regulator.o
  CC      drivers/clk/mediatek/clk-pllfh.o
  CC      drivers/reset/reset-simple.o
  CC      drivers/clk/meson/clk-regmap.o
  CC      drivers/reset/reset-sunxi.o
  CC      drivers/clk/mediatek/clk-mt6765.o
  CC      drivers/regulator/renesas-usb-vbus-regulator.o
  CC      drivers/clk/meson/vid-pll-div.o
  CC      drivers/reset/reset-ti-sci.o
  CC      drivers/clk/mediatek/clk-mt6779.o
  AR      drivers/regulator/built-in.a
  CC      drivers/tty/tty_io.o
  CC      drivers/clk/meson/vclk.o
  CC      drivers/reset/reset-ti-syscon.o
  CC      drivers/clk/mediatek/clk-mt6795-apmixedsys.o
  CC      drivers/clk/meson/axg.o
  CC      drivers/reset/reset-uniphier.o
  CC      drivers/clk/mediatek/clk-mt6795-infracfg.o
  CC      drivers/reset/reset-uniphier-glue.o
  CC      drivers/tty/n_tty.o
  CC      drivers/clk/meson/axg-aoclk.o
  CC      drivers/clk/mediatek/clk-mt6795-pericfg.o
  CC      drivers/reset/reset-zynqmp.o
  CC      drivers/clk/meson/c3-pll.o
  CC      drivers/clk/mediatek/clk-mt6795-topckgen.o
  CC      drivers/tty/tty_ioctl.o
  AR      drivers/reset/built-in.a
  CC      drivers/char/mem.o
  CC      drivers/clk/meson/c3-peripherals.o
  CC      drivers/clk/mediatek/clk-mt6795-mfg.o
  CC      drivers/tty/tty_ldisc.o
  CC      drivers/clk/meson/gxbb.o
  CC      drivers/clk/mediatek/clk-mt6795-mm.o
  CC      drivers/char/random.o
  CC      drivers/clk/meson/gxbb-aoclk.o
  CC      drivers/clk/mediatek/clk-mt6795-vencsys.o
  CC      drivers/tty/tty_buffer.o
  CC      drivers/clk/meson/g12a.o
  CC      drivers/char/misc.o
  CC      drivers/clk/mediatek/clk-mt6797.o
  CC      drivers/tty/tty_port.o
  CC      drivers/char/virtio_console.o
  CC      drivers/clk/meson/g12a-aoclk.o
  CC      drivers/clk/mediatek/clk-mt2712-apmixedsys.o
  CC      drivers/tty/tty_mutex.o
  CC      drivers/clk/meson/s4-pll.o
  CC      drivers/clk/mediatek/clk-mt2712.o
  CC      drivers/tty/tty_ldsem.o
  CC      drivers/char/hw_random/core.o
  CC      drivers/clk/meson/s4-peripherals.o
  CC      drivers/clk/mediatek/clk-mt7622-apmixedsys.o
  CC      drivers/tty/tty_baudrate.o
  CC      drivers/clk/meson/t7-pll.o
  CC      drivers/char/hw_random/airoha-trng.o
  CC      drivers/tty/tty_jobctrl.o
  CC      drivers/clk/mediatek/clk-mt7622.o
  CC      drivers/clk/meson/t7-peripherals.o
  CC      drivers/char/hw_random/atmel-rng.o
  CC      drivers/tty/n_null.o
  CC      drivers/clk/mediatek/clk-mt7622-infracfg.o
  AR      drivers/clk/meson/built-in.a
  CC      drivers/clk/microchip/clk-mpfs.o
  CC      drivers/char/hw_random/virtio-rng.o
  CC      drivers/tty/pty.o
  CC      drivers/clk/mediatek/clk-mt7981-apmixed.o
  CC      drivers/clk/microchip/clk-mpfs-ccc.o
  CC      drivers/char/hw_random/hisi-rng.o
  CC      drivers/tty/tty_audit.o
  CC      drivers/clk/mediatek/clk-mt7981-topckgen.o
  AR      drivers/clk/microchip/built-in.a
  CC      drivers/clk/mvebu/armada_ap_cp_helper.o
  CC      drivers/char/hw_random/histb-rng.o
  CC      drivers/clk/mediatek/clk-mt7981-infracfg.o
  CC      drivers/tty/sysrq.o
  CC      drivers/clk/mvebu/armada-37xx-xtal.o
  CC      drivers/char/hw_random/bcm2835-rng.o
  CC      drivers/clk/mediatek/clk-mt7981-eth.o
  CC      drivers/clk/mvebu/armada-37xx-tbg.o
  CC      drivers/char/hw_random/iproc-rng200.o
  CC      drivers/tty/vt/vt_ioctl.o
  CC      drivers/clk/mediatek/clk-mt7986-apmixed.o
  CC      drivers/clk/mvebu/armada-37xx-periph.o
  CC      drivers/char/hw_random/stm32-rng.o
  CC      drivers/clk/mediatek/clk-mt7986-topckgen.o
  CC      drivers/clk/mvebu/ap806-system-controller.o
  CC      drivers/tty/vt/vc_screen.o
  CC      drivers/clk/mediatek/clk-mt7986-infracfg.o
  CC      drivers/char/hw_random/meson-rng.o
  CC      drivers/clk/mvebu/cp110-system-controller.o
  CC      drivers/clk/mediatek/clk-mt7986-eth.o
  CC      drivers/char/hw_random/cavium-rng.o
  CC      drivers/tty/vt/selection.o
  AR      drivers/clk/mvebu/built-in.a
  CC      drivers/clk/nuvoton/clk-ma35d1.o
  CC      drivers/clk/mediatek/clk-mt7988-apmixed.o
  CC      drivers/char/hw_random/cavium-rng-vf.o
  CC      drivers/tty/vt/keyboard.o
  CC      drivers/clk/nuvoton/clk-ma35d1-divider.o
  CC      drivers/clk/mediatek/clk-mt7988-topckgen.o
  CC      drivers/char/hw_random/mtk-rng.o
  CC      drivers/clk/nuvoton/clk-ma35d1-pll.o
  CC      drivers/clk/mediatek/clk-mt7988-infracfg.o
  CC      drivers/char/hw_random/optee-rng.o
  CC      drivers/tty/vt/vt.o
  CC      drivers/clk/mediatek/clk-mt7988-eth.o
  AR      drivers/clk/nuvoton/built-in.a
  CC      drivers/tty/vt/defkeymap.o
  CC      drivers/char/hw_random/npcm-rng.o
  CC      drivers/tty/vt/consolemap.o
  CC      drivers/clk/mediatek/clk-mt7988-xfipll.o
  CC      drivers/char/hw_random/arm_smccc_trng.o
  CC      drivers/clk/mediatek/clk-mt8167-apmixedsys.o
  CC      drivers/tty/vt/consolemap_deftbl.o
  CC      drivers/tty/vt/ucs.o
  CC      drivers/clk/mediatek/clk-mt8167.o
  CC      drivers/char/hw_random/cn10k-rng.o
  AR      drivers/tty/vt/built-in.a
  CC      drivers/tty/hvc/hvc_console.o
  CC      drivers/clk/mediatek/clk-mt8167-aud.o
  CC      drivers/clk/mediatek/clk-mt8167-img.o
  CC      drivers/char/hw_random/rockchip-rng.o
  CC      drivers/clk/mediatek/clk-mt8167-mfgcfg.o
  CC      drivers/tty/hvc/hvc_irq.o
  CC      drivers/clk/mediatek/clk-mt8167-mm.o
  AR      drivers/char/hw_random/built-in.a
  CC      drivers/char/tpm/tpm-chip.o
  CC      drivers/tty/hvc/hvc_xen.o
  CC      drivers/clk/mediatek/clk-mt8173-apmixedsys.o
  CC      drivers/clk/mediatek/clk-mt8173-infracfg.o
  CC      drivers/clk/mediatek/clk-mt8173-pericfg.o
  CC      drivers/char/tpm/tpm-dev-common.o
  AR      drivers/tty/hvc/built-in.a
  CC      drivers/clk/mediatek/clk-mt8173-topckgen.o
  CC      drivers/tty/serial/serial_core.o
  CC      drivers/clk/mediatek/clk-mt8173-img.o
  CC      drivers/char/tpm/tpm-dev.o
  CC      drivers/char/tpm/tpm-interface.o
  CC      drivers/clk/mediatek/clk-mt8173-mm.o
  CC      drivers/clk/mediatek/clk-mt8173-vdecsys.o
  CC      drivers/char/tpm/tpm1-cmd.o
  CC      drivers/clk/mediatek/clk-mt8173-vencsys.o
  CC      drivers/clk/mediatek/clk-mt8183-apmixedsys.o
  CC      drivers/tty/serial/serial_base_bus.o
  CC      drivers/clk/mediatek/clk-mt8183.o
  CC      drivers/char/tpm/tpm2-cmd.o
  CC      drivers/char/tpm/tpmrm-dev.o
  CC      drivers/tty/serial/serial_ctrl.o
  CC      drivers/clk/mediatek/clk-mt8183-audio.o
  CC      drivers/char/tpm/tpm2-space.o
  CC      drivers/char/tpm/tpm-sysfs.o
  CC      drivers/tty/serial/serial_port.o
  CC      drivers/clk/mediatek/clk-mt8183-cam.o
  CC      drivers/char/tpm/eventlog/common.o
  CC      drivers/clk/mediatek/clk-mt8183-img.o
  CC      drivers/char/tpm/eventlog/tpm1.o
  CC      drivers/tty/serial/earlycon.o
  CC      drivers/clk/mediatek/clk-mt8183-ipu0.o
  CC      drivers/tty/serial/8250/8250_core.o
  CC      drivers/char/tpm/eventlog/tpm2.o
  CC      drivers/char/tpm/tpm-buf.o
  CC      drivers/clk/mediatek/clk-mt8183-ipu1.o
  CC      drivers/char/tpm/tpm2-sessions.o
  CC      drivers/tty/serial/amba-pl011.o
  CC      drivers/tty/serial/8250/8250_platform.o
  CC      drivers/clk/mediatek/clk-mt8183-ipu_adl.o
  CC      drivers/char/tpm/eventlog/of.o
  CC      drivers/clk/mediatek/clk-mt8183-ipu_conn.o
  CC      drivers/tty/serial/8250/8250_port.o
  CC      drivers/tty/serial/bcm63xx_uart.o
  AR      drivers/char/tpm/built-in.a
  AR      drivers/char/built-in.a
  CC      drivers/clk/mediatek/clk-mt8183-mfgcfg.o
  CC      drivers/iommu/arm/arm-smmu/qcom_iommu.o
  CC      drivers/clk/mediatek/clk-mt8183-mm.o
  CC      drivers/iommu/arm/arm-smmu/arm-smmu.o
  CC      drivers/tty/serial/8250/8250_dma.o
  CC      drivers/iommu/arm/arm-smmu/arm-smmu-impl.o
  CC      drivers/clk/mediatek/clk-mt8183-vdec.o
  CC      drivers/clk/mediatek/clk-mt8183-venc.o
  CC      drivers/iommu/arm/arm-smmu/arm-smmu-nvidia.o
  CC      drivers/tty/serial/8250/8250_dwlib.o
  CC      drivers/clk/mediatek/clk-mt8186-apmixedsys.o
  CC      drivers/iommu/arm/arm-smmu/arm-smmu-qcom.o
  CC      drivers/clk/mediatek/clk-mt8186-topckgen.o
  CC      drivers/tty/serial/8250/8250_pcilib.o
  CC      drivers/clk/mediatek/clk-mt8186-infra_ao.o
  CC      drivers/clk/mediatek/clk-mt8186-img.o
  AR      drivers/iommu/arm/arm-smmu/built-in.a
  CC      drivers/iommu/arm/arm-smmu-v3/arm-smmu-v3.o
  CC      drivers/tty/serial/8250/8250_early.o
  CC      drivers/clk/mediatek/clk-mt8186-imp_iic_wrap.o
  CC      drivers/tty/serial/8250/8250_bcm2835aux.o
  CC      drivers/clk/mediatek/clk-mt8186-ipe.o
  CC      drivers/tty/serial/8250/8250_dw.o
  CC      drivers/tty/serial/8250/8250_em.o
  CC      drivers/clk/mediatek/clk-mt8186-mcu.o
  CC      drivers/tty/serial/8250/8250_exar.o
  CC      drivers/tty/serial/8250/8250_fsl.o
  CC      drivers/clk/mediatek/clk-mt8186-mdp.o
  CC      drivers/tty/serial/8250/8250_mtk.o
  AR      drivers/iommu/arm/arm-smmu-v3/built-in.a
  AR      drivers/iommu/arm/built-in.a
  CC      drivers/iommu/iommu.o
  CC      drivers/clk/mediatek/clk-mt8186-mfg.o
  CC      drivers/tty/serial/8250/8250_of.o
  CC      drivers/clk/mediatek/clk-mt8186-mm.o
  CC      drivers/tty/serial/8250/8250_omap.o
  CC      drivers/tty/serial/8250/8250_pci.o
  CC      drivers/clk/mediatek/clk-mt8186-vdec.o
  CC      drivers/iommu/iommu-pages.o
  CC      drivers/clk/mediatek/clk-mt8186-venc.o
  CC      drivers/tty/serial/8250/8250_pericom.o
  CC      drivers/tty/serial/8250/8250_uniphier.o
  CC      drivers/iommu/iommu-traces.o
  CC      drivers/clk/mediatek/clk-mt8186-wpe.o
  CC      drivers/tty/serial/8250/8250_tegra.o
  CC      drivers/iommu/iommu-sysfs.o
  CC      drivers/iommu/dma-iommu.o
  CC      drivers/clk/mediatek/clk-mt8188-apmixedsys.o
  CC      drivers/iommu/io-pgtable.o
  AR      drivers/tty/serial/8250/built-in.a
  CC      drivers/tty/serial/fsl_linflexuart.o
  CC      drivers/clk/mediatek/clk-mt8188-topckgen.o
  CC      drivers/iommu/io-pgtable-arm-v7s.o
  CC      drivers/iommu/io-pgtable-arm.o
  CC      drivers/tty/serial/fsl_lpuart.o
  CC      drivers/clk/mediatek/clk-mt8188-peri_ao.o
  CC      drivers/iommu/io-pgtable-dart.o
  CC      drivers/clk/mediatek/clk-mt8188-infra_ao.o
  CC      drivers/iommu/iova.o
  CC      drivers/iommu/of_iommu.o
  CC      drivers/clk/mediatek/clk-mt8188-adsp_audio26m.o
  CC      drivers/tty/serial/imx.o
  CC      drivers/iommu/mtk_iommu.o
  CC      drivers/iommu/rockchip-iommu.o
  CC      drivers/clk/mediatek/clk-mt8188-cam.o
  CC      drivers/clk/mediatek/clk-mt8188-ccu.o
  CC      drivers/iommu/tegra-smmu.o
  CC      drivers/clk/mediatek/clk-mt8188-img.o
  CC      drivers/tty/serial/imx_earlycon.o
  CC      drivers/clk/mediatek/clk-mt8188-imp_iic_wrap.o
  CC      drivers/clk/mediatek/clk-mt8188-ipe.o
  AR      drivers/iommu/built-in.a
  CC      drivers/gpu/host1x/context_bus.o
  CC      drivers/tty/serial/meson_uart.o
  AR      drivers/gpu/drm/built-in.a
  CC      drivers/gpu/trace/trace_gpu_mem.o
  CC      drivers/clk/mediatek/clk-mt8188-mfg.o
  AR      drivers/gpu/host1x/built-in.a
  CC      drivers/tty/serial/msm_serial.o
  CC      drivers/tty/serial/mvebu-uart.o
  AR      drivers/gpu/trace/built-in.a
  AR      drivers/gpu/built-in.a
  CC      drivers/clk/mediatek/clk-mt8188-vdec.o
  CC      drivers/base/component.o
  CC      drivers/tty/serial/owl-uart.o
  CC      drivers/clk/mediatek/clk-mt8188-vdo0.o
  CC      drivers/base/core.o
  CC      drivers/base/bus.o
  CC      drivers/clk/mediatek/clk-mt8188-vdo1.o
  CC      drivers/tty/serial/qcom_geni_serial.o
  CC      drivers/base/dd.o
  CC      drivers/clk/mediatek/clk-mt8188-venc.o
  CC      drivers/base/syscore.o
  CC      drivers/clk/mediatek/clk-mt8188-vpp0.o
  CC      drivers/tty/serial/samsung_tty.o
  CC      drivers/base/driver.o
  CC      drivers/clk/mediatek/clk-mt8188-vpp1.o
  CC      drivers/base/class.o
  CC      drivers/base/platform.o
  CC      drivers/clk/mediatek/clk-mt8188-wpe.o
  CC      drivers/tty/serial/serial-tegra.o
  CC      drivers/base/cpu.o
  CC      drivers/clk/mediatek/clk-mt8192-apmixedsys.o
  CC      drivers/base/firmware.o
  CC      drivers/clk/mediatek/clk-mt8192.o
  CC      drivers/clk/mediatek/clk-mt8192-aud.o
  CC      drivers/base/init.o
  CC      drivers/tty/serial/tegra-tcu.o
  CC      drivers/clk/mediatek/clk-mt8192-cam.o
  CC      drivers/clk/mediatek/clk-mt8192-imp_iic_wrap.o
  CC      drivers/base/map.o
  CC      drivers/tty/serial/xilinx_uartps.o
  CC      drivers/clk/mediatek/clk-mt8192-mdp.o
  CC      drivers/clk/mediatek/clk-mt8192-mfg.o
  CC      drivers/base/devres.o
  CC      drivers/clk/mediatek/clk-mt8192-mm.o
  CC      drivers/tty/serial/serial_mctrl_gpio.o
  CC      drivers/clk/mediatek/clk-mt8192-msdc.o
  CC      drivers/base/attribute_container.o
  CC      drivers/clk/mediatek/clk-mt8192-scp_adsp.o
  CC      drivers/clk/mediatek/clk-mt8192-vdec.o
  CC      drivers/base/transport_class.o
  AR      drivers/tty/serial/built-in.a
  AR      drivers/tty/built-in.a
  CC      drivers/base/topology.o
  CC      drivers/clk/mediatek/clk-mt8192-venc.o
  CC      drivers/clk/mediatek/clk-mt8195-apmixedsys.o
  CC      drivers/block/loop.o
  CC      drivers/base/container.o
  CC      drivers/block/virtio_blk.o
  CC      drivers/clk/mediatek/clk-mt8195-topckgen.o
  CC      drivers/base/property.o
  CC      drivers/block/xen-blkfront.o
  CC      drivers/clk/mediatek/clk-mt8195-peri_ao.o
  CC      drivers/clk/mediatek/clk-mt8195-infra_ao.o
  CC      drivers/base/cacheinfo.o
  CC      drivers/clk/mediatek/clk-mt8195-apusys_pll.o
  CC      drivers/base/swnode.o
  CC      drivers/clk/mediatek/clk-mt8195-cam.o
  CC      drivers/base/faux.o
  CC      drivers/base/auxiliary.o
  AR      drivers/block/built-in.a
  CC      drivers/misc/eeprom/eeprom_93cx6.o
  CC      drivers/clk/mediatek/clk-mt8195-ccu.o
  CC      drivers/base/devtmpfs.o
  CC      drivers/base/power/sysfs.o
  AR      drivers/misc/eeprom/built-in.a
  CC      drivers/misc/sram.o
  CC      drivers/clk/mediatek/clk-mt8195-img.o
  CC      drivers/base/power/generic_ops.o
  CC      drivers/clk/mediatek/clk-mt8195-mfg.o
  AR      drivers/misc/built-in.a
  CC      drivers/mfd/bcm2835-pm.o
  CC      drivers/dma-buf/dma-buf.o
  CC      drivers/base/power/common.o
  CC      drivers/clk/mediatek/clk-mt8195-scp_adsp.o
  CC      drivers/mfd/cros_ec_dev.o
  CC      drivers/base/power/qos.o
  CC      drivers/clk/mediatek/clk-mt8195-vdec.o
  CC      drivers/dma-buf/dma-fence.o
  CC      drivers/mfd/mfd-core.o
  CC      drivers/clk/mediatek/clk-mt8195-venc.o
  CC      drivers/base/power/runtime.o
  CC      drivers/dma-buf/dma-fence-array.o
  CC      drivers/mfd/mt6397-core.o
  CC      drivers/clk/mediatek/clk-mt8195-vpp0.o
  CC      drivers/dma-buf/dma-fence-chain.o
  CC      drivers/mfd/mt6397-irq.o
  CC      drivers/base/power/wakeirq.o
  CC      drivers/clk/mediatek/clk-mt8195-vpp1.o
  CC      drivers/dma-buf/dma-fence-unwrap.o
  CC      drivers/mfd/mt6358-irq.o
  CC      drivers/dma-buf/dma-resv.o
  CC      drivers/base/power/main.o
  CC      drivers/clk/mediatek/clk-mt8195-wpe.o
  CC      drivers/mfd/rz-mtu3.o
  CC      drivers/clk/mediatek/clk-mt8196-apmixedsys.o
  CC      drivers/dma-buf/dma-buf-mapping.o
  CC      drivers/base/power/wakeup.o
  CC      drivers/mfd/qcom-spmi-pmic.o
  CC      drivers/clk/mediatek/clk-mt8196-topckgen.o
  CC      drivers/dma-buf/dma-heap.o
  CC      drivers/mfd/rk8xx-core.o
  CC      drivers/clk/mediatek/clk-mt8196-topckgen2.o
  CC      drivers/base/power/wakeup_stats.o
  CC      drivers/dma-buf/sync_file.o
  CC      drivers/clk/mediatek/clk-mt8196-vlpckgen.o
  CC      drivers/mfd/rk8xx-spi.o
  CC      drivers/base/power/clock_ops.o
  AR      drivers/dma-buf/built-in.a
  CC      drivers/clk/mediatek/clk-mt8196-peri_ao.o
  CC      drivers/scsi/scsi.o
  AR      drivers/base/power/built-in.a
  CC      drivers/base/firmware_loader/fallback_table.o
  CC      drivers/mfd/syscon.o
  CC      drivers/clk/mediatek/clk-mt8196-imp_iic_wrap.o
  CC      drivers/scsi/hosts.o
  CC      drivers/mfd/vexpress-sysreg.o
  CC      drivers/clk/mediatek/clk-mt8196-mcu.o
  CC      drivers/base/firmware_loader/main.o
  CC      drivers/mfd/hi6421-pmic-core.o
  CC      drivers/clk/mediatek/clk-mt8196-mdpsys.o
  CC      drivers/scsi/scsi_ioctl.o
  CC      drivers/mfd/hi655x-pmic.o
  CC      drivers/base/firmware_loader/fallback.o
  CC      drivers/clk/mediatek/clk-mt8196-pextp.o
  CC      drivers/scsi/scsicam.o
  CC      drivers/mfd/altera-sysmgr.o
  CC      drivers/clk/mediatek/clk-mt8196-ufs_ao.o
  CC      drivers/base/firmware_loader/sysfs.o
  AR      drivers/mfd/built-in.a
  CC      drivers/mtd/mtdcore.o
  CC      drivers/clk/mediatek/clk-mt8365-apmixedsys.o
  CC      drivers/scsi/scsi_error.o
  CC      drivers/base/firmware_loader/sysfs_upload.o
  CC      drivers/clk/mediatek/clk-mt8365.o
  CC      drivers/base/firmware_loader/builtin/main.o
  CC      drivers/mtd/mtdsuper.o
  CC      drivers/clk/mediatek/clk-mt8365-apu.o
  CC      drivers/scsi/scsi_lib.o
  AR      drivers/base/firmware_loader/builtin/built-in.a
  AR      drivers/base/firmware_loader/built-in.a
  CC      drivers/base/node.o
  CC      drivers/clk/mediatek/clk-mt8365-mfg.o
  CC      drivers/mtd/mtdconcat.o
  CC      drivers/base/memory.o
  CC      drivers/clk/mediatek/clk-mt8365-mm.o
  CC      drivers/mtd/mtdpart.o
  CC      drivers/clk/mediatek/clk-mt8365-vdec.o
  CC      drivers/scsi/scsi_lib_dma.o
  CC      drivers/base/module.o
  CC      drivers/clk/mediatek/clk-mt8365-venc.o
  CC      drivers/mtd/mtdchar.o
  CC      drivers/base/auxiliary_sysfs.o
  CC      drivers/scsi/scsi_scan.o
  CC      drivers/clk/mediatek/clk-mt8516-apmixedsys.o
  CC      drivers/base/hypervisor.o
  CC      drivers/mtd/parsers/ofpart_core.o
  CC      drivers/clk/mediatek/clk-mt8516.o
  CC      drivers/base/regmap/regmap.o
  CC      drivers/scsi/scsi_sysfs.o
  CC      drivers/mtd/parsers/ofpart_bcm4908.o
  CC      drivers/clk/mediatek/clk-mt8365-cam.o
  AR      drivers/mtd/parsers/built-in.a
  CC      drivers/mtd/mtd_blkdevs.o
  AR      drivers/clk/mediatek/built-in.a
  CC      drivers/scsi/scsi_devinfo.o
  CC      drivers/base/regmap/regcache.o
  CC      drivers/clk/qcom/common.o
  CC      drivers/mtd/mtdblock.o
  CC      drivers/base/regmap/regcache-rbtree.o
  CC      drivers/scsi/scsi_sysctl.o
  CC      drivers/clk/qcom/clk-regmap.o
  CC      drivers/mtd/chips/chipreg.o
  CC      drivers/base/regmap/regcache-flat.o
  CC      drivers/clk/qcom/clk-alpha-pll.o
  CC      drivers/scsi/scsi_debugfs.o
  AR      drivers/mtd/chips/built-in.a
  CC      drivers/mtd/maps/map_funcs.o
  CC      drivers/base/regmap/regcache-maple.o
  CC      drivers/scsi/scsi_trace.o
  CC      drivers/clk/qcom/clk-pll.o
  AR      drivers/mtd/maps/built-in.a
  CC      drivers/mtd/devices/mtd_dataflash.o
  CC      drivers/base/regmap/regmap-debugfs.o
  CC      drivers/clk/qcom/clk-rcg.o
  CC      drivers/scsi/scsi_logging.o
  CC      drivers/base/regmap/regmap-spi.o
  CC      drivers/mtd/devices/sst25l.o
  CC      drivers/clk/qcom/clk-rcg2.o
  CC      drivers/scsi/scsi_pm.o
  CC      drivers/base/regmap/regmap-spmi.o
  AR      drivers/mtd/devices/built-in.a
  CC      drivers/mtd/nand/core.o
  CC      drivers/clk/qcom/clk-branch.o
  CC      drivers/scsi/scsi_bsg.o
  CC      drivers/base/regmap/regmap-mmio.o
  CC      drivers/clk/qcom/clk-regmap-divider.o
  CC      drivers/mtd/nand/bbt.o
  CC      drivers/base/regmap/regmap-irq.o
  CC      drivers/clk/qcom/clk-regmap-mux.o
  CC      drivers/scsi/scsi_common.o
  CC      drivers/mtd/nand/ecc.o
  CC      drivers/clk/qcom/clk-regmap-mux-div.o
  CC      drivers/scsi/scsi_transport_sas.o
  AR      drivers/base/regmap/built-in.a
  CC      drivers/base/soc.o
  CC      drivers/mtd/nand/ecc-sw-hamming.o
  CC      drivers/clk/qcom/clk-regmap-phy-mux.o
  CC      drivers/base/pinctrl.o
  CC      drivers/clk/qcom/clk-hfpll.o
  CC      drivers/mtd/nand/qpic_common.o
  CC      drivers/scsi/libsas/sas_init.o
  CC      drivers/base/devcoredump.o
  CC      drivers/clk/qcom/reset.o
  CC      drivers/clk/qcom/gdsc.o
  CC      drivers/mtd/nand/raw/nand_base.o
  CC      drivers/base/platform-msi.o
  CC      drivers/scsi/libsas/sas_phy.o
  CC      drivers/base/arch_topology.o
  CC      drivers/clk/qcom/gcc-eliza.o
  CC      drivers/scsi/libsas/sas_port.o
  CC      drivers/clk/qcom/gcc-glymur.o
  CC      drivers/base/arch_numa.o
  CC      drivers/scsi/libsas/sas_event.o
  CC      drivers/mtd/nand/raw/nand_legacy.o
  CC      drivers/clk/qcom/gcc-kaanapali.o
  AR      drivers/base/built-in.a
  CC      drivers/spi/spi.o
  CC      drivers/clk/qcom/gcc-x1e80100.o
  CC      drivers/mtd/nand/raw/nand_bbt.o
  CC      drivers/scsi/libsas/sas_discover.o
  CC      drivers/clk/qcom/tcsrcc-x1e80100.o
  CC      drivers/scsi/libsas/sas_expander.o
  CC      drivers/mtd/nand/raw/nand_timings.o
  CC      drivers/clk/qcom/apss-ipq-pll.o
  CC      drivers/mtd/nand/raw/nand_ids.o
  CC      drivers/spi/spi-mem.o
  CC      drivers/clk/qcom/apss-ipq5424.o
  CC      drivers/mtd/nand/raw/nand_onfi.o
  CC      drivers/scsi/libsas/sas_scsi_host.o
  CC      drivers/clk/qcom/apss-ipq6018.o
  CC      drivers/spi/spi-armada-3700.o
  CC      drivers/mtd/nand/raw/nand_jedec.o
  CC      drivers/clk/qcom/gcc-ipq5018.o
  CC      drivers/mtd/nand/raw/nand_amd.o
  CC      drivers/spi/spi-iproc-qspi.o
  CC      drivers/scsi/libsas/sas_task.o
  CC      drivers/clk/qcom/gcc-ipq5210.o
  CC      drivers/mtd/nand/raw/nand_esmt.o
  CC      drivers/spi/spi-brcmstb-qspi.o
  CC      drivers/scsi/libsas/sas_host_smp.o
  CC      drivers/mtd/nand/raw/nand_hynix.o
  CC      drivers/clk/qcom/gcc-ipq5332.o
  CC      drivers/spi/spi-bcm-qspi.o
  CC      drivers/mtd/nand/raw/nand_macronix.o
  CC      drivers/clk/qcom/gcc-ipq5424.o
  AR      drivers/scsi/libsas/built-in.a
  CC      drivers/scsi/megaraid/megaraid_sas_base.o
  CC      drivers/spi/spi-cadence-quadspi.o
  CC      drivers/mtd/nand/raw/nand_micron.o
  CC      drivers/clk/qcom/gcc-ipq6018.o
  CC      drivers/mtd/nand/raw/nand_sandisk.o
  CC      drivers/clk/qcom/gcc-ipq8074.o
  CC      drivers/spi/spi-fsl-dspi.o
  CC      drivers/mtd/nand/raw/nand_samsung.o
  CC      drivers/clk/qcom/gcc-ipq9574.o
  CC      drivers/mtd/nand/raw/nand_toshiba.o
  CC      drivers/spi/spi-fsl-lpspi.o
  CC      drivers/mtd/nand/raw/denali.o
  CC      drivers/scsi/megaraid/megaraid_sas_fusion.o
  CC      drivers/clk/qcom/gcc-ipq9650.o
  CC      drivers/spi/spi-fsl-qspi.o
  CC      drivers/clk/qcom/gcc-msm8916.o
  CC      drivers/mtd/nand/raw/denali_dt.o
  CC      drivers/spi/spi-mt65xx.o
  CC      drivers/scsi/megaraid/megaraid_sas_fp.o
  CC      drivers/clk/qcom/gcc-msm8953.o
  CC      drivers/mtd/nand/raw/marvell_nand.o
  CC      drivers/clk/qcom/gcc-msm8994.o
  CC      drivers/spi/spi-nxp-fspi.o
  CC      drivers/scsi/megaraid/megaraid_sas_debugfs.o
  CC      drivers/clk/qcom/gcc-msm8996.o
  CC      drivers/mtd/nand/raw/fsl_ifc_nand.o
  CC      drivers/spi/spi-orion.o
  AR      drivers/scsi/megaraid/built-in.a
  CC      drivers/scsi/sd.o
  CC      drivers/clk/qcom/gcc-msm8998.o
  CC      drivers/mtd/nand/raw/qcom_nandc.o
  CC      drivers/spi/spi-pl022.o
  CC      drivers/clk/qcom/a53-pll.o
  CC      drivers/clk/qcom/apcs-msm8916.o
  CC      drivers/spi/spi-qup.o
  AR      drivers/mtd/nand/raw/built-in.a
  CC      drivers/scsi/sd_dif.o
  AR      drivers/mtd/nand/built-in.a
  CC      drivers/mtd/spi-nor/core.o
  CC      drivers/clk/qcom/apcs-msm8996.o
  AR      drivers/scsi/built-in.a
  CC      drivers/spmi/spmi.o
  CC      drivers/spi/spi-rockchip.o
  CC      drivers/clk/qcom/clk-cpu-8996.o
  CC      drivers/spmi/spmi-devres.o
  CC      drivers/clk/qcom/clk-cbf-8996.o
  CC      drivers/spi/spi-sun6i.o
  CC      drivers/mtd/spi-nor/sfdp.o
  CC      drivers/spmi/spmi-pmic-arb.o
  CC      drivers/clk/qcom/clk-smd-rpm.o
  AR      drivers/spi/built-in.a
  CC      drivers/mtd/spi-nor/swp.o
  CC      drivers/mtd/spi-nor/otp.o
  CC      drivers/clk/qcom/gcc-qcm2290.o
  AR      drivers/spmi/built-in.a
  CC      drivers/net/loopback.o
  CC      drivers/mtd/spi-nor/sysfs.o
  CC      drivers/mtd/spi-nor/atmel.o
  CC      drivers/clk/qcom/gcc-qcs404.o
  CC      drivers/mtd/spi-nor/eon.o
  CC      drivers/mtd/spi-nor/esmt.o
  CC      drivers/clk/qcom/gcc-qcs615.o
  CC      drivers/net/phy/stubs.o
  CC      drivers/mtd/spi-nor/everspin.o
  CC      drivers/clk/qcom/gcc-qcs8300.o
  CC      drivers/mtd/spi-nor/gigadevice.o
  CC      drivers/net/phy/mdio_bus.o
  CC      drivers/mtd/spi-nor/intel.o
  CC      drivers/clk/qcom/gcc-qdu1000.o
  CC      drivers/mtd/spi-nor/issi.o
  CC      drivers/mtd/spi-nor/macronix.o
  CC      drivers/net/phy/phy.o
  CC      drivers/clk/qcom/gcc-sa8775p.o
  CC      drivers/mtd/spi-nor/micron-st.o
  CC      drivers/clk/qcom/gcc-sc7180.o
  CC      drivers/mtd/spi-nor/spansion.o
  CC      drivers/mtd/spi-nor/sst.o
  CC      drivers/clk/qcom/gcc-sc7280.o
  CC      drivers/net/phy/phy-c45.o
  CC      drivers/mtd/spi-nor/winbond.o
  CC      drivers/mtd/spi-nor/xmc.o
  CC      drivers/clk/qcom/gcc-sc8180x.o
  CC      drivers/mtd/spi-nor/debugfs.o
  CC      drivers/clk/qcom/gcc-sc8280xp.o
  CC      drivers/net/phy/phy-core.o
  CC      drivers/clk/qcom/dispcc-sdm845.o
  AR      drivers/mtd/spi-nor/built-in.a
  AR      drivers/mtd/built-in.a
  CC      drivers/vfio/vfio_main.o
  CC      drivers/clk/qcom/gcc-sdm845.o
  CC      drivers/clk/qcom/gpucc-sdm845.o
  CC      drivers/net/phy/phy_device.o
  CC      drivers/clk/qcom/gcc-sdx75.o
  CC      drivers/clk/qcom/dispcc-sm8250.o
  CC      drivers/vfio/group.o
  CC      drivers/clk/qcom/gcc-sm4450.o
  CC      drivers/clk/qcom/gcc-sm6115.o
  CC      drivers/vfio/container.o
  CC      drivers/clk/qcom/gcc-sm6350.o
  CC      drivers/clk/qcom/gcc-sm8150.o
  CC      drivers/net/phy/linkmode.o
  CC      drivers/clk/qcom/gcc-sm8250.o
  CC      drivers/vfio/virqfd.o
  CC      drivers/clk/qcom/gcc-sm8350.o
  CC      drivers/net/phy/phy_link_topology.o
  CC      drivers/clk/qcom/gcc-sm8450.o
  CC      drivers/net/phy/phy_caps.o
  CC      drivers/vfio/vfio_iommu_type1.o
  CC      drivers/clk/qcom/gcc-sm8550.o
  CC      drivers/net/phy/mdio_bus_provider.o
  CC      drivers/net/phy/phy_port.o
  CC      drivers/clk/qcom/gcc-sm8650.o
  CC      drivers/vfio/pci/vfio_pci_core.o
  CC      drivers/net/phy/mdio_device.o
  CC      drivers/clk/qcom/gcc-sm8750.o
  CC      drivers/net/phy/swphy.o
  CC      drivers/clk/qcom/gcc-milos.o
  CC      drivers/net/phy/open_alliance_helpers.o
  CC      drivers/vfio/pci/vfio_pci_intrs.o
  CC      drivers/net/phy/mdio_devres.o
  CC      drivers/clk/qcom/gpucc-sm8150.o
  CC      drivers/net/phy/phy_package.o
  CC      drivers/vfio/pci/vfio_pci_rdwr.o
  CC      drivers/net/phy/aquantia/aquantia_main.o
  CC      drivers/clk/qcom/gpucc-sm8250.o
  CC      drivers/vfio/pci/vfio_pci_config.o
  CC      drivers/clk/qcom/tcsrcc-sm8550.o
  CC      drivers/net/phy/aquantia/aquantia_firmware.o
  CC      drivers/net/phy/aquantia/aquantia_leds.o
  CC      drivers/clk/qcom/tcsrcc-sm8650.o
  CC      drivers/clk/qcom/videocc-sm8250.o
  CC      drivers/vfio/pci/vfio_pci.o
  CC      drivers/clk/qcom/hfpll.o
  CC      drivers/net/phy/aquantia/aquantia_hwmon.o
  CC      drivers/net/phy/dp83867.o
  AR      drivers/vfio/pci/built-in.a
  AR      drivers/vfio/built-in.a
  CC      drivers/usb/common/common.o
  AR      drivers/clk/qcom/built-in.a
  CC      drivers/clk/renesas/r8a774a1-cpg-mssr.o
  AR      drivers/net/phy/aquantia/built-in.a
  CC      drivers/net/phy/dp83td510.o
  CC      drivers/clk/renesas/r8a774b1-cpg-mssr.o
  CC      drivers/usb/common/usb-conn-gpio.o
  CC      drivers/net/phy/fixed_phy.o
  CC      drivers/clk/renesas/r8a774c0-cpg-mssr.o
  CC      drivers/net/phy/marvell10g.o
  CC      drivers/usb/common/ulpi.o
  CC      drivers/clk/renesas/r8a774e1-cpg-mssr.o
  CC      drivers/net/phy/marvell-88q2xxx.o
  CC      drivers/clk/renesas/r8a7795-cpg-mssr.o
  AR      drivers/usb/common/built-in.a
  CC      drivers/usb/core/usb.o
  CC      drivers/clk/renesas/r8a7796-cpg-mssr.o
  CC      drivers/net/phy/micrel.o
  CC      drivers/net/phy/mscc/mscc_main.o
  CC      drivers/clk/renesas/r8a77965-cpg-mssr.o
  CC      drivers/usb/core/hub.o
  CC      drivers/clk/renesas/r8a77970-cpg-mssr.o
  CC      drivers/clk/renesas/r8a77980-cpg-mssr.o
  CC      drivers/net/phy/mscc/mscc_serdes.o
  CC      drivers/clk/renesas/r8a77990-cpg-mssr.o
  CC      drivers/net/phy/qcom/qcom-phy-lib.o
  CC      drivers/usb/core/hcd.o
  CC      drivers/clk/renesas/r8a77995-cpg-mssr.o
  AR      drivers/net/phy/mscc/built-in.a
  CC      drivers/net/phy/qcom/at803x.o
  CC      drivers/clk/renesas/r8a779a0-cpg-mssr.o
  CC      drivers/clk/renesas/r8a779f0-cpg-mssr.o
  CC      drivers/usb/core/urb.o
  CC      drivers/clk/renesas/r8a779g0-cpg-mssr.o
  AR      drivers/net/phy/qcom/built-in.a
  CC      drivers/net/phy/realtek/realtek_main.o
  CC      drivers/clk/renesas/r8a779h0-cpg-mssr.o
  CC      drivers/clk/renesas/r9a07g043-cpg.o
  CC      drivers/usb/core/message.o
  CC      drivers/clk/renesas/r9a07g044-cpg.o
  CC      drivers/clk/renesas/r9a08g045-cpg.o
  CC      drivers/clk/renesas/r9a08g046-cpg.o
  AR      drivers/net/phy/realtek/built-in.a
  CC      drivers/net/phy/rockchip.o
  CC      drivers/net/phy/vitesse.o
  CC      drivers/clk/renesas/r9a09g011-cpg.o
  CC      drivers/usb/core/driver.o
  CC      drivers/clk/renesas/r9a09g047-cpg.o
  CC      drivers/clk/renesas/r9a09g056-cpg.o
  AR      drivers/net/phy/built-in.a
  CC      drivers/net/mdio/fwnode_mdio.o
  CC      drivers/usb/core/config.o
  CC      drivers/net/mdio/of_mdio.o
  CC      drivers/net/mdio/mdio-bcm-iproc.o
  CC      drivers/usb/core/file.o
  CC      drivers/clk/renesas/r9a09g057-cpg.o
  CC      drivers/net/mdio/mdio-mux.o
  CC      drivers/usb/core/buffer.o
  CC      drivers/net/mdio/mdio-mux-bcm-iproc.o
  CC      drivers/clk/renesas/r9a09g077-cpg.o
  CC      drivers/usb/core/sysfs.o
  CC      drivers/net/mdio/mdio-mux-mmioreg.o
  CC      drivers/usb/core/endpoint.o
  CC      drivers/clk/renesas/rcar-cpg-lib.o
  CC      drivers/usb/core/devio.o
  CC      drivers/net/mdio/mdio-mux-multiplexer.o
  CC      drivers/usb/core/notify.o
  CC      drivers/clk/renesas/rcar-gen3-cpg.o
  CC      drivers/usb/core/generic.o
  AR      drivers/net/mdio/built-in.a
  CC      drivers/net/tun.o
  CC      drivers/clk/renesas/rcar-gen4-cpg.o
  CC      drivers/usb/core/quirks.o
  CC      drivers/usb/core/devices.o
  CC      drivers/clk/renesas/rcar-usb2-clock-sel.o
  CC      drivers/usb/core/phy.o
  CC      drivers/usb/core/port.o
  CC      drivers/clk/renesas/rzg2l-cpg.o
  CC      drivers/usb/core/trace.o
  CC      drivers/net/virtio_net.o
  CC      drivers/usb/core/of.o
  CC      drivers/usb/core/hcd-pci.o
  CC      drivers/clk/renesas/rzv2h-cpg.o
  CC      drivers/usb/core/../misc/onboard_usb_dev_pdevs.o
  CC      drivers/clk/renesas/renesas-cpg-mssr.o
  CC      drivers/clk/renesas/clk-div6.o
  AR      drivers/usb/core/built-in.a
  CC      drivers/usb/phy/phy.o
  CC      drivers/usb/phy/of.o
  AR      drivers/clk/renesas/built-in.a
  CC      drivers/clk/rockchip/clk.o
  CC      drivers/usb/phy/phy-generic.o
  CC      drivers/usb/phy/phy-tegra-usb.o
  CC      drivers/clk/rockchip/clk-pll.o
  CC      drivers/usb/phy/phy-ulpi.o
  AR      drivers/net/ethernet/built-in.a
  AR      drivers/net/wireless/built-in.a
  CC      drivers/net/xen-netfront.o
  CC      drivers/clk/rockchip/clk-cpu.o
  CC      drivers/net/net_failover.o
  CC      drivers/clk/rockchip/clk-gate-grf.o
  CC      drivers/usb/phy/phy-ulpi-viewport.o
  CC      drivers/clk/rockchip/clk-half-divider.o
  CC      drivers/clk/rockchip/clk-inverter.o
  AR      drivers/usb/phy/built-in.a
  CC      drivers/usb/dwc3/core.o
  CC      drivers/usb/dwc2/core.o
  AR      drivers/net/built-in.a
  CC      drivers/input/serio/serio.o
  CC      drivers/clk/rockchip/clk-mmc-phase.o
  CC      drivers/clk/rockchip/clk-muxgrf.o
  CC      drivers/input/serio/ambakmi.o
  CC      drivers/usb/dwc2/core_intr.o
  CC      drivers/clk/rockchip/clk-ddr.o
  CC      drivers/usb/dwc3/host.o
  CC      drivers/input/serio/libps2.o
  CC      drivers/clk/rockchip/gate-link.o
  CC      drivers/usb/dwc2/platform.o
  CC      drivers/usb/dwc3/gadget.o
  CC      drivers/clk/rockchip/softrst.o
  AR      drivers/input/serio/built-in.a
  CC      drivers/input/input.o
  CC      drivers/clk/rockchip/clk-px30.o
  CC      drivers/usb/dwc2/drd.o
  CC      drivers/clk/rockchip/clk-rv1126b.o
  CC      drivers/input/input-compat.o
  CC      drivers/usb/dwc2/params.o
  CC      drivers/usb/dwc3/ep0.o
  CC      drivers/clk/rockchip/rst-rv1126b.o
  CC      drivers/input/input-mt.o
  CC      drivers/clk/rockchip/clk-rk3308.o
  CC      drivers/usb/dwc2/hcd.o
  CC      drivers/usb/dwc3/drd.o
  CC      drivers/input/input-poller.o
  CC      drivers/clk/rockchip/clk-rk3328.o
  CC      drivers/input/ff-core.o
  CC      drivers/usb/dwc3/debugfs.o
  CC      drivers/clk/rockchip/clk-rk3368.o
  CC      drivers/input/touchscreen.o
  CC      drivers/usb/dwc2/hcd_intr.o
  CC      drivers/clk/rockchip/clk-rk3399.o
  CC      drivers/input/touch-overlay.o
  CC      drivers/usb/dwc3/dwc3-am62.o
  CC      drivers/input/matrix-keymap.o
  CC      drivers/clk/rockchip/clk-rk3528.o
  CC      drivers/usb/dwc3/dwc3-apple.o
  CC      drivers/usb/dwc2/hcd_queue.o
  CC      drivers/input/vivaldi-fmap.o
  CC      drivers/clk/rockchip/rst-rk3528.o
  CC      drivers/input/input-leds.o
  CC      drivers/usb/dwc3/dwc3-haps.o
  CC      drivers/clk/rockchip/clk-rk3562.o
  CC      drivers/usb/dwc2/hcd_ddma.o
  CC      drivers/input/evdev.o
  CC      drivers/usb/dwc3/dwc3-keystone.o
  CC      drivers/clk/rockchip/rst-rk3562.o
  CC      drivers/usb/dwc2/debugfs.o
  CC      drivers/clk/rockchip/clk-rk3568.o
  CC      drivers/usb/dwc3/dwc3-meson-g12a.o
  CC      drivers/input/keyboard/atkbd.o
  AR      drivers/usb/dwc2/built-in.a
  CC      drivers/usb/isp1760/isp1760-core.o
  CC      drivers/clk/rockchip/clk-rk3576.o
  CC      drivers/usb/dwc3/dwc3-of-simple.o
  CC      drivers/input/keyboard/cros_ec_keyb.o
  CC      drivers/usb/isp1760/isp1760-if.o
  CC      drivers/clk/rockchip/rst-rk3576.o
  CC      drivers/usb/dwc3/dwc3-qcom.o
  AR      drivers/clk/rockchip/built-in.a
  CC      drivers/input/keyboard/gpio_keys.o
  CC      drivers/clk/socfpga/clk-s10.o
  CC      drivers/usb/isp1760/isp1760-hcd.o
  CC      drivers/usb/dwc3/dwc3-qcom-legacy.o
  CC      drivers/clk/socfpga/clk-pll-s10.o
  CC      drivers/input/keyboard/imx-sm-bbm-key.o
  CC      drivers/clk/socfpga/clk-periph-s10.o
  CC      drivers/usb/isp1760/isp1760-udc.o
  CC      drivers/usb/dwc3/dwc3-imx8mp.o
  AR      drivers/input/keyboard/built-in.a
  CC      drivers/clk/socfpga/clk-gate-s10.o
  CC      drivers/input/mouse/psmouse-base.o
  CC      drivers/clk/socfpga/clk-agilex.o
  AR      drivers/usb/isp1760/built-in.a
  CC      drivers/input/mouse/synaptics.o
  CC      drivers/usb/dwc3/dwc3-xilinx.o
  CC      drivers/input/mouse/focaltech.o
  CC      drivers/clk/socfpga/clk-agilex5.o
  CC      drivers/usb/dwc3/dwc3-rtk.o
  CC      drivers/input/mouse/alps.o
  AR      drivers/clk/socfpga/built-in.a
  CC      drivers/input/mouse/byd.o
  CC      drivers/clk/sophgo/clk-cv1800.o
  CC      drivers/clk/sophgo/clk-cv18xx-common.o
  CC      drivers/input/mouse/logips2pp.o
  CC      drivers/usb/dwc3/dwc3-generic-plat.o
  CC      drivers/input/mouse/trackpoint.o
  CC      drivers/clk/sophgo/clk-cv18xx-ip.o
  CC      drivers/input/mouse/cypress_ps2.o
  AR      drivers/usb/dwc3/built-in.a
  CC      drivers/usb/mtu3/mtu3_plat.o
  CC      drivers/clk/sophgo/clk-cv18xx-pll.o
  CC      drivers/usb/mtu3/mtu3_host.o
  AR      drivers/input/mouse/built-in.a
  CC      drivers/input/misc/hisi_powerkey.o
  AR      drivers/clk/sophgo/built-in.a
  AR      drivers/clk/sprd/built-in.a
  CC      drivers/clk/stm32/clk-stm32mp21.o
  CC      drivers/clk/sunxi-ng/ccu_common.o
  CC      drivers/usb/mtu3/mtu3_core.o
  CC      drivers/input/misc/pm8941-pwrkey.o
  CC      drivers/clk/stm32/clk-stm32-core.o
  CC      drivers/clk/sunxi-ng/ccu_mmc_timing.o
  CC      drivers/input/misc/xen-kbdfront.o
  CC      drivers/usb/mtu3/mtu3_gadget_ep0.o
  CC      drivers/clk/sunxi-ng/ccu_reset.o
  CC      drivers/clk/stm32/reset-stm32.o
  AR      drivers/input/misc/built-in.a
  AR      drivers/input/built-in.a
  CC      drivers/rtc/lib.o
  CC      drivers/clk/sunxi-ng/ccu_div.o
  CC      drivers/usb/mtu3/mtu3_gadget.o
  CC      drivers/clk/stm32/clk-stm32mp25.o
  CC      drivers/rtc/class.o
  CC      drivers/clk/sunxi-ng/ccu_frac.o
  AR      drivers/clk/stm32/built-in.a
  CC      drivers/usb/mtu3/mtu3_qmu.o
  CC      drivers/rtc/interface.o
  CC      drivers/clk/tegra/clk.o
  CC      drivers/clk/sunxi-ng/ccu_gate.o
  CC      drivers/clk/sunxi-ng/ccu_mux.o
  CC      drivers/rtc/nvmem.o
  CC      drivers/clk/tegra/clk-audio-sync.o
  CC      drivers/usb/mtu3/mtu3_dr.o
  CC      drivers/clk/sunxi-ng/ccu_mult.o
  CC      drivers/clk/tegra/clk-device.o
  CC      drivers/rtc/dev.o
  CC      drivers/clk/sunxi-ng/ccu_phase.o
  CC      drivers/clk/tegra/clk-dfll.o
  CC      drivers/usb/mtu3/mtu3_debugfs.o
  CC      drivers/rtc/proc.o
  CC      drivers/clk/sunxi-ng/ccu_sdm.o
  CC      drivers/clk/sunxi-ng/ccu_nk.o
  CC      drivers/rtc/sysfs.o
  CC      drivers/clk/tegra/clk-divider.o
  AR      drivers/usb/mtu3/built-in.a
  CC      drivers/usb/host/pci-quirks.o
  CC      drivers/clk/sunxi-ng/ccu_nkm.o
  CC      drivers/clk/tegra/clk-periph.o
  CC      drivers/rtc/rtc-amlogic-a4.o
  CC      drivers/usb/host/ehci-hcd.o
  CC      drivers/clk/tegra/clk-periph-fixed.o
  CC      drivers/clk/sunxi-ng/ccu_nkmp.o
  CC      drivers/rtc/rtc-armada38x.o
  CC      drivers/clk/tegra/clk-periph-gate.o
  CC      drivers/clk/sunxi-ng/ccu_nm.o
  CC      drivers/clk/tegra/clk-pll.o
  CC      drivers/clk/sunxi-ng/ccu_mp.o
  CC      drivers/rtc/rtc-imx-sm-bbm.o
  CC      drivers/clk/sunxi-ng/ccu-sun50i-a64.o
  CC      drivers/rtc/rtc-pl031.o
  CC      drivers/clk/tegra/clk-pll-out.o
  CC      drivers/usb/host/ehci-pci.o
  CC      drivers/clk/sunxi-ng/ccu-sun50i-a100.o
  CC      drivers/clk/tegra/clk-sdmmc-mux.o
  CC      drivers/rtc/rtc-rtd119x.o
  CC      drivers/usb/host/ehci-platform.o
  CC      drivers/clk/tegra/clk-super.o
  CC      drivers/clk/sunxi-ng/ccu-sun50i-a100-r.o
  CC      drivers/rtc/rtc-sun6i.o
  CC      drivers/clk/tegra/clk-tegra-audio.o
  CC      drivers/clk/sunxi-ng/ccu-sun50i-h6.o
  CC      drivers/usb/host/ehci-npcm7xx.o
  CC      drivers/rtc/rtc-tegra.o
  CC      drivers/clk/tegra/clk-tegra-periph.o
  CC      drivers/clk/sunxi-ng/ccu-sun50i-h6-r.o
  CC      drivers/usb/host/ehci-orion.o
  CC      drivers/clk/tegra/clk-tegra-fixed.o
  CC      drivers/rtc/rtc-cros-ec.o
  CC      drivers/clk/sunxi-ng/ccu-sun50i-h616.o
  CC      drivers/usb/host/xhci.o
  CC      drivers/clk/tegra/clk-tegra-super-cclk.o
  CC      drivers/clk/sunxi-ng/ccu-sun55i-a523.o
  AR      drivers/rtc/built-in.a
  CC      drivers/i2c/i2c-boardinfo.o
  CC      drivers/clk/tegra/clk-tegra-super-gen4.o
  CC      drivers/clk/sunxi-ng/ccu-sun55i-a523-mcu.o
  CC      drivers/clk/tegra/clk-tegra124-dfll-fcpu.o
  AR      drivers/i2c/busses/built-in.a
  AR      drivers/i2c/muxes/built-in.a
  AR      drivers/i2c/built-in.a
  CC      drivers/clk/sunxi-ng/ccu-sun55i-a523-r.o
  CC      drivers/usb/host/xhci-mem.o
  CC      drivers/clk/tegra/clk-tegra124.o
  CC      drivers/pps/pps.o
  CC      drivers/clk/sunxi-ng/ccu-sun6i-rtc.o
  CC      drivers/clk/tegra/cvb.o
  CC      drivers/pps/kapi.o
  CC      drivers/clk/sunxi-ng/ccu-sun8i-h3.o
  CC      drivers/clk/tegra/clk-tegra210.o
  CC      drivers/pps/sysfs.o
  CC      drivers/usb/host/xhci-ext-caps.o
  CC      drivers/clk/sunxi-ng/ccu-sun8i-de2.o
  AR      drivers/pps/built-in.a
  CC      drivers/ptp/ptp_clock.o
  AR      drivers/clk/sunxi-ng/built-in.a
  CC      drivers/clk/uniphier/clk-uniphier-core.o
  CC      drivers/clk/tegra/clk-tegra210-emc.o
  CC      drivers/usb/host/xhci-ring.o
  CC      drivers/clk/uniphier/clk-uniphier-cpugear.o
  CC      drivers/clk/tegra/clk-bpmp.o
  CC      drivers/ptp/ptp_chardev.o
  CC      drivers/clk/uniphier/clk-uniphier-fixed-factor.o
  CC      drivers/clk/tegra/clk-utils.o
  CC      drivers/clk/uniphier/clk-uniphier-fixed-rate.o
  CC      drivers/ptp/ptp_sysfs.o
  AR      drivers/clk/tegra/built-in.a
  CC      drivers/clk/versatile/clk-vexpress-osc.o
  CC      drivers/usb/host/xhci-hub.o
  CC      drivers/clk/uniphier/clk-uniphier-gate.o
  AR      drivers/clk/versatile/built-in.a
  CC      drivers/clk/visconti/clkc.o
  CC      drivers/ptp/ptp_vclock.o
  CC      drivers/clk/uniphier/clk-uniphier-mux.o
  CC      drivers/clk/visconti/pll.o
  CC      drivers/usb/host/xhci-dbg.o
  CC      drivers/clk/uniphier/clk-uniphier-sys.o
  CC      drivers/clk/uniphier/clk-uniphier-mio.o
  CC      drivers/ptp/ptp_dte.o
  CC      drivers/clk/uniphier/clk-uniphier-peri.o
  AR      drivers/clk/uniphier/built-in.a
  CC      drivers/clk/zynqmp/pll.o
  CC      drivers/clk/visconti/reset.o
  CC      drivers/usb/host/xhci-trace.o
  CC      drivers/clk/zynqmp/clk-gate-zynqmp.o
  CC      drivers/ptp/ptp_kvm_arm.o
  CC      drivers/clk/visconti/pll-tmpv770x.o
  CC      drivers/clk/zynqmp/divider.o
  CC      drivers/ptp/ptp_kvm_common.o
  CC      drivers/usb/host/xhci-debugfs.o
  CC      drivers/clk/visconti/clkc-tmpv770x.o
  CC      drivers/clk/zynqmp/clk-mux-zynqmp.o
  CC      drivers/ptp/ptp_vmclock.o
  CC      drivers/clk/zynqmp/clkc.o
  AR      drivers/clk/visconti/built-in.a
  CC      drivers/usb/host/xhci-pci.o
  CC      drivers/usb/host/xhci-plat.o
  AR      drivers/clk/zynqmp/built-in.a
  AR      drivers/clk/built-in.a
  CC      drivers/power/reset/gpio-poweroff.o
  AR      drivers/ptp/built-in.a
  CC      drivers/power/sequencing/core.o
  CC      drivers/usb/host/xhci-rcar.o
  CC      drivers/usb/host/xhci-rzv2m.o
  CC      drivers/power/reset/msm-poweroff.o
  AR      drivers/power/sequencing/built-in.a
  CC      drivers/power/supply/power_supply_core.o
  CC      drivers/usb/host/xhci-mtk.o
  CC      drivers/usb/host/xhci-mtk-sch.o
  CC      drivers/power/reset/xgene-reboot.o
  CC      drivers/power/reset/syscon-reboot.o
  CC      drivers/power/supply/power_supply_sysfs.o
  CC      drivers/usb/host/xhci-tegra.o
  CC      drivers/usb/host/ohci-hcd.o
  CC      drivers/power/reset/syscon-poweroff.o
  CC      drivers/power/supply/power_supply_leds.o
  AR      drivers/power/reset/built-in.a
  CC      drivers/power/supply/power_supply_hwmon.o
  CC      drivers/power/supply/bq27xxx_battery.o
  CC      drivers/usb/host/ohci-pci.o
  CC      drivers/power/supply/cros_peripheral_charger.o
  CC      drivers/usb/host/ohci-platform.o
  CC      drivers/hwmon/hwmon.o
  CC      drivers/hwmon/cros_ec_hwmon.o
  AR      drivers/power/supply/built-in.a
  AR      drivers/power/built-in.a
  CC      drivers/thermal/thermal_core.o
  AR      drivers/usb/host/built-in.a
  CC      drivers/usb/storage/scsiglue.o
  CC      drivers/usb/storage/protocol.o
  AR      drivers/hwmon/built-in.a
  CC      drivers/watchdog/watchdog_core.o
  CC      drivers/thermal/thermal_sysfs.o
  CC      drivers/watchdog/watchdog_dev.o
  CC      drivers/usb/storage/transport.o
  CC      drivers/watchdog/sp805_wdt.o
  CC      drivers/thermal/thermal_trip.o
  CC      drivers/watchdog/sbsa_gwdt.o
  CC      drivers/usb/storage/usb.o
  CC      drivers/thermal/thermal_helpers.o
  CC      drivers/md/dm-builtin.o
  CC      drivers/watchdog/dw_wdt.o
  CC      drivers/thermal/thermal_thresholds.o
  AR      drivers/md/built-in.a
  CC      drivers/edac/edac_mc.o
  CC      drivers/usb/storage/initializers.o
  CC      drivers/watchdog/npcm_wdt.o
  CC      drivers/thermal/thermal_hwmon.o
  CC      drivers/usb/storage/sierra_ms.o
  CC      drivers/edac/edac_device.o
  CC      drivers/thermal/thermal_of.o
  CC      drivers/watchdog/imx2_wdt.o
  CC      drivers/thermal/gov_step_wise.o
  CC      drivers/usb/storage/option_ms.o
  CC      drivers/edac/edac_mc_sysfs.o
  CC      drivers/watchdog/bcm2835_wdt.o
  CC      drivers/thermal/gov_power_allocator.o
  CC      drivers/usb/storage/usual-tables.o
  CC      drivers/watchdog/mtk_wdt.o
  CC      drivers/edac/edac_module.o
  CC      drivers/thermal/cpufreq_cooling.o
  AR      drivers/usb/storage/built-in.a
  AR      drivers/usb/misc/built-in.a
  CC      drivers/usb/musb/musb_core.o
  CC      drivers/watchdog/renesas_wdt.o
  CC      drivers/edac/edac_device_sysfs.o
  CC      drivers/thermal/devfreq_cooling.o
  CC      drivers/watchdog/rzg2l_wdt.o
  CC      drivers/edac/wq.o
  CC      drivers/thermal/broadcom/sr-thermal.o
  CC      drivers/usb/musb/musb_trace.o
  CC      drivers/watchdog/rzv2h_wdt.o
  CC      drivers/edac/edac_pci.o
  AR      drivers/thermal/broadcom/built-in.a
  CC      drivers/thermal/sun8i_thermal.o
  CC      drivers/usb/musb/musb_virthub.o
  CC      drivers/watchdog/stm32_iwdg.o
  CC      drivers/edac/edac_pci_sysfs.o
  CC      drivers/thermal/renesas/rcar_gen3_thermal.o
  CC      drivers/watchdog/uniphier_wdt.o
  CC      drivers/usb/musb/musb_host.o
  CC      drivers/thermal/renesas/rcar_thermal.o
  AR      drivers/edac/built-in.a
  CC      drivers/opp/core.o
  CC      drivers/watchdog/rtd119x_wdt.o
  CC      drivers/thermal/renesas/rzg2l_thermal.o
  CC      drivers/watchdog/arm_smc_wdt.o
  CC      drivers/usb/musb/musb_gadget_ep0.o
  CC      drivers/thermal/renesas/rzg3e_thermal.o
  CC      drivers/opp/cpu.o
  CC      drivers/watchdog/marvell_gti_wdt.o
  CC      drivers/usb/musb/musb_gadget.o
  AR      drivers/thermal/renesas/built-in.a
  AR      drivers/thermal/samsung/built-in.a
  CC      drivers/opp/of.o
  CC      drivers/thermal/armada_thermal.o
  AR      drivers/watchdog/built-in.a
  CC      drivers/cpufreq/cpufreq.o
  CC      drivers/thermal/qcom/tsens.o
  CC      drivers/opp/debugfs.o
  CC      drivers/usb/musb/musb_debugfs.o
  CC      drivers/opp/ti-opp-supply.o
  CC      drivers/cpufreq/freq_table.o
  CC      drivers/usb/musb/sunxi.o
  CC      drivers/thermal/qcom/tsens-v2.o
  AR      drivers/opp/built-in.a
  CC      drivers/cpuidle/cpuidle.o
  CC      drivers/cpufreq/cpufreq_performance.o
  CC      drivers/thermal/qcom/tsens-v1.o
  AR      drivers/usb/musb/built-in.a
  CC      drivers/cpufreq/cpufreq_ondemand.o
  CC      drivers/usb/chipidea/core.o
  CC      drivers/thermal/qcom/tsens-v0_1.o
  CC      drivers/cpuidle/driver.o
  CC      drivers/cpufreq/cpufreq_governor.o
  CC      drivers/thermal/qcom/tsens-8960.o
  CC      drivers/cpuidle/governor.o
  CC      drivers/usb/chipidea/otg.o
  CC      drivers/cpufreq/cpufreq_governor_attr_set.o
  AR      drivers/thermal/qcom/built-in.a
  CC      drivers/thermal/hisi_thermal.o
  CC      drivers/cpuidle/sysfs.o
  CC      drivers/usb/chipidea/debug.o
  CC      drivers/cpufreq/cpufreq-dt.o
  CC      drivers/cpuidle/governors/menu.o
  CC      drivers/thermal/uniphier_thermal.o
  AR      drivers/cpuidle/governors/built-in.a
  CC      drivers/cpuidle/dt_idle_states.o
  CC      drivers/usb/chipidea/ulpi.o
  CC      drivers/cpufreq/cpufreq-dt-platdev.o
  CC      drivers/thermal/amlogic_thermal.o
  CC      drivers/cpuidle/dt_idle_genpd.o
  CC      drivers/cpufreq/airoha-cpufreq.o
  AR      drivers/thermal/built-in.a
  CC      drivers/usb/chipidea/ci_hdrc_usb2.o
  CC      drivers/mmc/core/core.o
  CC      drivers/cpuidle/cpuidle-psci.o
  CC      drivers/cpufreq/armada-37xx-cpufreq.o
  CC      drivers/usb/chipidea/ci_hdrc_msm.o
  CC      drivers/cpufreq/mediatek-cpufreq.o
  CC      drivers/cpuidle/cpuidle-psci-domain.o
  CC      drivers/mmc/core/bus.o
  CC      drivers/usb/chipidea/ci_hdrc_npcm.o
  AR      drivers/cpuidle/built-in.a
  CC      drivers/mmc/host/mmci.o
  CC      drivers/cpufreq/qcom-cpufreq-hw.o
  CC      drivers/mmc/core/host.o
  CC      drivers/usb/chipidea/ci_hdrc_pci.o
  CC      drivers/cpufreq/qcom-cpufreq-nvmem.o
  CC      drivers/mmc/core/mmc.o
  CC      drivers/mmc/host/mmci_stm32_sdmmc.o
  CC      drivers/usb/chipidea/usbmisc_imx.o
  CC      drivers/cpufreq/scmi-cpufreq.o
  CC      drivers/mmc/host/sdhci.o
  CC      drivers/usb/chipidea/ci_hdrc_imx.o
  CC      drivers/cpufreq/scpi-cpufreq.o
  CC      drivers/mmc/core/mmc_ops.o
  CC      drivers/cpufreq/tegra20-cpufreq.o
  CC      drivers/usb/chipidea/ci_hdrc_tegra.o
  CC      drivers/mmc/core/sd.o
  CC      drivers/cpufreq/tegra124-cpufreq.o
  CC      drivers/mmc/host/mtk-sd.o
  AR      drivers/usb/chipidea/built-in.a
  CC      drivers/cpufreq/tegra186-cpufreq.o
  CC      drivers/usb/gadget/udc/core.o
  CC      drivers/mmc/core/sd_ops.o
  CC      drivers/cpufreq/ti-cpufreq.o
  CC      drivers/usb/gadget/udc/trace.o
  CC      drivers/mmc/core/sdio.o
  CC      drivers/cpufreq/qoriq-cpufreq.o
  CC      drivers/mmc/host/mmc_spi.o
  CC      drivers/usb/gadget/udc/snps_udc_core.o
  AR      drivers/cpufreq/built-in.a
  CC      drivers/ufs/core/ufshcd.o
  CC      drivers/mmc/core/sdio_ops.o
  CC      drivers/mmc/host/of_mmc_spi.o
  CC      drivers/usb/gadget/udc/rzv2m_usb3drd.o
  CC      drivers/mmc/core/sdio_bus.o
  CC      drivers/mmc/host/tmio_mmc_core.o
  CC      drivers/usb/gadget/udc/snps_udc_plat.o
  CC      drivers/mmc/core/sdio_cis.o
  CC      drivers/usb/gadget/udc/bdc/bdc_core.o
  CC      drivers/mmc/host/renesas_sdhi_core.o
  CC      drivers/mmc/core/sdio_io.o
  CC      drivers/ufs/core/ufs-sysfs.o
  CC      drivers/usb/gadget/udc/bdc/bdc_cmd.o
  CC      drivers/mmc/host/renesas_sdhi_internal_dmac.o
  CC      drivers/mmc/core/sdio_irq.o
  CC      drivers/usb/gadget/udc/bdc/bdc_ep.o
  CC      drivers/mmc/host/uniphier-sd.o
  CC      drivers/mmc/core/sd_uhs2.o
  CC      drivers/usb/gadget/udc/bdc/bdc_udc.o
  CC      drivers/ufs/core/ufs-mcq.o
  CC      drivers/mmc/host/dw_mmc.o
  CC      drivers/mmc/core/slot-gpio.o
  AR      drivers/usb/gadget/udc/bdc/built-in.a
  AR      drivers/usb/gadget/udc/built-in.a
  AR      drivers/usb/gadget/built-in.a
  CC      drivers/usb/roles/class.o
  CC      drivers/ufs/core/ufs-txeq.o
  CC      drivers/mmc/core/regulator.o
  AR      drivers/usb/roles/built-in.a
  AR      drivers/usb/built-in.a
  CC      drivers/mmc/host/dw_mmc-pltfm.o
  CC      drivers/ufs/host/ufshcd-pltfrm.o
  CC      drivers/mmc/core/pwrseq.o
  CC      drivers/ufs/core/ufs-debugfs.o
  CC      drivers/mmc/host/dw_mmc-exynos.o
  CC      drivers/ufs/host/ufs-hisi.o
  CC      drivers/mmc/core/debugfs.o
  CC      drivers/ufs/core/ufs_bsg.o
  CC      drivers/mmc/host/dw_mmc-k3.o
  CC      drivers/ufs/host/ufs-mediatek.o
  CC      drivers/mmc/core/pwrseq_simple.o
  CC      drivers/ufs/core/ufshcd-crypto.o
  CC      drivers/mmc/host/dw_mmc-rockchip.o
  CC      drivers/mmc/core/pwrseq_emmc.o
  CC      drivers/ufs/host/ufs-rockchip.o
  AR      drivers/ufs/core/built-in.a
  CC      drivers/mmc/core/block.o
  CC      drivers/mmc/host/meson-gx-mmc.o
  CC      drivers/mmc/core/queue.o
  AR      drivers/ufs/host/built-in.a
  AR      drivers/ufs/built-in.a
  CC      drivers/firmware/arm_scpi.o
  CC      drivers/firmware/arm_sdei.o
  CC      drivers/mmc/host/sunxi-mmc.o
  AR      drivers/mmc/core/built-in.a
  CC      drivers/mmc/host/bcm2835.o
  CC      drivers/firmware/stratix10-svc.o
  CC      drivers/firmware/raspberrypi.o
  CC      drivers/mmc/host/owl-mmc.o
  CC      drivers/mmc/host/cqhci-core.o
  CC      drivers/firmware/ti_sci.o
  CC      drivers/firmware/arm_scmi/transports/smc.o
  CC      drivers/firmware/arm_scmi/vendors/imx/imx-sm-bbm.o
  CC      drivers/mmc/host/mmc_hsq.o
  CC      drivers/firmware/arm_scmi/transports/optee.o
  CC      drivers/firmware/arm_scmi/vendors/imx/imx-sm-cpu.o
  AR      drivers/mmc/host/built-in.a
  AR      drivers/mmc/built-in.a
  CC      drivers/clocksource/timer-of.o
  AR      drivers/firmware/arm_scmi/transports/built-in.a
  CC      drivers/firmware/broadcom/tee_bnxt_fw.o
  CC      drivers/firmware/arm_scmi/bus.o
  CC      drivers/firmware/arm_scmi/vendors/imx/imx-sm-misc.o
  AR      drivers/firmware/broadcom/built-in.a
  CC      drivers/clocksource/timer-probe.o
  CC      drivers/firmware/meson/meson_sm.o
  CC      drivers/firmware/arm_scmi/driver.o
  AR      drivers/firmware/arm_scmi/vendors/imx/built-in.a
  CC      drivers/firmware/arm_scmi/notify.o
  AR      drivers/firmware/meson/built-in.a
  AR      drivers/firmware/efi/built-in.a
  CC      drivers/firmware/imx/sm-cpu.o
  CC      drivers/clocksource/sh_cmt.o
  CC      drivers/firmware/imx/sm-misc.o
  CC      drivers/firmware/arm_scmi/quirks.o
  CC      drivers/firmware/arm_scmi/base.o
  CC      drivers/clocksource/renesas-ostm.o
  CC      drivers/firmware/imx/sm-lmm.o
  CC      drivers/firmware/arm_scmi/clock.o
  CC      drivers/firmware/arm_scmi/perf.o
  CC      drivers/clocksource/sh_tmu.o
  AR      drivers/firmware/imx/built-in.a
  CC      drivers/firmware/psci/psci.o
  CC      drivers/firmware/arm_scmi/power.o
  CC      drivers/firmware/arm_scmi/reset.o
  CC      drivers/clocksource/mmio.o
  CC      drivers/firmware/arm_scmi/sensors.o
  AR      drivers/firmware/psci/built-in.a
  CC      drivers/firmware/qcom/qcom_scm.o
  CC      drivers/firmware/arm_scmi/system.o
  CC      drivers/clocksource/timer-ti-dm.o
  CC      drivers/firmware/arm_scmi/voltage.o
  CC      drivers/firmware/arm_scmi/powercap.o
  CC      drivers/clocksource/dw_apb_timer.o
  CC      drivers/clocksource/dw_apb_timer_of.o
  CC      drivers/firmware/qcom/qcom_scm-smc.o
  CC      drivers/firmware/arm_scmi/pinctrl.o
  CC      drivers/clocksource/timer-rockchip.o
  CC      drivers/clocksource/timer-sun4i.o
  CC      drivers/firmware/qcom/qcom_scm-legacy.o
  CC      drivers/firmware/arm_scmi/shmem.o
  CC      drivers/clocksource/timer-tegra.o
  CC      drivers/clocksource/timer-stm32-lp.o
  CC      drivers/firmware/qcom/qcom_tzmem.o
  CC      drivers/firmware/arm_scmi/msg.o
  CC      drivers/clocksource/timer-mediatek.o
  CC      drivers/clocksource/timer-mediatek-cpux.o
  CC      drivers/firmware/qcom/qcom_qseecom.o
  AR      drivers/firmware/arm_scmi/built-in.a
  CC      drivers/firmware/smccc/smccc.o
  CC      drivers/firmware/tegra/bpmp.o
  CC      drivers/clocksource/timer-owl.o
  AR      drivers/firmware/qcom/built-in.a
  CC      drivers/firmware/xilinx/zynqmp.o
  CC      drivers/firmware/smccc/kvm_guest.o
  CC      drivers/clocksource/timer-npcm7xx.o
  CC      drivers/firmware/tegra/bpmp-tegra210.o
  CC      drivers/firmware/xilinx/zynqmp-ufs.o
  CC      drivers/firmware/smccc/soc_id.o
  CC      drivers/clocksource/arm_arch_timer.o
  CC      drivers/firmware/tegra/bpmp-tegra186.o
  CC      drivers/firmware/xilinx/zynqmp-crypto.o
  AR      drivers/firmware/smccc/built-in.a
  CC      drivers/firmware/xilinx/zynqmp-debug.o
  CC      drivers/firmware/tegra/bpmp-debugfs.o
  CC      drivers/clocksource/arm_arch_timer_mmio.o
  AR      drivers/firmware/xilinx/built-in.a
  CC      drivers/firmware/tegra/ivc.o
  CC      drivers/clocksource/timer-sp804.o
  CC      drivers/clocksource/dummy_timer.o
  CC      drivers/clocksource/timer-imx-sysctr.o
  CC      drivers/hid/hid-core.o
  AR      drivers/firmware/tegra/built-in.a
  AR      drivers/firmware/built-in.a
  CC      drivers/of/base.o
  CC      drivers/of/cpu.o
  AR      drivers/clocksource/built-in.a
  CC      drivers/platform/chrome/cros_ec.o
  CC      drivers/of/device.o
  CC      drivers/of/module.o
  CC      drivers/platform/chrome/cros_ec_spi.o
  CC      drivers/hid/hid-input.o
  CC      drivers/of/platform.o
  CC      drivers/of/property.o
  CC      drivers/platform/chrome/cros_ec_proto.o
  CC      drivers/of/kobj.o
  CC      drivers/of/dynamic.o
  CC      drivers/platform/chrome/cros_ec_trace.o
  CC      drivers/hid/hid-quirks.o
  CC      drivers/of/fdt.o
  CC      drivers/hid/hid-debug.o
  CC      drivers/platform/chrome/cros_ec_lightbar.o
  CC      drivers/platform/chrome/cros_ec_vbc.o
  AS      drivers/of/empty_root.dtb.o
  CC      drivers/of/fdt_address.o
  CC      drivers/hid/hid-generic.o
  CC      drivers/of/address.o
  CC      drivers/hid/usbhid/hid-core.o
  CC      drivers/platform/chrome/cros_ec_debugfs.o
  CC      drivers/platform/chrome/cros_ec_sensorhub.o
  CC      drivers/platform/chrome/cros_ec_sensorhub_ring.o
  CC      drivers/of/irq.o
  CC      drivers/platform/chrome/cros_ec_sysfs.o
  AR      drivers/hid/usbhid/built-in.a
  AR      drivers/hid/built-in.a
  CC      drivers/mailbox/mailbox.o
  CC      drivers/platform/chrome/cros_usbpd_notify.o
  CC      drivers/of/of_reserved_mem.o
  CC      drivers/of/resolver.o
  AR      drivers/platform/chrome/built-in.a
  AR      drivers/platform/built-in.a
  CC      drivers/hwspinlock/hwspinlock_core.o
  CC      drivers/mailbox/arm_mhu.o
  CC      drivers/of/overlay.o
  CC      drivers/of/of_numa.o
  CC      drivers/hwspinlock/qcom_hwspinlock.o
  CC      drivers/mailbox/arm_mhu_db.o
  CC      drivers/of/kexec.o
  CC      drivers/mailbox/platform_mhu.o
  AR      drivers/hwspinlock/built-in.a
  CC      drivers/remoteproc/remoteproc_core.o
  CC      drivers/mailbox/bcm2835-mailbox.o
  CC      drivers/mailbox/ti-msgmgr.o
  AR      drivers/of/built-in.a
  CC      drivers/rpmsg/rpmsg_core.o
  CC      drivers/mailbox/hi3660-mailbox.o
  CC      drivers/remoteproc/remoteproc_coredump.o
  CC      drivers/mailbox/hi6220-mailbox.o
  CC      drivers/rpmsg/rpmsg_ns.o
  CC      drivers/mailbox/qcom-apcs-ipc-mailbox.o
  CC      drivers/remoteproc/remoteproc_debugfs.o
  CC      drivers/mailbox/tegra-hsp.o
  CC      drivers/rpmsg/qcom_glink_native.o
  CC      drivers/mailbox/zynqmp-ipi-mailbox.o
  CC      drivers/remoteproc/remoteproc_sysfs.o
  CC      drivers/mailbox/sun6i-msgbox.o
  CC      drivers/rpmsg/qcom_glink_ssr.o
  CC      drivers/mailbox/qcom-ipcc.o
  CC      drivers/remoteproc/remoteproc_virtio.o
  CC      drivers/mailbox/cix-mailbox.o
  CC      drivers/rpmsg/qcom_glink_rpm.o
  CC      drivers/rpmsg/qcom_smd.o
  CC      drivers/remoteproc/remoteproc_elf_loader.o
  CC      drivers/rpmsg/virtio_rpmsg_bus.o
  AR      drivers/mailbox/built-in.a
  CC      drivers/devfreq/devfreq.o
  CC      drivers/devfreq/devfreq-event.o
  CC      drivers/remoteproc/imx_rproc.o
  AR      drivers/rpmsg/built-in.a
  CC      drivers/extcon/extcon.o
  CC      drivers/devfreq/governor_simpleondemand.o
  CC      drivers/devfreq/governor_userspace.o
  AR      drivers/remoteproc/built-in.a
  CC      drivers/devfreq/imx-bus.o
  CC      drivers/memory/fsl_ifc.o
  CC      drivers/extcon/devres.o
  CC      drivers/extcon/extcon-usb-gpio.o
  CC      drivers/extcon/extcon-usbc-cros-ec.o
  AR      drivers/devfreq/built-in.a
  CC      drivers/iio/industrialio-core.o
  CC      drivers/memory/mtk-smi.o
  CC      drivers/iio/industrialio-event.o
  AR      drivers/extcon/built-in.a
  CC      drivers/perf/arm_pmu.o
  CC      drivers/iio/inkern.o
  CC      drivers/iio/industrialio-buffer.o
  CC      drivers/memory/tegra/mc.o
  CC      drivers/perf/arm_pmu_platform.o
  CC      drivers/memory/tegra/tegra124.o
  CC      drivers/iio/industrialio-trigger.o
  CC      drivers/iio/adc/meson_saradc.o
  CC      drivers/memory/tegra/tegra210.o
  CC      drivers/perf/arm_pmuv3.o
  CC      drivers/perf/arm_brbe.o
  CC      drivers/memory/tegra/tegra186.o
  AR      drivers/iio/adc/built-in.a
  AR      drivers/iio/built-in.a
  CC      drivers/ras/ras.o
  CC      drivers/perf/apple_m1_cpu_pmu.o
  CC      drivers/memory/tegra/tegra234.o
  CC      drivers/ras/debugfs.o
  CC      drivers/memory/tegra/tegra238.o
  CC      drivers/memory/tegra/tegra264.o
  AR      drivers/ras/built-in.a
  CC      drivers/nvmem/core.o
  AR      drivers/perf/built-in.a
  CC      drivers/fpga/fpga-mgr.o
  CC      drivers/memory/tegra/tegra186-emc.o
  CC      drivers/tee/tee_core.o
  CC      drivers/nvmem/layouts.o
  AR      drivers/memory/tegra/built-in.a
  AR      drivers/memory/built-in.a
  CC      drivers/mux/core.o
  AR      drivers/fpga/built-in.a
  CC      drivers/interconnect/core.o
  CC      drivers/nvmem/layouts/fixed-layout.o
  CC      drivers/mux/mmio.o
  CC      drivers/tee/tee_heap.o
  AR      drivers/nvmem/layouts/built-in.a
  CC      drivers/nvmem/bcm-ocotp.o
  CC      drivers/interconnect/bulk.o
  AR      drivers/mux/built-in.a
  CC      drivers/interconnect/debugfs-client.o
  CC      drivers/tee/tee_shm.o
  CC      drivers/interconnect/imx/imx.o
  CC      drivers/nvmem/imx-ocotp.o
  CC      drivers/interconnect/imx/imx8mp.o
  CC      drivers/interconnect/qcom/icc-common.o
  CC      drivers/tee/tee_shm_pool.o
  AR      drivers/interconnect/imx/built-in.a
  CC      drivers/interconnect/icc-clk.o
  CC      drivers/nvmem/mtk-efuse.o
  CC      drivers/interconnect/qcom/msm8953.o
  CC      drivers/interconnect/qcom/msm8996.o
  CC      drivers/nvmem/qfprom.o
  CC      drivers/tee/optee/core.o
  CC      drivers/interconnect/qcom/sm6115.o
  CC      drivers/interconnect/qcom/qcm2290.o
  CC      drivers/nvmem/rockchip-efuse.o
  CC      drivers/tee/optee/call.o
  CC      drivers/interconnect/qcom/smd-rpm.o
  CC      drivers/interconnect/qcom/icc-rpm.o
  CC      drivers/nvmem/rockchip-otp.o
  CC      drivers/interconnect/qcom/icc-rpm-clocks.o
  CC      drivers/tee/optee/notif.o
  CC      drivers/tee/optee/rpc.o
  AR      drivers/interconnect/qcom/built-in.a
  AR      drivers/interconnect/built-in.a
  CC      drivers/tee/optee/protmem.o
  CC      drivers/nvmem/snvs_lpgpr.o
  CC      drivers/tee/optee/supp.o
  CC      drivers/tee/optee/device.o
  CC      drivers/nvmem/uniphier-efuse.o
  CC      drivers/tee/optee/smc_abi.o
  CC      drivers/tee/optee/ffa_abi.o
  AR      drivers/nvmem/built-in.a
  AR      drivers/tee/optee/built-in.a
  AR      drivers/tee/built-in.a
  AR      drivers/built-in.a
  AR      built-in.a
  AR      built-in-fixup.a
  COPY    vmlinux.a
  LD      vmlinux.o
  MODPOST vmlinux.symvers
  CC      .vmlinux.export.o
  UPD     include/generated/utsversion.h
  CC      init/version-timestamp.o
  KSYMS   .tmp_vmlinux0.kallsyms.S
  AS      .tmp_vmlinux0.kallsyms.o
  LD      .tmp_vmlinux1
  NM      .tmp_vmlinux1.syms
  KSYMS   .tmp_vmlinux1.kallsyms.S
  AS      .tmp_vmlinux1.kallsyms.o
  LD      .tmp_vmlinux2
  NM      .tmp_vmlinux2.syms
  KSYMS   .tmp_vmlinux2.kallsyms.S
  AS      .tmp_vmlinux2.kallsyms.o
  LD      vmlinux.unstripped
  NM      System.map
  SORTTAB vmlinux.unstripped
  OBJCOPY vmlinux
  GEN     modules.builtin.modinfo
  GEN     modules.builtin
  OBJCOPY arch/arm64/boot/Image
make[5]: Leaving directory '/mnt/git-volume/kernel-test-mainline/build/randdefnsconfig-arm64'
make[4]: Leaving directory '/mnt/git-volume/linux-mainline'
