make[2]: Entering directory '/home/benni/git/linux'
make[3]: Entering directory '/home/benni/git/kernel-test/build/randdefconfig-x86_64'
*** Default configuration is based on 'x86_64_defconfig'
#
# configuration written to .config
#
make[3]: Leaving directory '/home/benni/git/kernel-test/build/randdefconfig-x86_64'
make[2]: Leaving directory '/home/benni/git/linux'
make[2]: Entering directory '/home/benni/git/linux'
make[3]: Entering directory '/home/benni/git/kernel-test/build/randdefconfig-x86_64'
.config:5483:warning: override: reassigning to symbol NET_VENDOR_XILINX
.config:5484:warning: override: reassigning to symbol ARCH_HIBERNATION_HEADER
.config:5485:warning: override: reassigning to symbol BLK_DEV_IO_TRACE
.config:5486:warning: override: reassigning to symbol ARCH_HAS_NON_OVERLAPPING_ADDRESS_SPACE
.config:5487:warning: override: reassigning to symbol MODULES
.config:5488:warning: override: reassigning to symbol EFI_DXE_MEM_ATTRIBUTES
.config:5489:warning: override: reassigning to symbol PHYLIB
.config:5490:warning: override: reassigning to symbol MISC_FILESYSTEMS
.config:5491:warning: override: reassigning to symbol ARCH_SUPPORTS_KEXEC_HANDOVER
.config:5492:warning: override: reassigning to symbol SND_HDA_I915
.config:5493:warning: override: reassigning to symbol NET_VENDOR_EZCHIP
.config:5494:warning: override: reassigning to symbol GENERIC_PT
.config:5495:warning: override: reassigning to symbol HAVE_MIXED_BREAKPOINTS_REGS
.config:5496:warning: override: reassigning to symbol SND_PCI
.config:5497:warning: override: reassigning to symbol PAGE_COUNTER
.config:5498:warning: override: reassigning to symbol ARCH_HAS_FORTIFY_SOURCE
.config:5499:warning: override: reassigning to symbol DECOMPRESS_LZMA
.config:5500:warning: override: reassigning to symbol NET_FAILOVER
.config:5501:warning: override: reassigning to symbol HID_GENERIC
.config:5502:warning: override: reassigning to symbol ARCH_WANTS_DYNAMIC_TASK_STRUCT
.config:5503:warning: override: reassigning to symbol CGROUPS
.config:5504:warning: override: reassigning to symbol SERIAL_8250_DWLIB
.config:5505:warning: override: reassigning to symbol LOCKD_V4
.config:5506:warning: override: reassigning to symbol UPROBE_EVENTS
.config:5507:warning: override: reassigning to symbol ZISOFS
.config:5508:warning: override: reassigning to symbol STACKTRACE
.config:5509:warning: override: reassigning to symbol WLAN_VENDOR_ST
.config:5510:warning: override: reassigning to symbol USB_EHCI_TT_NEWSCHED
.config:5511:warning: override: reassigning to symbol BACKLIGHT_CLASS_DEVICE
.config:5512:warning: override: reassigning to symbol SERIAL_8250_DETECT_IRQ
.config:5513:warning: override: reassigning to symbol KERNEL_GZIP
.config:5514:warning: override: reassigning to symbol HAVE_IRQ_EXIT_ON_IRQ_STACK
.config:5515:warning: override: reassigning to symbol MII
.config:5516:warning: override: reassigning to symbol NF_CONNTRACK_FTP
.config:5517:warning: override: reassigning to symbol BLOCK_LEGACY_AUTOLOAD
.config:5518:warning: override: reassigning to symbol HIBERNATION_COMP_LZO
.config:5519:warning: override: reassigning to symbol INPUT
.config:5520:warning: override: reassigning to symbol HAVE_POSIX_CPU_TIMERS_TASK_WORK
.config:5521:warning: override: reassigning to symbol ACPI_SPCR_TABLE
.config:5522:warning: override: reassigning to symbol X86_REQUIRED_FEATURE_FXSR
.config:5523:warning: override: reassigning to symbol SECURITY_SELINUX
.config:5524:warning: override: reassigning to symbol NET_VENDOR_SUN
.config:5525:warning: override: reassigning to symbol ACPI_PROCESSOR_IDLE
.config:5526:warning: override: reassigning to symbol DRM_VIRTIO_GPU
.config:5527:warning: override: reassigning to symbol SND_SEQ_DEVICE
.config:5528:warning: override: reassigning to symbol CRYPTO_MANAGER
.config:5529:warning: override: reassigning to symbol INTERVAL_TREE
.config:5530:warning: override: reassigning to symbol HAVE_KERNEL_BZIP2
.config:5531:warning: override: reassigning to symbol ARCH_MAY_HAVE_PC_FDC
.config:5532:warning: override: reassigning to symbol NET_CLS_CGROUP
.config:5533:warning: override: reassigning to symbol RFKILL_INPUT
.config:5534:warning: override: reassigning to symbol WLAN_VENDOR_BROADCOM
.config:5535:warning: override: reassigning to symbol EFI_MIXED
.config:5536:warning: override: reassigning to symbol CC_HAS_COUNTED_BY_PTR
.config:5537:warning: override: reassigning to symbol SCREEN_INFO
.config:5538:warning: override: reassigning to symbol X86_DISABLED_FEATURE_TDX_GUEST
.config:5539:warning: override: reassigning to symbol IP_MULTICAST
.config:5540:warning: override: reassigning to symbol SLUB
.config:5541:warning: override: reassigning to symbol GENERIC_IRQ_ENTRY
.config:5542:warning: override: reassigning to symbol X86_AMD_PSTATE
.config:5543:warning: override: reassigning to symbol GENERIC_STRNCPY_FROM_USER
.config:5544:warning: override: reassigning to symbol ELFCORE
.config:5545:warning: override: reassigning to symbol HAVE_SOFTIRQ_ON_OWN_STACK
.config:5546:warning: override: reassigning to symbol CRYPTO_SIG2
.config:5547:warning: override: reassigning to symbol HAVE_ARCH_SECCOMP_FILTER
.config:5548:warning: override: reassigning to symbol IP_MROUTE_COMMON
.config:5549:warning: override: reassigning to symbol DEBUG_ENTRY
.config:5550:warning: override: reassigning to symbol X86_ACPI_CPUFREQ_CPB
.config:5551:warning: override: reassigning to symbol PRINTK
.config:5552:warning: override: reassigning to symbol THERMAL_GOV_STEP_WISE
.config:5553:warning: override: reassigning to symbol IRQ_REMAP
.config:5554:warning: override: reassigning to symbol NF_CONNTRACK_SECMARK
.config:5555:warning: override: reassigning to symbol HAVE_ARCH_PREL32_RELOCATIONS
.config:5556:warning: override: reassigning to symbol HAVE_PREEMPT_DYNAMIC
.config:5557:warning: override: reassigning to symbol HAVE_KERNEL_LZO
.config:5558:warning: override: reassigning to symbol X86_NEED_RELOCS
.config:5559:warning: override: reassigning to symbol GENERIC_IOMAP
.config:5560:warning: override: reassigning to symbol ATA_SFF
.config:5561:warning: override: reassigning to symbol HAVE_FUNCTION_ERROR_INJECTION
.config:5562:warning: override: reassigning to symbol NF_LOG_IPV6
.config:5563:warning: override: reassigning to symbol NFS_ACL_SUPPORT
.config:5564:warning: override: reassigning to symbol PNFS_FLEXFILE_LAYOUT
.config:5565:warning: override: reassigning to symbol HID_NTRIG
.config:5566:warning: override: reassigning to symbol MQ_IOSCHED_KYBER
.config:5567:warning: override: reassigning to symbol COREDUMP
.config:5568:warning: override: reassigning to symbol RFS_ACCEL
.config:5569:warning: override: reassigning to symbol HAVE_INTEL_TXT
.config:5570:warning: override: reassigning to symbol VIDEO
.config:5571:warning: override: reassigning to symbol USB_UHCI_HCD
.config:5572:warning: override: reassigning to symbol AUDIT
.config:5573:warning: override: reassigning to symbol EXT4_FS_SECURITY
.config:5574:warning: override: reassigning to symbol HAVE_NMI
.config:5575:warning: override: reassigning to symbol CDROM
.config:5576:warning: override: reassigning to symbol CC_HAS_ASM_INLINE
.config:5577:warning: override: reassigning to symbol FW_LOADER
.config:5578:warning: override: reassigning to symbol NF_NAT_IRC
.config:5579:warning: override: reassigning to symbol GENERIC_VDSO_OVERFLOW_PROTECT
.config:5580:warning: override: reassigning to symbol NET_9P_FD
.config:5581:warning: override: reassigning to symbol TICK_ONESHOT
.config:5582:warning: override: reassigning to symbol EFI_RUNTIME_WRAPPERS
.config:5583:warning: override: reassigning to symbol IRQ_MSI_LIB
.config:5584:warning: override: reassigning to symbol LZ4_DECOMPRESS
.config:5585:warning: override: reassigning to symbol PID_NS
.config:5586:warning: override: reassigning to symbol CC_HAS_KASAN_SW_TAGS
.config:5587:warning: override: reassigning to symbol LEGACY_VSYSCALL_XONLY
.config:5588:warning: override: reassigning to symbol NETFILTER_XT_MATCH_POLICY
.config:5589:warning: override: reassigning to symbol ACPI_DEBUG
.config:5590:warning: override: reassigning to symbol X86_PLATFORM_DEVICES
.config:5591:warning: override: reassigning to symbol HAS_DMA
.config:5592:warning: override: reassigning to symbol CRYPTO
.config:5593:warning: override: reassigning to symbol HAVE_ARCH_TRANSPARENT_HUGEPAGE_PUD
.config:5594:warning: override: reassigning to symbol IOSF_MBI
.config:5595:warning: override: reassigning to symbol ARCH_HAS_ELFCORE_COMPAT
.config:5596:warning: override: reassigning to symbol UNIX
.config:5597:warning: override: reassigning to symbol PM_TRACE_RTC
.config:5598:warning: override: reassigning to symbol X86_UMIP
.config:5599:warning: override: reassigning to symbol POSIX_MQUEUE
.config:5600:warning: override: reassigning to symbol NF_NAT_MASQUERADE
.config:5601:warning: override: reassigning to symbol HPET
.config:5602:warning: override: reassigning to symbol NET_CLS
.config:5603:warning: override: reassigning to symbol LEGACY_TIOCSTI
.config:5604:warning: override: reassigning to symbol ARCH_HAS_COPY_MC
.config:5605:warning: override: reassigning to symbol HWMON
.config:5606:warning: override: reassigning to symbol ACPI_LEGACY_TABLES_LOOKUP
.config:5607:warning: override: reassigning to symbol INET_TUNNEL
.config:5608:warning: override: reassigning to symbol STANDALONE
.config:5609:warning: override: reassigning to symbol UID16
.config:5610:warning: override: reassigning to symbol CPU_ISOLATION
.config:5611:warning: override: reassigning to symbol NEED_PER_CPU_PAGE_FIRST_CHUNK
.config:5612:warning: override: reassigning to symbol MITIGATION_ITS
.config:5613:warning: override: reassigning to symbol ARCH_CPUIDLE_HALTPOLL
.config:5614:warning: override: reassigning to symbol ACPI_EC
.config:5615:warning: override: reassigning to symbol VIRTIO_PCI_LIB
.config:5616:warning: override: reassigning to symbol PM
.config:5617:warning: override: reassigning to symbol SECURITY_SELINUX_DEVELOP
.config:5618:warning: override: reassigning to symbol ARCH_PROC_KCORE_TEXT
.config:5619:warning: override: reassigning to symbol NETFILTER_XTABLES
.config:5620:warning: override: reassigning to symbol DRM_PANEL_BRIDGE
.config:5621:warning: override: reassigning to symbol DRM_DISPLAY_DP_HELPER
.config:5622:warning: override: reassigning to symbol HAVE_ASM_MODVERSIONS
.config:5623:warning: override: reassigning to symbol CC_HAS_WORKING_NOSANITIZE_ADDRESS
.config:5624:warning: override: reassigning to symbol X86_CPUID
.config:5625:warning: override: reassigning to symbol CALL_PADDING
.config:5626:warning: override: reassigning to symbol CC_OPTIMIZE_FOR_PERFORMANCE
.config:5627:warning: override: reassigning to symbol HAVE_OBJTOOL_MCOUNT
.config:5628:warning: override: reassigning to symbol REGMAP
.config:5629:warning: override: reassigning to symbol GENERIC_IRQ_RESERVATION_MODE
.config:5630:warning: override: reassigning to symbol NET_PTP_CLASSIFY
.config:5631:warning: override: reassigning to symbol E1000E_HWTS
.config:5632:warning: override: reassigning to symbol NET_VENDOR_MICROCHIP
.config:5633:warning: override: reassigning to symbol EARLY_PRINTK_DBGP
.config:5634:warning: override: reassigning to symbol DMA_NEED_SYNC
.config:5635:warning: override: reassigning to symbol CRYPTO_LIB_AES_ARCH
.config:5636:warning: override: reassigning to symbol MITIGATION_CALL_DEPTH_TRACKING
.config:5637:warning: override: reassigning to symbol SERIAL_8250_EXAR
.config:5638:warning: override: reassigning to symbol NET_VENDOR_FUNGIBLE
.config:5639:warning: override: reassigning to symbol USB_COMMON
.config:5640:warning: override: reassigning to symbol INITRAMFS_PRESERVE_MTIME
.config:5641:warning: override: reassigning to symbol EFI_PARTITION
.config:5642:warning: override: reassigning to symbol RCU_STALL_COMMON
.config:5643:warning: override: reassigning to symbol WLAN_VENDOR_ZYDAS
.config:5644:warning: override: reassigning to symbol X86_BUS_LOCK_DETECT
.config:5645:warning: override: reassigning to symbol I2C_BOARDINFO
.config:5646:warning: override: reassigning to symbol SND_SEQ_HRTIMER_DEFAULT
.config:5647:warning: override: reassigning to symbol GENERIC_CLOCKEVENTS_COUPLED
.config:5648:warning: override: reassigning to symbol DRM_BRIDGE
.config:5649:warning: override: reassigning to symbol HAVE_KERNEL_LZ4
.config:5650:warning: override: reassigning to symbol SATA_AHCI
.config:5651:warning: override: reassigning to symbol IO_WQ
.config:5652:warning: override: reassigning to symbol PHY_PACKAGE
.config:5653:warning: override: reassigning to symbol SYSCTL
.config:5654:warning: override: reassigning to symbol SCSI_PROC_FS
.config:5655:warning: override: reassigning to symbol USB_OHCI_HCD_PCI
.config:5656:warning: override: reassigning to symbol IRQ_DOMAIN
.config:5657:warning: override: reassigning to symbol NET_EGRESS
.config:5658:warning: override: reassigning to symbol X86_MCE_THRESHOLD
.config:5659:warning: override: reassigning to symbol EXCLUSIVE_SYSTEM_RAM
.config:5660:warning: override: reassigning to symbol I2C_HID
.config:5661:warning: override: reassigning to symbol FUTEX_ROBUST_UNLOCK
.config:5662:warning: override: reassigning to symbol I2C_ALGOBIT
.config:5663:warning: override: reassigning to symbol LEDS_CLASS
.config:5664:warning: override: reassigning to symbol PADATA
.config:5665:warning: override: reassigning to symbol LDISC_AUTOLOAD
.config:5666:warning: override: reassigning to symbol X86_REQUIRED_FEATURE_CMOV
.config:5667:warning: override: reassigning to symbol RD_XZ
.config:5668:warning: override: reassigning to symbol GENERIC_IRQ_PROBE
.config:5669:warning: override: reassigning to symbol I8253_LOCK
.config:5670:warning: override: reassigning to symbol IP_NF_IPTABLES
.config:5671:warning: override: reassigning to symbol NO_HZ_COMMON
.config:5672:warning: override: reassigning to symbol DRM_CLIENT_SELECTION
.config:5673:warning: override: reassigning to symbol ARCH_HAS_NMI_SAFE_THIS_CPU_OPS
.config:5674:warning: override: reassigning to symbol SND_HRTIMER
.config:5675:warning: override: reassigning to symbol FIB_RULES
.config:5676:warning: override: reassigning to symbol HAVE_UNSTABLE_SCHED_CLOCK
.config:5677:warning: override: reassigning to symbol SYN_COOKIES
.config:5678:warning: override: reassigning to symbol ARCH_SPARSEMEM_ENABLE
.config:5679:warning: override: reassigning to symbol DECOMPRESS_LZ4
.config:5680:warning: override: reassigning to symbol PNFS_BLOCK
.config:5681:warning: override: reassigning to symbol NET_VENDOR_NATSEMI
.config:5682:warning: override: reassigning to symbol HAVE_ARCH_SECCOMP
.config:5683:warning: override: reassigning to symbol NETFILTER_EGRESS
.config:5684:warning: override: reassigning to symbol X86_REROUTE_FOR_BROKEN_BOOT_IRQS
.config:5685:warning: override: reassigning to symbol LZO_DECOMPRESS
.config:5686:warning: override: reassigning to symbol CRYPTO_KRB5
.config:5687:warning: override: reassigning to symbol FUTEX
.config:5688:warning: override: reassigning to symbol DRM_MIPI_DSI
.config:5689:warning: override: reassigning to symbol FS_MBCACHE
.config:5690:warning: override: reassigning to symbol RTC_LIB
.config:5691:warning: override: reassigning to symbol IO_URING_ZCRX
.config:5692:warning: override: reassigning to symbol ARCH_WANT_OPTIMIZE_DAX_VMEMMAP
.config:5693:warning: override: reassigning to symbol HAVE_ARCH_COMPAT_MMAP_BASES
.config:5694:warning: override: reassigning to symbol ARCH_HAS_CPU_ATTACK_VECTORS
.config:5695:warning: override: reassigning to symbol HAVE_ARCH_KMSAN
.config:5696:warning: override: reassigning to symbol SND_PROC_FS
.config:5697:warning: override: reassigning to symbol DUMMY_CONSOLE
.config:5698:warning: override: reassigning to symbol ARCH_HAS_PREEMPT_LAZY
.config:5699:warning: override: reassigning to symbol PCCARD_NONSTATIC
.config:5700:warning: override: reassigning to symbol X86_DISABLED_FEATURE_K6_MTRR
.config:5701:warning: override: reassigning to symbol HAVE_VIRT_CPU_ACCOUNTING_GEN
.config:5702:warning: override: reassigning to symbol GENERIC_IRQ_SHOW
.config:5703:warning: override: reassigning to symbol NET_VENDOR_CHELSIO
.config:5704:warning: override: reassigning to symbol DIMLIB
.config:5705:warning: override: reassigning to symbol NET_VENDOR_TEHUTI
.config:5706:warning: override: reassigning to symbol CRYPTO_HASH2
.config:5707:warning: override: reassigning to symbol BRANCH_PROFILE_NONE
.config:5708:warning: override: reassigning to symbol ACPI_SLEEP
.config:5709:warning: override: reassigning to symbol HAVE_ARCH_KCSAN
.config:5710:warning: override: reassigning to symbol BLK_DEV_LOOP
.config:5711:warning: override: reassigning to symbol PREEMPT_RCU
.config:5712:warning: override: reassigning to symbol ACPI_CONTAINER
.config:5713:warning: override: reassigning to symbol SECTION_MISMATCH_WARN_ONLY
.config:5714:warning: override: reassigning to symbol NETFILTER_INGRESS
.config:5715:warning: override: reassigning to symbol SND_INTEL_NHLT
.config:5716:warning: override: reassigning to symbol DEVTMPFS_MOUNT
.config:5717:warning: override: reassigning to symbol CPU_FREQ_DEFAULT_GOV_USERSPACE
.config:5718:warning: override: reassigning to symbol XZ_DEC_ARM64
.config:5719:warning: override: reassigning to symbol DRM_DISPLAY_HDCP_HELPER
.config:5720:warning: override: reassigning to symbol ARCH_WANTS_THP_SWAP
.config:5721:warning: override: reassigning to symbol CRYPTO_ACOMP2
.config:5722:warning: override: reassigning to symbol CRC16
.config:5723:warning: override: reassigning to symbol DEFAULT_SECURITY_SELINUX
.config:5724:warning: override: reassigning to symbol IOMMU_SUPPORT
.config:5725:warning: override: reassigning to symbol ACPI_PRMT
.config:5726:warning: override: reassigning to symbol MMCONF_FAM10H
.config:5727:warning: override: reassigning to symbol X86_64
.config:5728:warning: override: reassigning to symbol CPU_FREQ_GOV_PERFORMANCE
.config:5729:warning: override: reassigning to symbol IP_PIMSM_V1
.config:5730:warning: override: reassigning to symbol SCSI_CONSTANTS
.config:5731:warning: override: reassigning to symbol SYMBOLIC_ERRNAME
.config:5732:warning: override: reassigning to symbol ACPI_PROCESSOR
.config:5733:warning: override: reassigning to symbol SCHED_MC_PRIO
.config:5734:warning: override: reassigning to symbol MOUSE_PS2_TRACKPOINT
.config:5735:warning: override: reassigning to symbol CRYPTO_SKCIPHER2
.config:5736:warning: override: reassigning to symbol X86_REQUIRED_FEATURE_SYSFAST32
.config:5737:warning: override: reassigning to symbol SCHED_CLUSTER
.config:5738:warning: override: reassigning to symbol HAVE_MOVE_PMD
.config:5739:warning: override: reassigning to symbol AS_WRUSS
.config:5740:warning: override: reassigning to symbol KVM_GUEST
.config:5741:warning: override: reassigning to symbol CRASH_DUMP
.config:5742:warning: override: reassigning to symbol SPLIT_PMD_PTLOCKS
.config:5743:warning: override: reassigning to symbol ATA
.config:5744:warning: override: reassigning to symbol PTP_1588_CLOCK_OPTIONAL
.config:5745:warning: override: reassigning to symbol SND_JACK
.config:5746:warning: override: reassigning to symbol HAS_IOPORT
.config:5747:warning: override: reassigning to symbol ARCH_SUPPORTS_KEXEC_BZIMAGE_VERIFY_SIG
.config:5748:warning: override: reassigning to symbol HAVE_PCSPKR_PLATFORM
.config:5749:warning: override: reassigning to symbol SYSVIPC
.config:5750:warning: override: reassigning to symbol ARCH_WANT_BATCHED_UNMAP_TLB_FLUSH
.config:5751:warning: override: reassigning to symbol LOCALVERSION_AUTO
.config:5752:warning: override: reassigning to symbol NEED_SG_DMA_LENGTH
.config:5753:warning: override: reassigning to symbol SOFTIRQ_ON_OWN_STACK
.config:5754:warning: override: reassigning to symbol NEED_TASKS_RCU
.config:5755:warning: override: reassigning to symbol MD_AUTODETECT
.config:5756:warning: override: reassigning to symbol HAVE_PV_STEAL_CLOCK_GEN
.config:5757:warning: override: reassigning to symbol MTRR
.config:5758:warning: override: reassigning to symbol X86_THERMAL_VECTOR
.config:5759:warning: override: reassigning to symbol TRACING
.config:5760:warning: override: reassigning to symbol SCHED_MC
.config:5761:warning: override: reassigning to symbol HZ_1000
.config:5762:warning: override: reassigning to symbol RUNTIME_TESTING_MENU
.config:5763:warning: override: reassigning to symbol CRYPTO_AEAD
.config:5764:warning: override: reassigning to symbol ACPI_MDIO
.config:5765:warning: override: reassigning to symbol SYNC_FILE
.config:5766:warning: override: reassigning to symbol HAVE_ACPI_APEI
.config:5767:warning: override: reassigning to symbol GENERIC_SYSCALL
.config:5768:warning: override: reassigning to symbol CRYPTO_SEQIV
.config:5769:warning: override: reassigning to symbol SERIAL_8250_PCI
.config:5770:warning: override: reassigning to symbol HALTPOLL_CPUIDLE
.config:5771:warning: override: reassigning to symbol CC_HAS_ZERO_CALL_USED_REGS
.config:5772:warning: override: reassigning to symbol KALLSYMS
.config:5773:warning: override: reassigning to symbol ZONE_DMA
.config:5774:warning: override: reassigning to symbol PROC_PAGE_MONITOR
.config:5775:warning: override: reassigning to symbol CGROUP_PERF
.config:5776:warning: override: reassigning to symbol USB_PRINTER
.config:5777:warning: override: reassigning to symbol HAVE_CMPXCHG_DOUBLE
.config:5778:warning: override: reassigning to symbol CC_NO_STRINGOP_OVERFLOW
.config:5779:warning: override: reassigning to symbol SND_HDA_HWDEP
.config:5780:warning: override: reassigning to symbol CRC_OPTIMIZATIONS
.config:5781:warning: override: reassigning to symbol IOMMU_PT
.config:5782:warning: override: reassigning to symbol RT_MUTEXES
.config:5796:warning: override: reassigning to symbol PRINTK
.config:5800:warning: override: reassigning to symbol TTY
.config:5801:warning: override: reassigning to symbol SERIAL_8250
.config:5802:warning: override: reassigning to symbol SERIAL_8250_CONSOLE
.config:5811:warning: override: reassigning to symbol BLK_DEV_INITRD
.config:5812:warning: override: reassigning to symbol RD_GZIP
.config:5815:warning: override: reassigning to symbol BINFMT_ELF
.config:5816:warning: override: reassigning to symbol BINFMT_SCRIPT
.config:5819:warning: override: reassigning to symbol TMPFS
.config:5825:warning: override: reassigning to symbol KERNEL_GZIP
.config:5828:warning: override: reassigning to symbol DRM
.config:5829:warning: override: reassigning to symbol SOUND
.config:5830:warning: override: reassigning to symbol STAGING
.config:5831:warning: override: reassigning to symbol INFINIBAND
.config:5832:warning: override: reassigning to symbol MEDIA_SUPPORT
#
# configuration written to .config
#
make[3]: Leaving directory '/home/benni/git/kernel-test/build/randdefconfig-x86_64'
make[2]: Leaving directory '/home/benni/git/linux'
make[2]: Entering directory '/home/benni/git/linux'
make[3]: Entering directory '/home/benni/git/kernel-test/build/randdefconfig-x86_64'
  SYNC    include/config/auto.conf
  UPD     arch/x86/include/generated/asm/cpufeaturemasks.h
  HOSTCC  scripts/sorttable.o
  HOSTCC  scripts/tracepoint-update.o
  DESCEND objtool
  HOSTLD  scripts/tracepoint-update
  HOSTLD  scripts/sorttable
  CC      scripts/mod/empty.o
  CC      scripts/mod/devicetable-offsets.s
  MKELF   scripts/mod/elfconfig.h
  HOSTCC  scripts/mod/modpost.o
  HOSTCC  scripts/mod/sumversion.o
  HOSTCC  scripts/mod/symsearch.o
  HOSTCC  scripts/mod/file2alias.o
  HOSTLD  scripts/mod/modpost
  CC      kernel/bounds.s
  UPD     include/generated/timeconst.h
  CC      arch/x86/kernel/asm-offsets.s
  UPD     include/generated/asm-offsets.h
  CC      kernel/sched/rq-offsets.s
  UPD     include/generated/rq-offsets.h
  CALL    /home/benni/git/linux/scripts/checksyscalls.sh 
  GEN     usr/initramfs_data.cpio
  AR      ipc/built-in.a
  CC      certs/system_keyring.o
  AS      arch/x86/boot/startup/la57toggle.o
  CC      arch/x86/realmode/init.o
  AS      arch/x86/entry/entry.o
  CC      arch/x86/events/core.o
  CC      init/main.o
  COPY    usr/initramfs_inc_data
  AS      usr/initramfs_data.o
  AS      arch/x86/lib/bhi.o
  CC      arch/x86/boot/startup/gdt_idt.o
  AS      arch/x86/entry/entry_64.o
  CC      security/keys/gc.o
  AR      usr/built-in.a
  AS      arch/x86/lib/clear_page_64.o
  CC      block/bdev.o
  CC      arch/x86/lib/cmdline.o
  CC      io_uring/io_uring.o
  CC      io_uring/opdef.o
  CC      arch/x86/entry/syscall_64.o
  CC      crypto/api.o
  CC      lib/argv_split.o
  CC      fs/open.o
  CC      mm/filemap.o
  CC      kernel/fork.o
  AS      arch/x86/lib/cmpxchg16b_emu.o
  CC      arch/x86/lib/copy_mc.o
  AS      certs/system_certificates.o
  CC      arch/x86/boot/startup/map_kernel.o
  AR      certs/built-in.a
  CC      mm/mempool.o
  CC      lib/bug.o
  AS      arch/x86/realmode/rm/header.o
  AS      arch/x86/lib/copy_mc_64.o
  AS      arch/x86/realmode/rm/trampoline_64.o
  AR      arch/x86/boot/startup/lib.a
  AS      arch/x86/lib/copy_page_64.o
  AS      arch/x86/realmode/rm/stack.o
  OBJCOPY arch/x86/boot/startup/gdt_idt.pi.o
  OBJCOPY arch/x86/boot/startup/map_kernel.pi.o
  AR      arch/x86/boot/startup/built-in.a
  AS      arch/x86/realmode/rm/reboot.o
  AS      arch/x86/lib/copy_user_64.o
  CC      fs/read_write.o
  AS      arch/x86/realmode/rm/wakeup_asm.o
  CC      security/keys/key.o
  AS      arch/x86/lib/copy_user_uncached_64.o
  CC      arch/x86/realmode/rm/wakemain.o
  CC      arch/x86/lib/cpu.o
  CC      crypto/cipher.o
  CC      block/fops.o
  CC      arch/x86/realmode/rm/video-mode.o
  AS      arch/x86/realmode/rm/copy.o
  CC      arch/x86/realmode/rm/regs.o
  CC      arch/x86/entry/common.o
  CC      arch/x86/realmode/rm/video-vga.o
  CC      lib/buildid.o
  CC      io_uring/kbuf.o
  CC      arch/x86/realmode/rm/video-vesa.o
  UPD     init/utsversion-tmp.h
  CC      init/do_mounts.o
  CC      arch/x86/realmode/rm/video-bios.o
  AS      arch/x86/kernel/head_64.o
  CC      arch/x86/kernel/head64.o
  PASYMS  arch/x86/realmode/rm/pasyms.h
  AS      arch/x86/lib/csum-copy_64.o
  LDS     arch/x86/realmode/rm/realmode.lds
  CC      arch/x86/events/probe.o
  AR      drivers/irqchip/built-in.a
  LD      arch/x86/realmode/rm/realmode.elf
  CC      arch/x86/lib/csum-partial_64.o
  RELOCS  arch/x86/realmode/rm/realmode.relocs
  OBJCOPY arch/x86/realmode/rm/realmode.bin
  AS      arch/x86/realmode/rmpiggy.o
  CC      drivers/leds/led-core.o
  AR      arch/x86/realmode/built-in.a
  CC      crypto/algapi.o
  CC      arch/x86/events/utils.o
  CC      arch/x86/lib/csum-wrappers_64.o
  CC      security/keys/keyring.o
  CC      mm/oom_kill.o
  CC      lib/clz_tab.o
  CC      lib/cmdline.o
  CC      block/bio.o
  CC      arch/x86/entry/vdso/vma.o
  CC      arch/x86/lib/delay.o
  CC      lib/cpumask.o
  CC      arch/x86/kernel/ebda.o
  CC      fs/file_table.o
  CC      kernel/exec_domain.o
  CC      arch/x86/kernel/platform-quirks.o
  AR      drivers/leds/built-in.a
  CC      arch/x86/entry/vsyscall/vsyscall_64.o
  AS      arch/x86/lib/getuser.o
  CC      drivers/pci/access.o
  CC      arch/x86/lib/inat.o
  CC      arch/x86/events/rapl.o
  CC      init/do_mounts_initrd.o
  CC      arch/x86/lib/insn-eval.o
  CC      arch/x86/entry/vdso/extable.o
  CC      crypto/scatterwalk.o
  CC      init/initramfs.o
  CC      lib/ctype.o
  CC      io_uring/rsrc.o
  CC      arch/x86/kernel/process_64.o
  CC      lib/dec_and_lock.o
  CC      security/keys/keyctl.o
  CC      kernel/exec_state.o
  CC      lib/decompress.o
  CC      fs/super.o
  CC      lib/decompress_bunzip2.o
  AS      arch/x86/entry/vsyscall/vsyscall_emu_64.o
  AR      arch/x86/entry/vsyscall/built-in.a
  CC      drivers/pci/bus.o
  CC      mm/fadvise.o
  CC      arch/x86/entry/vdso/vdso32-setup.o
  CC      security/commoncap.o
  CC      arch/x86/events/amd/core.o
  CC      block/elevator.o
  CC      crypto/proc.o
  CC      kernel/panic.o
  CC      arch/x86/lib/insn.o
  CC      crypto/aead.o
  CC      init/calibrate.o
  CC      arch/x86/lib/kaslr.o
  CC      arch/x86/kernel/signal.o
  LDS     arch/x86/entry/vdso/vdso64/vdso64.lds
  CC      lib/decompress_inflate.o
  CC      arch/x86/entry/vdso/vdso64/vclock_gettime.o
  AS      arch/x86/lib/memcpy_64.o
  CC      arch/x86/events/msr.o
  CC      init/init_task.o
  CC      security/keys/permission.o
  CC      drivers/pci/probe.o
  AS      arch/x86/lib/memmove_64.o
  AS      arch/x86/lib/memset_64.o
  CC      mm/maccess.o
  CC      io_uring/notif.o
  CC      arch/x86/lib/misc.o
  CC      arch/x86/lib/pc-conf-reg.o
  CC      fs/char_dev.o
  CC      kernel/cpu.o
  CC      arch/x86/events/amd/lbr.o
  CC      block/blk-core.o
  CC      crypto/geniv.o
  CC      arch/x86/entry/vdso/vdso64/vgetcpu.o
  CC      lib/decompress_unlz4.o
  CC      arch/x86/entry/vdso/vdso64/vgetrandom.o
  AS      arch/x86/lib/putuser.o
  CC      io_uring/tctx.o
  AS      arch/x86/lib/retpoline.o
  AS      arch/x86/entry/vdso/vdso64/vgetrandom-chacha.o
  CC      arch/x86/lib/usercopy.o
  CC      arch/x86/entry/vdso/vdso64/vfutex.o
  CC      arch/x86/kernel/signal_64.o
  VDSO    arch/x86/entry/vdso/vdso64/vdso64.so.dbg
  OBJCOPY arch/x86/entry/vdso/vdso64/vdso64.so
  VDSO2C  arch/x86/entry/vdso/vdso64/vdso64-image.c
  CC      arch/x86/entry/vdso/vdso64/vdso64-image.o
  CC      init/version.o
  CC      fs/stat.o
  CC      security/keys/process_keys.o
  CC      mm/page-writeback.o
  CC      lib/decompress_unlzma.o
  AR      arch/x86/entry/vdso/vdso64/built-in.a
  CC      arch/x86/lib/usercopy_64.o
  LDS     arch/x86/entry/vdso/vdso32/vdso32.lds
  AS      arch/x86/entry/vdso/vdso32/note.o
  CC      mm/folio-compat.o
  CC      arch/x86/entry/vdso/vdso32/vclock_gettime.o
  CC      arch/x86/kernel/traps.o
  CC      arch/x86/events/amd/ibs.o
  CC      crypto/lskcipher.o
  CC      io_uring/filetable.o
  CC      drivers/pci/host-bridge.o
  AR      init/built-in.a
  CC      mm/readahead.o
  CC      arch/x86/mm/init.o
  CC      arch/x86/lib/msr-smp.o
  CC      lib/decompress_unlzo.o
  CC      arch/x86/entry/vdso/vdso32/vgetcpu.o
  AS      arch/x86/entry/vdso/vdso32/system_call.o
  CC      security/keys/request_key.o
  AS      arch/x86/entry/vdso/vdso32/sigreturn.o
  CC      arch/x86/entry/vdso/vdso32/vfutex.o
  CC      drivers/video/screen_info_generic.o
  CC      kernel/exit.o
  CC      arch/x86/lib/cache-smp.o
  VDSO    arch/x86/entry/vdso/vdso32/vdso32.so.dbg
  CC      fs/exec.o
  OBJCOPY arch/x86/entry/vdso/vdso32/vdso32.so
  VDSO2C  arch/x86/entry/vdso/vdso32/vdso32-image.c
  CC      arch/x86/entry/vdso/vdso32/vdso32-image.o
  CC      drivers/video/screen_info_pci.o
  CC      arch/x86/lib/msr.o
  CC      drivers/pci/remove.o
  CC      io_uring/rw.o
  CC      block/blk-sysfs.o
  CC      arch/x86/kernel/idt.o
  AR      arch/x86/entry/vdso/vdso32/built-in.a
  CC      crypto/skcipher.o
  CC      io_uring/poll.o
  AR      arch/x86/entry/vdso/built-in.a
  CC      lib/decompress_unzstd.o
  AS      arch/x86/entry/thunk.o
  CC      arch/x86/events/amd/uncore.o
  AS      arch/x86/entry/entry_64_compat.o
  CC      arch/x86/entry/syscall_32.o
  CC      arch/x86/mm/init_64.o
  CC      mm/swap.o
  CC      security/keys/request_key_auth.o
  CC      drivers/pci/pci.o
  CC      drivers/video/console/dummycon.o
  CC      lib/dump_stack.o
  AS      arch/x86/lib/msr-reg.o
  CC      arch/x86/lib/msr-reg-export.o
  CC      arch/x86/kernel/irq.o
  CC      block/blk-flush.o
  AS      arch/x86/lib/hweight.o
  CC      arch/x86/lib/iomem.o
  CC      crypto/seqiv.o
  CC      fs/pipe.o
  AR      arch/x86/events/amd/built-in.a
  AR      drivers/video/backlight/built-in.a
  CC      security/keys/user_defined.o
  CC      kernel/softirq.o
  CC      arch/x86/events/intel/core.o
  CC      net/devres.o
  CC      drivers/video/console/vgacon.o
  AR      arch/x86/entry/built-in.a
  CC      net/socket.o
  CC      lib/earlycpio.o
  CC      io_uring/tw.o
  CC      lib/extable.o
  CC      arch/x86/mm/fault.o
  CC      mm/truncate.o
  AR      arch/x86/lib/lib.a
  AR      arch/x86/lib/built-in.a
  CC      drivers/pci/pci-driver.o
  CC      crypto/echainiv.o
  CC      block/blk-settings.o
  CC      security/keys/compat.o
  CC      lib/flex_proportions.o
  CC      arch/x86/kernel/irq_64.o
  AR      drivers/video/console/built-in.a
  CC      fs/namei.o
  CC      kernel/resource.o
  AR      drivers/video/built-in.a
  CC      io_uring/wait.o
  CC      net/compat.o
  CC      net/core/sock.o
  CC      crypto/ahash.o
  CC      lib/idr.o
  CC      lib/iomem_copy.o
  CC      mm/vmscan.o
  CC      security/keys/proc.o
  CC      arch/x86/mm/ioremap.o
  CC      crypto/shash.o
  CC      block/blk-ioc.o
  CC      arch/x86/kernel/dumpstack_64.o
  CC      drivers/pci/search.o
  CC      lib/irq_regs.o
  CC      crypto/akcipher.o
  CC      kernel/sysctl.o
  CC      lib/is_single_threaded.o
  CC      security/keys/sysctl.o
  CC      arch/x86/kernel/time.o
  CC      arch/x86/mm/extable.o
  CC      net/core/skbuff.o
  CC      block/blk-map.o
  CC      lib/klist.o
  CC      io_uring/eventfd.o
  CC      drivers/pci/rebar.o
  CC      io_uring/uring_cmd.o
  CC      security/lsm_syscalls.o
  CC      arch/x86/kernel/ioport.o
  CC      lib/kobject.o
  CC      security/keys/keyctl_pkey.o
  CC      crypto/sig.o
  CC      arch/x86/events/intel/bts.o
  CC      kernel/capability.o
  CC      fs/fcntl.o
  CC      drivers/pci/rom.o
  CC      block/blk-merge.o
  CC      arch/x86/mm/mmap.o
  CC      lib/kobject_uevent.o
  CC      drivers/pci/setup-res.o
  CC      net/ethernet/eth.o
  CC      io_uring/openclose.o
  CC      lib/logic_pio.o
  CC      arch/x86/kernel/dumpstack.o
  AR      security/keys/built-in.a
  CC      security/min_addr.o
  CC      crypto/rsapubkey.asn1.o
  CC      crypto/rsaprivkey.asn1.o
  CC      crypto/rsa.o
  CC      arch/x86/mm/pgtable.o
  CC      kernel/ptrace.o
  CC      mm/shrinker.o
  CC      drivers/pci/irq.o
  CC      arch/x86/events/intel/ds.o
  CC      arch/x86/events/zhaoxin/core.o
  CC      block/blk-timeout.o
  CC      fs/ioctl.o
  CC      arch/x86/kernel/nmi.o
  CC      security/security.o
  CC      io_uring/sqpoll.o
  CC      arch/x86/events/intel/knc.o
  CC      lib/maple_tree.o
  CC      crypto/rsa_helper.o
  CC      drivers/pci/vpd.o
  CC      arch/x86/mm/physaddr.o
  AR      net/ethernet/built-in.a
  CC      fs/readdir.o
  CC      mm/shmem.o
  CC      block/blk-lib.o
  CC      crypto/rsa-pkcs1pad.o
  AR      arch/x86/events/zhaoxin/built-in.a
  CC      kernel/user.o
  CC      arch/x86/pci/i386.o
  CC      io_uring/xattr.o
  CC      arch/x86/kernel/ldt.o
  CC      arch/x86/mm/tlb.o
  CC      drivers/acpi/tables.o
  CC      drivers/pci/setup-bus.o
  CC      arch/x86/events/intel/lbr.o
  CC      block/blk-mq.o
  CC      kernel/signal.o
  CC      crypto/rsassa-pkcs1.o
  CC      net/core/datagram.o
  CC      fs/select.o
  CC      arch/x86/power/cpu.o
  CC      arch/x86/pci/init.o
  CC      io_uring/nop.o
  CC      security/lsm_notifier.o
  AS      arch/x86/kernel/ibt_selftest.o
  CC      arch/x86/kernel/setup.o
  CC      drivers/acpi/osi.o
  CC      arch/x86/mm/cpu_entry_area.o
  CC      crypto/acompress.o
  CC      arch/x86/pci/mmconfig_64.o
  CC      lib/memcat_p.o
  CC      arch/x86/power/hibernate_64.o
  CC      mm/util.o
  CC      drivers/pci/vc.o
  CC      arch/x86/events/intel/p4.o
  CC      io_uring/fs.o
  CC      security/lsm_init.o
  CC      drivers/acpi/osl.o
  CC      lib/nmi_backtrace.o
  CC      arch/x86/mm/maccess.o
  CC      arch/x86/kernel/x86_init.o
  CC      net/core/stream.o
  CC      arch/x86/pci/direct.o
  CC      fs/dcache.o
  AS      arch/x86/power/hibernate_asm_64.o
  CC      arch/x86/power/hibernate.o
  CC      crypto/scompress.o
  CC      arch/x86/mm/pgprot.o
  CC      drivers/pci/mmap.o
  CC      io_uring/splice.o
  CC      arch/x86/events/intel/p6.o
  CC      security/integrity/iint.o
  CC      lib/objpool.o
  CC      mm/mmzone.o
  CC      kernel/sys.o
  CC      arch/x86/kernel/i8259.o
  CC      block/blk-mq-tag.o
  CC      drivers/acpi/utils.o
  CC      arch/x86/pci/mmconfig-shared.o
  CC      arch/x86/mm/pat/set_memory.o
  AR      arch/x86/power/built-in.a
  CC      lib/plist.o
  CC      arch/x86/kernel/irqinit.o
  CC      drivers/pci/devres.o
  CC      lib/radix-tree.o
  CC      crypto/algboss.o
  CC      net/core/scm.o
  CC      mm/vmstat.o
  CC      io_uring/sync.o
  CC      security/integrity/efi_secureboot.o
  CC      arch/x86/events/intel/pt.o
  CC      net/core/gen_stats.o
  CC      fs/inode.o
  CC      drivers/acpi/reboot.o
  CC      arch/x86/pci/fixup.o
  CC      block/blk-mq-dma.o
  CC      arch/x86/kernel/jump_label.o
  CC      drivers/pci/msi/pcidev_msi.o
  CC      lib/ratelimit.o
  AR      security/integrity/built-in.a
  AR      security/built-in.a
  CC      crypto/testmgr.o
  CC      arch/x86/mm/pat/memtype.o
  CC      drivers/pci/msi/api.o
  CC      io_uring/msg_ring.o
  CC      kernel/umh.o
  CC      lib/rbtree.o
  CC      net/core/gen_estimator.o
  CC      drivers/acpi/nvs.o
  CC      net/sched/sch_generic.o
  CC      arch/x86/events/intel/uncore.o
  CC      arch/x86/kernel/irq_work.o
  CC      mm/backing-dev.o
  CC      block/blk-stat.o
  CC      arch/x86/events/intel/uncore_nhmex.o
  CC      arch/x86/pci/acpi.o
  CC      lib/seq_buf.o
  CC      crypto/cmac.o
  CC      arch/x86/mm/pat/memtype_interval.o
  CC      drivers/pci/msi/msi.o
  CC      io_uring/advise.o
  CC      kernel/workqueue.o
  CC      drivers/acpi/wakeup.o
  CC      lib/siphash.o
  CC      arch/x86/kernel/probe_roms.o
  CC      block/blk-mq-sysfs.o
  CC      fs/attr.o
  CC      net/core/net_namespace.o
  CC      crypto/hmac.o
  AR      arch/x86/mm/pat/built-in.a
  CC      arch/x86/pci/legacy.o
  CC      arch/x86/mm/hugetlbpage.o
  CC      mm/mm_init.o
  CC      crypto/sha1.o
  CC      lib/string.o
  CC      arch/x86/events/intel/uncore_snb.o
  CC      drivers/pci/msi/irqdomain.o
  CC      drivers/acpi/sleep.o
  CC      lib/sys_info.o
  CC      io_uring/statx.o
  CC      net/sched/sch_mq.o
  CC      arch/x86/kernel/sys_ia32.o
  CC      block/blk-mq-cpumap.o
  CC      arch/x86/mm/dump_pagetables.o
  CC      drivers/pci/pcie/portdrv.o
  CC      arch/x86/pci/irq.o
  CC      fs/bad_inode.o
  CC      crypto/sha256.o
  AR      drivers/pci/msi/built-in.a
  CC      net/core/secure_seq.o
  CC      io_uring/timeout.o
  CC      lib/timerqueue.o
  CC      arch/x86/events/intel/uncore_snbep.o
  CC      drivers/pnp/core.o
  CC      fs/file.o
  CC      mm/percpu.o
  CC      lib/vsprintf.o
  CC      block/blk-mq-sched.o
  CC      arch/x86/kernel/signal_32.o
  CC      arch/x86/mm/numa.o
  CC      drivers/acpi/device_sysfs.o
  CC      drivers/pci/pcie/rcec.o
  CC      crypto/sha512.o
  CC      net/sched/sch_frag.o
  CC      arch/x86/pci/common.o
  CC      drivers/pnp/card.o
  CC      kernel/pid.o
  CC      io_uring/cancel.o
  CC      drivers/acpi/device_pm.o
  CC      crypto/ecb.o
  CC      drivers/pci/pcie/bwctrl.o
  CC      arch/x86/kernel/sys_x86_64.o
  CC      net/core/flow_dissector.o
  CC      arch/x86/mm/amdtopology.o
  CC      block/ioctl.o
  CC      arch/x86/pci/early.o
  CC      fs/filesystems.o
  CC      net/sched/sch_api.o
  CC      drivers/pnp/driver.o
  CC      crypto/cbc.o
  CC      arch/x86/events/intel/uncore_discovery.o
  CC      drivers/pci/pcie/aspm.o
  CC      arch/x86/kernel/espfix_64.o
  CC      arch/x86/mm/srat.o
  CC      io_uring/waitid.o
  CC      mm/slab_common.o
  CC      lib/win_minmax.o
  CC      drivers/acpi/proc.o
  CC      arch/x86/pci/bus_numa.o
  CC      kernel/task_work.o
  CC      crypto/cts.o
  CC      drivers/pnp/resource.o
  CC      block/genhd.o
  CC      fs/namespace.o
  CC      lib/xarray.o
  CC      arch/x86/mm/pkeys.o
  CC      net/core/sysctl_net_core.o
  CC      arch/x86/events/intel/cstate.o
  CC      arch/x86/kernel/ksysfs.o
  CC      io_uring/register.o
  CC      arch/x86/pci/amd_bus.o
  CC      kernel/extable.o
  CC      drivers/acpi/bus.o
  CC      drivers/pci/pcie/pme.o
  CC      crypto/ctr.o
  CC      net/sched/sch_blackhole.o
  CC      drivers/pnp/manager.o
  CC      block/ioprio.o
  CC      arch/x86/kernel/bootflag.o
  CC      arch/x86/mm/kaslr.o
  CC      lib/lockref.o
  AR      arch/x86/pci/built-in.a
  CC      crypto/gcm.o
  AR      arch/x86/ia32/built-in.a
  AR      arch/x86/events/intel/built-in.a
  AR      arch/x86/events/built-in.a
  CC      arch/x86/platform/efi/memmap.o
  CC      net/netlink/af_netlink.o
  AR      drivers/pci/pcie/built-in.a
  CC      kernel/params.o
  CC      drivers/pci/proc.o
  CC      lib/bcd.o
  CC      drivers/acpi/glue.o
  CC      lib/sort.o
  CC      drivers/pnp/support.o
  CC      mm/compaction.o
  CC      arch/x86/kernel/e820.o
  CC      arch/x86/mm/pti.o
  CC      net/core/dev.o
  CC      net/sched/cls_api.o
  CC      lib/parser.o
  CC      block/badblocks.o
  CC      io_uring/truncate.o
  CC      arch/x86/platform/efi/quirks.o
  CC      crypto/ccm.o
  CC      drivers/pnp/interface.o
  CC      lib/debug_locks.o
  CC      drivers/acpi/scan.o
  CC      drivers/pci/pci-sysfs.o
  CC      kernel/kthread.o
  AR      arch/x86/mm/built-in.a
  CC      fs/seq_file.o
  CC      net/core/dev_api.o
  CC      lib/random32.o
  CC      arch/x86/kernel/pci-dma.o
  CC      block/partitions/core.o
  CC      drivers/pnp/quirks.o
  CC      io_uring/memmap.o
  CC      lib/bust_spinlocks.o
  CC      arch/x86/platform/efi/efi.o
  CC      crypto/aes.o
  CC      fs/xattr.o
  CC      arch/x86/kernel/quirks.o
  CC      net/netlink/genetlink.o
  CC      kernel/sys_ni.o
  CC      mm/show_mem.o
  CC      drivers/acpi/mipi-disco-img.o
  CC      net/ethtool/ioctl.o
  CC      lib/kasprintf.o
  CC      drivers/pci/slot.o
  CC      block/partitions/msdos.o
  CC      crypto/camellia_generic.o
  CC      drivers/pnp/system.o
  CC      io_uring/alloc_cache.o
  CC      net/sched/act_api.o
  CC      kernel/nsproxy.o
  CC      arch/x86/platform/efi/efi_64.o
  CC      lib/bitmap.o
  CC      arch/x86/kernel/kdebugfs.o
  CC      drivers/pci/pci-acpi.o
  CC      drivers/pnp/pnpacpi/core.o
  CC      drivers/acpi/resource.o
  CC      mm/interval_tree.o
  CC      block/partitions/efi.o
  CC      io_uring/query.o
  CC      crypto/authenc.o
  CC      fs/libfs.o
  CC      arch/x86/kernel/alternative.o
  CC      net/netlink/policy.o
  AS      arch/x86/platform/efi/efi_stub_64.o
  CC      arch/x86/platform/efi/runtime-map.o
  CC      lib/scatterlist.o
  CC      kernel/nstree.o
  CC      drivers/pnp/pnpacpi/rsparser.o
  CC      drivers/acpi/acpi_processor.o
  CC      mm/list_lru.o
  CC      drivers/pci/iomap.o
  AR      block/partitions/built-in.a
  CC      block/blk-rq-qos.o
  CC      io_uring/loop.o
  CC      net/sched/sch_fifo.o
  AR      arch/x86/platform/efi/built-in.a
  AR      arch/x86/platform/intel/built-in.a
  CC      crypto/authencesn.o
  AR      net/netlink/built-in.a
  AR      arch/x86/platform/built-in.a
  CC      arch/x86/kernel/i8253.o
  CC      drivers/acpi/processor_core.o
  CC      net/ethtool/common.o
  CC      lib/list_sort.o
  CC      crypto/krb5enc.o
  CC      lib/uuid.o
  CC      fs/fs-writeback.o
  CC      kernel/nscommon.o
  AR      drivers/pnp/pnpacpi/built-in.a
  AR      drivers/pnp/built-in.a
  CC      drivers/pci/quirks.o
  CC      drivers/acpi/processor_pdc.o
  CC      mm/workingset.o
  CC      lib/iov_iter.o
  CC      crypto/lzo.o
  CC      net/core/dev_addr_lists.o
  CC      block/disk-events.o
  CC      io_uring/zcrx.o
  CC      arch/x86/kernel/hw_breakpoint.o
  CC      arch/x86/virt/svm/cmdline.o
  CC      net/sched/ematch.o
  CC      kernel/notifier.o
  AR      arch/x86/virt/svm/built-in.a
  CC      drivers/acpi/dock.o
  CC      mm/debug.o
  AR      arch/x86/virt/built-in.a
  CC      mm/gup.o
  CC      fs/pnode.o
  CC      fs/splice.o
  CC      crypto/lzo-rle.o
  CC      block/blk-ia-ranges.o
  CC      net/ethtool/netlink.o
  CC      arch/x86/kernel/tsc.o
  CC      net/core/dst.o
  CC      drivers/acpi/pci_root.o
  CC      net/core/netevent.o
  AR      net/sched/built-in.a
  CC      kernel/ksysfs.o
  CC      crypto/lz4.o
  CC      kernel/cred.o
  CC      drivers/pci/hotplug/pci_hotplug_core.o
  CC      lib/clz_ctz.o
  CC      drivers/pci/hotplug/acpi_pcihp.o
  CC      block/early-lookup.o
  CC      lib/bsearch.o
  CC      fs/sync.o
  CC      arch/x86/kernel/tsc_msr.o
  CC      io_uring/io-wq.o
  CC      drivers/acpi/pci_link.o
  CC      net/ethtool/bitset.o
  CC      arch/x86/kernel/io_delay.o
  CC      net/ethtool/strset.o
  CC      mm/mmap_lock.o
  AR      drivers/pci/hotplug/built-in.a
  CC      crypto/krb5/krb5_kdf.o
  CC      crypto/asymmetric_keys/asymmetric_type.o
  CC      drivers/pci/ats.o
  CC      fs/utimes.o
  CC      lib/find_bit.o
  CC      block/bsg.o
  CC      fs/d_path.o
  CC      net/core/neighbour.o
  CC      kernel/reboot.o
  CC      lib/llist.o
  CC      arch/x86/kernel/rtc.o
  CC      net/core/rtnetlink.o
  CC      lib/lwq.o
  CC      crypto/krb5/krb5_api.o
  CC      lib/memweight.o
  CC      crypto/asymmetric_keys/restrict.o
  CC      lib/kfifo.o
  CC      drivers/acpi/pci_irq.o
  CC      drivers/pci/pci-label.o
  CC      block/mq-deadline.o
  CC      io_uring/futex.o
  CC      drivers/pci/vgaarb.o
  CC      mm/vma_init.o
  CC      arch/x86/kernel/resource.o
  CC      fs/stack.o
  CC      drivers/acpi/acpi_apd.o
  CC      kernel/async.o
  CC      net/ethtool/linkinfo.o
  AS      arch/x86/kernel/irqflags.o
  CC      arch/x86/kernel/static_call.o
  CC      crypto/asymmetric_keys/signature.o
  CC      crypto/krb5/rfc3961_simplified.o
  CC      fs/fs_struct.o
  CC      lib/percpu-refcount.o
  CC      block/blk-mq-debugfs.o
  CC      io_uring/epoll.o
  CC      drivers/acpi/acpi_platform.o
  CC      kernel/range.o
  CC      fs/statfs.o
  CC      mm/highmem.o
  CC      crypto/asymmetric_keys/public_key.o
  CC      kernel/smpboot.o
  CC      arch/x86/kernel/process.o
  CC      drivers/pci/setup-cardbus.o
  CC      net/netfilter/core.o
  CC      net/ethtool/linkmodes.o
  CC      net/netfilter/nf_log.o
  CC      lib/rhashtable.o
  CC      block/blk-pm.o
  CC      crypto/krb5/rfc3962_aes.o
  CC      crypto/asymmetric_keys/x509.asn1.o
  CC      io_uring/napi.o
  CC      drivers/acpi/acpi_pnp.o
  CC      kernel/ucount.o
  CC      io_uring/net.o
  CC      crypto/asymmetric_keys/x509_akid.asn1.o
  CC      mm/memory.o
  CC      crypto/asymmetric_keys/x509_cert_parser.o
  CC      drivers/pci/trace.o
  CC      fs/fs_pin.o
  CC      kernel/regset.o
  CC      crypto/krb5/rfc6803_camellia.o
  CC      net/ethtool/rss.o
  CC      arch/x86/kernel/fpu/init.o
  CC      net/core/utils.o
  CC      crypto/asymmetric_keys/x509_loader.o
  CC      block/holder.o
  CC      drivers/acpi/power.o
  CC      lib/base64.o
  CC      fs/nsfs.o
  CC      arch/x86/kernel/fpu/bugs.o
  CC      crypto/asymmetric_keys/x509_public_key.o
  CC      net/netfilter/nf_queue.o
  CC      lib/once.o
  CC      kernel/ksyms_common.o
  CC      drivers/dma/dmaengine.o
  CC      arch/x86/kernel/fpu/core.o
  AR      drivers/pci/built-in.a
  CC      arch/x86/kernel/fpu/regset.o
  CC      mm/mincore.o
  CC      crypto/krb5/rfc8009_aes2.o
  AR      block/built-in.a
  CC      io_uring/cmd_net.o
  CC      lib/refcount.o
  CC      drivers/acpi/event.o
  CC      arch/x86/kernel/ptrace.o
  CC      crypto/asymmetric_keys/pkcs7.asn1.o
  CC      crypto/asymmetric_keys/pkcs7_parser.o
  CC      net/core/link_watch.o
  CC      kernel/groups.o
  CC      lib/rcuref.o
  CC      net/ethtool/linkstate.o
  CC      fs/fs_dirent.o
  CC      io_uring/fdinfo.o
  AR      crypto/krb5/built-in.a
  CC      lib/usercopy.o
  CC      drivers/dma/virt-dma.o
  CC      fs/fs_context.o
  CC      net/ipv4/route.o
  CC      arch/x86/kernel/fpu/signal.o
  CC      net/xfrm/xfrm_policy.o
  CC      net/netfilter/nf_sockopt.o
  CC      crypto/asymmetric_keys/pkcs7_trust.o
  CC      drivers/acpi/evged.o
  CC      net/xfrm/xfrm_state.o
  CC      lib/errseq.o
  CC      net/netfilter/utils.o
  CC      lib/bucket_locks.o
  CC      kernel/sched/core.o
  CC      io_uring/bpf_filter.o
  CC      net/core/filter.o
  CC      mm/mlock.o
  CC      crypto/asymmetric_keys/pkcs7_verify.o
  CC      drivers/dma/acpi-dma.o
  CC      arch/x86/kernel/fpu/xstate.o
  CC      net/ethtool/debug.o
  CC      fs/fs_parser.o
  CC      net/ipv4/inetpeer.o
  CC      drivers/acpi/sysfs.o
  CC      lib/generic-radix-tree.o
  AR      crypto/asymmetric_keys/built-in.a
  AR      crypto/built-in.a
  CC      kernel/sched/fair.o
  CC      drivers/dma/dw/core.o
  CC      lib/bitmap-str.o
  CC      net/netfilter/nfnetlink.o
  AR      io_uring/built-in.a
  CC      mm/mmap.o
  CC      fs/fsopen.o
  AR      arch/x86/kernel/fpu/built-in.a
  CC      arch/x86/kernel/tls.o
  CC      net/ethtool/wol.o
  CC      drivers/acpi/property.o
  CC      net/ethtool/features.o
  CC      drivers/acpi/debugfs.o
  CC      net/ipv4/protocol.o
  CC      lib/string_helpers.o
  CC      net/ethtool/privflags.o
  CC      net/xfrm/xfrm_hash.o
  CC      drivers/dma/dw/dw.o
  CC      fs/init.o
  CC      arch/x86/kernel/step.o
  CC      net/netfilter/nfnetlink_log.o
  CC      net/ipv4/ip_input.o
  CC      drivers/acpi/acpi_lpat.o
  CC      net/ipv4/ip_fragment.o
  CC      net/xfrm/xfrm_input.o
  CC      arch/x86/kernel/i8237.o
  CC      mm/mmu_gather.o
  CC      lib/hexdump.o
  CC      net/ipv4/ip_forward.o
  CC      drivers/dma/dw/idma32.o
  CC      lib/kstrtox.o
  CC      mm/mprotect.o
  CC      net/ethtool/rings.o
  CC      fs/kernel_read_file.o
  CC      arch/x86/kernel/stacktrace.o
  CC      drivers/acpi/acpi_lpit.o
  CC      lib/math/div64.o
  CC      arch/x86/kernel/cpu/cacheinfo.o
  CC      arch/x86/kernel/cpu/scattered.o
  CC      lib/math/gcd.o
  CC      drivers/dma/dw/acpi.o
  CC      net/netfilter/nf_conntrack_core.o
  CC      lib/math/lcm.o
  CC      net/ethtool/channels.o
  CC      lib/math/int_log.o
  CC      net/core/sock_diag.o
  CC      kernel/sched/build_policy.o
  CC      lib/math/int_pow.o
  CC      drivers/acpi/acpi_pcc.o
  CC      lib/math/int_sqrt.o
  CC      fs/mnt_idmapping.o
  CC      drivers/virtio/virtio.o
  CC      lib/math/reciprocal_div.o
  CC      net/xfrm/xfrm_output.o
  CC      drivers/virtio/virtio_ring.o
  CC      lib/math/rational.o
  CC      net/ipv4/ip_options.o
  CC      kernel/sched/build_utility.o
  CC      mm/mremap.o
  AR      drivers/dma/dw/built-in.a
  CC      drivers/dma/hsu/hsu.o
  CC      arch/x86/kernel/cpu/topology_common.o
  CC      fs/remap_range.o
  CC      drivers/acpi/acpi_mrrm.o
  AR      lib/math/built-in.a
  CC      net/ethtool/coalesce.o
  CC      lib/crc/crc16.o
  CC      net/ethtool/pause.o
  CC      arch/x86/kernel/acpi/boot.o
  CC      net/core/dev_ioctl.o
  CC      arch/x86/kernel/cpu/topology_ext.o
  CC      net/netfilter/nf_conntrack_standalone.o
  AR      drivers/dma/hsu/built-in.a
  CC      lib/crc/crc-ccitt.o
  CC      net/ipv4/ip_output.o
  CC      net/xfrm/xfrm_sysctl.o
  CC      drivers/virtio/virtio_anchor.o
  AR      drivers/dma/built-in.a
  CC      mm/msync.o
  CC      arch/x86/kernel/acpi/sleep.o
  CC      fs/pidfs.o
  CC      arch/x86/kernel/cpu/topology_amd.o
  CC      drivers/acpi/acpica/dsargs.o
  CC      drivers/acpi/acpica/dscontrol.o
  CC      net/ethtool/eee.o
  CC      drivers/acpi/acpica/dsdebug.o
  CC      lib/crc/crc32-main.o
  CC      drivers/virtio/virtio_pci_modern_dev.o
  CC      net/core/tso.o
  AS      lib/crc/x86/crc32-pclmul.o
  AS      arch/x86/kernel/acpi/wakeup_64.o
  CC      arch/x86/kernel/cpu/cpuid_parser.o
  CC      arch/x86/kernel/acpi/madt_wakeup.o
  CC      mm/page_vma_mapped.o
  AS      arch/x86/kernel/acpi/madt_playdead.o
  CC      drivers/acpi/acpica/dsfield.o
  CC      net/netfilter/nf_conntrack_expect.o
  CC      mm/pagewalk.o
  CC      net/ipv6/af_inet6.o
  CC      arch/x86/kernel/cpu/common.o
  CC      net/xfrm/xfrm_replay.o
  AS      lib/crc/x86/crc32c-3way.o
  CC      mm/pgtable-generic.o
  AR      lib/crc/built-in.a
  CC      fs/file_attr.o
  CC      lib/crypto/hash_info.o
  CC      drivers/acpi/acpica/dsinit.o
  CC      net/ethtool/tsinfo.o
  CC      drivers/virtio/virtio_pci_legacy_dev.o
  CC      arch/x86/kernel/acpi/cstate.o
  CC      fs/fserror.o
  AR      kernel/sched/built-in.a
  CC      net/core/sock_reuseport.o
  CC      drivers/acpi/acpica/dsmethod.o
  CC      kernel/locking/mutex.o
  CC      net/ipv4/ip_sockglue.o
  CC      lib/crypto/memneq.o
  CC      net/ipv6/anycast.o
  CC      net/netfilter/nf_conntrack_helper.o
  CC      mm/rmap.o
  CC      net/xfrm/xfrm_device.o
  CC      drivers/virtio/virtio_pci_modern.o
  AR      arch/x86/kernel/acpi/built-in.a
  CC      arch/x86/kernel/cpu/rdrand.o
  CC      mm/vmalloc.o
  CC      drivers/acpi/acpica/dsmthdat.o
  CC      kernel/locking/semaphore.o
  CC      fs/nullfs.o
  CC      arch/x86/kernel/cpu/match.o
  CC      drivers/tty/tty_io.o
  CC      net/ethtool/cabletest.o
  CC      lib/crypto/utils.o
  CC      drivers/acpi/acpica/dsobject.o
  CC      arch/x86/kernel/cpu/bugs.o
  CC      net/core/fib_notifier.o
  CC      net/xfrm/xfrm_nat_keepalive.o
  CC      drivers/virtio/virtio_pci_common.o
  CC      kernel/locking/rwsem.o
  CC      lib/crypto/aes.o
  CC      fs/buffer.o
  CC      net/ipv6/ip6_output.o
  CC      net/ethtool/tunnels.o
  CC      net/netfilter/nf_conntrack_proto.o
  CC      drivers/acpi/acpica/dsopcode.o
  CC      net/ipv4/inet_hashtables.o
  AS      lib/crypto/x86/aes-aesni.o
  CC      drivers/virtio/virtio_pci_legacy.o
  CC      fs/mpage.o
  CC      drivers/acpi/acpica/dspkginit.o
  CC      drivers/tty/n_tty.o
  CC      lib/crypto/arc4.o
  CC      arch/x86/kernel/reboot.o
  CC      net/core/xdp.o
  CC      kernel/locking/percpu-rwsem.o
  CC      drivers/acpi/acpica/dsutils.o
  CC      net/xfrm/xfrm_algo.o
  CC      net/ethtool/fec.o
  CC      lib/crypto/blake2s.o
  CC      drivers/virtio/virtio_pci_admin_legacy_io.o
  CC      arch/x86/kernel/cpu/aperfmperf.o
  CC      net/ethtool/eeprom.o
  CC      drivers/acpi/acpica/dswexec.o
  CC      net/netfilter/nf_conntrack_proto_generic.o
  CC      mm/vma.o
  CC      kernel/locking/spinlock.o
  CC      drivers/acpi/acpica/dswload.o
  CC      fs/proc_namespace.o
  CC      drivers/tty/tty_ioctl.o
  CC      kernel/locking/osq_lock.o
  CC      drivers/char/mem.o
  AS      lib/crypto/x86/blake2s-core.o
  CC      arch/x86/kernel/cpu/cpuid-deps.o
  CC      drivers/acpi/acpica/dswload2.o
  CC      drivers/virtio/virtio_input.o
  CC      lib/crypto/chacha-block-generic.o
  CC      net/ipv6/ip6_input.o
  CC      net/xfrm/xfrm_user.o
  CC      net/ipv4/inet_timewait_sock.o
  CC      net/core/flow_offload.o
  CC      lib/crypto/gf128hash.o
  CC      kernel/locking/qspinlock.o
  CC      net/netfilter/nf_conntrack_proto_tcp.o
  CC      kernel/power/qos.o
  CC      net/ethtool/stats.o
  CC      drivers/acpi/acpica/dswscope.o
  CC      fs/direct-io.o
  CC      arch/x86/kernel/cpu/cpuid_0x2_table.o
  CC      drivers/tty/tty_ldisc.o
  AR      drivers/virtio/built-in.a
  CC      drivers/char/random.o
  CC      net/packet/af_packet.o
  CC      kernel/locking/rtmutex_api.o
  CC      drivers/acpi/acpica/dswstate.o
  AS      lib/crypto/x86/ghash-pclmul.o
  AS      lib/crypto/x86/polyval-pclmul-avx.o
  CC      lib/crypto/md5.o
  CC      mm/vma_exec.o
  CC      arch/x86/kernel/cpu/umwait.o
  CC      net/core/gro.o
  CC      kernel/power/main.o
  CC      drivers/acpi/acpica/evevent.o
  CC      drivers/tty/tty_buffer.o
  CC      net/ipv4/inet_connection_sock.o
  CC      fs/notify/fsnotify.o
  CC      net/ipv6/addrconf.o
  CC      net/ethtool/phc_vclocks.o
  CC      lib/crypto/sha1.o
  CC      net/netfilter/nf_conntrack_proto_udp.o
  CC      drivers/acpi/acpica/evgpe.o
  CC      kernel/locking/qrwlock.o
  CC      arch/x86/kernel/cpu/capflags.o
  CC      arch/x86/kernel/cpu/powerflags.o
  CC      mm/process_vm_access.o
  AR      net/xfrm/built-in.a
  CC      net/ipv4/tcp.o
  CC      drivers/char/misc.o
  CC      arch/x86/kernel/cpu/topology.o
  CC      drivers/tty/tty_port.o
  CC      kernel/power/console.o
  CC      drivers/acpi/acpica/evgpeblk.o
  AS      lib/crypto/x86/sha1-ssse3-and-avx.o
  AR      kernel/locking/built-in.a
  CC      arch/x86/kernel/cpu/proc.o
  AS      lib/crypto/x86/sha1-avx2-asm.o
  CC      fs/notify/notification.o
  AS      lib/crypto/x86/sha1-ni-asm.o
  CC      net/ethtool/mm.o
  CC      lib/crypto/sha256.o
  CC      drivers/char/virtio_console.o
  CC      net/core/netdev-genl.o
  CC      net/core/netdev-genl-gen.o
  CC      drivers/acpi/acpica/evgpeinit.o
  CC      mm/mseal.o
  CC      net/netfilter/nf_conntrack_proto_icmp.o
  CC      drivers/tty/tty_mutex.o
  CC      kernel/power/process.o
  CC      net/core/netdev_work.o
  AR      net/packet/built-in.a
  CC      arch/x86/kernel/cpu/feat_ctl.o
  CC      arch/x86/kernel/cpu/intel.o
  CC      fs/notify/group.o
  CC      drivers/acpi/acpica/evgpeutil.o
  AS      lib/crypto/x86/sha256-ssse3-asm.o
  AS      lib/crypto/x86/sha256-avx-asm.o
  AS      lib/crypto/x86/sha256-avx2-asm.o
  AS      lib/crypto/x86/sha256-ni-asm.o
  CC      lib/crypto/sha512.o
  CC      drivers/tty/tty_ldsem.o
  CC      fs/eventpoll.o
  CC      drivers/acpi/acpica/evglock.o
  CC      mm/page_alloc.o
  CC      net/ethtool/module.o
  CC      fs/notify/mark.o
  CC      drivers/char/nvram.o
  CC      arch/x86/kernel/cpu/tsx.o
  CC      net/ipv6/addrlabel.o
  CC      drivers/acpi/acpica/evhandler.o
  CC      kernel/power/suspend.o
  CC      net/netfilter/nf_conntrack_extend.o
  CC      fs/notify/fdinfo.o
  CC      net/core/gso.o
  CC      drivers/tty/tty_baudrate.o
  AS      lib/crypto/x86/sha512-ssse3-asm.o
  CC      net/core/net-sysfs.o
  AS      lib/crypto/x86/sha512-avx-asm.o
  CC      arch/x86/kernel/cpu/intel_epb.o
  CC      drivers/acpi/acpica/evmisc.o
  AS      lib/crypto/x86/sha512-avx2-asm.o
  CC      lib/crypto/mpi/generic_mpih-lshift.o
  CC      drivers/acpi/acpica/evregion.o
  CC      net/ipv4/tcp_input.o
  CC      drivers/char/hw_random/core.o
  CC      fs/notify/dnotify/dnotify.o
  CC      net/ethtool/cmis_fw_update.o
  CC      arch/x86/kernel/cpu/amd.o
  CC      drivers/tty/tty_jobctrl.o
  CC      net/netfilter/nf_conntrack_acct.o
  CC      kernel/power/hibernate.o
  CC      net/core/hotdata.o
  CC      drivers/acpi/acpica/evrgnini.o
  CC      net/ipv6/route.o
  CC      lib/crypto/mpi/generic_mpih-mul1.o
  CC      kernel/printk/printk.o
  CC      kernel/power/snapshot.o
  CC      drivers/char/hw_random/via-rng.o
  AR      fs/notify/dnotify/built-in.a
  CC      drivers/tty/n_null.o
  CC      fs/notify/inotify/inotify_fsnotify.o
  CC      drivers/acpi/acpica/evsci.o
  CC      net/netfilter/nf_conntrack_seqadj.o
  CC      arch/x86/kernel/cpu/amd_cache_disable.o
  CC      net/ethtool/cmis_cdb.o
  CC      lib/crypto/mpi/generic_mpih-mul2.o
  CC      mm/page_frag_cache.o
  CC      net/ethtool/pse-pd.o
  AR      drivers/iommu/built-in.a
  AR      drivers/char/hw_random/built-in.a
  CC      net/core/netdev_config.o
  CC      net/ethtool/plca.o
  CC      drivers/acpi/acpica/evxface.o
  CC      drivers/char/agp/backend.o
  CC      fs/notify/inotify/inotify_user.o
  CC      drivers/tty/pty.o
  CC      lib/crypto/mpi/generic_mpih-mul3.o
  CC      arch/x86/kernel/cpu/hygon.o
  CC      drivers/acpi/acpica/evxfevnt.o
  CC      kernel/power/swap.o
  CC      mm/init-mm.o
  CC      drivers/char/agp/generic.o
  CC      drivers/acpi/acpica/evxfgpe.o
  CC      kernel/printk/printk_safe.o
  CC      net/netfilter/nf_conntrack_proto_icmpv6.o
  CC      drivers/tty/sysrq.o
  CC      net/core/netdev_rx_queue.o
  CC      drivers/tty/hvc/hvc_console.o
  CC      net/ethtool/phy.o
  CC      drivers/tty/vt/vt_ioctl.o
  AR      fs/notify/inotify/built-in.a
  CC      arch/x86/kernel/cpu/centaur.o
  AR      fs/notify/built-in.a
  CC      fs/anon_inodes.o
  CC      lib/crypto/mpi/generic_mpih-rshift.o
  CC      drivers/acpi/acpica/evxfregn.o
  CC      mm/memblock.o
  CC      kernel/printk/nbcon.o
  CC      arch/x86/kernel/cpu/zhaoxin.o
  CC      net/ipv4/tcp_output.o
  CC      kernel/power/user.o
  CC      drivers/acpi/acpica/exconcat.o
  CC      lib/crypto/mpi/generic_mpih-sub1.o
  CC      drivers/char/agp/isoch.o
  CC      net/ipv6/ip6_fib.o
  AR      drivers/tty/hvc/built-in.a
  CC      mm/slub.o
  CC      fs/signalfd.o
  CC      arch/x86/kernel/msr.o
  CC      drivers/tty/vt/vc_screen.o
  CC      net/ethtool/tsconfig.o
  CC      net/netfilter/nf_conntrack_netlink.o
  CC      net/core/netdev_queues.o
  CC      drivers/acpi/acpica/exconfig.o
  CC      kernel/printk/printk_ringbuffer.o
  CC      arch/x86/kernel/cpu/mce/core.o
  CC      lib/crypto/mpi/generic_mpih-add1.o
  CC      kernel/power/poweroff.o
  CC      drivers/char/agp/amd64-agp.o
  CC      arch/x86/kernel/cpu/mtrr/mtrr.o
  CC      drivers/acpi/acpica/exconvrt.o
  CC      arch/x86/kernel/cpu/microcode/core.o
  AR      kernel/power/built-in.a
  CC      fs/timerfd.o
  CC      drivers/tty/vt/selection.o
  CC      kernel/irq/irqdesc.o
  CC      kernel/printk/sysctl.o
  CC      drivers/acpi/acpica/excreate.o
  CC      net/ethtool/mse.o
  CC      lib/crypto/mpi/mpicoder.o
  CC      net/core/page_pool.o
  CC      drivers/char/agp/intel-agp.o
  AR      kernel/printk/built-in.a
  CC      arch/x86/kernel/cpu/mtrr/if.o
  CC      kernel/irq/handle.o
  CC      net/ipv6/ipv6_sockglue.o
  CC      arch/x86/kernel/cpu/microcode/intel.o
  CC      drivers/acpi/acpica/exdebug.o
  CC      net/netfilter/nf_conntrack_irc.o
  CC      arch/x86/kernel/cpu/mce/severity.o
  CC      lib/vdso/datastore.o
  CC      drivers/tty/vt/keyboard.o
  CC      fs/eventfd.o
  CC      lib/crypto/mpi/mpi-add.o
  CC      arch/x86/kernel/cpu/mtrr/generic.o
  CC      drivers/acpi/acpica/exdump.o
  CC      kernel/irq/manage.o
  CC      drivers/char/agp/intel-gtt.o
  AR      net/ethtool/built-in.a
  CC      arch/x86/kernel/cpu/microcode/amd.o
  CC      net/ipv4/tcp_timer.o
  CC      net/sunrpc/clnt.o
  AR      lib/vdso/built-in.a
  CC      drivers/acpi/acpica/exfield.o
  CC      lib/crypto/mpi/mpi-bit.o
  CC      net/core/page_pool_user.o
  CC      arch/x86/kernel/cpu/mce/genpool.o
  CC      fs/aio.o
  CC      net/netfilter/nf_conntrack_sip.o
  CC      arch/x86/kernel/cpu/mtrr/cleanup.o
  CC      drivers/tty/vt/vt.o
  CC      drivers/acpi/acpica/exfldio.o
  CC      net/ipv4/tcp_ipv4.o
  CC      mm/madvise.o
  CC      net/ipv6/ndisc.o
  AR      drivers/char/agp/built-in.a
  AR      drivers/char/built-in.a
  CC      arch/x86/kernel/early-quirks.o
  AR      arch/x86/kernel/cpu/microcode/built-in.a
  CC      arch/x86/kernel/cpu/mce/intel.o
  CC      lib/crypto/mpi/mpi-cmp.o
  CC      mm/page_io.o
  CC      kernel/irq/spurious.o
  CC      drivers/acpi/acpica/exmisc.o
  AR      arch/x86/kernel/cpu/mtrr/built-in.a
  CC      drivers/tty/serial/serial_core.o
  CC      drivers/acpi/ac.o
  CC      net/core/net-procfs.o
  CC      drivers/acpi/acpica/exmutex.o
  CC      lib/crypto/mpi/mpi-sub-ui.o
  CC      arch/x86/kernel/cpu/mce/amd.o
  CC      net/ipv4/tcp_minisocks.o
  CC      kernel/irq/resend.o
  CC      fs/locks.o
  CC      drivers/acpi/acpica/exnames.o
  CC      fs/binfmt_misc.o
  CC      mm/swap_state.o
  CC      net/netfilter/nf_log_syslog.o
  CC      lib/crypto/mpi/mpi-div.o
  CC      net/sunrpc/xprt.o
  CC      arch/x86/kernel/smp.o
  CC      kernel/irq/chip.o
  CC      drivers/tty/vt/defkeymap.o
  CC      net/ipv6/udp.o
  CC      drivers/acpi/acpica/exoparg1.o
  CC      net/core/netpoll.o
  CC      drivers/tty/vt/consolemap.o
  CC      kernel/irq/dummychip.o
  CC      arch/x86/kernel/cpu/mce/threshold.o
  CC      lib/crypto/mpi/mpi-mod.o
  CC      drivers/tty/serial/serial_base_bus.o
  CC      drivers/acpi/acpica/exoparg2.o
  CC      drivers/acpi/acpica/exoparg3.o
  CC      net/ipv4/tcp_cong.o
  CC      mm/swapfile.o
  CC      fs/binfmt_script.o
  CC      drivers/tty/serial/serial_ctrl.o
  CC      arch/x86/kernel/cpu/perfctr-watchdog.o
  CC      kernel/irq/devres.o
  CC      lib/crypto/mpi/mpi-mul.o
  CC      net/netfilter/nf_nat_core.o
  CC      kernel/irq/kexec.o
  CC      drivers/acpi/acpica/exoparg6.o
  CC      lib/crypto/mpi/mpih-cmp.o
  CC      drivers/tty/vt/consolemap_deftbl.o
  CC      drivers/tty/vt/ucs.o
  AR      arch/x86/kernel/cpu/mce/built-in.a
  AR      drivers/tty/vt/built-in.a
  CC      drivers/connector/cn_queue.o
  CC      drivers/connector/connector.o
  CC      fs/binfmt_elf.o
  CC      drivers/tty/serial/serial_port.o
  CC      drivers/acpi/acpica/exprep.o
  CC      net/sunrpc/socklib.o
  CC      drivers/connector/cn_proc.o
  CC      lib/crypto/mpi/mpih-div.o
  CC      net/core/fib_rules.o
  CC      arch/x86/kernel/cpu/vmware.o
  CC      kernel/irq/autoprobe.o
  CC      net/wireless/core.o
  CC      net/ipv6/raw.o
  CC      drivers/acpi/acpica/exregion.o
  CC      net/ipv4/tcp_metrics.o
  CC      drivers/tty/serial/earlycon.o
  CC      lib/crypto/mpi/mpih-mul.o
  CC      lib/crypto/mpi/mpi-pow.o
  CC      kernel/irq/irqdomain.o
  CC      arch/x86/kernel/cpu/hypervisor.o
  CC      net/netfilter/nf_nat_proto.o
  CC      mm/dmapool.o
  CC      drivers/acpi/acpica/exresnte.o
  CC      drivers/acpi/button.o
  AR      drivers/connector/built-in.a
  CC      fs/compat_binfmt_elf.o
  CC      net/sunrpc/xprtsock.o
  CC      arch/x86/kernel/cpu/mshyperv.o
  CC      net/core/net-traces.o
  CC      drivers/acpi/acpica/exresolv.o
  CC      drivers/tty/serial/8250/8250_core.o
  CC      kernel/irq/proc.o
  CC      kernel/irq/migration.o
  CC      lib/crypto/mpi/mpiutil.o
  CC      mm/hugetlb.o
  CC      net/netfilter/nf_nat_helper.o
  CC      mm/hugetlb_sysfs.o
  CC      drivers/acpi/acpica/exresop.o
  CC      net/ipv4/tcp_fastopen.o
  CC      net/ipv6/icmp.o
  AR      lib/crypto/mpi/built-in.a
  CC      kernel/irq/cpuhotplug.o
  AR      lib/crypto/built-in.a
  CC      arch/x86/kernel/cpu/debugfs.o
  CC      lib/iomap.o
  CC      lib/iomap_copy.o
  CC      drivers/acpi/acpica/exserial.o
  CC      net/ipv6/mcast.o
  CC      drivers/tty/serial/8250/8250_platform.o
  CC      net/core/selftests.o
  CC      net/wireless/sysfs.o
  CC      fs/mbcache.o
  CC      kernel/rcu/update.o
  CC      drivers/acpi/acpica/exstore.o
  AR      arch/x86/kernel/cpu/built-in.a
  CC      arch/x86/kernel/smpboot.o
  CC      kernel/irq/pm.o
  CC      net/netfilter/nf_nat_masquerade.o
  CC      lib/devres.o
  CC      drivers/tty/serial/8250/8250_pnp.o
  CC      drivers/acpi/acpica/exstoren.o
  CC      fs/posix_acl.o
  CC      net/ipv4/tcp_recovery.o
  CC      net/ipv4/tcp_ulp.o
  CC      net/sunrpc/sched.o
  CC      drivers/acpi/acpica/exstorob.o
  CC      kernel/irq/msi.o
  CC      lib/check_signature.o
  CC      net/sunrpc/auth.o
  CC      lib/assoc_array.o
  CC      mm/hugetlb_sysctl.o
  CC      drivers/tty/serial/8250/8250_port.o
  CC      arch/x86/kernel/tsc_sync.o
  CC      drivers/acpi/acpica/exsystem.o
  CC      net/wireless/radiotap.o
  CC      fs/nfs_common/nfsacl.o
  CC      net/netfilter/nf_nat_irc.o
  CC      net/ipv6/reassembly.o
  CC      drivers/acpi/acpica/extrace.o
  CC      kernel/rcu/sync.o
  CC      arch/x86/kernel/setup_percpu.o
  CC      mm/hugetlb_vmemmap.o
  CC      lib/bitrev.o
  CC      net/ipv4/tcp_offload.o
  CC      net/core/ptp_classifier.o
  CC      net/wireless/util.o
  CC      kernel/irq/affinity.o
  CC      kernel/rcu/srcutree.o
  CC      drivers/acpi/acpica/exutils.o
  CC      fs/nfs_common/grace.o
  CC      fs/coredump.o
  CC      lib/xxhash.o
  CC      arch/x86/kernel/mpparse.o
  CC      drivers/tty/serial/8250/8250_dma.o
  CC      net/netfilter/nf_nat_sip.o
  CC      drivers/acpi/acpica/hwacpi.o
  CC      kernel/irq/matrix.o
  CC      net/wireless/reg.o
  CC      mm/mempolicy.o
  CC      net/ipv6/tcp_ipv6.o
  CC      net/core/dst_cache.o
  CC      lib/genalloc.o
  CC      drivers/acpi/acpica/hwesleep.o
  CC      fs/nfs_common/common.o
  CC      kernel/rcu/tree.o
  CC      net/ipv4/tcp_plb.o
  CC      drivers/tty/serial/8250/8250_dwlib.o
  CC      arch/x86/kernel/apic/apic.o
  CC      drivers/acpi/acpica/hwgpe.o
  AR      kernel/irq/built-in.a
  CC      net/netfilter/x_tables.o
  CC      arch/x86/kernel/apic/apic_common.o
  AR      fs/nfs_common/built-in.a
  CC      lib/zlib_inflate/inffast.o
  CC      net/ipv6/ping.o
  CC      drivers/acpi/acpica/hwregs.o
  CC      fs/drop_caches.o
  CC      lib/zlib_inflate/inflate.o
  CC      net/core/gro_cells.o
  CC      drivers/tty/serial/8250/8250_rsa.o
  CC      arch/x86/kernel/apic/apic_noop.o
  CC      lib/zlib_inflate/infutil.o
  CC      net/ipv4/datagram.o
  CC      drivers/acpi/acpica/hwsleep.o
  CC      drivers/base/component.o
  CC      mm/sparse.o
  CC      drivers/base/core.o
  CC      fs/sysctls.o
  CC      lib/zlib_inflate/inftrees.o
  CC      arch/x86/kernel/apic/ipi.o
  CC      drivers/tty/serial/8250/8250_early.o
  CC      drivers/acpi/fan_core.o
  CC      drivers/acpi/acpica/hwvalid.o
  CC      lib/zlib_inflate/inflate_syms.o
  CC      fs/fhandle.o
  CC      net/wireless/scan.o
  CC      net/ipv6/exthdrs.o
  CC      net/sunrpc/auth_null.o
  CC      net/core/failover.o
  CC      net/ipv6/datagram.o
  CC      drivers/acpi/acpica/hwxface.o
  CC      mm/sparse-vmemmap.o
  CC      net/netfilter/xt_tcpudp.o
  CC      arch/x86/kernel/apic/vector.o
  CC      net/ipv4/raw.o
  CC      drivers/tty/serial/8250/8250_lpss.o
  AR      lib/zlib_inflate/built-in.a
  CC      lib/lzo/lzo1x_compress.o
  CC      net/sunrpc/auth_tls.o
  CC      kernel/rcu/rcu_segcblist.o
  CC      drivers/acpi/acpica/hwxfsleep.o
  CC      fs/iomap/trace.o
  CC      net/netfilter/xt_mark.o
  AR      net/core/built-in.a
  CC      drivers/acpi/acpica/hwpci.o
  CC      net/wireless/nl80211.o
  CC      lib/lzo/lzo1x_compress_safe.o
  CC      drivers/tty/serial/8250/8250_mid.o
  AR      kernel/rcu/built-in.a
  CC      mm/migrate.o
  CC      kernel/dma/mapping.o
  CC      kernel/dma/direct.o
  CC      net/ipv6/ip6_flowlabel.o
  CC      drivers/acpi/acpica/nsaccess.o
  CC      drivers/base/bus.o
  CC      arch/x86/kernel/apic/init.o
  CC      net/sunrpc/auth_unix.o
  CC      kernel/entry/common.o
  CC      net/ipv4/udp.o
  CC      lib/lzo/lzo1x_decompress_safe.o
  CC      fs/iomap/iter.o
  CC      drivers/tty/serial/8250/8250_pericom.o
  CC      drivers/acpi/acpica/nsalloc.o
  CC      net/netfilter/xt_LOG.o
  CC      kernel/unwind/user.o
  CC      arch/x86/kernel/apic/hw_nmi.o
  CC      drivers/base/dd.o
  CC      lib/lz4/lz4_compress.o
  CC      drivers/acpi/acpica/nsarguments.o
  AR      lib/lzo/built-in.a
  CC      kernel/unwind/deferred.o
  CC      kernel/entry/syscall-common.o
  CC      lib/lz4/lz4_decompress.o
  CC      net/ipv6/inet6_connection_sock.o
  AR      drivers/tty/serial/8250/built-in.a
  CC      net/sunrpc/svc.o
  AR      drivers/tty/serial/built-in.a
  AR      drivers/tty/built-in.a
  CC      fs/iomap/buffered-io.o
  CC      mm/memory-tiers.o
  CC      drivers/block/virtio_blk.o
  CC      arch/x86/kernel/apic/io_apic.o
  CC      drivers/acpi/acpica/nsconvert.o
  CC      kernel/dma/swiotlb.o
  CC      drivers/base/syscore.o
  CC      net/netfilter/xt_NFLOG.o
  AR      kernel/unwind/built-in.a
  CC      drivers/acpi/acpica/nsdump.o
  CC      net/netfilter/xt_MASQUERADE.o
  CC      kernel/entry/syscall_user_dispatch.o
  CC      mm/early_ioremap.o
  CC      drivers/acpi/acpica/nseval.o
  CC      mm/numa.o
  AR      drivers/block/built-in.a
  CC      net/ipv6/udp_offload.o
  AR      lib/lz4/built-in.a
  CC      net/mac80211/main.o
  CC      lib/zstd/zstd_decompress_module.o
  CC      net/ipv4/udp_offload.o
  CC      fs/iomap/direct-io.o
  CC      drivers/acpi/acpica/nsinit.o
  CC      mm/numa_memblks.o
  CC      drivers/base/driver.o
  CC      arch/x86/kernel/apic/msi.o
  CC      net/netfilter/xt_SECMARK.o
  AR      kernel/entry/built-in.a
  CC      drivers/acpi/fan_attr.o
  CC      kernel/dma/remap.o
  CC      fs/quota/dquot.o
  CC      net/wireless/mlme.o
  CC      net/sunrpc/svcsock.o
  CC      drivers/acpi/acpica/nsload.o
  CC      lib/zstd/decompress/huf_decompress.o
  CC      drivers/base/class.o
  CC      mm/secretmem.o
  CC      arch/x86/kernel/apic/x2apic_phys.o
  CC      lib/zstd/decompress/zstd_ddict.o
  CC      drivers/acpi/acpica/nsnames.o
  CC      net/ipv6/seg6.o
  AR      kernel/dma/built-in.a
  CC      kernel/freezer.o
  CC      fs/iomap/ioend.o
  CC      drivers/base/platform.o
  CC      net/netfilter/xt_TCPMSS.o
  CC      drivers/acpi/acpica/nsobject.o
  CC      net/ipv4/arp.o
  CC      net/netfilter/xt_addrtype.o
  CC      arch/x86/kernel/apic/x2apic_cluster.o
  CC      mm/memfd.o
  CC      fs/iomap/fiemap.o
  CC      drivers/acpi/acpica/nsparse.o
  CC      fs/quota/quota_v2.o
  CC      kernel/profile.o
  CC      net/mac80211/status.o
  CC      net/ipv6/fib6_notifier.o
  CC      drivers/base/cpu.o
  CC      lib/zstd/decompress/zstd_decompress.o
  CC      arch/x86/kernel/apic/apic_flat_64.o
  CC      drivers/acpi/acpica/nspredef.o
  CC      net/ipv4/icmp.o
  CC      net/sunrpc/svcauth.o
  CC      drivers/misc/eeprom/eeprom_93cx6.o
  CC      fs/quota/quota_tree.o
  CC      fs/iomap/seek.o
  CC      kernel/stacktrace.o
  CC      lib/zstd/decompress/zstd_decompress_block.o
  CC      net/netfilter/xt_conntrack.o
  CC      drivers/acpi/acpica/nsprepkg.o
  CC      mm/ptdump.o
  CC      arch/x86/kernel/apic/probe_64.o
  CC      drivers/base/firmware.o
  CC      lib/xz/xz_dec_syms.o
  CC      net/ipv6/rpl.o
  AR      drivers/misc/eeprom/built-in.a
  CC      drivers/acpi/acpica/nsrepair.o
  CC      drivers/misc/mei/init.o
  CC      fs/iomap/bio.o
  CC      fs/quota/quota.o
  CC      kernel/time/time.o
  AR      arch/x86/kernel/apic/built-in.a
  CC      arch/x86/kernel/trace_clock.o
  CC      drivers/base/init.o
  CC      lib/xz/xz_dec_stream.o
  CC      mm/execmem.o
  CC      drivers/acpi/acpica/nsrepair2.o
  CC      arch/x86/kernel/trace.o
  CC      net/mac80211/driver-ops.o
  CC      net/netfilter/xt_state.o
  CC      drivers/misc/mei/hbm.o
  CC      net/sunrpc/svcauth_unix.o
  CC      lib/xz/xz_dec_lzma2.o
  CC      fs/iomap/swapfile.o
  CC      net/ipv6/ioam6.o
  CC      net/wireless/ibss.o
  CC      drivers/base/map.o
  CC      drivers/acpi/acpica/nssearch.o
  CC      net/ipv4/devinet.o
  CC      lib/zstd/zstd_common_module.o
  CC      arch/x86/kernel/rethook.o
  AR      mm/built-in.a
  CC      kernel/time/timer.o
  CC      arch/x86/kernel/vmcore_info_64.o
  CC      fs/quota/kqid.o
  CC      drivers/acpi/acpica/nsutils.o
  CC      lib/xz/xz_dec_bcj.o
  CC      drivers/misc/mei/interrupt.o
  CC      drivers/base/devres.o
  AR      net/netfilter/built-in.a
  CC      lib/zstd/common/debug.o
  AR      fs/iomap/built-in.a
  CC      lib/zstd/common/entropy_common.o
  CC      drivers/acpi/processor_driver.o
  CC      fs/proc/task_mmu.o
  CC      drivers/acpi/processor_thermal.o
  CC      arch/x86/kernel/machine_kexec_64.o
  CC      drivers/acpi/acpica/nswalk.o
  CC      fs/quota/netlink.o
  CC      lib/zstd/common/error_private.o
  AR      lib/xz/built-in.a
  CC      lib/zstd/common/fse_decompress.o
  CC      net/wireless/sme.o
  CC      drivers/misc/mei/client.o
  CC      lib/zstd/common/zstd_common.o
  CC      net/mac80211/sta_info.o
  CC      drivers/acpi/acpica/nsxfeval.o
  AR      lib/zstd/built-in.a
  CC      lib/percpu_counter.o
  AS      arch/x86/kernel/relocate_kernel_64.o
  CC      net/ipv6/sysctl_net_ipv6.o
  CC      drivers/base/attribute_container.o
  CC      fs/proc/inode.o
  CC      net/ipv4/af_inet.o
  CC      arch/x86/kernel/kprobes/core.o
  CC      net/sunrpc/addr.o
  CC      lib/syscall.o
  CC      net/ipv6/xfrm6_policy.o
  CC      kernel/time/hrtimer.o
  AR      fs/quota/built-in.a
  CC      drivers/acpi/acpica/nsxfname.o
  CC      drivers/acpi/processor_idle.o
  CC      net/ipv6/xfrm6_state.o
  CC      drivers/base/transport_class.o
  CC      drivers/acpi/acpica/nsxfobj.o
  CC      lib/nlattr.o
  CC      net/mac80211/wep.o
  CC      fs/proc/root.o
  CC      drivers/misc/mei/main.o
  CC      arch/x86/kernel/kprobes/opt.o
  CC      fs/proc/base.o
  CC      drivers/acpi/acpica/psargs.o
  CC      net/sunrpc/rpcb_clnt.o
  CC      drivers/base/topology.o
  CC      net/ipv4/igmp.o
  CC      kernel/futex/core.o
  CC      kernel/time/sleep_timeout.o
  CC      net/wireless/chan.o
  CC      drivers/acpi/acpica/psloop.o
  CC      net/ipv6/xfrm6_input.o
  CC      drivers/acpi/acpica/psobject.o
  CC      kernel/futex/syscalls.o
  CC      drivers/misc/mei/dma-ring.o
  CC      lib/dynamic_queue_limits.o
  AR      arch/x86/kernel/kprobes/built-in.a
  CC      kernel/futex/pi.o
  CC      arch/x86/kernel/early_printk.o
  CC      kernel/time/timekeeping.o
  CC      drivers/base/container.o
  CC      net/sunrpc/timer.o
  CC      drivers/acpi/acpica/psopcode.o
  CC      net/mac80211/aead_api.o
  CC      fs/proc/generic.o
  CC      drivers/misc/mei/bus.o
  CC      drivers/acpi/acpica/psopinfo.o
  CC      net/mac80211/wpa.o
  CC      drivers/base/property.o
  CC      net/mac80211/scan.o
  CC      arch/x86/kernel/hpet.o
  CC      net/netlabel/netlabel_user.o
  CC      kernel/futex/requeue.o
  CC      lib/glob.o
  CC      net/ipv4/fib_frontend.o
  CC      net/ipv6/xfrm6_output.o
  CC      drivers/acpi/acpica/psparse.o
  CC      lib/dim/dim.o
  CC      net/sunrpc/xdr.o
  CC      kernel/time/ntp.o
  CC      fs/proc/array.o
  CC      drivers/acpi/acpica/psscope.o
  CC      net/wireless/ethtool.o
  CC      drivers/misc/mei/bus-fixup.o
  CC      kernel/futex/waitwake.o
  CC      arch/x86/kernel/amd_nb.o
  CC      drivers/acpi/processor_throttling.o
  CC      net/netlabel/netlabel_kapi.o
  CC      lib/dim/net_dim.o
  CC      drivers/base/cacheinfo.o
  CC      drivers/acpi/acpica/pstree.o
  CC      net/mac80211/offchannel.o
  CC      kernel/time/clocksource.o
  AR      kernel/futex/built-in.a
  CC      net/ipv6/xfrm6_protocol.o
  CC      kernel/dma.o
  CC      arch/x86/kernel/amd_node.o
  CC      drivers/acpi/acpica/psutils.o
  CC      fs/proc/fd.o
  CC      drivers/misc/mei/debugfs.o
  CC      kernel/time/jiffies.o
  CC      net/ipv4/fib_semantics.o
  CC      fs/kernfs/mount.o
  CC      drivers/acpi/acpica/pswalk.o
  CC      lib/dim/rdma_dim.o
  CC      drivers/base/swnode.o
  CC      drivers/acpi/acpica/psxface.o
  CC      net/rfkill/core.o
  CC      arch/x86/kernel/paravirt.o
  CC      net/wireless/mesh.o
  CC      net/netlabel/netlabel_domainhash.o
  CC      drivers/misc/mei/mei-trace.o
  CC      arch/x86/kernel/paravirt-spinlocks.o
  CC      net/sunrpc/sunrpc_syms.o
  CC      fs/proc/proc_tty.o
  CC      kernel/time/timer_list.o
  CC      drivers/acpi/acpica/rsaddr.o
  AR      lib/dim/built-in.a
  CC      lib/strncpy_from_user.o
  CC      net/ipv6/netfilter.o
  CC      fs/kernfs/inode.o
  CC      drivers/base/faux.o
  CC      drivers/acpi/acpica/rscalc.o
  CC      net/rfkill/input.o
  CC      net/mac80211/ht.o
  CC      net/sunrpc/cache.o
  CC      arch/x86/kernel/pcspeaker.o
  CC      fs/proc/cmdline.o
  CC      kernel/time/timeconv.o
  CC      drivers/misc/mei/pci-me.o
  CC      lib/strnlen_user.o
  CC      drivers/acpi/acpica/rscreate.o
  CC      net/netlabel/netlabel_addrlist.o
  CC      kernel/time/timecounter.o
  CC      drivers/base/auxiliary.o
  CC      fs/proc/consoles.o
  AR      net/rfkill/built-in.a
  CC      lib/net_utils.o
  CC      fs/kernfs/dir.o
  CC      arch/x86/kernel/check.o
  CC      net/ipv4/fib_trie.o
  CC      kernel/time/alarmtimer.o
  CC      drivers/acpi/acpica/rsdumpinfo.o
  CC      net/wireless/ap.o
  CC      fs/sysfs/file.o
  CC      net/ipv6/proc.o
  CC      fs/devpts/inode.o
  CC      drivers/misc/mei/hw-me.o
  CC      drivers/base/devtmpfs.o
  CC      fs/proc/cpuinfo.o
  CC      drivers/acpi/acpica/rsinfo.o
  CC      arch/x86/kernel/perf_regs.o
  CC      lib/sg_pool.o
  CC      net/mac80211/agg-tx.o
  CC      net/netlabel/netlabel_mgmt.o
  CC      fs/sysfs/dir.o
  CC      drivers/acpi/acpica/rsio.o
  CC      fs/kernfs/file.o
  AR      fs/devpts/built-in.a
  CC      kernel/time/posix-timers.o
  CC      fs/proc/devices.o
  CC      net/sunrpc/rpc_pipe.o
  CC      drivers/acpi/processor_perflib.o
  CC      lib/stackdepot.o
  CC      arch/x86/kernel/umip.o
  CC      drivers/acpi/acpica/rsirq.o
  CC      drivers/base/power/sysfs.o
  AR      drivers/misc/mei/built-in.a
  CC      net/ipv6/calipso.o
  AR      drivers/misc/built-in.a
  CC      drivers/base/firmware_loader/main.o
  CC      fs/sysfs/symlink.o
  CC      net/wireless/trace.o
  CC      drivers/acpi/acpica/rslist.o
  CC      net/ipv4/fib_notifier.o
  CC      fs/proc/loadavg.o
  CC      fs/kernfs/symlink.o
  CC      net/netlabel/netlabel_unlabeled.o
  CC      drivers/base/power/generic_ops.o
  CC      net/ipv6/ah6.o
  CC      lib/asn1_decoder.o
  CC      arch/x86/kernel/unwind_orc.o
  CC      drivers/acpi/acpica/rsmemory.o
  CC      fs/sysfs/mount.o
  CC      kernel/time/posix-cpu-timers.o
  CC      fs/proc/meminfo.o
  CC      net/sunrpc/sysfs.o
  CC      drivers/base/firmware_loader/builtin/main.o
  CC      net/mac80211/agg-rx.o
  CC      drivers/acpi/acpica/rsmisc.o
  CC      drivers/base/power/common.o
  CC      net/ipv4/inet_fragment.o
  CC      lib/fonts/fonts.o
  AR      fs/kernfs/built-in.a
  CC      fs/sysfs/group.o
  CC      fs/proc/stat.o
  AR      drivers/base/firmware_loader/builtin/built-in.a
  AR      drivers/base/firmware_loader/built-in.a
  CC      net/netlabel/netlabel_cipso_v4.o
  CC      arch/x86/kernel/cet.o
  CC      drivers/acpi/acpica/rsserial.o
  CC      net/9p/mod.o
  CC      net/wireless/ocb.o
  CC      fs/proc/uptime.o
  CC      kernel/time/posix-clock.o
  CC      net/ipv6/esp6.o
  CC      lib/fonts/font_8x16.o
  CC      drivers/base/power/qos.o
  CC      drivers/base/power/runtime.o
  AR      fs/sysfs/built-in.a
  CC      drivers/acpi/acpica/rsutils.o
  CC      net/ipv4/ping.o
  CC      net/sunrpc/svc_xprt.o
  CC      net/9p/client.o
  CC      arch/x86/kernel/mmconf-fam10h_64.o
  CC      fs/proc/util.o
  AR      lib/fonts/built-in.a
  CC      lib/oid_registry.o
  CC      drivers/acpi/acpica/rsxface.o
  CC      net/netlabel/netlabel_calipso.o
  CC      net/mac80211/vht.o
  CC      drivers/acpi/acpica/tbdata.o
  CC      kernel/time/itimer.o
  CC      net/sunrpc/xprtmultipath.o
  CC      net/sunrpc/netlink.o
  CC      fs/proc/version.o
  CC      arch/x86/kernel/vsmp_64.o
  CC      drivers/base/power/wakeirq.o
  CC      drivers/acpi/acpica/tbfadt.o
  CC      lib/ucs2_string.o
  CC      drivers/acpi/acpica/tbfind.o
  CC      net/ipv4/ip_tunnel_core.o
  CC      net/ipv6/netfilter/nf_defrag_ipv6_hooks.o
  AR      net/netlabel/built-in.a
  CC      fs/proc/softirqs.o
  CC      net/ipv6/netfilter/nf_conntrack_reasm.o
  CC      drivers/base/power/main.o
  CC      kernel/time/clockevents.o
  CC      drivers/acpi/acpica/tbinstal.o
  LDS     arch/x86/kernel/vmlinux.lds
  CC      net/9p/error.o
  AR      arch/x86/kernel/built-in.a
  AR      arch/x86/built-in.a
  CC      drivers/acpi/acpica/tbprint.o
  CC      drivers/acpi/acpica/tbutils.o
  CC      lib/sbitmap.o
  CC      net/sunrpc/backchannel_rqst.o
  CC      kernel/smp.o
  CC      net/9p/protocol.o
  CC      lib/group_cpus.o
  CC      net/mac80211/he.o
  CC      fs/proc/namespaces.o
  CC      drivers/acpi/acpica/tbxface.o
  CC      fs/netfs/buffered_read.o
  CC      drivers/acpi/acpica/tbxfload.o
  CC      kernel/time/tick-common.o
  CC      fs/netfs/buffered_write.o
  CC      net/mac80211/s1g.o
  CC      drivers/macintosh/mac_hid.o
  CC      net/ipv4/gre_offload.o
  CC      drivers/base/power/wakeup.o
  CC      drivers/acpi/acpica/tbxfroot.o
  CC      net/sunrpc/stats.o
  CC      net/ipv6/netfilter/nf_reject_ipv6.o
  CC      net/9p/trans_common.o
  CC      lib/fw_table.o
  CC      fs/proc/self.o
  AR      lib/lib.a
  CC      net/9p/trans_virtio.o
  CC      drivers/acpi/acpica/utaddress.o
  CC      net/sysctl_net.o
  CC      kernel/time/tick-broadcast.o
  AR      drivers/macintosh/built-in.a
  CC      fs/ext4/balloc.o
  CC      fs/netfs/direct_read.o
  CC      net/ipv6/netfilter/ip6t_ipv6header.o
  CC      fs/proc/thread_self.o
  AR      lib/built-in.a
  CC      drivers/acpi/container.o
  CC      drivers/acpi/acpica/utalloc.o
  CC      drivers/base/node.o
  CC      drivers/base/power/wakeup_stats.o
  CC      net/ipv4/metrics.o
  CC      kernel/time/tick-broadcast-hrtimer.o
  CC      drivers/acpi/acpica/utascii.o
  CC      net/mac80211/ibss.o
  CC      fs/proc/proc_sysctl.o
  CC      net/ipv4/netlink.o
  AR      net/9p/built-in.a
  CC      fs/ext4/bitmap.o
  CC      kernel/uid16.o
  CC      net/sunrpc/sysctl.o
  CC      net/sunrpc/auth_gss/auth_gss.o
  CC      fs/netfs/direct_write.o
  CC      drivers/acpi/acpica/utbuffer.o
  AR      drivers/base/power/built-in.a
  CC      fs/netfs/iterator.o
  CC      drivers/base/auxiliary_sysfs.o
  CC      kernel/time/tick-oneshot.o
  CC      fs/netfs/locking.o
  AR      net/ipv6/netfilter/built-in.a
  CC      net/ipv6/sit.o
  CC      drivers/acpi/acpica/utcksum.o
  CC      fs/ext4/block_validity.o
  CC      fs/netfs/main.o
  CC      drivers/base/platform-msi.o
  CC      kernel/time/tick-sched.o
  CC      fs/jbd2/transaction.o
  CC      net/ipv4/nexthop.o
  CC      net/ipv4/udp_tunnel_stub.o
  CC      kernel/time/timer_migration.o
  CC      drivers/acpi/acpica/utcopy.o
  CC      net/wireless/michael-mic.o
  CC      net/ipv4/ip_tunnel.o
  CC      fs/proc/proc_net.o
  CC      net/wireless/pmsr.o
  CC      drivers/acpi/acpica/utexcep.o
  CC      drivers/base/physical_location.o
  CC      net/mac80211/iface.o
  CC      fs/ext4/dir.o
  CC      net/sunrpc/auth_gss/gss_mech_switch.o
  CC      net/ipv4/sysctl_net_ipv4.o
  CC      drivers/acpi/acpica/utdebug.o
  CC      net/ipv6/addrconf_core.o
  CC      kernel/kallsyms.o
  CC      net/wireless/shipped-certs.o
  CC      fs/proc/kcore.o
  CC      fs/jbd2/commit.o
  CC      drivers/base/trace.o
  CC      fs/netfs/misc.o
  CC      drivers/acpi/acpica/utdecode.o
  CC      kernel/time/vsyscall.o
  CC      fs/ext4/ext4_jbd2.o
  CC      kernel/time/timekeeping_debug.o
  CC      drivers/acpi/acpica/utdelete.o
  CC      net/mac80211/link.o
  CC      net/sunrpc/auth_gss/svcauth_gss.o
  CC      net/dns_resolver/dns_key.o
  CC      net/handshake/alert.o
  CC      fs/proc/kmsg.o
  AR      drivers/base/built-in.a
  CC      net/ipv6/exthdrs_core.o
  AR      net/wireless/built-in.a
  CC      fs/proc/page.o
  CC      fs/ramfs/inode.o
  CC      fs/netfs/objects.o
  CC      net/ipv4/proc.o
  CC      drivers/acpi/acpica/uterror.o
  CC      fs/hugetlbfs/inode.o
  CC      fs/jbd2/recovery.o
  CC      kernel/time/namespace.o
  CC      drivers/acpi/acpica/uteval.o
  CC      fs/ext4/extents.o
  CC      fs/jbd2/checkpoint.o
  CC      net/dns_resolver/dns_query.o
  CC      kernel/time/namespace_vdso.o
  CC      fs/ramfs/file-mmu.o
  AR      fs/proc/built-in.a
  CC      fs/netfs/read_collect.o
  CC      drivers/acpi/acpica/utglobal.o
  CC      drivers/scsi/scsi.o
  CC      net/ipv6/ip6_checksum.o
  CC      drivers/scsi/hosts.o
  CC      drivers/scsi/scsi_ioctl.o
  CC      net/handshake/genl.o
  CC      net/ipv4/fib_rules.o
  AR      net/dns_resolver/built-in.a
  CC      drivers/acpi/acpica/uthex.o
  AR      kernel/time/built-in.a
  CC      drivers/acpi/thermal_lib.o
  CC      kernel/acct.o
  CC      fs/jbd2/revoke.o
  CC      net/sunrpc/auth_gss/gss_rpc_upcall.o
  CC      net/mac80211/rate.o
  AR      fs/hugetlbfs/built-in.a
  CC      kernel/vmcore_info.o
  AR      fs/ramfs/built-in.a
  CC      fs/jbd2/journal.o
  CC      drivers/acpi/acpica/utids.o
  CC      drivers/acpi/thermal.o
  CC      fs/netfs/read_pgpriv2.o
  CC      kernel/elfcorehdr.o
  CC      net/handshake/netlink.o
  CC      net/ipv6/ip6_icmp.o
  CC      net/handshake/request.o
  CC      drivers/scsi/scsicam.o
  CC      drivers/acpi/acpica/utinit.o
  CC      drivers/acpi/acpica/utlock.o
  CC      drivers/acpi/acpica/utmath.o
  CC      drivers/acpi/acpica/utmisc.o
  CC      net/sunrpc/auth_gss/gss_rpc_xdr.o
  CC      net/ipv4/tunnel4.o
  CC      kernel/kexec_core.o
  CC      net/sunrpc/auth_gss/trace.o
  CC      kernel/kexec.o
  CC      net/sunrpc/auth_gss/gss_krb5_mech.o
  CC      fs/ext4/extents_status.o
  CC      fs/netfs/read_retry.o
  CC      drivers/acpi/acpica/utmutex.o
  CC      drivers/scsi/scsi_error.o
  CC      drivers/net/mii.o
  CC      drivers/acpi/acpica/utnonansi.o
  CC      net/ipv6/output_core.o
  CC      net/mac80211/tkip.o
  CC      net/ipv4/ipconfig.o
  CC      net/handshake/tlshd.o
  AR      fs/jbd2/built-in.a
  CC      fs/fat/cache.o
  CC      drivers/acpi/acpica/utobject.o
  CC      kernel/compat.o
  CC      fs/netfs/read_single.o
  CC      net/sunrpc/auth_gss/gss_krb5_seal.o
  CC      net/handshake/trace.o
  CC      drivers/scsi/scsi_lib.o
  CC      net/ipv4/netfilter.o
  CC      drivers/acpi/acpica/utosi.o
  CC      net/ipv4/netfilter/nf_defrag_ipv4.o
  CC      drivers/net/loopback.o
  CC      net/ipv6/protocol.o
  CC      fs/ext4/file.o
  CC      net/ipv6/ip6_offload.o
  CC      kernel/utsname.o
  CC      fs/fat/dir.o
  CC      drivers/acpi/acpica/utownerid.o
  CC      fs/netfs/rolling_buffer.o
  CC      fs/ext4/fsmap.o
  CC      fs/fat/fatent.o
  CC      net/mac80211/aes_cmac.o
  CC      net/sunrpc/auth_gss/gss_krb5_unseal.o
  CC      drivers/acpi/acpica/utpredef.o
  AR      net/handshake/built-in.a
  CC      drivers/net/netconsole.o
  CC      drivers/net/phy/stubs.o
  CC      kernel/stop_machine.o
  CC      net/ipv4/netfilter/nf_reject_ipv4.o
  CC      drivers/scsi/scsi_lib_dma.o
  CC      net/ipv4/tcp_cubic.o
  CC      drivers/firewire/init_ohci1394_dma.o
  CC      net/ipv6/exthdrs_offload.o
  CC      drivers/acpi/acpica/utresdecode.o
  CC      fs/netfs/write_collect.o
  CC      drivers/acpi/numa/srat.o
  CC      fs/fat/file.o
  CC      net/mac80211/aes_gmac.o
  CC      net/sunrpc/auth_gss/gss_krb5_wrap.o
  CC      drivers/acpi/acpica/utresrc.o
  CC      fs/ext4/fsync.o
  CC      drivers/net/phy/mdio_bus.o
  CC      drivers/scsi/scsi_scan.o
  CC      net/ipv4/cipso_ipv4.o
  AR      drivers/firewire/built-in.a
  CC      kernel/kprobes.o
  CC      net/sunrpc/auth_gss/gss_krb5_crypto.o
  CC      drivers/acpi/acpica/utstate.o
  CC      net/ipv6/inet6_hashtables.o
  CC      net/ipv4/xfrm4_policy.o
  CC      fs/netfs/write_issue.o
  AR      drivers/acpi/numa/built-in.a
  CC      net/ipv6/mcast_snoop.o
  AR      net/ipv4/netfilter/built-in.a
  CC      drivers/acpi/acpica/utstring.o
  CC      kernel/seccomp.o
  CC      fs/fat/inode.o
  CC      net/mac80211/fils_aead.o
  CC      drivers/net/phy/phy.o
  CC      drivers/scsi/scsi_sysfs.o
  CC      drivers/cdrom/cdrom.o
  CC      drivers/acpi/acpica/utstrsuppt.o
  CC      fs/ext4/hash.o
  CC      fs/netfs/write_retry.o
  AR      net/sunrpc/auth_gss/built-in.a
  AR      net/sunrpc/built-in.a
  CC      drivers/acpi/acpi_memhotplug.o
  CC      drivers/acpi/acpica/utstrtoul64.o
  CC      drivers/net/phy/phy-c45.o
  CC      net/mac80211/cfg.o
  CC      drivers/net/phy/phy-core.o
  CC      net/ipv4/xfrm4_state.o
  CC      drivers/net/mdio/acpi_mdio.o
  AR      net/ipv6/built-in.a
  CC      fs/ext4/ialloc.o
  CC      drivers/scsi/scsi_devinfo.o
  CC      fs/fat/misc.o
  CC      drivers/acpi/acpica/utxface.o
  CC      fs/ext4/indirect.o
  CC      drivers/acpi/ioapic.o
  AR      fs/netfs/built-in.a
  CC      kernel/relay.o
  CC      fs/fat/nfs.o
  CC      fs/isofs/namei.o
  CC      drivers/pcmcia/cs.o
  AR      drivers/cdrom/built-in.a
  CC      drivers/pcmcia/socket_sysfs.o
  CC      drivers/acpi/acpica/utxfinit.o
  CC      fs/isofs/inode.o
  CC      drivers/net/mdio/fwnode_mdio.o
  CC      drivers/scsi/scsi_sysctl.o
  CC      net/ipv4/xfrm4_input.o
  CC      drivers/pcmcia/cardbus.o
  CC      drivers/net/phy/phy_device.o
  CC      fs/fat/namei_vfat.o
  CC      drivers/net/phy/linkmode.o
  CC      kernel/utsname_sysctl.o
  CC      drivers/acpi/acpica/utxferror.o
  CC      fs/fat/namei_msdos.o
  CC      fs/nfs/client.o
  CC      kernel/delayacct.o
  CC      fs/exportfs/expfs.o
  CC      drivers/scsi/scsi_debugfs.o
  CC      fs/lockd/clntlock.o
  CC      drivers/acpi/acpica/utxfmutex.o
  CC      drivers/pcmcia/ds.o
  CC      fs/ext4/inline.o
  AR      drivers/net/mdio/built-in.a
  CC      fs/nfs/dir.o
  CC      fs/isofs/dir.o
  CC      fs/nfs/file.o
  AR      drivers/acpi/acpica/built-in.a
  CC      drivers/acpi/battery.o
  CC      net/ipv4/xfrm4_output.o
  CC      kernel/taskstats.o
  CC      drivers/pcmcia/pcmcia_resource.o
  AR      fs/exportfs/built-in.a
  CC      fs/lockd/clntproc.o
  CC      drivers/scsi/scsi_trace.o
  AR      fs/fat/built-in.a
  CC      net/mac80211/ethtool.o
  CC      drivers/net/phy/phy_link_topology.o
  CC      fs/ext4/inode.o
  CC      drivers/usb/common/common.o
  CC      fs/isofs/util.o
  CC      drivers/usb/core/usb.o
  CC      fs/nfs/getroot.o
  CC      drivers/usb/core/hub.o
  CC      drivers/acpi/bgrt.o
  CC      drivers/scsi/scsi_logging.o
  CC      kernel/tsacct.o
  CC      net/ipv4/xfrm4_protocol.o
  CC      drivers/pcmcia/cistpl.o
  CC      fs/isofs/rock.o
  CC      fs/lockd/clntxdr.o
  CC      drivers/usb/common/debug.o
  CC      drivers/net/phy/phy_caps.o
  AR      drivers/usb/common/built-in.a
  CC      fs/isofs/export.o
  CC      drivers/scsi/scsi_pm.o
  CC      drivers/acpi/x86/apple.o
  CC      kernel/tracepoint.o
  CC      drivers/acpi/x86/cmos_rtc.o
  CC      net/mac80211/rx.o
  CC      fs/isofs/joliet.o
  CC      drivers/pcmcia/pcmcia_cis.o
  CC      fs/nfs/inode.o
  CC      drivers/net/phy/mdio_bus_provider.o
  AR      net/ipv4/built-in.a
  CC      fs/ext4/ioctl.o
  CC      net/mac80211/spectmgmt.o
  CC      drivers/usb/core/hcd.o
  CC      drivers/input/serio/serio.o
  CC      drivers/scsi/scsi_bsg.o
  CC      fs/lockd/host.o
  CC      drivers/input/serio/i8042.o
  CC      drivers/acpi/x86/lpss.o
  CC      kernel/trace/trace_clock.o
  AR      fs/isofs/built-in.a
  CC      fs/nls/nls_base.o
  CC      drivers/pcmcia/rsrc_mgr.o
  CC      kernel/trace/ring_buffer.o
  CC      drivers/net/virtio_net.o
  CC      drivers/scsi/scsi_common.o
  CC      kernel/irq_work.o
  CC      fs/nls/nls_cp437.o
  CC      drivers/acpi/x86/s2idle.o
  CC      drivers/net/phy/phy_port.o
  CC      fs/nfs/super.o
  CC      drivers/usb/mon/mon_main.o
  CC      drivers/pcmcia/rsrc_nonstatic.o
  CC      drivers/usb/core/urb.o
  CC      drivers/input/serio/serport.o
  CC      fs/lockd/svc.o
  CC      fs/nls/nls_ascii.o
  CC      drivers/scsi/scsi_transport_spi.o
  CC      drivers/input/serio/libps2.o
  CC      fs/ext4/mballoc.o
  CC      fs/nls/nls_iso8859-1.o
  CC      drivers/usb/mon/mon_stat.o
  CC      drivers/acpi/x86/utils.o
  CC      drivers/acpi/x86/blacklist.o
  CC      drivers/net/phy/mdio_device.o
  CC      drivers/usb/core/message.o
  CC      drivers/usb/mon/mon_text.o
  CC      drivers/pcmcia/yenta_socket.o
  AR      drivers/input/serio/built-in.a
  CC      fs/nls/nls_utf8.o
  CC      drivers/input/input.o
  CC      net/mac80211/tx.o
  CC      fs/nfs/io.o
  CC      fs/lockd/svclock.o
  CC      drivers/net/ethernet/broadcom/tg3.o
  AR      drivers/acpi/x86/built-in.a
  AR      drivers/acpi/built-in.a
  CC      drivers/scsi/virtio_scsi.o
  CC      drivers/input/input-compat.o
  AR      drivers/net/wireless/built-in.a
  CC      kernel/trace/trace.o
  CC      drivers/usb/mon/mon_bin.o
  AR      fs/nls/built-in.a
  CC      kernel/bpf/core.o
  CC      drivers/net/phy/mdio_devres.o
  CC      drivers/usb/host/pci-quirks.o
  AR      drivers/pcmcia/built-in.a
  CC      fs/nfs/direct.o
  CC      drivers/usb/core/driver.o
  CC      drivers/rtc/lib.o
  CC      drivers/usb/core/config.o
  CC      drivers/input/input-mt.o
  CC      drivers/scsi/sd.o
  CC      fs/lockd/svcshare.o
  CC      drivers/net/phy/phy_package.o
  AR      drivers/usb/mon/built-in.a
  CC      kernel/trace/trace_output.o
  CC      drivers/usb/core/file.o
  CC      drivers/usb/host/ehci-hcd.o
  CC      drivers/rtc/class.o
  CC      drivers/net/net_failover.o
  CC      drivers/input/input-poller.o
  CC      fs/ext4/migrate.o
  CC      kernel/trace/trace_seq.o
  CC      drivers/usb/core/buffer.o
  CC      drivers/net/phy/realtek/realtek_main.o
  CC      drivers/rtc/interface.o
  CC      fs/lockd/svcproc.o
  CC      fs/nfs/pagelist.o
  AR      kernel/bpf/built-in.a
  CC      drivers/input/ff-core.o
  CC      drivers/usb/storage/scsiglue.o
  CC      net/mac80211/key.o
  CC      drivers/usb/storage/protocol.o
  CC      drivers/scsi/sr.o
  CC      drivers/usb/core/sysfs.o
  CC      kernel/trace/trace_stat.o
  CC      fs/ext4/mmp.o
  CC      fs/autofs/init.o
  CC      drivers/input/touchscreen.o
  CC      drivers/usb/host/ehci-pci.o
  CC      fs/lockd/svcsubs.o
  CC      drivers/input/touch-overlay.o
  CC      drivers/usb/storage/transport.o
  CC      drivers/rtc/nvmem.o
  CC      drivers/input/ff-memless.o
  CC      drivers/usb/core/endpoint.o
  AR      drivers/net/phy/realtek/built-in.a
  CC      drivers/scsi/sr_ioctl.o
  CC      kernel/trace/trace_printk.o
  CC      kernel/static_call.o
  CC      fs/autofs/inode.o
  CC      fs/ext4/move_extent.o
  AR      drivers/net/phy/built-in.a
  CC      fs/lockd/mon.o
  CC      drivers/usb/host/ohci-hcd.o
  CC      fs/nfs/read.o
  CC      drivers/input/sparse-keymap.o
  CC      drivers/rtc/dev.o
  CC      drivers/usb/core/devio.o
  CC      fs/lockd/trace.o
  CC      drivers/usb/storage/usb.o
  CC      net/mac80211/util.o
  CC      kernel/static_call_inline.o
  CC      drivers/usb/storage/initializers.o
  CC      drivers/scsi/sr_vendor.o
  CC      fs/autofs/root.o
  CC      kernel/trace/trace_pid.o
  CC      drivers/input/vivaldi-fmap.o
  CC      drivers/rtc/proc.o
  CC      drivers/usb/storage/sierra_ms.o
  CC      fs/ext4/namei.o
  CC      drivers/rtc/sysfs.o
  CC      net/mac80211/parse.o
  AR      drivers/net/ethernet/broadcom/built-in.a
  CC      kernel/trace/pid_list.o
  CC      drivers/input/evdev.o
  CC      drivers/scsi/sg.o
  CC      drivers/net/ethernet/intel/e100.o
  CC      fs/lockd/netlink.o
  CC      drivers/net/ethernet/intel/e1000/e1000_main.o
  CC      fs/autofs/symlink.o
  CC      fs/nfs/symlink.o
  CC      drivers/usb/host/xhci.o
  CC      drivers/usb/storage/option_ms.o
  CC      drivers/net/ethernet/intel/e1000e/82571.o
  CC      drivers/rtc/rtc-mc146818-lib.o
  CC      drivers/usb/core/notify.o
  CC      kernel/trace/trace_sched_switch.o
  CC      fs/lockd/nlm3xdr_gen.o
  CC      drivers/input/keyboard/atkbd.o
  CC      fs/autofs/waitq.o
  CC      drivers/usb/storage/usual-tables.o
  CC      drivers/usb/core/generic.o
  CC      drivers/rtc/rtc-cmos.o
  CC      fs/nfs/unlink.o
  AR      drivers/scsi/built-in.a
  CC      drivers/net/ethernet/intel/e1000e/ich8lan.o
  CC      net/mac80211/wme.o
  CC      fs/lockd/clnt4xdr.o
  AR      drivers/usb/storage/built-in.a
  CC      fs/lockd/svc4proc.o
  CC      kernel/events/core.o
  CC      fs/ext4/page-io.o
  CC      kernel/events/ring_buffer.o
  CC      kernel/trace/trace_nop.o
  CC      drivers/usb/core/quirks.o
  AR      drivers/input/keyboard/built-in.a
  CC      fs/autofs/expire.o
  CC      drivers/input/mouse/psmouse-base.o
  CC      fs/autofs/dev-ioctl.o
  AR      drivers/rtc/built-in.a
  CC      kernel/trace/trace_branch.o
  CC      drivers/usb/host/xhci-mem.o
  CC      drivers/net/ethernet/intel/e1000/e1000_hw.o
  CC      drivers/usb/core/devices.o
  CC      fs/nfs/write.o
  CC      drivers/input/mouse/synaptics.o
  CC      fs/nfs/namespace.o
  CC      fs/ext4/readpage.o
  CC      drivers/usb/host/xhci-ext-caps.o
  CC      net/mac80211/chan.o
  CC      kernel/events/callchain.o
  CC      fs/lockd/nlm4xdr_gen.o
  CC      kernel/trace/blktrace.o
  AR      fs/autofs/built-in.a
  CC      fs/9p/vfs_super.o
  CC      kernel/events/hw_breakpoint.o
  CC      drivers/net/ethernet/intel/e1000e/80003es2lan.o
  CC      drivers/usb/core/phy.o
  CC      drivers/net/ethernet/intel/e1000e/mac.o
  CC      drivers/usb/host/xhci-ring.o
  CC      drivers/net/ethernet/intel/e1000/e1000_ethtool.o
  CC      drivers/input/mouse/focaltech.o
  CC      fs/9p/vfs_inode.o
  CC      kernel/trace/trace_events.o
  CC      drivers/usb/core/port.o
  CC      fs/ext4/resize.o
  CC      fs/9p/vfs_inode_dotl.o
  CC      fs/lockd/procfs.o
  CC      fs/9p/vfs_addr.o
  CC      fs/nfs/mount_clnt.o
  CC      net/mac80211/ap.o
  CC      drivers/input/mouse/alps.o
  CC      drivers/i2c/i2c-boardinfo.o
  CC      drivers/net/ethernet/intel/e1000e/manage.o
  AR      fs/lockd/built-in.a
  CC      drivers/usb/core/trace.o
  CC      fs/debugfs/inode.o
  CC      fs/tracefs/inode.o
  CC      drivers/usb/host/xhci-hub.o
  CC      fs/9p/vfs_file.o
  CC      fs/efivarfs/inode.o
  CC      drivers/net/ethernet/intel/e1000/e1000_param.o
  CC      fs/nfs/nfstrace.o
  CC      drivers/input/mouse/byd.o
  CC      fs/ext4/super.o
  CC      drivers/i2c/i2c-core-base.o
  CC      kernel/trace/trace_export.o
  AR      kernel/events/built-in.a
  CC      fs/efivarfs/file.o
  CC      drivers/usb/core/hcd-pci.o
  CC      drivers/net/ethernet/intel/e1000e/nvm.o
  CC      fs/nfs/export.o
  CC      fs/tracefs/event_inode.o
  CC      fs/debugfs/file.o
  CC      fs/9p/vfs_dir.o
  CC      fs/nfs/sysfs.o
  CC      net/mac80211/trace.o
  CC      drivers/input/mouse/logips2pp.o
  CC      drivers/usb/host/xhci-dbg.o
  CC      fs/efivarfs/super.o
  AR      drivers/net/ethernet/intel/e1000/built-in.a
  CC      kernel/trace/trace_event_perf.o
  CC      drivers/usb/core/usb-acpi.o
  CC      drivers/input/mouse/lifebook.o
  CC      fs/9p/vfs_dentry.o
  AR      fs/tracefs/built-in.a
  CC      drivers/net/ethernet/intel/e1000e/phy.o
  CC      kernel/padata.o
  CC      drivers/usb/host/xhci-trace.o
  AR      fs/debugfs/built-in.a
  CC      fs/9p/v9fs.o
  CC      drivers/i2c/i2c-core-smbus.o
  CC      kernel/jump_label.o
  CC      drivers/i2c/i2c-core-acpi.o
  CC      fs/ext4/symlink.o
  CC      drivers/input/mouse/trackpoint.o
  CC      fs/efivarfs/vars.o
  AR      drivers/usb/core/built-in.a
  CC      kernel/trace/trace_events_filter.o
  CC      kernel/context_tracking.o
  CC      fs/ext4/sysfs.o
  CC      net/mac80211/mlme.o
  CC      drivers/net/ethernet/intel/e1000e/param.o
  CC      fs/9p/fid.o
  CC      drivers/input/mouse/cypress_ps2.o
  CC      kernel/iomem.o
  CC      kernel/rseq.o
  CC      fs/nfs/fs_context.o
  AR      fs/efivarfs/built-in.a
  CC      drivers/i2c/i2c-smbus.o
  CC      fs/ext4/xattr.o
  CC      drivers/usb/host/xhci-debugfs.o
  CC      drivers/i2c/busses/i2c-i801.o
  CC      drivers/pps/pps.o
  CC      fs/ext4/xattr_hurd.o
  CC      fs/9p/xattr.o
  CC      drivers/input/mouse/psmouse-smbus.o
  CC      kernel/trace/trace_events_trigger.o
  CC      fs/ext4/xattr_trusted.o
  CC      drivers/net/ethernet/intel/e1000e/ethtool.o
  CC      drivers/ptp/ptp_clock.o
  CC      drivers/pps/kapi.o
  CC      drivers/net/ethernet/intel/e1000e/netdev.o
  CC      drivers/usb/host/xhci-pci.o
  AR      fs/9p/built-in.a
  AR      drivers/i2c/busses/built-in.a
  CC      kernel/trace/trace_eprobe.o
  AR      drivers/i2c/built-in.a
  CC      drivers/net/ethernet/intel/e1000e/ptp.o
  CC      drivers/net/ethernet/marvell/sky2.o
  CC      net/mac80211/tdls.o
  CC      fs/nfs/nfsroot.o
  AR      drivers/input/mouse/built-in.a
  CC      fs/nfs/sysctl.o
  AR      drivers/input/built-in.a
  CC      drivers/pps/sysfs.o
  CC      fs/ext4/xattr_user.o
  CC      kernel/trace/trace_kprobe.o
  CC      drivers/ptp/ptp_chardev.o
  AR      drivers/pps/built-in.a
  CC      net/mac80211/ocb.o
  AR      drivers/usb/host/built-in.a
  AR      drivers/usb/built-in.a
  CC      net/mac80211/airtime.o
  CC      fs/nfs/nfs3super.o
  CC      kernel/trace/error_report-traces.o
  CC      drivers/ptp/ptp_sysfs.o
  CC      drivers/power/supply/power_supply_core.o
  CC      drivers/power/supply/power_supply_sysfs.o
  CC      fs/ext4/fast_commit.o
  CC      net/mac80211/eht.o
  CC      drivers/thermal/thermal_core.o
  CC      kernel/trace/power-traces.o
  CC      drivers/ptp/ptp_vclock.o
  CC      fs/nfs/nfs3client.o
  CC      fs/ext4/orphan.o
  CC      drivers/thermal/thermal_sysfs.o
  AR      drivers/power/supply/built-in.a
  CC      fs/nfs/nfs3proc.o
  AR      drivers/power/built-in.a
  CC      fs/ext4/acl.o
  CC      net/mac80211/uhr.o
  AR      drivers/net/ethernet/intel/e1000e/built-in.a
  AR      drivers/net/ethernet/marvell/built-in.a
  CC      drivers/thermal/thermal_trip.o
  AR      drivers/net/ethernet/intel/built-in.a
  CC      drivers/ptp/ptp_vmclock.o
  CC      drivers/net/ethernet/nvidia/forcedeth.o
  CC      drivers/thermal/thermal_helpers.o
  CC      fs/nfs/nfs3xdr.o
  CC      kernel/trace/rpm-traces.o
  CC      fs/nfs/nfs3acl.o
  CC      net/mac80211/nan.o
  CC      drivers/thermal/thermal_thresholds.o
  CC      kernel/trace/trace_dynevent.o
  CC      net/mac80211/pm.o
  CC      kernel/trace/trace_probe.o
  AR      fs/ext4/built-in.a
  CC      fs/nfs/nfs4proc.o
  CC      drivers/net/ethernet/realtek/8139too.o
  CC      drivers/md/md.o
  CC      drivers/cpufreq/cpufreq.o
  AR      drivers/ptp/built-in.a
  CC      drivers/net/ethernet/realtek/r8169_main.o
  CC      drivers/thermal/thermal_netlink.o
  CC      drivers/net/ethernet/realtek/r8169_firmware.o
  CC      drivers/cpuidle/cpuidle.o
  CC      drivers/cpuidle/driver.o
  CC      drivers/cpuidle/governor.o
  CC      drivers/cpuidle/sysfs.o
  CC      kernel/trace/rethook.o
  CC      drivers/cpufreq/freq_table.o
  CC      drivers/cpuidle/governors/menu.o
  CC      drivers/thermal/gov_step_wise.o
  CC      net/mac80211/rc80211_minstrel_ht.o
  CC      net/mac80211/wbrf.o
  CC      drivers/md/md-bitmap.o
  AR      drivers/net/ethernet/nvidia/built-in.a
  CC      drivers/cpufreq/cpufreq_performance.o
  CC      fs/nfs/nfs4xdr.o
  CC      drivers/cpuidle/poll_state.o
  CC      fs/nfs/nfs4state.o
  CC      drivers/net/ethernet/realtek/r8169_phy_config.o
  AR      drivers/cpuidle/governors/built-in.a
  CC      drivers/md/md-autodetect.o
  AR      drivers/cpuidle/built-in.a
  CC      drivers/cpufreq/cpufreq_userspace.o
  CC      drivers/md/dm.o
  CC      fs/nfs/nfs4renewd.o
  AR      kernel/trace/built-in.a
  AR      kernel/built-in.a
  CC      drivers/cpufreq/cpufreq_ondemand.o
  CC      drivers/thermal/intel/intel_tcc.o
  CC      fs/nfs/nfs4super.o
  CC      drivers/thermal/intel/x86_pkg_temp_thermal.o
  CC      drivers/firmware/dmi_scan.o
  CC      fs/nfs/nfs4file.o
  CC      drivers/cpufreq/cpufreq_governor.o
  CC      drivers/clocksource/acpi_pm.o
  AR      drivers/net/ethernet/realtek/built-in.a
  CC      drivers/hid/hid-core.o
  AR      drivers/net/ethernet/built-in.a
  CC      drivers/clocksource/i8253.o
  CC      drivers/platform/x86/p2sb.o
  AR      drivers/net/built-in.a
  CC      drivers/hid/hid-input.o
  CC      drivers/thermal/intel/therm_throt.o
  CC      drivers/firmware/dmi-id.o
  CC      drivers/cpufreq/cpufreq_governor_attr_set.o
  CC      fs/nfs/delegation.o
  CC      fs/nfs/nfs4idmap.o
  CC      drivers/md/dm-table.o
  CC      drivers/mailbox/mailbox.o
  CC      drivers/hid/hid-quirks.o
  CC      drivers/cpufreq/acpi-cpufreq.o
  AR      drivers/clocksource/built-in.a
  CC      drivers/firmware/memmap.o
  AR      drivers/platform/x86/built-in.a
  CC      drivers/platform/wmi/core.o
  AR      net/mac80211/built-in.a
  AR      net/built-in.a
  CC      drivers/platform/wmi/marshalling.o
  CC      drivers/cpufreq/intel_pstate.o
  CC      drivers/mailbox/pcc.o
  CC      drivers/hid/hid-debug.o
  CC      drivers/md/dm-target.o
  AR      drivers/thermal/intel/built-in.a
  AR      drivers/thermal/built-in.a
  CC      drivers/md/dm-linear.o
  CC      drivers/platform/wmi/string.o
  CC      drivers/hid/hidraw.o
  CC      drivers/hid/hid-gyration.o
  CC      drivers/firmware/efi/efi-bgrt.o
  CC      fs/nfs/callback.o
  CC      drivers/md/dm-stripe.o
  CC      fs/nfs/callback_xdr.o
  CC      drivers/md/dm-ioctl.o
  CC      fs/nfs/callback_proc.o
  AR      drivers/mailbox/built-in.a
  CC      drivers/hid/hid-pl.o
  CC      fs/nfs/nfs4namespace.o
  CC      drivers/firmware/efi/efi.o
  AR      drivers/platform/wmi/built-in.a
  AR      drivers/platform/built-in.a
  CC      fs/nfs/nfs4getroot.o
  CC      drivers/hid/hid-petalynx.o
  CC      drivers/md/dm-io.o
  CC      drivers/firmware/efi/vars.o
  CC      drivers/md/dm-kcopyd.o
  CC      drivers/firmware/efi/reboot.o
  CC      drivers/hid/hid-samsung.o
  CC      fs/nfs/nfs4client.o
  AR      drivers/cpufreq/built-in.a
  CC      drivers/hid/hid-sunplus.o
  CC      drivers/nvmem/core.o
  CC      drivers/md/dm-sysfs.o
  CC      drivers/hid/hid-topseed.o
  CC      drivers/md/dm-stats.o
  CC      drivers/firmware/efi/memattr.o
  CC      fs/nfs/nfs4session.o
  CC      drivers/hid/usbhid/hid-core.o
  CC      drivers/firmware/efi/tpm.o
  CC      fs/nfs/dns_resolve.o
  CC      drivers/md/dm-rq.o
  CC      drivers/firmware/efi/memmap.o
  CC      drivers/hid/usbhid/hiddev.o
  CC      drivers/md/dm-io-rewind.o
  CC      drivers/hid/usbhid/hid-pidff.o
  CC      drivers/md/dm-builtin.o
  CC      drivers/firmware/efi/esrt.o
  CC      fs/nfs/nfs4trace.o
  CC      drivers/firmware/efi/runtime-wrappers.o
  AR      drivers/nvmem/built-in.a
  CC      fs/nfs/pnfs.o
  CC      drivers/md/dm-raid1.o
  CC      drivers/firmware/efi/earlycon.o
  CC      drivers/md/dm-log.o
  CC      drivers/md/dm-region-hash.o
  CC      fs/nfs/pnfs_dev.o
  CC      drivers/firmware/efi/libstub/alignedmem.o
  CC      drivers/md/dm-zero.o
  CC      drivers/firmware/efi/libstub/efi-stub-helper.o
  CC      fs/nfs/pnfs_nfs.o
  CC      drivers/firmware/efi/libstub/file.o
  CC      drivers/firmware/efi/libstub/gop.o
  CC      fs/nfs/nfs4sysctl.o
  AR      drivers/hid/usbhid/built-in.a
  AR      drivers/hid/built-in.a
  CC      drivers/firmware/efi/libstub/lib-cmdline.o
  CC      fs/nfs/nfs40client.o
  CC      drivers/firmware/efi/libstub/lib-ctype.o
  CC      fs/nfs/nfs40proc.o
  CC      drivers/firmware/efi/libstub/mem.o
  AR      drivers/firmware/efi/built-in.a
  CC      fs/nfs/filelayout/filelayout.o
  CC      drivers/firmware/efi/libstub/pci.o
  CC      fs/nfs/blocklayout/blocklayout.o
  CC      fs/nfs/flexfilelayout/flexfilelayout.o
  AR      drivers/md/built-in.a
  CC      fs/nfs/blocklayout/dev.o
  CC      fs/nfs/flexfilelayout/flexfilelayoutdev.o
  CC      fs/nfs/filelayout/filelayoutdev.o
  CC      drivers/firmware/efi/libstub/printk.o
  CC      drivers/firmware/efi/libstub/random.o
  CC      drivers/firmware/efi/libstub/randomalloc.o
  CC      fs/nfs/blocklayout/extent_tree.o
  CC      drivers/firmware/efi/libstub/secureboot.o
  CC      fs/nfs/blocklayout/rpc_pipefs.o
  CC      drivers/firmware/efi/libstub/skip_spaces.o
  CC      drivers/firmware/efi/libstub/smbios.o
  CC      drivers/firmware/efi/libstub/tpm.o
  CC      drivers/firmware/efi/libstub/vsprintf.o
  CC      drivers/firmware/efi/libstub/x86-5lvl.o
  CC      drivers/firmware/efi/libstub/x86-stub.o
  STUBCPY drivers/firmware/efi/libstub/alignedmem.stub.o
  STUBCPY drivers/firmware/efi/libstub/efi-stub-helper.stub.o
  STUBCPY drivers/firmware/efi/libstub/file.stub.o
  STUBCPY drivers/firmware/efi/libstub/gop.stub.o
  STUBCPY drivers/firmware/efi/libstub/lib-cmdline.stub.o
  STUBCPY drivers/firmware/efi/libstub/lib-ctype.stub.o
  STUBCPY drivers/firmware/efi/libstub/mem.stub.o
  STUBCPY drivers/firmware/efi/libstub/printk.stub.o
  STUBCPY drivers/firmware/efi/libstub/pci.stub.o
  STUBCPY drivers/firmware/efi/libstub/random.stub.o
  STUBCPY drivers/firmware/efi/libstub/randomalloc.stub.o
  STUBCPY drivers/firmware/efi/libstub/skip_spaces.stub.o
  STUBCPY drivers/firmware/efi/libstub/vsprintf.stub.o
  STUBCPY drivers/firmware/efi/libstub/secureboot.stub.o
  AR      fs/nfs/filelayout/built-in.a
  STUBCPY drivers/firmware/efi/libstub/smbios.stub.o
  STUBCPY drivers/firmware/efi/libstub/tpm.stub.o
  STUBCPY drivers/firmware/efi/libstub/x86-5lvl.stub.o
  AR      fs/nfs/flexfilelayout/built-in.a
  AR      fs/nfs/blocklayout/built-in.a
  AR      fs/nfs/built-in.a
  STUBCPY drivers/firmware/efi/libstub/x86-stub.stub.o
  AR      fs/built-in.a
  AR      drivers/firmware/efi/libstub/lib.a
  AR      drivers/firmware/built-in.a
  AR      drivers/built-in.a
  AR      built-in.a
  AR      built-in-fixup.a
  COPY    vmlinux.a
  LD      vmlinux.o
  MODPOST vmlinux.symvers
  CC      .vmlinux.export.o
  UPD     include/generated/utsversion.h
  CC      init/version-timestamp.o
  KSYMS   .tmp_vmlinux0.kallsyms.S
  AS      .tmp_vmlinux0.kallsyms.o
  LD      .tmp_vmlinux1
  NM      .tmp_vmlinux1.syms
  KSYMS   .tmp_vmlinux1.kallsyms.S
  AS      .tmp_vmlinux1.kallsyms.o
  LD      .tmp_vmlinux2
  NM      .tmp_vmlinux2.syms
  KSYMS   .tmp_vmlinux2.kallsyms.S
  AS      .tmp_vmlinux2.kallsyms.o
  LD      vmlinux.unstripped
  NM      System.map
  SORTTAB vmlinux.unstripped
  OBJCOPY vmlinux
  GEN     modules.builtin.modinfo
  GEN     modules.builtin
  CC      arch/x86/boot/a20.o
  CC      arch/x86/boot/cmdline.o
  AS      arch/x86/boot/copy.o
  CC      arch/x86/boot/cpu.o
  CC      arch/x86/boot/cpuflags.o
  CC      arch/x86/boot/cpucheck.o
  CC      arch/x86/boot/early_serial_console.o
  CC      arch/x86/boot/edd.o
  CC      arch/x86/boot/main.o
  CC      arch/x86/boot/memory.o
  CC      arch/x86/boot/pm.o
  AS      arch/x86/boot/pmjump.o
  CC      arch/x86/boot/printf.o
  CC      arch/x86/boot/regs.o
  CC      arch/x86/boot/string.o
  CC      arch/x86/boot/tty.o
  CC      arch/x86/boot/video.o
  CC      arch/x86/boot/video-mode.o
  CC      arch/x86/boot/version.o
  CC      arch/x86/boot/video-vga.o
  CC      arch/x86/boot/video-vesa.o
  CC      arch/x86/boot/video-bios.o
  LDS     arch/x86/boot/compressed/vmlinux.lds
  AS      arch/x86/boot/compressed/head_64.o
  VOFFSET arch/x86/boot/compressed/../voffset.h
  CC      arch/x86/boot/compressed/string.o
  CC      arch/x86/boot/compressed/cmdline.o
  CC      arch/x86/boot/compressed/error.o
  OBJCOPY arch/x86/boot/compressed/vmlinux.bin
  RELOCS  arch/x86/boot/compressed/vmlinux.relocs
  CC      arch/x86/boot/compressed/cpuflags.o
  CC      arch/x86/boot/compressed/early_serial_console.o
  CC      arch/x86/boot/compressed/kaslr.o
  CC      arch/x86/boot/compressed/ident_map_64.o
  CC      arch/x86/boot/compressed/idt_64.o
  AS      arch/x86/boot/compressed/idt_handlers_64.o
  CC      arch/x86/boot/compressed/pgtable_64.o
  CC      arch/x86/boot/compressed/acpi.o
  CC      arch/x86/boot/compressed/efi.o
  GZIP    arch/x86/boot/compressed/vmlinux.bin.gz
  CC      arch/x86/boot/compressed/misc.o
  MKPIGGY arch/x86/boot/compressed/piggy.S
  AS      arch/x86/boot/compressed/piggy.o
  LD      arch/x86/boot/compressed/vmlinux
  ZOFFSET arch/x86/boot/zoffset.h
  OBJCOPY arch/x86/boot/vmlinux.bin
  AS      arch/x86/boot/header.o
  LD      arch/x86/boot/setup.elf
  OBJCOPY arch/x86/boot/setup.bin
  BUILD   arch/x86/boot/bzImage
Kernel: arch/x86/boot/bzImage is ready  (#21)
make[3]: Leaving directory '/home/benni/git/kernel-test/build/randdefconfig-x86_64'
make[2]: Leaving directory '/home/benni/git/linux'
