make[2]: Entering directory '/home/benni/git/linux'
make[3]: Entering directory '/home/benni/git/kernel-test/build/randdefconfig-i386'
*** Default configuration is based on 'i386_defconfig'
#
# configuration written to .config
#
make[3]: Leaving directory '/home/benni/git/kernel-test/build/randdefconfig-i386'
make[2]: Leaving directory '/home/benni/git/linux'
make[2]: Entering directory '/home/benni/git/linux'
make[3]: Entering directory '/home/benni/git/kernel-test/build/randdefconfig-i386'
.config:5274:warning: override: reassigning to symbol COMPACTION
.config:5275:warning: override: reassigning to symbol HAVE_ACPI_APEI
.config:5276:warning: override: reassigning to symbol PROC_PAGE_MONITOR
.config:5277:warning: override: reassigning to symbol NET_VENDOR_SOLARFLARE
.config:5278:warning: override: reassigning to symbol CGROUP_PERF
.config:5279:warning: override: reassigning to symbol X86_REROUTE_FOR_BROKEN_BOOT_IRQS
.config:5280:warning: override: reassigning to symbol I3C_OR_I2C
.config:5281:warning: override: reassigning to symbol NET_VENDOR_MICROSEMI
.config:5282:warning: override: reassigning to symbol HW_RANDOM_VIA
.config:5283:warning: override: reassigning to symbol PNP
.config:5284:warning: override: reassigning to symbol CPU_IDLE_GOV_HALTPOLL
.config:5285:warning: override: reassigning to symbol FUTEX_ROBUST_UNLOCK
.config:5286:warning: override: reassigning to symbol R8169
.config:5287:warning: override: reassigning to symbol HOTPLUG_CORE_SYNC_DEAD
.config:5288:warning: override: reassigning to symbol STACKTRACE
.config:5289:warning: override: reassigning to symbol NETFILTER_XT_TARGET_MASQUERADE
.config:5290:warning: override: reassigning to symbol SERIAL_8250_RSA
.config:5291:warning: override: reassigning to symbol TICK_ONESHOT
.config:5292:warning: override: reassigning to symbol AMD_NODE
.config:5293:warning: override: reassigning to symbol CPU_SUP_AMD
.config:5294:warning: override: reassigning to symbol X86_DEBUG_FPU
.config:5295:warning: override: reassigning to symbol SND_HDA_COMPONENT
.config:5296:warning: override: reassigning to symbol IPV6
.config:5297:warning: override: reassigning to symbol NET_VENDOR_TEHUTI
.config:5298:warning: override: reassigning to symbol MAC80211_HAS_RC
.config:5299:warning: override: reassigning to symbol HID_PID
.config:5300:warning: override: reassigning to symbol CORE_DUMP_DEFAULT_ELF_HEADERS
.config:5301:warning: override: reassigning to symbol SSB_POSSIBLE
.config:5302:warning: override: reassigning to symbol INTEL_TCC
.config:5303:warning: override: reassigning to symbol RELOCATABLE
.config:5304:warning: override: reassigning to symbol SERIO_LIBPS2
.config:5305:warning: override: reassigning to symbol NET_VENDOR_CAVIUM
.config:5306:warning: override: reassigning to symbol NET_VENDOR_TI
.config:5307:warning: override: reassigning to symbol E1000E_HWTS
.config:5308:warning: override: reassigning to symbol CC_HAS_ASM_GOTO_OUTPUT
.config:5309:warning: override: reassigning to symbol SERIAL_8250_EXAR
.config:5310:warning: override: reassigning to symbol RANDSTRUCT_NONE
.config:5311:warning: override: reassigning to symbol VIRTIO_NET
.config:5312:warning: override: reassigning to symbol X86_ACPI_CPUFREQ_CPB
.config:5313:warning: override: reassigning to symbol NEED_TASKS_RCU
.config:5314:warning: override: reassigning to symbol ZSTD_COMMON
.config:5315:warning: override: reassigning to symbol NET_TULIP
.config:5316:warning: override: reassigning to symbol NOP_TRACER
.config:5317:warning: override: reassigning to symbol TIMERFD
.config:5318:warning: override: reassigning to symbol PARAVIRT_CLOCK
.config:5319:warning: override: reassigning to symbol NLATTR
.config:5320:warning: override: reassigning to symbol BUFFER_HEAD
.config:5321:warning: override: reassigning to symbol HAVE_ALIGNED_STRUCT_PAGE
.config:5322:warning: override: reassigning to symbol GENERIC_ALLOCATOR
.config:5323:warning: override: reassigning to symbol GENERIC_CLOCKEVENTS_BROADCAST
.config:5324:warning: override: reassigning to symbol UID16
.config:5325:warning: override: reassigning to symbol RANDOMIZE_BASE
.config:5326:warning: override: reassigning to symbol DEVMEM
.config:5327:warning: override: reassigning to symbol HAVE_SYSCALL_TRACEPOINTS
.config:5328:warning: override: reassigning to symbol CC_HAS_WORKING_NOSANITIZE_ADDRESS
.config:5329:warning: override: reassigning to symbol BNX2
.config:5330:warning: override: reassigning to symbol ACPI_SLEEP
.config:5331:warning: override: reassigning to symbol DQL
.config:5332:warning: override: reassigning to symbol PCIE_PME
.config:5333:warning: override: reassigning to symbol LZO_COMPRESS
.config:5334:warning: override: reassigning to symbol NET_VENDOR_FUNGIBLE
.config:5335:warning: override: reassigning to symbol CPU_SUP_INTEL
.config:5336:warning: override: reassigning to symbol DNS_RESOLVER
.config:5337:warning: override: reassigning to symbol VT_CONSOLE_SLEEP
.config:5338:warning: override: reassigning to symbol TIME_NS
.config:5339:warning: override: reassigning to symbol WLAN_VENDOR_INTEL
.config:5340:warning: override: reassigning to symbol NET_VENDOR_SUN
.config:5341:warning: override: reassigning to symbol USB_UHCI_HCD
.config:5342:warning: override: reassigning to symbol WIRELESS
.config:5343:warning: override: reassigning to symbol CLKBLD_I8253
.config:5344:warning: override: reassigning to symbol X86_BUS_LOCK_DETECT
.config:5345:warning: override: reassigning to symbol PROBE_EVENTS
.config:5346:warning: override: reassigning to symbol ARCH_VMLINUX_NEEDS_RELOCS
.config:5347:warning: override: reassigning to symbol MQ_IOSCHED_DEADLINE
.config:5348:warning: override: reassigning to symbol MOUSE_PS2
.config:5349:warning: override: reassigning to symbol FILE_LOCKING
.config:5350:warning: override: reassigning to symbol X86_MPPARSE
.config:5351:warning: override: reassigning to symbol LD_CAN_USE_KEEP_IN_OVERLAY
.config:5352:warning: override: reassigning to symbol HUGETLB_PAGE
.config:5353:warning: override: reassigning to symbol VM_EVENT_COUNTERS
.config:5354:warning: override: reassigning to symbol WLAN_VENDOR_ATMEL
.config:5355:warning: override: reassigning to symbol NET_RX_BUSY_POLL
.config:5356:warning: override: reassigning to symbol TRACING_SUPPORT
.config:5357:warning: override: reassigning to symbol NET_VENDOR_CORTINA
.config:5358:warning: override: reassigning to symbol DMI_SCAN_MACHINE_NON_EFI_FALLBACK
.config:5359:warning: override: reassigning to symbol PCI_LABEL
.config:5360:warning: override: reassigning to symbol MOUSE_PS2_SYNAPTICS
.config:5361:warning: override: reassigning to symbol CRYPTO_CTS
.config:5362:warning: override: reassigning to symbol GENERIC_CALIBRATE_DELAY
.config:5363:warning: override: reassigning to symbol VGA_ARB
.config:5364:warning: override: reassigning to symbol HAVE_PV_STEAL_CLOCK_GEN
.config:5365:warning: override: reassigning to symbol INTEGRITY
.config:5366:warning: override: reassigning to symbol NET_VENDOR_MYRI
.config:5367:warning: override: reassigning to symbol NLS_UTF8
.config:5368:warning: override: reassigning to symbol KRETPROBE_ON_RETHOOK
.config:5369:warning: override: reassigning to symbol ARCH_CORRECT_STACKTRACE_ON_KRETPROBE
.config:5370:warning: override: reassigning to symbol XZ_DEC_ARM
.config:5371:warning: override: reassigning to symbol HID_NTRIG
.config:5372:warning: override: reassigning to symbol HID_SAMSUNG
.config:5373:warning: override: reassigning to symbol SND_PCM_TIMER
.config:5374:warning: override: reassigning to symbol GENERIC_SYSCALL
.config:5375:warning: override: reassigning to symbol PCIEASPM_DEFAULT
.config:5376:warning: override: reassigning to symbol QUEUED_RWLOCKS
.config:5377:warning: override: reassigning to symbol CRC32_ARCH
.config:5378:warning: override: reassigning to symbol CLKSRC_I8253
.config:5379:warning: override: reassigning to symbol NET_VENDOR_DAVICOM
.config:5380:warning: override: reassigning to symbol DECOMPRESS_GZIP
.config:5381:warning: override: reassigning to symbol HAVE_PERF_USER_STACK_DUMP
.config:5382:warning: override: reassigning to symbol HAVE_ARCH_KGDB
.config:5383:warning: override: reassigning to symbol KERNFS
.config:5384:warning: override: reassigning to symbol CFG80211_CRDA_SUPPORT
.config:5385:warning: override: reassigning to symbol CRYPTO_HW
.config:5386:warning: override: reassigning to symbol HIBERNATION_COMP_LZO
.config:5387:warning: override: reassigning to symbol WLAN_VENDOR_PURELIFI
.config:5388:warning: override: reassigning to symbol EPROBE_EVENTS
.config:5389:warning: override: reassigning to symbol ACPI_CPU_FREQ_PSS
.config:5390:warning: override: reassigning to symbol PNFS_FLEXFILE_LAYOUT
.config:5391:warning: override: reassigning to symbol ACPI_PROCESSOR_CSTATE
.config:5392:warning: override: reassigning to symbol HIBERNATE_CALLBACKS
.config:5393:warning: override: reassigning to symbol SERIAL_8250_MANY_PORTS
.config:5394:warning: override: reassigning to symbol PKCS7_MESSAGE_PARSER
.config:5395:warning: override: reassigning to symbol X86_MCE_INTEL
.config:5396:warning: override: reassigning to symbol HAVE_UID16
.config:5397:warning: override: reassigning to symbol GENERIC_PENDING_IRQ
.config:5398:warning: override: reassigning to symbol SCHED_OMIT_FRAME_POINTER
.config:5399:warning: override: reassigning to symbol WLAN
.config:5400:warning: override: reassigning to symbol PERF_EVENTS_INTEL_CSTATE
.config:5401:warning: override: reassigning to symbol HAVE_KPROBES
.config:5402:warning: override: reassigning to symbol OPENSSL_SUPPORTS_ML_DSA
.config:5403:warning: override: reassigning to symbol MITIGATION_MMIO_STALE_DATA
.config:5404:warning: override: reassigning to symbol HID
.config:5405:warning: override: reassigning to symbol PPS
.config:5406:warning: override: reassigning to symbol ARCH_HAS_SYNC_CORE_BEFORE_USERMODE
.config:5407:warning: override: reassigning to symbol HAVE_MMIOTRACE_SUPPORT
.config:5408:warning: override: reassigning to symbol ARCH_SPARSEMEM_ENABLE
.config:5409:warning: override: reassigning to symbol X86_DISABLED_FEATURE_SYSCALL32
.config:5410:warning: override: reassigning to symbol SND_SEQ_DEVICE
.config:5411:warning: override: reassigning to symbol NETFILTER_EGRESS
.config:5412:warning: override: reassigning to symbol NETLABEL
.config:5413:warning: override: reassigning to symbol ZISOFS
.config:5414:warning: override: reassigning to symbol DRM_I915
.config:5415:warning: override: reassigning to symbol PCCARD_NONSTATIC
.config:5416:warning: override: reassigning to symbol WLAN_VENDOR_RALINK
.config:5417:warning: override: reassigning to symbol INET6_AH
.config:5418:warning: override: reassigning to symbol GENERIC_BUG
.config:5419:warning: override: reassigning to symbol BLOCK_LEGACY_AUTOLOAD
.config:5420:warning: override: reassigning to symbol PROC_PID_ARCH_STATUS
.config:5421:warning: override: reassigning to symbol SURFACE_PLATFORMS
.config:5422:warning: override: reassigning to symbol KCMP
.config:5423:warning: override: reassigning to symbol SG_POOL
.config:5424:warning: override: reassigning to symbol HAVE_UNSTABLE_SCHED_CLOCK
.config:5425:warning: override: reassigning to symbol ALLOW_DEV_COREDUMP
.config:5426:warning: override: reassigning to symbol DM_ZERO
.config:5427:warning: override: reassigning to symbol NET_VENDOR_VERTEXCOM
.config:5428:warning: override: reassigning to symbol DEBUG_STACK_USAGE
.config:5429:warning: override: reassigning to symbol MMU_GATHER_TABLE_FREE
.config:5430:warning: override: reassigning to symbol SCHED_MM_CID
.config:5431:warning: override: reassigning to symbol SELECT_MEMORY_MODEL
.config:5432:warning: override: reassigning to symbol INITRAMFS_PRESERVE_MTIME
.config:5433:warning: override: reassigning to symbol DRM_CLIENT_SELECTION
.config:5434:warning: override: reassigning to symbol NF_LOG_SYSLOG
.config:5435:warning: override: reassigning to symbol ARCH_HAS_KERNEL_FPU_SUPPORT
.config:5436:warning: override: reassigning to symbol ARCH_WANT_IRQS_OFF_ACTIVATE_MM
.config:5437:warning: override: reassigning to symbol GLOB
.config:5438:warning: override: reassigning to symbol VIRTIO_CONSOLE
.config:5439:warning: override: reassigning to symbol OLD_SIGSUSPEND3
.config:5440:warning: override: reassigning to symbol CARDBUS
.config:5441:warning: override: reassigning to symbol NETFILTER_NETLINK_LOG
.config:5442:warning: override: reassigning to symbol ARCH_SUPPORTS_ACPI
.config:5443:warning: override: reassigning to symbol DRM_I915_CAPTURE_ERROR
.config:5444:warning: override: reassigning to symbol CC_HAS_KASAN_GENERIC
.config:5445:warning: override: reassigning to symbol ATA_BMDMA
.config:5446:warning: override: reassigning to symbol GENERIC_IRQ_EFFECTIVE_AFF_MASK
.config:5447:warning: override: reassigning to symbol ARCH_USE_MEMREMAP_PROT
.config:5448:warning: override: reassigning to symbol NET_VENDOR_I825XX
.config:5449:warning: override: reassigning to symbol I2C_I801
.config:5450:warning: override: reassigning to symbol CRYPTO_MANAGER2
.config:5451:warning: override: reassigning to symbol X86_DEBUGCTLMSR
.config:5452:warning: override: reassigning to symbol CGROUP_RDMA
.config:5453:warning: override: reassigning to symbol SECCOMP
.config:5454:warning: override: reassigning to symbol IP6_NF_IPTABLES
.config:5455:warning: override: reassigning to symbol XFRM_AH
.config:5456:warning: override: reassigning to symbol XZ_DEC_BCJ
.config:5457:warning: override: reassigning to symbol SND_HDA_I915
.config:5458:warning: override: reassigning to symbol CC_NO_ARRAY_BOUNDS
.config:5459:warning: override: reassigning to symbol GENERIC_IRQ_PROBE
.config:5460:warning: override: reassigning to symbol HAVE_FUNCTION_ARG_ACCESS_API
.config:5461:warning: override: reassigning to symbol HAVE_SOFTIRQ_ON_OWN_STACK
.config:5462:warning: override: reassigning to symbol ARCH_HAS_GCOV_PROFILE_ALL
.config:5463:warning: override: reassigning to symbol RTC_INTF_DEV
.config:5464:warning: override: reassigning to symbol HAVE_HW_BREAKPOINT
.config:5465:warning: override: reassigning to symbol MQ_IOSCHED_KYBER
.config:5466:warning: override: reassigning to symbol SERIAL_8250_PCILIB
.config:5467:warning: override: reassigning to symbol SND_HDA_HWDEP
.config:5468:warning: override: reassigning to symbol GENERIC_STRNCPY_FROM_USER
.config:5469:warning: override: reassigning to symbol STACKTRACE_SUPPORT
.config:5470:warning: override: reassigning to symbol MAC80211_RC_MINSTREL
.config:5471:warning: override: reassigning to symbol DRM_DISPLAY_HDMI_HELPER
.config:5472:warning: override: reassigning to symbol RTL_CARDS
.config:5473:warning: override: reassigning to symbol HAVE_MOVE_PMD
.config:5474:warning: override: reassigning to symbol SERIAL_CORE_CONSOLE
.config:5475:warning: override: reassigning to symbol DRM_BUDDY
.config:5476:warning: override: reassigning to symbol HAVE_DYNAMIC_FTRACE
.config:5477:warning: override: reassigning to symbol X86_DISABLED_FEATURE_ENQCMD
.config:5478:warning: override: reassigning to symbol NET_VENDOR_INTEL
.config:5479:warning: override: reassigning to symbol ARCH_SUPPORTS_LTO_CLANG_THIN
.config:5480:warning: override: reassigning to symbol ACPI_PROCESSOR
.config:5481:warning: override: reassigning to symbol NFS_V4_0
.config:5482:warning: override: reassigning to symbol NET_CLS_ACT
.config:5483:warning: override: reassigning to symbol NFS_V4
.config:5484:warning: override: reassigning to symbol HAVE_DYNAMIC_FTRACE_WITH_DIRECT_CALLS
.config:5485:warning: override: reassigning to symbol TCP_MD5SIG
.config:5486:warning: override: reassigning to symbol RCU_NEED_SEGCBLIST
.config:5487:warning: override: reassigning to symbol MITIGATION_GDS
.config:5488:warning: override: reassigning to symbol ACPI_THERMAL_LIB
.config:5489:warning: override: reassigning to symbol EFI_EARLYCON
.config:5490:warning: override: reassigning to symbol CGROUP_HUGETLB
.config:5491:warning: override: reassigning to symbol NVMEM
.config:5492:warning: override: reassigning to symbol XPS
.config:5493:warning: override: reassigning to symbol CC_HAS_ASM_INLINE
.config:5494:warning: override: reassigning to symbol X86_MCE
.config:5495:warning: override: reassigning to symbol CC_HAS_NAMED_AS_FIXED_SANITIZERS
.config:5496:warning: override: reassigning to symbol TIGON3_HWMON
.config:5497:warning: override: reassigning to symbol HVC_DRIVER
.config:5498:warning: override: reassigning to symbol LDISC_AUTOLOAD
.config:5499:warning: override: reassigning to symbol AGP_INTEL
.config:5500:warning: override: reassigning to symbol INTEGRITY_AUDIT
.config:5501:warning: override: reassigning to symbol USB_EHCI_HCD
.config:5502:warning: override: reassigning to symbol RTC_CLASS
.config:5503:warning: override: reassigning to symbol PERF_EVENTS_AMD_UNCORE
.config:5504:warning: override: reassigning to symbol TREE_RCU
.config:5505:warning: override: reassigning to symbol CRYPTO_LIB_GF128HASH
.config:5506:warning: override: reassigning to symbol PCMCIA
.config:5507:warning: override: reassigning to symbol DYNAMIC_SIGFRAME
.config:5508:warning: override: reassigning to symbol X86_IO_APIC
.config:5509:warning: override: reassigning to symbol X86_DISABLED_FEATURE_PKU
.config:5510:warning: override: reassigning to symbol NFS_USE_KERNEL_DNS
.config:5511:warning: override: reassigning to symbol RTC_I2C_AND_SPI
.config:5512:warning: override: reassigning to symbol PAGE_COUNTER
.config:5513:warning: override: reassigning to symbol DEVPORT
.config:5514:warning: override: reassigning to symbol SOUND
.config:5515:warning: override: reassigning to symbol QUOTA_NETLINK_INTERFACE
.config:5516:warning: override: reassigning to symbol X86_DISABLED_FEATURE_LASS
.config:5517:warning: override: reassigning to symbol USB_XHCI_HCD
.config:5518:warning: override: reassigning to symbol MOUSE_PS2_SYNAPTICS_SMBUS
.config:5519:warning: override: reassigning to symbol HOTPLUG_CPU
.config:5520:warning: override: reassigning to symbol MITIGATION_TSA
.config:5521:warning: override: reassigning to symbol INPUT_FF_MEMLESS
.config:5522:warning: override: reassigning to symbol INPUT_MISC
.config:5523:warning: override: reassigning to symbol NET_CORE
.config:5524:warning: override: reassigning to symbol HID_SONY
.config:5525:warning: override: reassigning to symbol CLOCKSOURCE_WATCHDOG
.config:5526:warning: override: reassigning to symbol HDMI
.config:5527:warning: override: reassigning to symbol COREDUMP
.config:5528:warning: override: reassigning to symbol STRICT_KERNEL_RWX
.config:5529:warning: override: reassigning to symbol SERIAL_CORE
.config:5530:warning: override: reassigning to symbol CRYPTO_LIB_ARC4
.config:5531:warning: override: reassigning to symbol HAVE_EISA
.config:5532:warning: override: reassigning to symbol NET_VENDOR_AMAZON
.config:5533:warning: override: reassigning to symbol NFS_V3_ACL
.config:5534:warning: override: reassigning to symbol NET_VENDOR_AMD
.config:5535:warning: override: reassigning to symbol X86_MSR
.config:5536:warning: override: reassigning to symbol MSDOS_PARTITION
.config:5537:warning: override: reassigning to symbol POWER_SUPPLY_HWMON
.config:5538:warning: override: reassigning to symbol INPUT_MOUSE
.config:5539:warning: override: reassigning to symbol PAGE_POOL
.config:5540:warning: override: reassigning to symbol CRYPTO_HASH2
.config:5541:warning: override: reassigning to symbol ZONE_DMA
.config:5542:warning: override: reassigning to symbol SCHED_MC_PRIO
.config:5543:warning: override: reassigning to symbol CPU_FREQ_GOV_USERSPACE
.config:5544:warning: override: reassigning to symbol THERMAL_GOV_STEP_WISE
.config:5545:warning: override: reassigning to symbol FUTEX_PRIVATE_HASH
.config:5546:warning: override: reassigning to symbol ARCH_CONFIGURES_CPU_MITIGATIONS
.config:5547:warning: override: reassigning to symbol NET_VENDOR_SOCIONEXT
.config:5548:warning: override: reassigning to symbol I8253_LOCK
.config:5549:warning: override: reassigning to symbol X86_DISABLED_FEATURE_OSPKE
.config:5550:warning: override: reassigning to symbol NET_VENDOR_HUAWEI
.config:5551:warning: override: reassigning to symbol DEFAULT_SECURITY_SELINUX
.config:5552:warning: override: reassigning to symbol PT_RECLAIM
.config:5553:warning: override: reassigning to symbol HAVE_ARCH_SECCOMP
.config:5554:warning: override: reassigning to symbol DEBUG_INFO_NONE
.config:5555:warning: override: reassigning to symbol SCSI
.config:5556:warning: override: reassigning to symbol X86_IOPL_IOPERM
.config:5557:warning: override: reassigning to symbol CRYPTO
.config:5558:warning: override: reassigning to symbol E1000E
.config:5559:warning: override: reassigning to symbol INPUT_LEDS
.config:5560:warning: override: reassigning to symbol NETFILTER_INGRESS
.config:5561:warning: override: reassigning to symbol RTC_INTF_PROC
.config:5562:warning: override: reassigning to symbol CRYPTO_SHA1
.config:5563:warning: override: reassigning to symbol ARCH_STACKWALK
.config:5564:warning: override: reassigning to symbol MISC_FILESYSTEMS
.config:5565:warning: override: reassigning to symbol ARCH_WANT_FRAME_POINTERS
.config:5566:warning: override: reassigning to symbol HAVE_USER_RETURN_NOTIFIER
.config:5567:warning: override: reassigning to symbol 9P_FS
.config:5568:warning: override: reassigning to symbol ARCH_HAS_ACPI_TABLE_UPGRADE
.config:5569:warning: override: reassigning to symbol NET_VENDOR_BROCADE
.config:5570:warning: override: reassigning to symbol NET_VENDOR_ASIX
.config:5571:warning: override: reassigning to symbol DRM
.config:5572:warning: override: reassigning to symbol ARCH_HIBERNATION_POSSIBLE
.config:5573:warning: override: reassigning to symbol ARCH_MHP_MEMMAP_ON_MEMORY_ENABLE
.config:5587:warning: override: reassigning to symbol PRINTK
.config:5591:warning: override: reassigning to symbol TTY
.config:5592:warning: override: reassigning to symbol SERIAL_8250
.config:5593:warning: override: reassigning to symbol SERIAL_8250_CONSOLE
.config:5602:warning: override: reassigning to symbol BLK_DEV_INITRD
.config:5603:warning: override: reassigning to symbol RD_GZIP
.config:5606:warning: override: reassigning to symbol BINFMT_ELF
.config:5607:warning: override: reassigning to symbol BINFMT_SCRIPT
.config:5610:warning: override: reassigning to symbol TMPFS
.config:5616:warning: override: reassigning to symbol KERNEL_GZIP
.config:5619:warning: override: reassigning to symbol DRM
.config:5620:warning: override: reassigning to symbol SOUND
.config:5621:warning: override: reassigning to symbol STAGING
.config:5622:warning: override: reassigning to symbol INFINIBAND
.config:5623:warning: override: reassigning to symbol MEDIA_SUPPORT
#
# configuration written to .config
#
make[3]: Leaving directory '/home/benni/git/kernel-test/build/randdefconfig-i386'
make[2]: Leaving directory '/home/benni/git/linux'
make[2]: Entering directory '/home/benni/git/linux'
make[3]: Entering directory '/home/benni/git/kernel-test/build/randdefconfig-i386'
  SYNC    include/config/auto.conf
  UPD     arch/x86/include/generated/asm/cpufeaturemasks.h
  HOSTCC  scripts/selinux/mdp/mdp
  HOSTCXX scripts/gcc-plugins/randomize_layout_plugin.so
  TOUCH   include/generated/gcc-plugins.h
  CC      scripts/mod/empty.o
  CC      scripts/mod/devicetable-offsets.s
  MKELF   scripts/mod/elfconfig.h
  HOSTCC  scripts/mod/modpost.o
  HOSTCC  scripts/mod/sumversion.o
  HOSTCC  scripts/mod/symsearch.o
  HOSTCC  scripts/mod/file2alias.o
  HOSTLD  scripts/mod/modpost
  CC      kernel/bounds.s
  CC      arch/x86/kernel/asm-offsets.s
  UPD     include/generated/asm-offsets.h
  CC      kernel/sched/rq-offsets.s
  UPD     include/generated/rq-offsets.h
  CALL    /home/benni/git/linux/scripts/checksyscalls.sh 
  GEN     usr/initramfs_data.cpio
  CC      certs/system_keyring.o
  AS      arch/x86/entry/entry.o
  CC      arch/x86/events/core.o
  CC      init/main.o
  COPY    usr/initramfs_inc_data
  AS      usr/initramfs_data.o
  AS      arch/x86/lib/atomic64_cx8_32.o
  CC      ipc/util.o
  CC      drivers/leds/led-core.o
  CC      security/keys/gc.o
  AR      usr/built-in.a
  AS      arch/x86/lib/checksum_32.o
  CC      block/bdev.o
  AS      arch/x86/entry/entry_32.o
  CC      io_uring/io_uring.o
  CC      mm/filemap.o
  CC      fs/open.o
  CC      lib/argv_split.o
  CC      arch/x86/lib/cmdline.o
  CC      crypto/api.o
  CC      arch/x86/entry/syscall_32.o
  CC      kernel/fork.o
  CC      mm/mempool.o
  AS      certs/system_certificates.o
  AS      arch/x86/lib/cmpxchg8b_emu.o
  AR      certs/built-in.a
  CC      arch/x86/entry/common.o
  CC      arch/x86/lib/cpu.o
  CC      lib/bug.o
  CC      security/keys/key.o
  CC      drivers/leds/led-class.o
  CC      ipc/msgutil.o
  CC      arch/x86/lib/delay.o
  CC      crypto/cipher.o
  CC      drivers/leds/led-triggers.o
  CC      lib/buildid.o
  CC      drivers/pci/access.o
  AS      arch/x86/lib/getuser.o
  CC      block/fops.o
  CC      arch/x86/entry/vdso/vma.o
  CC      security/commoncap.o
  CC      arch/x86/lib/inat.o
  CC      fs/read_write.o
  CC      ipc/msg.o
  UPD     init/utsversion-tmp.h
  CC      init/do_mounts.o
  CC      arch/x86/lib/insn-eval.o
  CC      crypto/algapi.o
  CC      arch/x86/events/probe.o
  CC      security/keys/keyring.o
  CC      lib/clz_tab.o
  CC      lib/cmdline.o
  AR      drivers/leds/built-in.a
  CC      arch/x86/lib/insn.o
  CC      arch/x86/entry/vdso/extable.o
  CC      lib/cpumask.o
  CC      block/bio.o
  CC      arch/x86/events/utils.o
  CC      kernel/exec_domain.o
  CC      drivers/pci/bus.o
  CC      arch/x86/lib/memcpy_32.o
  CC      arch/x86/entry/vdso/vdso32-setup.o
  AS      arch/x86/lib/memmove_32.o
  CC      ipc/sem.o
  CC      lib/ctype.o
  CC      io_uring/opdef.o
  CC      arch/x86/lib/misc.o
  CC      init/do_mounts_initrd.o
  CC      drivers/pci/probe.o
  CC      arch/x86/lib/pc-conf-reg.o
  CC      drivers/video/screen_info_generic.o
  LDS     arch/x86/entry/vdso/vdso32/vdso32.lds
  CC      lib/dec_and_lock.o
  AS      arch/x86/entry/vdso/vdso32/note.o
  CC      arch/x86/entry/vdso/vdso32/vclock_gettime.o
  CC      drivers/video/screen_info_pci.o
  CC      arch/x86/events/rapl.o
  AS      arch/x86/lib/putuser.o
  CC      kernel/exec_state.o
  CC      crypto/scatterwalk.o
  CC      mm/oom_kill.o
  AS      arch/x86/lib/retpoline.o
  CC      security/keys/keyctl.o
  CC      arch/x86/lib/string_32.o
  CC      lib/decompress.o
  CC      fs/file_table.o
  CC      crypto/proc.o
  CC      arch/x86/lib/strstr_32.o
  CC      lib/decompress_bunzip2.o
  CC      init/initramfs.o
  CC      arch/x86/entry/vdso/vdso32/vgetcpu.o
  CC      arch/x86/lib/usercopy.o
  CC      kernel/panic.o
  AS      arch/x86/entry/vdso/vdso32/system_call.o
  AS      arch/x86/entry/vdso/vdso32/sigreturn.o
  CC      io_uring/kbuf.o
  CC      arch/x86/entry/vdso/vdso32/vfutex.o
  VDSO    arch/x86/entry/vdso/vdso32/vdso32.so.dbg
  OBJCOPY arch/x86/entry/vdso/vdso32/vdso32.so
  VDSO2C  arch/x86/entry/vdso/vdso32/vdso32-image.c
  CC      arch/x86/entry/vdso/vdso32/vdso32-image.o
  CC      fs/super.o
  CC      arch/x86/events/amd/core.o
  CC      crypto/aead.o
  CC      drivers/video/console/dummycon.o
  CC      arch/x86/lib/usercopy_32.o
  CC      lib/decompress_inflate.o
  AR      arch/x86/entry/vdso/vdso32/built-in.a
  AR      arch/x86/entry/vdso/built-in.a
  CC      block/elevator.o
  AS      arch/x86/entry/thunk.o
  CC      ipc/shm.o
  CC      security/keys/permission.o
  AR      arch/x86/entry/built-in.a
  CC      init/calibrate.o
  CC      drivers/pci/host-bridge.o
  CC      security/keys/process_keys.o
  CC      lib/decompress_unlz4.o
  CC      arch/x86/lib/msr-smp.o
  CC      io_uring/rsrc.o
  CC      kernel/cpu.o
  CC      drivers/video/console/vgacon.o
  CC      init/init_task.o
  CC      security/keys/request_key.o
  CC      mm/fadvise.o
  CC      arch/x86/lib/cache-smp.o
  CC      arch/x86/events/amd/lbr.o
  CC      lib/decompress_unlzma.o
  CC      crypto/geniv.o
  CC      arch/x86/lib/msr.o
  CC      crypto/lskcipher.o
  CC      ipc/syscall.o
  CC      drivers/pci/remove.o
  CC      block/blk-core.o
  CC      init/version.o
  CC      fs/char_dev.o
  CC      crypto/skcipher.o
  CC      lib/decompress_unlzo.o
  CC      arch/x86/events/amd/ibs.o
  AR      drivers/video/console/built-in.a
  CC      drivers/video/backlight/backlight.o
  CC      security/keys/request_key_auth.o
  CC      ipc/ipc_sysctl.o
  CC      mm/maccess.o
  CC      lib/decompress_unxz.o
  CC      drivers/pci/pci.o
  AS      arch/x86/lib/msr-reg.o
  CC      security/lsm_syscalls.o
  AR      init/built-in.a
  CC      arch/x86/lib/msr-reg-export.o
  CC      mm/page-writeback.o
  CC      io_uring/notif.o
  CC      ipc/mqueue.o
  CC      ipc/namespace.o
  CC      security/keys/user_defined.o
  AR      drivers/video/backlight/built-in.a
  CC      fs/stat.o
  AS      arch/x86/lib/hweight.o
  AR      drivers/video/built-in.a
  CC      drivers/pci/pci-driver.o
  CC      kernel/exit.o
  CC      lib/decompress_unzstd.o
  CC      arch/x86/lib/iomem.o
  CC      lib/dump_stack.o
  CC      crypto/seqiv.o
  CC      arch/x86/lib/atomic64_32.o
  AR      arch/x86/lib/lib.a
  CC      lib/earlycpio.o
  CC      security/min_addr.o
  AR      arch/x86/events/amd/built-in.a
  CC      arch/x86/realmode/init.o
  CC      security/keys/proc.o
  CC      arch/x86/events/msr.o
  CC      crypto/echainiv.o
  AR      arch/x86/lib/built-in.a
  CC      io_uring/tctx.o
  CC      drivers/pci/search.o
  CC      arch/x86/events/intel/core.o
  CC      block/blk-sysfs.o
  CC      lib/extable.o
  CC      ipc/mq_sysctl.o
  AS      arch/x86/realmode/rm/header.o
  AS      arch/x86/realmode/rm/trampoline_32.o
  CC      fs/exec.o
  CC      crypto/ahash.o
  CC      security/keys/sysctl.o
  CC      security/security.o
  CC      kernel/softirq.o
  AS      arch/x86/realmode/rm/stack.o
  CC      arch/x86/events/intel/bts.o
  AS      arch/x86/realmode/rm/reboot.o
  AS      arch/x86/realmode/rm/wakeup_asm.o
  CC      arch/x86/realmode/rm/wakemain.o
  CC      lib/flex_proportions.o
  AR      ipc/built-in.a
  CC      arch/x86/realmode/rm/video-mode.o
  CC      io_uring/filetable.o
  CC      mm/folio-compat.o
  AS      arch/x86/realmode/rm/copy.o
  CC      arch/x86/events/intel/ds.o
  CC      arch/x86/realmode/rm/regs.o
  CC      kernel/resource.o
  CC      security/keys/keyctl_pkey.o
  CC      lib/idr.o
  CC      arch/x86/realmode/rm/video-vga.o
  CC      block/blk-flush.o
  CC      arch/x86/realmode/rm/video-vesa.o
  CC      drivers/acpi/tables.o
  CC      arch/x86/realmode/rm/video-bios.o
  CC      drivers/pci/rebar.o
  CC      lib/iomem_copy.o
  PASYMS  arch/x86/realmode/rm/pasyms.h
  LDS     arch/x86/realmode/rm/realmode.lds
  LD      arch/x86/realmode/rm/realmode.elf
  RELOCS  arch/x86/realmode/rm/realmode.relocs
  OBJCOPY arch/x86/realmode/rm/realmode.bin
  AS      arch/x86/realmode/rmpiggy.o
  AR      arch/x86/realmode/built-in.a
  CC      crypto/shash.o
  CC      lib/irq_regs.o
  CC      io_uring/rw.o
  AR      security/keys/built-in.a
  CC      kernel/sysctl.o
  CC      arch/x86/events/zhaoxin/core.o
  CC      mm/readahead.o
  CC      block/blk-settings.o
  CC      lib/is_single_threaded.o
  CC      fs/pipe.o
  CC      drivers/acpi/osi.o
  CC      arch/x86/events/intel/knc.o
  CC      lib/klist.o
  CC      security/lsm_notifier.o
  CC      drivers/pci/rom.o
  CC      drivers/pnp/core.o
  AR      arch/x86/events/zhaoxin/built-in.a
  CC      lib/kobject.o
  CC      crypto/akcipher.o
  CC      io_uring/poll.o
  CC      kernel/capability.o
  CC      drivers/acpi/osl.o
  AS      arch/x86/kernel/head_32.o
  CC      block/blk-ioc.o
  CC      arch/x86/kernel/head32.o
  CC      net/devres.o
  CC      arch/x86/events/intel/lbr.o
  CC      drivers/pnp/card.o
  CC      security/lsm_init.o
  CC      drivers/pci/setup-res.o
  CC      mm/swap.o
  CC      lib/kobject_uevent.o
  CC      fs/namei.o
  CC      arch/x86/kernel/ebda.o
  CC      arch/x86/kernel/platform-quirks.o
  CC      drivers/acpi/utils.o
  CC      crypto/sig.o
  CC      kernel/ptrace.o
  CC      drivers/pnp/driver.o
  CC      block/blk-map.o
  CC      drivers/pci/irq.o
  CC      security/selinux/avc.o
  CC      arch/x86/kernel/process_32.o
  CC      net/socket.o
  CC      io_uring/tw.o
  CC      mm/truncate.o
  CC      arch/x86/mm/init.o
  CC      arch/x86/events/intel/p4.o
  CC      drivers/acpi/reboot.o
  CC      lib/logic_pio.o
  CC      drivers/pnp/resource.o
  CC      drivers/pci/vpd.o
  CC      crypto/rsapubkey.asn1.o
  CC      crypto/rsaprivkey.asn1.o
  CC      arch/x86/kernel/signal.o
  CC      crypto/rsa.o
  CC      block/blk-merge.o
  CC      drivers/acpi/nvs.o
  CC      io_uring/wait.o
  CC      drivers/pci/setup-bus.o
  CC      kernel/user.o
  CC      arch/x86/events/intel/p6.o
  CC      lib/maple_tree.o
  CC      mm/vmscan.o
  CC      security/selinux/hooks.o
  CC      arch/x86/mm/init_32.o
  CC      crypto/rsa_helper.o
  CC      drivers/acpi/wakeup.o
  CC      arch/x86/kernel/signal_32.o
  CC      drivers/pci/vc.o
  CC      drivers/pnp/manager.o
  CC      kernel/signal.o
  CC      arch/x86/events/intel/pt.o
  CC      crypto/rsa-pkcs1pad.o
  CC      io_uring/eventfd.o
  CC      drivers/acpi/sleep.o
  CC      arch/x86/kernel/traps.o
  CC      fs/fcntl.o
  CC      arch/x86/mm/fault.o
  CC      drivers/pci/mmap.o
  CC      io_uring/uring_cmd.o
  CC      drivers/pnp/support.o
  CC      block/blk-timeout.o
  CC      crypto/rsassa-pkcs1.o
  CC      net/core/sock.o
  CC      net/core/skbuff.o
  CC      arch/x86/events/intel/uncore.o
  CC      drivers/pci/devres.o
  CC      drivers/pnp/interface.o
  CC      crypto/acompress.o
  CC      arch/x86/kernel/idt.o
  CC      block/blk-lib.o
  CC      drivers/acpi/device_sysfs.o
  CC      arch/x86/mm/ioremap.o
  CC      fs/ioctl.o
  CC      io_uring/openclose.o
  CC      drivers/pnp/quirks.o
  CC      kernel/sys.o
  CC      drivers/pci/msi/pcidev_msi.o
  CC      arch/x86/kernel/irq.o
  CC      mm/shrinker.o
  CC      arch/x86/events/intel/uncore_nhmex.o
  CC      drivers/acpi/device_pm.o
  CC      block/blk-mq.o
  CC      crypto/scompress.o
  CC      security/selinux/selinuxfs.o
  CC      drivers/pnp/system.o
  CC      io_uring/sqpoll.o
  CC      arch/x86/mm/extable.o
  CC      fs/readdir.o
  CC      drivers/pci/msi/api.o
  CC      drivers/pnp/pnpacpi/core.o
  CC      lib/memcat_p.o
  CC      arch/x86/events/intel/uncore_snb.o
  CC      mm/shmem.o
  CC      arch/x86/mm/mmap.o
  CC      drivers/acpi/proc.o
  CC      crypto/algboss.o
  CC      lib/nmi_backtrace.o
  CC      drivers/pci/msi/msi.o
  CC      kernel/umh.o
  CC      crypto/testmgr.o
  CC      io_uring/xattr.o
  CC      arch/x86/kernel/irq_32.o
  CC      drivers/pnp/pnpacpi/rsparser.o
  CC      security/selinux/netlink.o
  CC      arch/x86/mm/pgtable.o
  CC      fs/select.o
  CC      arch/x86/events/intel/uncore_snbep.o
  CC      drivers/acpi/bus.o
  CC      lib/objpool.o
  CC      security/selinux/nlmsgtab.o
  CC      arch/x86/kernel/dumpstack_32.o
  CC      crypto/cmac.o
  CC      io_uring/nop.o
  CC      arch/x86/mm/physaddr.o
  CC      net/core/datagram.o
  CC      drivers/pci/msi/irqdomain.o
  AR      drivers/pnp/pnpacpi/built-in.a
  AR      drivers/pnp/built-in.a
  CC      lib/plist.o
  CC      kernel/workqueue.o
  CC      arch/x86/mm/tlb.o
  CC      lib/radix-tree.o
  CC      arch/x86/kernel/time.o
  CC      crypto/hmac.o
  CC      security/selinux/netif.o
  CC      block/blk-mq-tag.o
  CC      io_uring/fs.o
  CC      mm/util.o
  CC      drivers/acpi/glue.o
  CC      security/lsm_audit.o
  CC      arch/x86/pci/i386.o
  CC      arch/x86/kernel/ioport.o
  CC      fs/dcache.o
  AR      drivers/pci/msi/built-in.a
  CC      crypto/sha1.o
  CC      drivers/pci/pcie/portdrv.o
  CC      arch/x86/events/intel/uncore_discovery.o
  CC      lib/ratelimit.o
  CC      io_uring/splice.o
  CC      arch/x86/mm/cpu_entry_area.o
  CC      lib/rbtree.o
  CC      security/selinux/netnode.o
  CC      drivers/acpi/scan.o
  CC      arch/x86/kernel/dumpstack.o
  CC      mm/mmzone.o
  CC      net/core/stream.o
  CC      crypto/sha256.o
  CC      block/blk-mq-dma.o
  CC      arch/x86/pci/init.o
  CC      lib/seq_buf.o
  CC      drivers/pci/pcie/rcec.o
  AR      arch/x86/events/intel/built-in.a
  AR      arch/x86/events/built-in.a
  CC      arch/x86/power/cpu.o
  CC      arch/x86/power/hibernate_32.o
  CC      io_uring/sync.o
  CC      arch/x86/kernel/nmi.o
  CC      arch/x86/mm/maccess.o
  CC      mm/vmstat.o
  CC      arch/x86/pci/pcbios.o
  CC      security/selinux/netport.o
  CC      fs/inode.o
  CC      drivers/pci/pcie/bwctrl.o
  CC      crypto/sha512.o
  CC      arch/x86/mm/pgprot.o
  CC      lib/siphash.o
  CC      block/blk-stat.o
  CC      arch/x86/kernel/ldt.o
  CC      io_uring/msg_ring.o
  CC      drivers/acpi/mipi-disco-img.o
  CC      kernel/pid.o
  AS      arch/x86/power/hibernate_asm_32.o
  CC      net/core/scm.o
  CC      arch/x86/power/hibernate.o
  CC      lib/string.o
  CC      arch/x86/pci/mmconfig_32.o
  CC      drivers/pci/pcie/aspm.o
  CC      arch/x86/mm/pat/set_memory.o
  CC      lib/sys_info.o
  CC      security/selinux/status.o
  CC      crypto/ecb.o
  CC      io_uring/advise.o
  CC      arch/x86/kernel/setup.o
  CC      block/blk-mq-sysfs.o
  CC      mm/backing-dev.o
  CC      drivers/acpi/resource.o
  CC      drivers/pci/pcie/pme.o
  AR      arch/x86/power/built-in.a
  CC      security/device_cgroup.o
  CC      arch/x86/pci/direct.o
  CC      crypto/cbc.o
  CC      lib/timerqueue.o
  CC      io_uring/statx.o
  CC      block/blk-mq-cpumap.o
  CC      lib/union_find.o
  CC      crypto/cts.o
  CC      arch/x86/platform/efi/memmap.o
  CC      lib/vsprintf.o
  CC      security/selinux/initcalls.o
  CC      net/core/gen_stats.o
  CC      arch/x86/pci/mmconfig-shared.o
  CC      kernel/task_work.o
  CC      security/selinux/ss/ebitmap.o
  CC      drivers/acpi/acpi_processor.o
  CC      fs/attr.o
  AR      drivers/pci/pcie/built-in.a
  CC      drivers/pci/proc.o
  CC      arch/x86/mm/pat/memtype.o
  CC      mm/mm_init.o
  CC      arch/x86/kernel/x86_init.o
  CC      io_uring/timeout.o
  CC      drivers/acpi/processor_core.o
  CC      crypto/ctr.o
  CC      kernel/extable.o
  CC      arch/x86/platform/efi/quirks.o
  CC      block/blk-mq-sched.o
  CC      arch/x86/pci/fixup.o
  CC      drivers/pci/pci-sysfs.o
  CC      security/selinux/ss/hashtab.o
  CC      crypto/gcm.o
  CC      arch/x86/mm/pat/memtype_interval.o
  CC      arch/x86/kernel/i8259.o
  CC      drivers/pci/slot.o
  CC      fs/bad_inode.o
  CC      net/core/gen_estimator.o
  CC      drivers/acpi/processor_pdc.o
  CC      security/selinux/ss/symtab.o
  CC      io_uring/cancel.o
  CC      kernel/params.o
  CC      mm/percpu.o
  CC      arch/x86/pci/acpi.o
  AR      arch/x86/mm/pat/built-in.a
  CC      arch/x86/platform/efi/efi.o
  CC      security/selinux/ss/sidtab.o
  CC      arch/x86/mm/pgtable_32.o
  CC      drivers/acpi/ec.o
  CC      crypto/ccm.o
  CC      fs/file.o
  CC      block/ioctl.o
  CC      arch/x86/kernel/irqinit.o
  CC      mm/slab_common.o
  CC      drivers/pci/pci-acpi.o
  CC      arch/x86/pci/legacy.o
  CC      net/core/net_namespace.o
  CC      io_uring/waitid.o
  CC      lib/win_minmax.o
  CC      arch/x86/platform/efi/efi_32.o
  CC      arch/x86/mm/iomap_32.o
  CC      kernel/kthread.o
  CC      crypto/aes.o
  CC      security/selinux/ss/avtab.o
  CC      block/genhd.o
  CC      arch/x86/kernel/jump_label.o
  CC      lib/xarray.o
  CC      drivers/acpi/dock.o
  CC      arch/x86/pci/irq.o
  CC      io_uring/register.o
  AS      arch/x86/platform/efi/efi_stub_32.o
  CC      crypto/camellia_generic.o
  CC      arch/x86/mm/hugetlbpage.o
  CC      drivers/pci/iomap.o
  CC      arch/x86/platform/efi/runtime-map.o
  CC      arch/x86/kernel/irq_work.o
  CC      fs/filesystems.o
  CC      crypto/authenc.o
  CC      security/selinux/ss/policydb.o
  CC      drivers/acpi/pci_root.o
  AR      arch/x86/mm/built-in.a
  CC      security/selinux/ss/services.o
  CC      net/core/secure_seq.o
  CC      block/ioprio.o
  CC      kernel/sys_ni.o
  AR      arch/x86/platform/efi/built-in.a
  CC      arch/x86/platform/intel/iosf_mbi.o
  CC      drivers/pci/quirks.o
  CC      lib/lockref.o
  CC      arch/x86/pci/common.o
  CC      security/selinux/ss/conditional.o
  CC      kernel/nsproxy.o
  CC      mm/compaction.o
  CC      arch/x86/kernel/probe_roms.o
  CC      lib/bcd.o
  CC      lib/sort.o
  CC      fs/namespace.o
  CC      io_uring/truncate.o
  CC      block/badblocks.o
  AR      arch/x86/platform/intel/built-in.a
  CC      lib/parser.o
  CC      arch/x86/pci/early.o
  CC      mm/show_mem.o
  CC      drivers/acpi/pci_link.o
  CC      crypto/authencesn.o
  AR      arch/x86/platform/built-in.a
  CC      block/partitions/core.o
  CC      kernel/nstree.o
  CC      arch/x86/pci/bus_numa.o
  CC      arch/x86/kernel/sys_ia32.o
  CC      net/core/flow_dissector.o
  CC      io_uring/memmap.o
  CC      lib/debug_locks.o
  CC      drivers/pci/hotplug/pci_hotplug_core.o
  CC      drivers/acpi/pci_irq.o
  CC      drivers/pci/hotplug/acpi_pcihp.o
  CC      fs/seq_file.o
  CC      security/selinux/ss/mls.o
  CC      lib/random32.o
  CC      crypto/krb5enc.o
  CC      arch/x86/pci/amd_bus.o
  CC      lib/bust_spinlocks.o
  CC      mm/interval_tree.o
  CC      arch/x86/kernel/ksysfs.o
  CC      block/partitions/msdos.o
  CC      io_uring/alloc_cache.o
  CC      arch/x86/kernel/bootflag.o
  CC      drivers/acpi/acpi_apd.o
  CC      kernel/nscommon.o
  AR      arch/x86/pci/built-in.a
  CC      arch/x86/virt/svm/cmdline.o
  CC      lib/kasprintf.o
  CC      block/blk-rq-qos.o
  CC      security/selinux/ss/context.o
  AR      drivers/pci/hotplug/built-in.a
  CC      drivers/pci/pci-label.o
  AR      arch/x86/virt/svm/built-in.a
  CC      mm/list_lru.o
  AR      arch/x86/virt/built-in.a
  CC      io_uring/query.o
  CC      crypto/lzo.o
  CC      mm/workingset.o
  CC      block/partitions/efi.o
  CC      arch/x86/kernel/e820.o
  CC      drivers/acpi/acpi_platform.o
  CC      crypto/lzo-rle.o
  CC      kernel/notifier.o
  CC      lib/bitmap.o
  CC      drivers/pci/vgaarb.o
  CC      drivers/dma/dmaengine.o
  CC      io_uring/loop.o
  CC      crypto/lz4.o
  AR      security/selinux/built-in.a
  CC      net/ethernet/eth.o
  AR      security/built-in.a
  CC      net/core/sysctl_net_core.o
  AR      block/partitions/built-in.a
  CC      drivers/acpi/acpi_pnp.o
  CC      block/disk-events.o
  CC      mm/debug.o
  CC      mm/gup.o
  CC      lib/scatterlist.o
  CC      fs/xattr.o
  CC      lib/list_sort.o
  CC      lib/uuid.o
  CC      arch/x86/kernel/pci-dma.o
  CC      fs/libfs.o
  CC      crypto/asymmetric_keys/asymmetric_type.o
  CC      drivers/pci/setup-cardbus.o
  CC      kernel/ksysfs.o
  CC      io_uring/io-wq.o
  CC      drivers/acpi/power.o
  CC      fs/fs-writeback.o
  CC      block/blk-ia-ranges.o
  CC      drivers/dma/virt-dma.o
  CC      net/core/dev.o
  CC      drivers/acpi/event.o
  CC      crypto/asymmetric_keys/restrict.o
  CC      lib/iov_iter.o
  CC      arch/x86/kernel/quirks.o
  CC      kernel/cred.o
  CC      lib/clz_ctz.o
  CC      drivers/pci/trace.o
  AR      net/ethernet/built-in.a
  CC      fs/pnode.o
  CC      crypto/asymmetric_keys/signature.o
  CC      arch/x86/kernel/kdebugfs.o
  CC      io_uring/futex.o
  CC      drivers/dma/acpi-dma.o
  CC      mm/mmap_lock.o
  CC      block/early-lookup.o
  CC      io_uring/epoll.o
  CC      net/sched/sch_generic.o
  CC      drivers/virtio/virtio.o
  CC      net/core/dev_api.o
  CC      drivers/acpi/evged.o
  CC      crypto/asymmetric_keys/public_key.o
  AR      drivers/pci/built-in.a
  CC      lib/bsearch.o
  CC      arch/x86/kernel/alternative.o
  CC      block/bsg.o
  CC      drivers/virtio/virtio_ring.o
  CC      io_uring/napi.o
  CC      kernel/reboot.o
  CC      drivers/dma/dw/core.o
  CC      drivers/acpi/sysfs.o
  CC      mm/vma_init.o
  CC      crypto/asymmetric_keys/x509.asn1.o
  CC      net/core/dev_addr_lists.o
  CC      crypto/asymmetric_keys/x509_akid.asn1.o
  CC      fs/splice.o
  CC      block/blk-cgroup.o
  CC      lib/find_bit.o
  CC      crypto/asymmetric_keys/x509_cert_parser.o
  CC      kernel/async.o
  CC      lib/llist.o
  CC      net/core/dst.o
  CC      drivers/acpi/property.o
  CC      lib/lwq.o
  CC      mm/highmem.o
  CC      arch/x86/kernel/i8253.o
  CC      drivers/dma/hsu/hsu.o
  CC      drivers/dma/dw/dw.o
  CC      io_uring/net.o
  CC      crypto/asymmetric_keys/x509_loader.o
  CC      lib/memweight.o
  CC      kernel/range.o
  CC      net/sched/sch_mq.o
  CC      kernel/smpboot.o
  CC      lib/kfifo.o
  CC      arch/x86/kernel/hw_breakpoint.o
  CC      crypto/asymmetric_keys/x509_public_key.o
  CC      arch/x86/kernel/tsc.o
  CC      drivers/acpi/debugfs.o
  CC      drivers/dma/dw/idma32.o
  CC      block/blk-ioprio.o
  CC      drivers/virtio/virtio_anchor.o
  CC      fs/sync.o
  AR      drivers/dma/hsu/built-in.a
  CC      crypto/krb5/krb5_kdf.o
  CC      mm/memory.o
  AR      crypto/asymmetric_keys/built-in.a
  CC      crypto/krb5/krb5_api.o
  CC      kernel/ucount.o
  CC      net/core/netevent.o
  CC      lib/percpu-refcount.o
  CC      drivers/dma/dw/acpi.o
  CC      net/sched/sch_frag.o
  CC      kernel/regset.o
  CC      block/blk-iolatency.o
  CC      drivers/acpi/acpi_lpat.o
  CC      io_uring/cmd_net.o
  CC      net/core/neighbour.o
  CC      drivers/virtio/virtio_pci_modern_dev.o
  CC      drivers/virtio/virtio_pci_legacy_dev.o
  CC      crypto/krb5/rfc3961_simplified.o
  CC      arch/x86/kernel/tsc_msr.o
  CC      fs/utimes.o
  CC      lib/rhashtable.o
  CC      kernel/ksyms_common.o
  CC      arch/x86/kernel/io_delay.o
  CC      mm/mincore.o
  AR      drivers/dma/dw/built-in.a
  AR      drivers/dma/built-in.a
  CC      arch/x86/kernel/rtc.o
  CC      net/sched/sch_api.o
  CC      drivers/acpi/acpica/dsargs.o
  CC      drivers/virtio/virtio_pci_modern.o
  CC      block/blk-iocost.o
  CC      drivers/virtio/virtio_pci_common.o
  CC      crypto/krb5/rfc3962_aes.o
  CC      kernel/groups.o
  CC      drivers/acpi/acpica/dscontrol.o
  CC      net/core/rtnetlink.o
  CC      fs/d_path.o
  CC      crypto/krb5/rfc6803_camellia.o
  CC      io_uring/fdinfo.o
  CC      drivers/acpi/ac.o
  CC      lib/base64.o
  CC      drivers/acpi/acpica/dsdebug.o
  CC      arch/x86/kernel/resource.o
  CC      lib/once.o
  CC      io_uring/bpf_filter.o
  CC      crypto/krb5/rfc8009_aes2.o
  CC      drivers/virtio/virtio_pci_legacy.o
  CC      kernel/sched/core.o
  AS      arch/x86/kernel/irqflags.o
  CC      arch/x86/kernel/static_call.o
  CC      drivers/acpi/acpica/dsfield.o
  CC      block/blk-mq-debugfs.o
  CC      lib/refcount.o
  CC      mm/mlock.o
  CC      drivers/acpi/acpica/dsinit.o
  CC      lib/rcuref.o
  CC      fs/stack.o
  CC      block/blk-pm.o
  AR      crypto/krb5/built-in.a
  CC      arch/x86/kernel/process.o
  AR      crypto/built-in.a
  CC      drivers/virtio/virtio_pci_admin_legacy_io.o
  CC      block/holder.o
  CC      lib/usercopy.o
  CC      net/sched/sch_blackhole.o
  CC      drivers/acpi/acpica/dsmethod.o
  CC      drivers/acpi/button.o
  CC      kernel/sched/fair.o
  AR      io_uring/built-in.a
  CC      drivers/acpi/fan_core.o
  CC      net/netlink/af_netlink.o
  CC      drivers/tty/tty_io.o
  CC      lib/errseq.o
  CC      fs/fs_struct.o
  CC      drivers/acpi/acpica/dsmthdat.o
  CC      net/netlink/genetlink.o
  CC      lib/bucket_locks.o
  CC      net/sched/cls_api.o
  CC      drivers/virtio/virtio_input.o
  AR      block/built-in.a
  CC      net/core/utils.o
  CC      mm/mmap.o
  CC      drivers/acpi/acpica/dsobject.o
  CC      arch/x86/kernel/fpu/init.o
  CC      kernel/locking/mutex.o
  CC      drivers/acpi/acpica/dsopcode.o
  CC      arch/x86/kernel/fpu/bugs.o
  CC      drivers/char/mem.o
  CC      fs/statfs.o
  CC      lib/generic-radix-tree.o
  AR      drivers/virtio/built-in.a
  CC      fs/fs_pin.o
  CC      arch/x86/kernel/fpu/core.o
  CC      drivers/acpi/acpica/dspkginit.o
  CC      net/sched/sch_fifo.o
  CC      lib/bitmap-str.o
  CC      lib/string_helpers.o
  CC      drivers/tty/n_tty.o
  CC      drivers/char/random.o
  CC      net/core/link_watch.o
  CC      drivers/acpi/acpica/dsutils.o
  CC      fs/nsfs.o
  CC      drivers/char/misc.o
  CC      mm/mmu_gather.o
  CC      drivers/acpi/acpica/dswexec.o
  CC      kernel/locking/semaphore.o
  CC      net/netlink/policy.o
  CC      drivers/acpi/fan_attr.o
  CC      arch/x86/kernel/fpu/regset.o
  CC      lib/hexdump.o
  CC      arch/x86/kernel/fpu/signal.o
  CC      net/sched/cls_cgroup.o
  CC      drivers/acpi/acpica/dswload.o
  CC      mm/mprotect.o
  CC      net/core/filter.o
  CC      lib/kstrtox.o
  CC      kernel/power/qos.o
  CC      fs/fs_dirent.o
  CC      drivers/acpi/acpica/dswload2.o
  CC      drivers/tty/tty_ioctl.o
  CC      net/core/sock_diag.o
  CC      net/sched/ematch.o
  AR      net/netlink/built-in.a
  CC      drivers/char/hpet.o
  CC      kernel/locking/rwsem.o
  CC      net/core/dev_ioctl.o
  CC      drivers/acpi/fan_hwmon.o
  CC      fs/fs_context.o
  CC      arch/x86/kernel/fpu/xstate.o
  CC      drivers/acpi/acpica/dswscope.o
  CC      lib/math/div64.o
  CC      lib/math/gcd.o
  CC      drivers/acpi/acpica/dswstate.o
  CC      lib/math/lcm.o
  CC      lib/math/int_log.o
  CC      arch/x86/kernel/ptrace.o
  CC      fs/fs_parser.o
  CC      mm/mremap.o
  CC      drivers/tty/tty_ldisc.o
  CC      lib/math/int_pow.o
  CC      drivers/char/nvram.o
  CC      kernel/sched/build_policy.o
  CC      kernel/locking/percpu-rwsem.o
  CC      lib/math/int_sqrt.o
  CC      drivers/acpi/acpica/evevent.o
  CC      kernel/power/main.o
  AR      net/sched/built-in.a
  CC      lib/math/reciprocal_div.o
  CC      drivers/char/hw_random/core.o
  CC      fs/fsopen.o
  CC      drivers/acpi/acpi_video.o
  CC      lib/math/rational.o
  AR      arch/x86/kernel/fpu/built-in.a
  CC      drivers/char/hw_random/intel-rng.o
  CC      drivers/acpi/acpica/evgpe.o
  CC      drivers/tty/tty_buffer.o
  CC      arch/x86/kernel/tls.o
  CC      kernel/sched/build_utility.o
  CC      kernel/locking/spinlock.o
  CC      drivers/iommu/iommu.o
  CC      mm/msync.o
  CC      drivers/acpi/acpica/evgpeblk.o
  AR      lib/math/built-in.a
  CC      drivers/char/hw_random/amd-rng.o
  CC      lib/crc/crc16.o
  CC      fs/init.o
  CC      drivers/iommu/iommu-pages.o
  CC      kernel/locking/osq_lock.o
  CC      kernel/power/console.o
  CC      drivers/acpi/acpica/evgpeinit.o
  CC      net/ethtool/ioctl.o
  CC      drivers/tty/tty_port.o
  CC      lib/crc/crc32-main.o
  CC      arch/x86/kernel/step.o
  CC      kernel/locking/qspinlock.o
  CC      mm/page_vma_mapped.o
  CC      drivers/char/hw_random/geode-rng.o
  CC      net/core/tso.o
  CC      drivers/acpi/acpica/evgpeutil.o
  CC      fs/kernel_read_file.o
  CC      kernel/locking/rtmutex_api.o
  AS      lib/crc/x86/crc32-pclmul.o
  CC      arch/x86/kernel/i8237.o
  CC      kernel/power/process.o
  CC      fs/mnt_idmapping.o
  AR      lib/crc/built-in.a
  CC      drivers/acpi/acpica/evglock.o
  CC      lib/crypto/hash_info.o
  CC      mm/pagewalk.o
  AR      drivers/char/hw_random/built-in.a
  CC      drivers/tty/tty_mutex.o
  CC      drivers/char/agp/backend.o
  CC      arch/x86/kernel/stacktrace.o
  CC      drivers/acpi/acpica/evhandler.o
  CC      drivers/iommu/iommu-traces.o
  CC      kernel/power/suspend.o
  CC      fs/remap_range.o
  CC      lib/crypto/memneq.o
  CC      drivers/acpi/acpica/evmisc.o
  CC      mm/pgtable-generic.o
  CC      arch/x86/kernel/acpi/boot.o
  CC      fs/pidfs.o
  CC      drivers/tty/tty_ldsem.o
  CC      kernel/locking/qrwlock.o
  CC      arch/x86/kernel/cpu/cacheinfo.o
  CC      drivers/char/agp/generic.o
  CC      lib/crypto/utils.o
  CC      drivers/acpi/acpica/evregion.o
  CC      drivers/tty/tty_baudrate.o
  CC      net/ethtool/common.o
  CC      mm/rmap.o
  CC      drivers/iommu/iommu-sysfs.o
  AR      kernel/locking/built-in.a
  CC      arch/x86/kernel/acpi/sleep.o
  CC      lib/crypto/aes.o
  CC      drivers/acpi/acpica/evrgnini.o
  CC      arch/x86/kernel/cpu/scattered.o
  CC      kernel/power/hibernate.o
  AS      arch/x86/kernel/acpi/wakeup_32.o
  CC      net/core/sock_reuseport.o
  CC      drivers/acpi/acpica/evsci.o
  CC      kernel/power/snapshot.o
  CC      fs/file_attr.o
  CC      mm/vmalloc.o
  CC      drivers/char/agp/isoch.o
  CC      drivers/tty/tty_jobctrl.o
  CC      arch/x86/kernel/cpu/topology_common.o
  CC      arch/x86/kernel/acpi/cstate.o
  CC      drivers/iommu/dma-iommu.o
  CC      drivers/acpi/acpica/evxface.o
  CC      drivers/connector/cn_queue.o
  AS      lib/crypto/x86/aes-aesni.o
  CC      lib/crypto/blake2s.o
  CC      arch/x86/kernel/cpu/topology_ext.o
  CC      drivers/char/agp/amd64-agp.o
  AR      arch/x86/kernel/acpi/built-in.a
  CC      kernel/power/swap.o
  AR      kernel/sched/built-in.a
  CC      drivers/connector/connector.o
  CC      drivers/tty/n_null.o
  CC      drivers/acpi/acpica/evxfevnt.o
  CC      net/ethtool/netlink.o
  CC      drivers/iommu/iova.o
  CC      arch/x86/kernel/cpu/topology_amd.o
  CC      arch/x86/kernel/cpu/cpuid_parser.o
  CC      fs/fserror.o
  CC      lib/crypto/chacha-block-generic.o
  CC      arch/x86/kernel/cpu/common.o
  CC      net/core/fib_notifier.o
  CC      lib/crypto/gf128hash.o
  CC      drivers/tty/pty.o
  CC      net/ethtool/bitset.o
  CC      drivers/acpi/acpica/evxfgpe.o
  AR      drivers/char/agp/built-in.a
  AR      drivers/char/built-in.a
  CC      drivers/base/component.o
  CC      drivers/base/core.o
  CC      drivers/base/bus.o
  CC      kernel/printk/printk.o
  CC      lib/crypto/sha1.o
  CC      kernel/power/user.o
  AR      drivers/iommu/built-in.a
  CC      fs/nullfs.o
  CC      drivers/connector/cn_proc.o
  CC      drivers/acpi/acpica/evxfregn.o
  CC      drivers/tty/tty_audit.o
  CC      lib/crypto/sha256.o
  CC      lib/crypto/sha512.o
  CC      kernel/printk/printk_safe.o
  CC      net/core/xdp.o
  CC      drivers/acpi/acpica/exconcat.o
  CC      kernel/printk/nbcon.o
  CC      net/ethtool/strset.o
  CC      fs/buffer.o
  CC      drivers/block/loop.o
  CC      mm/vma.o
  CC      kernel/power/poweroff.o
  CC      drivers/tty/sysrq.o
  CC      arch/x86/kernel/cpu/rdrand.o
  CC      drivers/block/virtio_blk.o
  AR      kernel/power/built-in.a
  AR      drivers/connector/built-in.a
  CC      drivers/acpi/video_detect.o
  CC      arch/x86/kernel/cpu/match.o
  CC      drivers/acpi/acpica/exconfig.o
  CC      lib/crypto/mpi/generic_mpih-lshift.o
  CC      net/core/flow_offload.o
  CC      net/ethtool/linkinfo.o
  CC      drivers/acpi/acpica/exconvrt.o
  CC      lib/crypto/mpi/generic_mpih-mul1.o
  CC      arch/x86/kernel/cpu/bugs.o
  CC      lib/vdso/datastore.o
  CC      kernel/printk/printk_ringbuffer.o
  CC      net/core/gro.o
  CC      kernel/printk/sysctl.o
  CC      drivers/acpi/acpica/excreate.o
  CC      lib/crypto/mpi/generic_mpih-mul2.o
  AR      drivers/block/built-in.a
  CC      drivers/base/dd.o
  CC      fs/mpage.o
  CC      drivers/tty/vt/vt_ioctl.o
  CC      kernel/irq/irqdesc.o
  CC      net/ethtool/linkmodes.o
  CC      arch/x86/kernel/cpu/aperfmperf.o
  CC      mm/vma_exec.o
  AR      lib/vdso/built-in.a
  CC      kernel/irq/handle.o
  CC      mm/process_vm_access.o
  CC      drivers/acpi/acpica/exdebug.o
  AR      kernel/printk/built-in.a
  CC      drivers/acpi/processor_driver.o
  CC      drivers/acpi/processor_thermal.o
  CC      lib/crypto/mpi/generic_mpih-mul3.o
  CC      fs/proc_namespace.o
  CC      drivers/acpi/acpica/exdump.o
  CC      fs/direct-io.o
  CC      drivers/base/syscore.o
  CC      drivers/acpi/acpica/exfield.o
  CC      kernel/irq/manage.o
  CC      lib/crypto/mpi/generic_mpih-rshift.o
  CC      mm/page_alloc.o
  CC      net/ethtool/rss.o
  CC      lib/crypto/mpi/generic_mpih-sub1.o
  CC      net/netfilter/core.o
  CC      net/xfrm/xfrm_policy.o
  CC      drivers/tty/vt/vc_screen.o
  CC      net/unix/af_unix.o
  CC      net/ipv4/route.o
  CC      net/ipv4/inetpeer.o
  CC      drivers/acpi/acpica/exfldio.o
  CC      arch/x86/kernel/cpu/cpuid-deps.o
  CC      net/unix/garbage.o
  CC      lib/crypto/mpi/generic_mpih-add1.o
  CC      net/core/netdev-genl.o
  CC      arch/x86/kernel/cpu/cpuid_0x2_table.o
  CC      drivers/acpi/acpica/exmisc.o
  CC      drivers/tty/vt/selection.o
  CC      drivers/base/driver.o
  CC      net/ethtool/linkstate.o
  CC      lib/crypto/mpi/mpicoder.o
  CC      arch/x86/kernel/cpu/umwait.o
  CC      fs/notify/fsnotify.o
  CC      drivers/acpi/acpica/exmutex.o
  CC      fs/eventpoll.o
  CC      kernel/irq/spurious.o
  CC      drivers/base/class.o
  CC      fs/anon_inodes.o
  CC      drivers/acpi/acpica/exnames.o
  CC      net/netfilter/nf_log.o
  CC      arch/x86/kernel/cpu/capflags.o
  CC      arch/x86/kernel/cpu/powerflags.o
  CC      drivers/tty/vt/keyboard.o
  CC      kernel/irq/resend.o
  CC      lib/crypto/mpi/mpi-add.o
  CC      arch/x86/kernel/cpu/topology.o
  CC      net/ethtool/debug.o
  CC      drivers/acpi/acpica/exoparg1.o
  CC      net/core/netdev-genl-gen.o
  CC      kernel/irq/chip.o
  CC      net/unix/sysctl_net_unix.o
  CC      drivers/base/platform.o
  CC      fs/notify/notification.o
  AR      net/ipv6/netfilter/built-in.a
  CC      net/ipv6/addrconf_core.o
  CC      drivers/acpi/acpica/exoparg2.o
  CC      lib/crypto/mpi/mpi-bit.o
  CC      arch/x86/kernel/cpu/proc.o
  CC      net/ipv4/protocol.o
  CC      drivers/base/cpu.o
  CC      mm/page_frag_cache.o
  CC      net/netfilter/nf_queue.o
  CC      net/ethtool/wol.o
  CC      net/xfrm/xfrm_state.o
  CC      drivers/acpi/acpica/exoparg3.o
  CC      net/core/netdev_work.o
  CC      drivers/tty/vt/vt.o
  AR      net/unix/built-in.a
  CC      drivers/acpi/acpica/exoparg6.o
  CC      fs/notify/group.o
  CC      arch/x86/kernel/cpu/feat_ctl.o
  CC      kernel/irq/dummychip.o
  CC      lib/crypto/mpi/mpi-cmp.o
  CC      arch/x86/kernel/reboot.o
  CC      lib/crypto/mpi/mpi-sub-ui.o
  CC      drivers/base/firmware.o
  CC      drivers/acpi/acpica/exprep.o
  CC      mm/init-mm.o
  CC      net/ethtool/features.o
  CC      arch/x86/kernel/cpu/intel.o
  CC      drivers/acpi/acpica/exregion.o
  CC      net/ipv4/ip_input.o
  CC      kernel/irq/devres.o
  CC      drivers/base/init.o
  CC      net/ipv6/exthdrs_core.o
  CC      fs/notify/mark.o
  CC      net/core/gso.o
  CC      lib/crypto/mpi/mpi-div.o
  CC      mm/memblock.o
  CC      arch/x86/kernel/cpu/tsx.o
  CC      net/netfilter/nf_sockopt.o
  CC      arch/x86/kernel/cpu/intel_epb.o
  CC      drivers/acpi/acpica/exresnte.o
  CC      drivers/base/map.o
  CC      drivers/acpi/acpica/exresolv.o
  CC      lib/crypto/mpi/mpi-mod.o
  CC      arch/x86/kernel/cpu/amd.o
  CC      kernel/rcu/update.o
  CC      kernel/irq/kexec.o
  CC      net/ethtool/privflags.o
  CC      drivers/misc/eeprom/eeprom_93cx6.o
  CC      drivers/tty/vt/defkeymap.o
  CC      fs/notify/fdinfo.o
  CC      drivers/base/devres.o
  CC      drivers/acpi/acpica/exresop.o
  CC      net/ipv6/ip6_checksum.o
  CC      net/core/net-sysfs.o
  CC      net/netfilter/utils.o
  CC      drivers/tty/vt/consolemap.o
  CC      arch/x86/kernel/cpu/amd_cache_disable.o
  CC      lib/crypto/mpi/mpi-mul.o
  CC      drivers/acpi/acpica/exserial.o
  CC      kernel/irq/autoprobe.o
  CC      fs/notify/dnotify/dnotify.o
  CC      net/ethtool/rings.o
  AR      drivers/misc/eeprom/built-in.a
  AR      drivers/misc/built-in.a
  CC      mm/slub.o
  CC      kernel/irq/irqdomain.o
  CC      drivers/base/attribute_container.o
  CC      net/ipv4/ip_fragment.o
  CC      drivers/acpi/acpica/exstore.o
  CC      net/xfrm/xfrm_hash.o
  CC      mm/madvise.o
  CC      arch/x86/kernel/cpu/hygon.o
  CC      net/ipv6/ip6_icmp.o
  AR      fs/notify/dnotify/built-in.a
  CC      lib/crypto/mpi/mpih-cmp.o
  CC      fs/notify/inotify/inotify_fsnotify.o
  CC      drivers/acpi/acpica/exstoren.o
  CC      drivers/base/transport_class.o
  CC      net/ethtool/channels.o
  CC      net/xfrm/xfrm_input.o
  CC      net/netfilter/nfnetlink.o
  CC      arch/x86/kernel/cpu/centaur.o
  CC      drivers/tty/vt/consolemap_deftbl.o
  CC      kernel/rcu/sync.o
  CC      drivers/tty/vt/ucs.o
  CC      drivers/acpi/acpica/exstorob.o
  CC      lib/crypto/mpi/mpih-div.o
  AR      drivers/tty/vt/built-in.a
  CC      fs/notify/inotify/inotify_user.o
  CC      drivers/tty/serial/serial_core.o
  CC      net/core/hotdata.o
  CC      kernel/rcu/srcutree.o
  CC      kernel/irq/proc.o
  CC      drivers/base/topology.o
  AR      fs/notify/inotify/built-in.a
  CC      net/ethtool/coalesce.o
  CC      net/ipv6/output_core.o
  CC      arch/x86/kernel/cpu/transmeta.o
  CC      kernel/irq/migration.o
  CC      net/netfilter/nfnetlink_log.o
  CC      lib/crypto/mpi/mpih-mul.o
  AR      fs/notify/built-in.a
  CC      fs/signalfd.o
  CC      drivers/acpi/acpica/exsystem.o
  CC      net/ipv4/ip_forward.o
  CC      drivers/base/container.o
  CC      kernel/rcu/tree.o
  CC      net/core/netdev_config.o
  CC      net/xfrm/xfrm_output.o
  CC      net/packet/af_packet.o
  CC      drivers/acpi/acpica/extrace.o
  CC      arch/x86/kernel/cpu/zhaoxin.o
  CC      kernel/irq/cpuhotplug.o
  CC      drivers/base/property.o
  CC      lib/crypto/mpi/mpi-pow.o
  CC      drivers/acpi/acpica/exutils.o
  CC      arch/x86/kernel/cpu/vortex.o
  CC      fs/timerfd.o
  CC      net/ethtool/pause.o
  CC      kernel/irq/pm.o
  CC      drivers/tty/serial/serial_base_bus.o
  CC      net/netfilter/nf_conntrack_core.o
  CC      drivers/acpi/acpica/hwacpi.o
  CC      net/ipv6/protocol.o
  CC      arch/x86/kernel/cpu/mtrr/mtrr.o
  CC      net/ipv4/ip_options.o
  CC      net/core/netdev_rx_queue.o
  CC      lib/crypto/mpi/mpiutil.o
  CC      drivers/acpi/acpica/hwesleep.o
  CC      mm/page_io.o
  CC      drivers/tty/serial/serial_ctrl.o
  CC      fs/eventfd.o
  CC      kernel/irq/msi.o
  CC      net/xfrm/xfrm_sysctl.o
  CC      net/ethtool/eee.o
  CC      drivers/base/cacheinfo.o
  CC      drivers/acpi/acpica/hwgpe.o
  CC      arch/x86/kernel/cpu/mtrr/if.o
  CC      drivers/tty/serial/serial_port.o
  AR      lib/crypto/mpi/built-in.a
  AR      lib/crypto/built-in.a
  CC      net/ipv6/ip6_offload.o
  CC      drivers/acpi/acpica/hwregs.o
  CC      lib/iomap.o
  CC      mm/swap_state.o
  CC      drivers/base/swnode.o
  CC      arch/x86/kernel/cpu/mtrr/generic.o
  CC      net/ethtool/tsinfo.o
  CC      net/core/netdev_queues.o
  CC      net/ipv4/ip_output.o
  CC      fs/aio.o
  CC      net/xfrm/xfrm_replay.o
  CC      drivers/acpi/acpica/hwsleep.o
  CC      kernel/irq/affinity.o
  AR      net/packet/built-in.a
  CC      net/netfilter/nf_conntrack_standalone.o
  CC      drivers/tty/serial/earlycon.o
  CC      drivers/acpi/acpica/hwvalid.o
  CC      lib/iomap_copy.o
  CC      drivers/tty/serial/8250/8250_core.o
  CC      kernel/irq/matrix.o
  CC      kernel/rcu/rcu_segcblist.o
  CC      arch/x86/kernel/cpu/mtrr/cleanup.o
  CC      drivers/base/faux.o
  CC      mm/swapfile.o
  CC      lib/devres.o
  CC      net/core/net-procfs.o
  CC      drivers/acpi/acpica/hwxface.o
  CC      net/ethtool/cabletest.o
  CC      fs/locks.o
  AR      kernel/rcu/built-in.a
  CC      arch/x86/kernel/cpu/mtrr/amd.o
  CC      drivers/base/auxiliary.o
  CC      net/ipv6/exthdrs_offload.o
  CC      net/xfrm/xfrm_device.o
  CC      lib/assoc_array.o
  CC      drivers/acpi/acpica/hwxfsleep.o
  CC      net/netfilter/nf_conntrack_expect.o
  CC      net/netfilter/nf_conntrack_helper.o
  CC      arch/x86/kernel/cpu/mtrr/cyrix.o
  CC      arch/x86/kernel/cpu/microcode/core.o
  AR      kernel/irq/built-in.a
  CC      drivers/tty/serial/8250/8250_platform.o
  CC      net/core/fib_rules.o
  CC      kernel/dma/mapping.o
  CC      drivers/base/devtmpfs.o
  CC      drivers/acpi/acpica/hwpci.o
  AR      net/ipv6/built-in.a
  CC      lib/bitrev.o
  CC      drivers/base/power/sysfs.o
  CC      net/xfrm/xfrm_nat_keepalive.o
  CC      arch/x86/kernel/cpu/mtrr/centaur.o
  CC      net/ethtool/tunnels.o
  CC      net/ipv4/ip_sockglue.o
  CC      arch/x86/kernel/cpu/microcode/intel.o
  CC      drivers/acpi/acpica/nsaccess.o
  CC      lib/xxhash.o
  CC      drivers/tty/serial/8250/8250_pnp.o
  CC      arch/x86/kernel/cpu/mtrr/legacy.o
  CC      arch/x86/kernel/cpuid.o
  CC      arch/x86/kernel/early-quirks.o
  CC      drivers/acpi/acpica/nsalloc.o
  CC      drivers/base/power/generic_ops.o
  CC      mm/dmapool.o
  CC      net/netfilter/nf_conntrack_proto.o
  AR      arch/x86/kernel/cpu/mtrr/built-in.a
  CC      net/core/net-traces.o
  CC      drivers/acpi/acpica/nsarguments.o
  CC      fs/binfmt_misc.o
  CC      lib/genalloc.o
  CC      arch/x86/kernel/cpu/microcode/amd.o
  CC      fs/binfmt_script.o
  CC      net/xfrm/xfrm_algo.o
  CC      drivers/base/power/common.o
  CC      drivers/tty/serial/8250/8250_port.o
  CC      net/ethtool/fec.o
  CC      drivers/acpi/acpica/nsconvert.o
  CC      net/ipv4/inet_hashtables.o
  CC      kernel/entry/common.o
  CC      lib/zlib_inflate/inffast.o
  CC      mm/hugetlb.o
  CC      fs/binfmt_elf.o
  AR      arch/x86/kernel/cpu/microcode/built-in.a
  CC      net/sunrpc/clnt.o
  CC      lib/zlib_inflate/inflate.o
  CC      arch/x86/kernel/cpu/perfctr-watchdog.o
  CC      kernel/dma/direct.o
  CC      kernel/dma/ops_helpers.o
  CC      drivers/base/power/qos.o
  CC      drivers/acpi/acpica/nsdump.o
  CC      lib/zlib_inflate/infutil.o
  CC      net/ethtool/eeprom.o
  CC      lib/zlib_inflate/inftrees.o
  CC      kernel/entry/syscall-common.o
  CC      net/xfrm/xfrm_user.o
  CC      net/netfilter/nf_conntrack_proto_generic.o
  CC      net/netfilter/nf_conntrack_proto_tcp.o
  CC      lib/zlib_inflate/inflate_syms.o
  CC      kernel/dma/remap.o
  CC      drivers/acpi/acpica/nseval.o
  CC      arch/x86/kernel/cpu/vmware.o
  CC      fs/mbcache.o
  CC      drivers/tty/serial/8250/8250_dma.o
  CC      drivers/acpi/acpica/nsinit.o
  AR      lib/zlib_inflate/built-in.a
  CC      lib/lzo/lzo1x_compress.o
  CC      drivers/base/power/runtime.o
  AR      kernel/dma/built-in.a
  CC      net/ipv4/inet_timewait_sock.o
  CC      net/ethtool/stats.o
  CC      kernel/entry/syscall_user_dispatch.o
  CC      arch/x86/kernel/smp.o
  CC      arch/x86/kernel/cpu/hypervisor.o
  CC      drivers/acpi/acpica/nsload.o
  CC      fs/posix_acl.o
  CC      mm/hugetlb_sysfs.o
  CC      lib/lzo/lzo1x_compress_safe.o
  CC      drivers/acpi/acpica/nsnames.o
  CC      drivers/tty/serial/8250/8250_dwlib.o
  CC      arch/x86/kernel/cpu/mshyperv.o
  CC      net/netfilter/nf_conntrack_proto_udp.o
  CC      drivers/tty/serial/8250/8250_pcilib.o
  AR      kernel/entry/built-in.a
  CC      kernel/module/main.o
  CC      drivers/acpi/acpica/nsobject.o
  CC      lib/lzo/lzo1x_decompress_safe.o
  CC      mm/hugetlb_sysctl.o
  CC      drivers/base/power/wakeirq.o
  CC      net/core/selftests.o
  CC      drivers/tty/serial/8250/8250_early.o
  CC      net/ethtool/phc_vclocks.o
  CC      drivers/acpi/acpica/nsparse.o
  CC      net/ipv4/inet_connection_sock.o
  CC      fs/nfs_common/grace.o
  CC      net/sunrpc/xprt.o
  CC      net/ipv4/tcp.o
  AR      net/xfrm/built-in.a
  CC      drivers/base/firmware_loader/main.o
  CC      net/ipv4/tcp_input.o
  AR      lib/lzo/built-in.a
  CC      mm/early_ioremap.o
  CC      lib/lz4/lz4_compress.o
  CC      arch/x86/kernel/cpu/debugfs.o
  CC      net/netfilter/nf_conntrack_proto_icmp.o
  CC      drivers/acpi/acpica/nspredef.o
  CC      drivers/base/power/main.o
  CC      drivers/tty/serial/8250/8250_lpss.o
  CC      drivers/acpi/acpica/nsprepkg.o
  CC      net/ethtool/mm.o
  AR      arch/x86/kernel/cpu/built-in.a
  CC      fs/nfs_common/common.o
  CC      arch/x86/kernel/smpboot.o
  CC      mm/secretmem.o
  CC      drivers/tty/serial/8250/8250_mid.o
  CC      drivers/acpi/acpica/nsrepair.o
  CC      net/netfilter/nf_conntrack_extend.o
  CC      drivers/base/firmware_loader/builtin/main.o
  CC      kernel/module/strict_rwx.o
  CC      net/core/ptp_classifier.o
  CC      lib/lz4/lz4_decompress.o
  CC      drivers/acpi/acpica/nsrepair2.o
  AR      drivers/base/firmware_loader/builtin/built-in.a
  AR      fs/nfs_common/built-in.a
  CC      fs/coredump.o
  AR      drivers/base/firmware_loader/built-in.a
  CC      mm/memfd.o
  CC      drivers/tty/serial/8250/8250_pci.o
  CC      drivers/acpi/acpica/nssearch.o
  CC      drivers/acpi/processor_idle.o
  CC      drivers/base/power/wakeup.o
  CC      kernel/module/kmod.o
  CC      net/ethtool/module.o
  CC      drivers/acpi/acpica/nsutils.o
  CC      arch/x86/kernel/tsc_sync.o
  CC      net/netfilter/nf_conntrack_acct.o
  CC      mm/execmem.o
  CC      drivers/acpi/processor_throttling.o
  CC      net/core/netprio_cgroup.o
  AR      lib/lz4/built-in.a
  CC      lib/zstd/zstd_decompress_module.o
  CC      drivers/acpi/acpica/nswalk.o
  CC      net/sunrpc/socklib.o
  CC      kernel/module/tree_lookup.o
  CC      arch/x86/kernel/setup_percpu.o
  CC      drivers/tty/serial/8250/8250_pericom.o
  CC      lib/zstd/decompress/huf_decompress.o
  CC      drivers/acpi/acpica/nsxfeval.o
  CC      net/ethtool/cmis_fw_update.o
  CC      arch/x86/kernel/apic/apic.o
  CC      net/netfilter/nf_conntrack_seqadj.o
  AR      mm/built-in.a
  CC      arch/x86/kernel/apic/apic_common.o
  CC      fs/drop_caches.o
  CC      arch/x86/kernel/apic/apic_noop.o
  CC      drivers/base/power/wakeup_stats.o
  CC      net/core/netclassid_cgroup.o
  CC      kernel/module/kallsyms.o
  AR      drivers/tty/serial/8250/built-in.a
  AR      drivers/tty/serial/built-in.a
  CC      drivers/acpi/acpica/nsxfname.o
  AR      drivers/tty/built-in.a
  CC      net/netfilter/nf_conntrack_netlink.o
  CC      arch/x86/kernel/trace_clock.o
  CC      arch/x86/kernel/apic/ipi.o
  CC      net/core/gro_cells.o
  CC      net/core/failover.o
  CC      net/sunrpc/xprtsock.o
  CC      drivers/base/power/trace.o
  CC      fs/sysctls.o
  CC      drivers/dma-buf/dma-buf.o
  CC      net/ethtool/cmis_cdb.o
  CC      net/ipv4/tcp_output.o
  CC      fs/fhandle.o
  CC      kernel/module/procfs.o
  CC      drivers/acpi/acpica/nsxfobj.o
  CC      drivers/dma-buf/dma-fence.o
  CC      drivers/base/module.o
  CC      kernel/module/sysfs.o
  AR      drivers/base/power/built-in.a
  CC      drivers/acpi/acpica/psargs.o
  CC      drivers/acpi/processor_perflib.o
  CC      kernel/freezer.o
  CC      lib/zstd/decompress/zstd_ddict.o
  CC      drivers/acpi/container.o
  AR      net/core/built-in.a
  CC      fs/iomap/trace.o
  CC      net/ipv4/tcp_timer.o
  CC      arch/x86/kernel/apic/vector.o
  CC      net/ethtool/pse-pd.o
  CC      lib/zstd/decompress/zstd_decompress.o
  CC      drivers/base/auxiliary_sysfs.o
  CC      net/netfilter/nf_conntrack_ftp.o
  CC      kernel/module/version.o
  CC      drivers/acpi/acpica/psloop.o
  CC      drivers/dma-buf/dma-fence-array.o
  CC      drivers/acpi/thermal_lib.o
  CC      drivers/base/platform-msi.o
  CC      drivers/acpi/thermal.o
  CC      lib/zstd/decompress/zstd_decompress_block.o
  CC      drivers/acpi/acpica/psobject.o
  CC      net/netfilter/nf_conntrack_irc.o
  CC      drivers/macintosh/mac_hid.o
  CC      fs/iomap/iter.o
  AR      kernel/module/built-in.a
  CC      kernel/profile.o
  CC      net/sunrpc/sched.o
  CC      drivers/dma-buf/dma-fence-chain.o
  CC      drivers/acpi/acpica/psopcode.o
  CC      drivers/base/physical_location.o
  CC      kernel/stacktrace.o
  CC      fs/iomap/buffered-io.o
  CC      net/ethtool/plca.o
  AR      drivers/macintosh/built-in.a
  CC      arch/x86/kernel/trace.o
  CC      fs/quota/dquot.o
  CC      drivers/acpi/acpica/psopinfo.o
  CC      arch/x86/kernel/apic/init.o
  CC      fs/iomap/direct-io.o
  CC      drivers/base/trace.o
  CC      arch/x86/kernel/apic/hw_nmi.o
  CC      arch/x86/kernel/apic/io_apic.o
  CC      drivers/dma-buf/dma-fence-unwrap.o
  CC      net/rfkill/core.o
  CC      drivers/acpi/acpica/psparse.o
  CC      net/netfilter/nf_conntrack_sip.o
  CC      kernel/time/time.o
  CC      net/ipv4/tcp_ipv4.o
  CC      drivers/dma-buf/dma-resv.o
  CC      net/ethtool/phy.o
  CC      kernel/time/timer.o
  CC      drivers/acpi/acpica/psscope.o
  CC      net/netfilter/nf_nat_core.o
  AR      drivers/base/built-in.a
  CC      drivers/acpi/acpica/pstree.o
  CC      net/rfkill/input.o
  CC      drivers/acpi/acpica/psutils.o
  CC      kernel/time/hrtimer.o
  CC      kernel/futex/core.o
  CC      fs/iomap/ioend.o
  CC      net/ethtool/tsconfig.o
  CC      drivers/dma-buf/dma-buf-mapping.o
  CC      fs/quota/quota_v2.o
  CC      drivers/acpi/acpica/pswalk.o
  CC      net/ipv4/tcp_minisocks.o
  CC      arch/x86/kernel/apic/msi.o
  AR      net/rfkill/built-in.a
  CC      fs/quota/quota_tree.o
  CC      drivers/acpi/acpica/psxface.o
  CC      net/netfilter/nf_nat_proto.o
  CC      lib/zstd/zstd_common_module.o
  CC      kernel/futex/syscalls.o
  CC      net/sunrpc/auth.o
  CC      drivers/dma-buf/sync_file.o
  CC      net/ethtool/mse.o
  CC      fs/iomap/fiemap.o
  CC      drivers/acpi/acpica/rsaddr.o
  CC      drivers/acpi/acpica/rscalc.o
  CC      lib/xz/xz_dec_syms.o
  CC      lib/zstd/common/debug.o
  CC      arch/x86/kernel/apic/probe_32.o
  CC      lib/zstd/common/entropy_common.o
  CC      kernel/time/sleep_timeout.o
  CC      fs/quota/quota.o
  CC      arch/x86/kernel/rethook.o
  CC      drivers/acpi/acpica/rscreate.o
  CC      lib/zstd/common/error_private.o
  CC      lib/xz/xz_dec_stream.o
  CC      kernel/time/timekeeping.o
  CC      net/ipv4/tcp_cong.o
  CC      lib/zstd/common/fse_decompress.o
  CC      kernel/futex/pi.o
  AR      drivers/dma-buf/built-in.a
  AR      arch/x86/kernel/apic/built-in.a
  CC      net/ipv4/tcp_metrics.o
  CC      fs/proc/task_mmu.o
  CC      fs/iomap/seek.o
  AR      net/ethtool/built-in.a
  CC      arch/x86/kernel/vmcore_info_32.o
  CC      kernel/dma.o
  CC      lib/xz/xz_dec_lzma2.o
  CC      fs/proc/inode.o
  CC      drivers/acpi/acpica/rsdumpinfo.o
  CC      lib/zstd/common/zstd_common.o
  CC      kernel/futex/requeue.o
  CC      net/netfilter/nf_nat_helper.o
  AR      lib/zstd/built-in.a
  CC      drivers/acpi/acpica/rsinfo.o
  CC      fs/proc/root.o
  CC      fs/quota/kqid.o
  CC      arch/x86/kernel/machine_kexec_32.o
  CC      lib/xz/xz_dec_bcj.o
  CC      fs/proc/base.o
  CC      fs/iomap/bio.o
  CC      drivers/acpi/acpica/rsio.o
  CC      fs/kernfs/mount.o
  CC      kernel/futex/waitwake.o
  CC      kernel/time/ntp.o
  AR      lib/xz/built-in.a
  CC      lib/percpu_counter.o
  CC      drivers/acpi/platform_profile.o
  AR      fs/quota/built-in.a
  CC      drivers/acpi/acpica/rsirq.o
  CC      fs/kernfs/inode.o
  CC      drivers/scsi/scsi.o
  AS      arch/x86/kernel/relocate_kernel_32.o
  CC      drivers/scsi/hosts.o
  CC      fs/iomap/swapfile.o
  CC      arch/x86/kernel/kprobes/core.o
  CC      net/ipv4/tcp_fastopen.o
  CC      drivers/acpi/acpica/rslist.o
  CC      kernel/time/clocksource.o
  CC      net/sunrpc/auth_null.o
  CC      net/sunrpc/auth_tls.o
  AR      kernel/futex/built-in.a
  CC      drivers/scsi/scsi_ioctl.o
  CC      net/9p/mod.o
  CC      lib/audit.o
  CC      fs/kernfs/dir.o
  CC      drivers/acpi/acpica/rsmemory.o
  CC      lib/syscall.o
  CC      net/netfilter/nf_nat_ftp.o
  AR      fs/iomap/built-in.a
  CC      lib/errname.o
  CC      arch/x86/kernel/kprobes/opt.o
  CC      fs/proc/generic.o
  CC      drivers/acpi/acpica/rsmisc.o
  CC      drivers/acpi/acpica/rsserial.o
  CC      net/sunrpc/auth_unix.o
  CC      kernel/smp.o
  CC      lib/nlattr.o
  CC      net/ipv4/tcp_recovery.o
  CC      kernel/time/jiffies.o
  CC      net/9p/client.o
  CC      net/ipv4/tcp_ulp.o
  CC      drivers/net/mii.o
  CC      drivers/ata/libata-core.o
  CC      drivers/acpi/acpica/rsutils.o
  CC      fs/sysfs/file.o
  CC      net/netfilter/nf_nat_irc.o
  CC      drivers/scsi/scsicam.o
  AR      arch/x86/kernel/kprobes/built-in.a
  CC      arch/x86/kernel/module.o
  CC      drivers/acpi/acpica/rsxface.o
  CC      fs/proc/array.o
  CC      kernel/time/timer_list.o
  CC      net/sunrpc/svc.o
  CC      fs/kernfs/file.o
  CC      arch/x86/kernel/doublefault_32.o
  CC      fs/sysfs/dir.o
  CC      drivers/acpi/acpica/tbdata.o
  CC      net/netfilter/nf_nat_sip.o
  CC      lib/cpu_rmap.o
  CC      net/sysctl_net.o
  CC      drivers/scsi/scsi_error.o
  CC      net/sunrpc/svcsock.o
  CC      kernel/time/timeconv.o
  CC      drivers/net/loopback.o
  CC      net/ipv4/tcp_offload.o
  CC      fs/proc/fd.o
  CC      arch/x86/kernel/early_printk.o
  CC      drivers/acpi/acpica/tbfadt.o
  CC      lib/dynamic_queue_limits.o
  CC      fs/sysfs/symlink.o
  CC      fs/kernfs/symlink.o
  CC      kernel/time/timecounter.o
  CC      net/9p/error.o
  CC      kernel/time/alarmtimer.o
  CC      net/netfilter/x_tables.o
  CC      drivers/acpi/acpica/tbfind.o
  CC      fs/proc/proc_tty.o
  CC      arch/x86/kernel/amd_nb.o
  CC      net/9p/protocol.o
  CC      drivers/acpi/acpi_memhotplug.o
  AR      fs/kernfs/built-in.a
  CC      net/sunrpc/svcauth.o
  CC      drivers/acpi/acpica/tbinstal.o
  CC      drivers/scsi/scsi_lib.o
  CC      fs/sysfs/mount.o
  CC      drivers/net/phy/stubs.o
  CC      lib/glob.o
  CC      lib/dim/dim.o
  CC      fs/proc/cmdline.o
  CC      drivers/acpi/acpica/tbprint.o
  CC      kernel/time/posix-timers.o
  CC      net/9p/trans_common.o
  CC      net/ipv4/tcp_plb.o
  CC      arch/x86/kernel/amd_node.o
  CC      drivers/ata/libata-scsi.o
  CC      drivers/ata/libata-eh.o
  CC      fs/sysfs/group.o
  CC      lib/dim/net_dim.o
  CC      drivers/acpi/acpica/tbutils.o
  CC      fs/proc/consoles.o
  CC      drivers/acpi/acpica/tbxface.o
  CC      drivers/acpi/ioapic.o
  CC      net/9p/trans_fd.o
  CC      drivers/net/phy/mdio_bus.o
  CC      net/netfilter/xt_tcpudp.o
  CC      arch/x86/kernel/kvm.o
  CC      fs/proc/cpuinfo.o
  CC      net/netfilter/xt_CONNSECMARK.o
  CC      kernel/time/posix-cpu-timers.o
  AR      fs/sysfs/built-in.a
  CC      drivers/firewire/init_ohci1394_dma.o
  CC      drivers/scsi/constants.o
  CC      drivers/acpi/acpica/tbxfload.o
  CC      drivers/scsi/scsi_lib_dma.o
  CC      lib/dim/rdma_dim.o
  CC      net/sunrpc/svcauth_unix.o
  CC      fs/proc/devices.o
  CC      net/ipv4/datagram.o
  AR      drivers/firewire/built-in.a
  CC      drivers/net/phy/phy.o
  CC      net/9p/trans_virtio.o
  CC      drivers/net/phy/phy-c45.o
  CC      net/netfilter/xt_NFLOG.o
  CC      kernel/time/posix-clock.o
  CC      drivers/acpi/acpica/tbxfroot.o
  CC      fs/proc/loadavg.o
  AR      lib/dim/built-in.a
  CC      lib/strncpy_from_user.o
  CC      kernel/time/itimer.o
  CC      drivers/acpi/battery.o
  CC      net/handshake/alert.o
  CC      drivers/scsi/scsi_scan.o
  CC      drivers/acpi/acpica/utaddress.o
  CC      arch/x86/kernel/kvmclock.o
  CC      drivers/ata/libata-transport.o
  CC      fs/proc/meminfo.o
  CC      lib/strnlen_user.o
  CC      drivers/acpi/acpica/utalloc.o
  CC      net/netfilter/xt_SECMARK.o
  CC      lib/net_utils.o
  CC      kernel/time/clockevents.o
  CC      net/ipv4/raw.o
  AR      net/9p/built-in.a
  CC      drivers/ata/libata-trace.o
  CC      drivers/acpi/acpica/utascii.o
  CC      fs/proc/stat.o
  CC      arch/x86/kernel/paravirt.o
  CC      drivers/net/phy/phy-core.o
  CC      net/ipv4/udp.o
  CC      net/sunrpc/addr.o
  CC      fs/devpts/inode.o
  CC      drivers/scsi/scsi_sysfs.o
  CC      net/netfilter/xt_TCPMSS.o
  CC      drivers/acpi/acpica/utbuffer.o
  CC      drivers/scsi/scsi_devinfo.o
  CC      kernel/time/tick-common.o
  CC      net/handshake/genl.o
  CC      lib/sg_pool.o
  CC      fs/proc/uptime.o
  CC      drivers/ata/libata-sata.o
  CC      drivers/acpi/acpica/utcksum.o
  CC      drivers/acpi/acpica/utcopy.o
  CC      arch/x86/kernel/paravirt-spinlocks.o
  AR      fs/devpts/built-in.a
  CC      net/handshake/netlink.o
  CC      drivers/acpi/bgrt.o
  CC      fs/proc/util.o
  CC      lib/stackdepot.o
  CC      kernel/time/tick-broadcast.o
  CC      drivers/net/phy/phy_device.o
  CC      arch/x86/kernel/pvclock.o
  CC      drivers/ata/libata-sff.o
  CC      drivers/acpi/acpica/utexcep.o
  CC      net/sunrpc/rpcb_clnt.o
  CC      kernel/time/tick-broadcast-hrtimer.o
  CC      net/netfilter/xt_conntrack.o
  CC      net/netfilter/xt_policy.o
  CC      fs/proc/version.o
  CC      drivers/scsi/scsi_sysctl.o
  CC      net/netfilter/xt_state.o
  CC      drivers/acpi/acpica/utdebug.o
  CC      fs/netfs/buffered_read.o
  CC      drivers/net/mdio/acpi_mdio.o
  CC      kernel/time/tick-oneshot.o
  CC      fs/proc/softirqs.o
  CC      arch/x86/kernel/pcspeaker.o
  CC      drivers/scsi/scsi_proc.o
  CC      lib/asn1_decoder.o
  CC      net/handshake/request.o
  CC      drivers/acpi/acpica/utdecode.o
  CC      drivers/cdrom/cdrom.o
  CC      arch/x86/kernel/check.o
  CC      kernel/time/tick-sched.o
  CC      arch/x86/kernel/uprobes.o
  AR      net/netfilter/built-in.a
  CC      fs/proc/namespaces.o
  CC      kernel/time/timer_migration.o
  CC      lib/fonts/fonts.o
  CC      drivers/acpi/acpica/utdelete.o
  CC      net/ipv4/udp_offload.o
  CC      drivers/ata/libata-pmp.o
  CC      drivers/scsi/scsi_debugfs.o
  CC      drivers/net/mdio/fwnode_mdio.o
  CC      drivers/net/phy/linkmode.o
  CC      fs/netfs/buffered_write.o
  CC      drivers/acpi/acpica/uterror.o
  CC      lib/fonts/font_8x16.o
  CC      fs/proc/self.o
  CC      arch/x86/kernel/perf_regs.o
  CC      fs/proc/thread_self.o
  CC      drivers/acpi/acpica/uteval.o
  CC      net/sunrpc/timer.o
  CC      net/handshake/tlshd.o
  CC      drivers/pcmcia/cs.o
  CC      drivers/scsi/scsi_trace.o
  CC      drivers/acpi/acpica/utglobal.o
  AR      lib/fonts/built-in.a
  CC      fs/proc/proc_sysctl.o
  CC      lib/oid_registry.o
  AR      drivers/cdrom/built-in.a
  CC      drivers/net/phy/phy_link_topology.o
  CC      fs/proc/proc_net.o
  CC      arch/x86/kernel/umip.o
  CC      drivers/ata/libata-acpi.o
  AR      drivers/net/mdio/built-in.a
  CC      fs/netfs/direct_read.o
  CC      net/ipv4/arp.o
  CC      drivers/acpi/acpica/uthex.o
  CC      kernel/time/vsyscall.o
  CC      arch/x86/kernel/unwind_frame.o
  CC      drivers/scsi/scsi_logging.o
  CC      drivers/acpi/spcr.o
  CC      lib/ucs2_string.o
  CC      drivers/acpi/acpica/utids.o
  CC      kernel/time/timekeeping_debug.o
  CC      drivers/pcmcia/socket_sysfs.o
  CC      net/sunrpc/xdr.o
  CC      lib/sbitmap.o
  CC      net/handshake/trace.o
  CC      fs/netfs/direct_write.o
  CC      drivers/acpi/acpica/utinit.o
  CC      drivers/scsi/scsi_pm.o
  LDS     arch/x86/kernel/vmlinux.lds
  CC      drivers/net/phy/phy_caps.o
  AR      arch/x86/kernel/built-in.a
  CC      drivers/ata/libata-pata-timings.o
  AR      arch/x86/built-in.a
  AR      kernel/time/built-in.a
  CC      kernel/uid16.o
  CC      drivers/pcmcia/cardbus.o
  CC      net/sunrpc/sunrpc_syms.o
  CC      drivers/net/ethernet/8390/ne2k-pci.o
  CC      net/ipv4/icmp.o
  CC      drivers/acpi/acpica/utlock.o
  CC      fs/ext4/balloc.o
  CC      fs/proc/kcore.o
  CC      drivers/acpi/acpica/utmath.o
  CC      lib/group_cpus.o
  CC      drivers/pcmcia/rsrc_mgr.o
  AR      net/handshake/built-in.a
  CC      drivers/scsi/scsi_bsg.o
  CC      drivers/ata/ahci.o
  CC      fs/proc/kmsg.o
  CC      kernel/kallsyms.o
  CC      drivers/acpi/acpica/utmisc.o
  CC      fs/netfs/iterator.o
  CC      drivers/net/ethernet/8390/8390.o
  CC      drivers/scsi/scsi_common.o
  CC      drivers/acpi/acpica/utmutex.o
  CC      drivers/net/phy/mdio_bus_provider.o
  CC      lib/fw_table.o
  CC      drivers/scsi/scsi_transport_spi.o
  CC      drivers/net/phy/phy_port.o
  CC      fs/proc/page.o
  CC      drivers/pcmcia/yenta_socket.o
  CC      drivers/acpi/acpica/utnonansi.o
  CC      fs/jbd2/transaction.o
  CC      fs/jbd2/commit.o
  CC      fs/ext4/bitmap.o
  AR      lib/lib.a
  AR      lib/built-in.a
  CC      drivers/ata/libahci.o
  CC      drivers/acpi/acpica/utobject.o
  CC      drivers/net/net_failover.o
  CC      net/ipv4/devinet.o
  CC      kernel/acct.o
  CC      fs/netfs/locking.o
  AR      fs/proc/built-in.a
  CC      drivers/acpi/acpica/utosi.o
  AR      drivers/net/ethernet/8390/built-in.a
  CC      drivers/net/phy/mdio_device.o
  CC      fs/ext4/block_validity.o
  CC      drivers/net/ethernet/broadcom/tg3.o
  CC      net/ipv4/af_inet.o
  CC      net/sunrpc/cache.o
  CC      fs/netfs/main.o
  AR      drivers/pcmcia/built-in.a
  CC      fs/ramfs/inode.o
  CC      drivers/scsi/virtio_scsi.o
  CC      drivers/acpi/acpica/utownerid.o
  CC      fs/ext4/dir.o
  CC      fs/jbd2/recovery.o
  CC      fs/netfs/misc.o
  CC      kernel/vmcore_info.o
  CC      drivers/acpi/acpica/utpredef.o
  CC      fs/ramfs/file-mmu.o
  CC      drivers/ata/pata_mpiix.o
  CC      fs/netfs/objects.o
  CC      drivers/net/phy/mdio_devres.o
  CC      net/ipv4/igmp.o
  CC      drivers/acpi/acpica/utresdecode.o
  CC      drivers/scsi/sd.o
  CC      fs/ext4/ext4_jbd2.o
  AR      fs/ramfs/built-in.a
  CC      fs/jbd2/checkpoint.o
  CC      net/sunrpc/rpc_pipe.o
  AR      drivers/ata/built-in.a
  CC      net/ipv4/fib_frontend.o
  CC      drivers/acpi/acpica/utresrc.o
  CC      kernel/elfcorehdr.o
  CC      fs/ext4/extents.o
  CC      drivers/scsi/sr.o
  CC      drivers/usb/common/common.o
  CC      drivers/acpi/acpica/utstate.o
  CC      drivers/net/phy/phy_package.o
  CC      fs/netfs/read_collect.o
  CC      drivers/usb/common/debug.o
  CC      kernel/kexec_core.o
  CC      fs/jbd2/revoke.o
  CC      drivers/acpi/acpica/utstring.o
  CC      fs/ext4/extents_status.o
  AR      drivers/net/ethernet/dec/built-in.a
  CC      drivers/acpi/x86/apple.o
  AR      drivers/usb/common/built-in.a
  CC      drivers/acpi/acpica/utstrsuppt.o
  CC      fs/ext4/file.o
  CC      drivers/usb/core/usb.o
  CC      fs/netfs/read_pgpriv2.o
  CC      drivers/scsi/sr_ioctl.o
  CC      fs/jbd2/journal.o
  CC      net/sunrpc/sysfs.o
  CC      drivers/acpi/x86/cmos_rtc.o
  CC      drivers/acpi/acpica/utstrtoul64.o
  CC      kernel/kexec.o
  CC      drivers/net/phy/realtek/realtek_main.o
  CC      drivers/acpi/x86/lpss.o
  CC      net/ipv4/fib_semantics.o
  CC      drivers/input/serio/serio.o
  CC      fs/netfs/read_retry.o
  CC      drivers/acpi/acpica/utxface.o
  CC      drivers/acpi/acpica/utxfinit.o
  CC      drivers/scsi/sr_vendor.o
  CC      fs/netfs/read_single.o
  CC      net/ipv4/fib_trie.o
  CC      drivers/usb/core/hub.o
  CC      kernel/cgroup/cgroup.o
  CC      drivers/acpi/x86/s2idle.o
  CC      net/sunrpc/svc_xprt.o
  CC      drivers/acpi/acpica/utxferror.o
  CC      fs/hugetlbfs/inode.o
  CC      drivers/input/serio/i8042.o
  CC      net/ipv4/fib_notifier.o
  CC      drivers/scsi/sg.o
  CC      drivers/acpi/acpica/utxfmutex.o
  AR      drivers/net/phy/realtek/built-in.a
  AR      drivers/net/phy/built-in.a
  CC      fs/netfs/rolling_buffer.o
  CC      fs/ext4/fsmap.o
  CC      drivers/acpi/x86/utils.o
  CC      drivers/input/input.o
  AR      drivers/acpi/acpica/built-in.a
  CC      drivers/input/input-compat.o
  AR      fs/jbd2/built-in.a
  CC      net/ipv4/inet_fragment.o
  CC      drivers/acpi/x86/blacklist.o
  AR      fs/hugetlbfs/built-in.a
  CC      drivers/input/serio/serport.o
  CC      net/ipv4/ping.o
  CC      net/ipv4/ip_tunnel_core.o
  AR      drivers/scsi/built-in.a
  CC      drivers/input/input-mt.o
  CC      fs/netfs/write_collect.o
  AR      drivers/acpi/x86/built-in.a
  CC      drivers/rtc/lib.o
  AR      drivers/acpi/built-in.a
  CC      drivers/rtc/rtc-mc146818-lib.o
  CC      drivers/usb/core/hcd.o
  CC      drivers/input/serio/libps2.o
  CC      fs/fat/cache.o
  CC      fs/ext4/fsync.o
  CC      kernel/cgroup/rstat.o
  CC      kernel/utsname.o
  AR      drivers/net/ethernet/broadcom/built-in.a
  CC      fs/isofs/namei.o
  AR      drivers/rtc/built-in.a
  CC      kernel/cgroup/namespace.o
  CC      drivers/input/input-poller.o
  CC      drivers/net/ethernet/marvell/sky2.o
  CC      kernel/cgroup/cgroup-v1.o
  AR      drivers/input/serio/built-in.a
  CC      kernel/cgroup/freezer.o
  CC      fs/fat/dir.o
  CC      net/sunrpc/xprtmultipath.o
  CC      drivers/input/ff-core.o
  CC      net/ipv4/gre_offload.o
  CC      fs/netfs/write_issue.o
  CC      drivers/input/touchscreen.o
  CC      drivers/i2c/i2c-boardinfo.o
  CC      fs/isofs/inode.o
  CC      fs/ext4/hash.o
  CC      drivers/usb/core/urb.o
  CC      fs/isofs/dir.o
  CC      drivers/input/touch-overlay.o
  CC      fs/nfs/client.o
  CC      drivers/input/sparse-keymap.o
  CC      drivers/usb/mon/mon_main.o
  CC      net/sunrpc/netlink.o
  CC      net/ipv4/metrics.o
  CC      drivers/i2c/i2c-core-base.o
  CC      fs/ext4/ialloc.o
  CC      fs/netfs/write_retry.o
  CC      fs/fat/fatent.o
  CC      kernel/cgroup/legacy_freezer.o
  CC      fs/isofs/util.o
  CC      drivers/usb/core/message.o
  CC      drivers/input/vivaldi-fmap.o
  CC      drivers/usb/mon/mon_stat.o
  CC      drivers/input/evdev.o
  CC      net/sunrpc/stats.o
  CC      fs/fat/file.o
  CC      kernel/cgroup/pids.o
  CC      fs/isofs/rock.o
  CC      fs/nfs/dir.o
  AR      fs/netfs/built-in.a
  CC      net/ipv4/netlink.o
  CC      drivers/usb/core/driver.o
  CC      drivers/usb/mon/mon_text.o
  AR      drivers/net/ethernet/marvell/built-in.a
  CC      drivers/net/ethernet/nvidia/forcedeth.o
  CC      fs/ext4/indirect.o
  CC      drivers/input/keyboard/atkbd.o
  CC      drivers/usb/core/config.o
  CC      kernel/cgroup/cpuset.o
  CC      drivers/usb/host/pci-quirks.o
  CC      fs/isofs/export.o
  CC      drivers/usb/mon/mon_bin.o
  CC      drivers/usb/class/usblp.o
  CC      net/ipv4/nexthop.o
  CC      drivers/i2c/i2c-core-smbus.o
  CC      fs/fat/inode.o
  CC      kernel/pid_namespace.o
  AR      drivers/input/keyboard/built-in.a
  CC      net/sunrpc/sysctl.o
  AR      drivers/input/built-in.a
  CC      fs/isofs/joliet.o
  CC      net/sunrpc/auth_gss/auth_gss.o
  CC      drivers/usb/core/file.o
  CC      drivers/usb/host/ohci-hcd.o
  AR      drivers/usb/mon/built-in.a
  CC      fs/nfs/file.o
  CC      fs/ext4/inline.o
  AR      drivers/usb/class/built-in.a
  CC      fs/ext4/inode.o
  CC      drivers/usb/core/buffer.o
  AR      fs/isofs/built-in.a
  CC      fs/exportfs/expfs.o
  CC      kernel/cgroup/misc.o
  CC      fs/fat/misc.o
  CC      drivers/pps/pps.o
  CC      net/sunrpc/auth_gss/gss_mech_switch.o
  CC      drivers/usb/core/sysfs.o
  CC      drivers/i2c/i2c-core-acpi.o
  CC      drivers/usb/host/ohci-pci.o
  AR      drivers/net/ethernet/nvidia/built-in.a
  CC      drivers/net/ethernet/realtek/8139too.o
  AR      fs/exportfs/built-in.a
  CC      drivers/usb/storage/scsiglue.o
  CC      kernel/cgroup/debug.o
  CC      net/ipv4/udp_tunnel_stub.o
  CC      fs/nfs/getroot.o
  CC      drivers/pps/kapi.o
  CC      net/ipv4/sysctl_net_ipv4.o
  CC      fs/fat/nfs.o
  CC      drivers/usb/core/endpoint.o
  CC      kernel/stop_machine.o
  AR      drivers/usb/host/built-in.a
  CC      drivers/ptp/ptp_clock.o
  CC      fs/lockd/clntlock.o
  AR      drivers/i2c/algos/built-in.a
  AR      drivers/i2c/busses/built-in.a
  AR      drivers/i2c/built-in.a
  AR      kernel/cgroup/built-in.a
  CC      net/sunrpc/auth_gss/svcauth_gss.o
  CC      net/sunrpc/auth_gss/gss_rpc_upcall.o
  CC      drivers/usb/storage/protocol.o
  CC      drivers/usb/core/devio.o
  AR      drivers/net/ethernet/realtek/built-in.a
  CC      drivers/pps/sysfs.o
  CC      net/sunrpc/auth_gss/gss_rpc_xdr.o
  CC      fs/nfs/inode.o
  CC      fs/fat/namei_vfat.o
  CC      drivers/usb/core/notify.o
  AR      drivers/net/ethernet/built-in.a
  AR      drivers/net/built-in.a
  CC      fs/nls/nls_base.o
  CC      kernel/audit.o
  CC      fs/lockd/clntproc.o
  AR      drivers/pps/built-in.a
  CC      net/ipv4/proc.o
  CC      fs/ext4/ioctl.o
  CC      fs/nls/nls_cp437.o
  CC      drivers/usb/storage/transport.o
  CC      drivers/ptp/ptp_chardev.o
  CC      drivers/usb/core/generic.o
  CC      drivers/usb/storage/usb.o
  CC      net/ipv4/fib_rules.o
  CC      fs/fat/namei_msdos.o
  CC      drivers/power/supply/power_supply_core.o
  CC      fs/nls/nls_ascii.o
  CC      drivers/usb/core/quirks.o
  CC      fs/nls/nls_iso8859-1.o
  CC      drivers/ptp/ptp_sysfs.o
  CC      drivers/usb/storage/initializers.o
  CC      drivers/usb/storage/sierra_ms.o
  CC      drivers/power/supply/power_supply_sysfs.o
  CC      fs/lockd/clntxdr.o
  AR      fs/fat/built-in.a
  CC      fs/ext4/mballoc.o
  CC      net/sunrpc/auth_gss/trace.o
  CC      drivers/hwmon/hwmon.o
  AR      fs/nls/built-in.a
  CC      fs/lockd/host.o
  CC      drivers/usb/core/devices.o
  CC      drivers/usb/early/ehci-dbgp.o
  CC      drivers/ptp/ptp_vclock.o
  CC      kernel/auditfilter.o
  CC      drivers/thermal/thermal_core.o
  CC      drivers/power/supply/power_supply_leds.o
  CC      drivers/usb/storage/option_ms.o
  CC      fs/nfs/super.o
  CC      fs/autofs/init.o
  CC      net/ipv4/ipmr.o
  CC      drivers/usb/core/phy.o
  CC      fs/autofs/inode.o
  AR      drivers/power/supply/built-in.a
  AR      drivers/power/built-in.a
  CC      drivers/thermal/thermal_sysfs.o
  CC      drivers/usb/storage/usual-tables.o
  CC      fs/autofs/root.o
  AR      drivers/usb/early/built-in.a
  CC      fs/lockd/svc.o
  CC      kernel/auditsc.o
  CC      drivers/ptp/ptp_kvm_x86.o
  CC      kernel/audit_watch.o
  AR      drivers/hwmon/built-in.a
  CC      fs/debugfs/inode.o
  CC      fs/debugfs/file.o
  CC      net/ipv4/ipmr_base.o
  CC      drivers/md/md.o
  CC      drivers/usb/core/port.o
  AR      drivers/usb/storage/built-in.a
  CC      drivers/ptp/ptp_kvm_common.o
  CC      net/sunrpc/auth_gss/gss_krb5_mech.o
  CC      fs/autofs/symlink.o
  CC      drivers/thermal/thermal_trip.o
  CC      fs/tracefs/inode.o
  CC      fs/nfs/io.o
  AR      drivers/ptp/built-in.a
  CC      fs/ext4/migrate.o
  CC      drivers/cpufreq/cpufreq.o
  CC      drivers/thermal/thermal_helpers.o
  CC      drivers/usb/core/trace.o
  CC      fs/lockd/svclock.o
  CC      fs/autofs/waitq.o
  CC      fs/autofs/expire.o
  CC      drivers/thermal/thermal_thresholds.o
  CC      net/sunrpc/auth_gss/gss_krb5_seal.o
  AR      fs/debugfs/built-in.a
  CC      net/ipv4/syncookies.o
  CC      fs/tracefs/event_inode.o
  CC      kernel/audit_fsnotify.o
  CC      net/ipv4/ipconfig.o
  CC      drivers/thermal/thermal_netlink.o
  CC      drivers/usb/core/hcd-pci.o
  CC      drivers/md/md-bitmap.o
  CC      drivers/thermal/thermal_hwmon.o
  CC      drivers/usb/core/usb-acpi.o
  CC      fs/ext4/mmp.o
  CC      fs/nfs/direct.o
  CC      fs/autofs/dev-ioctl.o
  CC      fs/lockd/svcshare.o
  CC      net/sunrpc/auth_gss/gss_krb5_unseal.o
  CC      kernel/audit_tree.o
  CC      fs/nfs/pagelist.o
  AR      fs/tracefs/built-in.a
  CC      drivers/md/md-autodetect.o
  CC      drivers/cpufreq/freq_table.o
  CC      fs/ext4/move_extent.o
  CC      drivers/thermal/gov_step_wise.o
  AR      drivers/usb/core/built-in.a
  AR      drivers/usb/built-in.a
  AR      fs/autofs/built-in.a
  CC      drivers/cpufreq/cpufreq_performance.o
  CC      fs/lockd/svcproc.o
  CC      kernel/kprobes.o
  CC      net/ipv4/netfilter.o
  CC      kernel/relay.o
  CC      net/sunrpc/auth_gss/gss_krb5_wrap.o
  CC      fs/ext4/namei.o
  CC      drivers/md/dm.o
  CC      drivers/thermal/intel/intel_tcc.o
  CC      net/sunrpc/auth_gss/gss_krb5_crypto.o
  CC      kernel/utsname_sysctl.o
  CC      drivers/cpufreq/cpufreq_userspace.o
  CC      net/ipv4/netfilter/nf_defrag_ipv4.o
  CC      drivers/thermal/intel/therm_throt.o
  CC      drivers/cpufreq/cpufreq_ondemand.o
  CC      drivers/md/dm-table.o
  CC      fs/lockd/svcsubs.o
  CC      drivers/cpuidle/cpuidle.o
  CC      drivers/cpuidle/driver.o
  CC      kernel/delayacct.o
  AR      net/sunrpc/auth_gss/built-in.a
  AR      net/sunrpc/built-in.a
  CC      kernel/taskstats.o
  CC      fs/lockd/mon.o
  CC      fs/ext4/page-io.o
  CC      fs/nfs/read.o
  CC      drivers/cpufreq/cpufreq_governor.o
  CC      kernel/tsacct.o
  CC      kernel/tracepoint.o
  CC      drivers/cpuidle/governor.o
  CC      fs/nfs/symlink.o
  AR      drivers/thermal/intel/built-in.a
  AR      net/ipv4/netfilter/built-in.a
  AR      drivers/thermal/built-in.a
  CC      net/ipv4/tcp_cubic.o
  CC      net/ipv4/xfrm4_policy.o
  CC      drivers/md/dm-target.o
  CC      fs/ext4/readpage.o
  CC      fs/nfs/unlink.o
  CC      drivers/cpufreq/cpufreq_governor_attr_set.o
  CC      drivers/md/dm-linear.o
  CC      fs/lockd/trace.o
  CC      kernel/trace/trace_clock.o
  CC      drivers/cpuidle/sysfs.o
  CC      kernel/trace/ring_buffer.o
  CC      net/ipv4/xfrm4_state.o
  CC      fs/ext4/resize.o
  CC      fs/nfs/write.o
  CC      drivers/cpufreq/acpi-cpufreq.o
  CC      fs/lockd/netlink.o
  CC      kernel/irq_work.o
  CC      drivers/cpuidle/governors/menu.o
  CC      kernel/trace/trace.o
  CC      drivers/cpuidle/poll_state.o
  CC      drivers/cpuidle/governors/haltpoll.o
  CC      drivers/md/dm-stripe.o
  CC      kernel/trace/trace_output.o
  CC      fs/nfs/namespace.o
  CC      net/ipv4/xfrm4_input.o
  CC      kernel/trace/trace_seq.o
  CC      drivers/cpufreq/amd-pstate.o
  CC      kernel/bpf/core.o
  CC      drivers/cpufreq/amd-pstate-trace.o
  CC      fs/lockd/nlm3xdr_gen.o
  CC      drivers/md/dm-ioctl.o
  CC      drivers/firmware/dmi_scan.o
  CC      drivers/cpuidle/cpuidle-haltpoll.o
  CC      fs/ext4/super.o
  AR      drivers/cpuidle/governors/built-in.a
  CC      kernel/trace/trace_stat.o
  CC      net/ipv4/xfrm4_output.o
  CC      fs/nfs/mount_clnt.o
  AR      drivers/cpuidle/built-in.a
  CC      fs/nfs/nfstrace.o
  CC      fs/lockd/clnt4xdr.o
  CC      kernel/trace/trace_printk.o
  CC      fs/lockd/svc4proc.o
  CC      drivers/firmware/dmi-id.o
  CC      kernel/static_call.o
  CC      drivers/cpufreq/intel_pstate.o
  CC      fs/lockd/nlm4xdr_gen.o
  CC      drivers/firmware/memmap.o
  CC      net/ipv4/xfrm4_protocol.o
  CC      kernel/trace/trace_pid.o
  CC      kernel/events/core.o
  CC      drivers/md/dm-io.o
  CC      kernel/events/ring_buffer.o
  CC      fs/ext4/symlink.o
  CC      kernel/padata.o
  CC      drivers/firmware/efi/efi-bgrt.o
  CC      fs/ext4/sysfs.o
  CC      drivers/firmware/efi/efi.o
  CC      fs/ext4/xattr.o
  AR      kernel/bpf/built-in.a
  CC      drivers/md/dm-kcopyd.o
  CC      kernel/trace/pid_list.o
  CC      kernel/jump_label.o
  CC      fs/lockd/procfs.o
  CC      fs/ext4/xattr_hurd.o
  CC      kernel/trace/trace_sched_switch.o
  CC      fs/nfs/export.o
  AR      net/ipv4/built-in.a
  CC      drivers/md/dm-sysfs.o
  AR      net/built-in.a
  CC      kernel/events/callchain.o
  CC      drivers/clocksource/acpi_pm.o
  AR      drivers/cpufreq/built-in.a
  CC      kernel/trace/trace_nop.o
  AR      fs/lockd/built-in.a
  CC      kernel/context_tracking.o
  CC      drivers/clocksource/i8253.o
  CC      drivers/firmware/efi/vars.o
  CC      fs/ext4/xattr_trusted.o
  AR      drivers/hid/built-in.a
  CC      kernel/events/hw_breakpoint.o
  CC      drivers/md/dm-stats.o
  CC      kernel/trace/blktrace.o
  CC      fs/nfs/sysfs.o
  CC      kernel/trace/trace_events.o
  AR      drivers/clocksource/built-in.a
  CC      kernel/iomem.o
  CC      drivers/platform/x86/wmi-bmof.o
  CC      drivers/platform/wmi/core.o
  CC      kernel/trace/trace_export.o
  CC      drivers/platform/wmi/marshalling.o
  CC      drivers/firmware/efi/reboot.o
  CC      kernel/rseq.o
  CC      drivers/firmware/efi/memattr.o
  CC      drivers/platform/x86/eeepc-laptop.o
  CC      drivers/firmware/efi/tpm.o
  CC      kernel/events/uprobes.o
  CC      drivers/firmware/efi/memmap.o
  CC      drivers/md/dm-rq.o
  CC      fs/nfs/fs_context.o
  CC      fs/ext4/xattr_user.o
  CC      kernel/trace/trace_event_perf.o
  CC      kernel/trace/trace_events_filter.o
  CC      drivers/platform/wmi/string.o
  CC      fs/ext4/fast_commit.o
  CC      kernel/trace/trace_events_trigger.o
  CC      drivers/md/dm-io-rewind.o
  AR      drivers/platform/x86/built-in.a
  CC      fs/nfs/nfsroot.o
  CC      drivers/firmware/efi/capsule.o
  CC      drivers/md/dm-builtin.o
  CC      fs/ext4/orphan.o
  AR      drivers/platform/wmi/built-in.a
  AR      drivers/platform/built-in.a
  CC      kernel/trace/trace_kprobe.o
  CC      drivers/firmware/efi/esrt.o
  CC      fs/nfs/sysctl.o
  CC      kernel/trace/error_report-traces.o
  CC      fs/ext4/acl.o
  CC      drivers/md/dm-raid1.o
  CC      fs/nfs/nfs3super.o
  CC      drivers/firmware/efi/runtime-wrappers.o
  CC      kernel/trace/power-traces.o
  CC      drivers/md/dm-log.o
  CC      kernel/trace/rpm-traces.o
  CC      fs/nfs/nfs3client.o
  CC      drivers/firmware/efi/capsule-loader.o
  AR      kernel/events/built-in.a
  CC      fs/nfs/nfs3proc.o
  CC      drivers/md/dm-region-hash.o
  CC      fs/ext4/xattr_security.o
  CC      fs/nfs/nfs3xdr.o
  CC      kernel/trace/trace_dynevent.o
  CC      kernel/trace/trace_probe.o
  CC      drivers/firmware/efi/earlycon.o
  CC      kernel/trace/trace_uprobe.o
  CC      kernel/trace/rethook.o
  CC      drivers/firmware/efi/libstub/alignedmem.o
  CC      drivers/firmware/efi/libstub/efi-stub-helper.o
  AR      fs/ext4/built-in.a
  CC      drivers/firmware/efi/libstub/file.o
  CC      drivers/firmware/efi/libstub/gop.o
  AR      drivers/md/built-in.a
  CC      drivers/firmware/efi/libstub/lib-cmdline.o
  CC      drivers/firmware/efi/libstub/lib-ctype.o
  CC      drivers/firmware/efi/libstub/mem.o
  CC      drivers/firmware/efi/libstub/pci.o
  CC      drivers/firmware/efi/libstub/printk.o
  CC      drivers/firmware/efi/libstub/random.o
  CC      drivers/firmware/efi/libstub/randomalloc.o
  CC      drivers/firmware/efi/libstub/secureboot.o
  CC      drivers/firmware/efi/libstub/skip_spaces.o
  CC      drivers/firmware/efi/libstub/smbios.o
  AR      drivers/firmware/efi/built-in.a
  CC      drivers/firmware/efi/libstub/tpm.o
  CC      drivers/firmware/efi/libstub/vsprintf.o
  CC      drivers/firmware/efi/libstub/x86-stub.o
  STUBCPY drivers/firmware/efi/libstub/alignedmem.stub.o
  STUBCPY drivers/firmware/efi/libstub/efi-stub-helper.stub.o
  STUBCPY drivers/firmware/efi/libstub/lib-cmdline.stub.o
  STUBCPY drivers/firmware/efi/libstub/lib-ctype.stub.o
  STUBCPY drivers/firmware/efi/libstub/skip_spaces.stub.o
  STUBCPY drivers/firmware/efi/libstub/vsprintf.stub.o
  STUBCPY drivers/firmware/efi/libstub/file.stub.o
  STUBCPY drivers/firmware/efi/libstub/gop.stub.o
  STUBCPY drivers/firmware/efi/libstub/mem.stub.o
  STUBCPY drivers/firmware/efi/libstub/pci.stub.o
  STUBCPY drivers/firmware/efi/libstub/random.stub.o
  STUBCPY drivers/firmware/efi/libstub/printk.stub.o
  STUBCPY drivers/firmware/efi/libstub/randomalloc.stub.o
  STUBCPY drivers/firmware/efi/libstub/smbios.stub.o
  STUBCPY drivers/firmware/efi/libstub/secureboot.stub.o
  AR      fs/nfs/built-in.a
  STUBCPY drivers/firmware/efi/libstub/tpm.stub.o
  AR      fs/built-in.a
  AR      kernel/trace/built-in.a
  AR      kernel/built-in.a
  STUBCPY drivers/firmware/efi/libstub/x86-stub.stub.o
  AR      drivers/firmware/efi/libstub/lib.a
  AR      drivers/firmware/built-in.a
  AR      drivers/built-in.a
  AR      built-in.a
  AR      built-in-fixup.a
  COPY    vmlinux.a
  LD      vmlinux.o
  GEN     .vmlinux.objs
  MODPOST vmlinux.symvers
  CC      .vmlinux.export.o
  UPD     include/generated/utsversion.h
  CC      init/version-timestamp.o
  KSYMS   .tmp_vmlinux0.kallsyms.S
  AS      .tmp_vmlinux0.kallsyms.o
  LD      .tmp_vmlinux1
  NM      .tmp_vmlinux1.syms
  KSYMS   .tmp_vmlinux1.kallsyms.S
  AS      .tmp_vmlinux1.kallsyms.o
  LD      .tmp_vmlinux2
  NM      .tmp_vmlinux2.syms
  KSYMS   .tmp_vmlinux2.kallsyms.S
  AS      .tmp_vmlinux2.kallsyms.o
  LD      vmlinux.unstripped
  NM      System.map
  SORTTAB vmlinux.unstripped
  OBJCOPY vmlinux
  GEN     modules.builtin.modinfo
  GEN     modules.builtin
  CC      arch/x86/boot/a20.o
  CC      arch/x86/boot/cmdline.o
  AS      arch/x86/boot/copy.o
  CC      arch/x86/boot/cpu.o
  CC      arch/x86/boot/cpuflags.o
  CC      arch/x86/boot/cpucheck.o
  CC      arch/x86/boot/early_serial_console.o
  CC      arch/x86/boot/edd.o
  CC      arch/x86/boot/main.o
  CC      arch/x86/boot/memory.o
  CC      arch/x86/boot/pm.o
  AS      arch/x86/boot/pmjump.o
  CC      arch/x86/boot/printf.o
  CC      arch/x86/boot/regs.o
  CC      arch/x86/boot/string.o
  CC      arch/x86/boot/tty.o
  CC      arch/x86/boot/video.o
  CC      arch/x86/boot/video-mode.o
  CC      arch/x86/boot/version.o
  CC      arch/x86/boot/video-vga.o
  CC      arch/x86/boot/video-vesa.o
  CC      arch/x86/boot/video-bios.o
  LDS     arch/x86/boot/compressed/vmlinux.lds
  AS      arch/x86/boot/compressed/head_32.o
  VOFFSET arch/x86/boot/compressed/../voffset.h
  CC      arch/x86/boot/compressed/string.o
  CC      arch/x86/boot/compressed/cmdline.o
  CC      arch/x86/boot/compressed/error.o
  OBJCOPY arch/x86/boot/compressed/vmlinux.bin
  RELOCS  arch/x86/boot/compressed/vmlinux.relocs
  CC      arch/x86/boot/compressed/cpuflags.o
  CC      arch/x86/boot/compressed/early_serial_console.o
  CC      arch/x86/boot/compressed/acpi.o
  CC      arch/x86/boot/compressed/efi.o
  GZIP    arch/x86/boot/compressed/vmlinux.bin.gz
  CC      arch/x86/boot/compressed/misc.o
  MKPIGGY arch/x86/boot/compressed/piggy.S
  AS      arch/x86/boot/compressed/piggy.o
  LD      arch/x86/boot/compressed/vmlinux
  ZOFFSET arch/x86/boot/zoffset.h
  OBJCOPY arch/x86/boot/vmlinux.bin
  AS      arch/x86/boot/header.o
  LD      arch/x86/boot/setup.elf
  OBJCOPY arch/x86/boot/setup.bin
  BUILD   arch/x86/boot/bzImage
Kernel: arch/x86/boot/bzImage is ready  (#18)
make[3]: Leaving directory '/home/benni/git/kernel-test/build/randdefconfig-i386'
make[2]: Leaving directory '/home/benni/git/linux'
