make[2]: Entering directory '/home/benni/git/linux'
make[3]: Entering directory '/home/benni/git/kernel-test/build/randconfig-i386'
KCONFIG_SEED=0xAF569202
#
# configuration written to .config
#
make[3]: Leaving directory '/home/benni/git/kernel-test/build/randconfig-i386'
make[2]: Leaving directory '/home/benni/git/linux'
make[2]: Entering directory '/home/benni/git/linux'
make[3]: Entering directory '/home/benni/git/kernel-test/build/randconfig-i386'
.config:6910:warning: override: reassigning to symbol PRINTK
.config:6914:warning: override: reassigning to symbol TTY
.config:6925:warning: override: reassigning to symbol BLK_DEV_INITRD
.config:6926:warning: override: reassigning to symbol RD_GZIP
.config:6929:warning: override: reassigning to symbol BINFMT_ELF
.config:6930:warning: override: reassigning to symbol BINFMT_SCRIPT
.config:6933:warning: override: reassigning to symbol TMPFS
.config:6939:warning: override: reassigning to symbol KERNEL_GZIP
.config:6945:warning: override: reassigning to symbol KERNEL_BZIP2
.config:6946:warning: override: reassigning to symbol KERNEL_LZMA
.config:6947:warning: override: reassigning to symbol KERNEL_XZ
.config:6948:warning: override: reassigning to symbol KERNEL_LZO
.config:6949:warning: override: reassigning to symbol KERNEL_LZ4
.config:6950:warning: override: reassigning to symbol KERNEL_ZSTD
.config:6953:warning: override: reassigning to symbol MODULES
.config:6956:warning: override: reassigning to symbol DRM
.config:6957:warning: override: reassigning to symbol SOUND
.config:6958:warning: override: reassigning to symbol STAGING
.config:6960:warning: override: reassigning to symbol MEDIA_SUPPORT
.config:6970:warning: override: reassigning to symbol KFENCE
.config:6971:warning: override: reassigning to symbol UBSAN
.config:6976:warning: override: reassigning to symbol RCU_TORTURE_TEST
.config:6977:warning: override: reassigning to symbol LOCK_TORTURE_TEST
.config:6984:warning: override: reassigning to symbol KUNIT
#
# configuration written to .config
#
make[3]: Leaving directory '/home/benni/git/kernel-test/build/randconfig-i386'
make[2]: Leaving directory '/home/benni/git/linux'
make[2]: Entering directory '/home/benni/git/linux'
make[3]: Entering directory '/home/benni/git/kernel-test/build/randconfig-i386'
  SYNC    include/config/auto.conf
  HOSTCC  arch/x86/tools/relocs_32.o
  HOSTCC  arch/x86/tools/relocs_64.o
  HOSTCC  arch/x86/tools/relocs_common.o
  HOSTCC  arch/x86/tools/vdso2c
  HOSTCC  scripts/dtc/dtc.o
  HOSTCC  scripts/dtc/flattree.o
  HOSTCC  scripts/dtc/fstree.o
  HOSTCC  scripts/dtc/data.o
  HOSTCC  scripts/dtc/livetree.o
  HOSTCC  scripts/dtc/treesource.o
  HOSTCC  scripts/dtc/srcpos.o
  HOSTCC  scripts/dtc/checks.o
  HOSTLD  arch/x86/tools/relocs
  HOSTCC  scripts/dtc/util.o
  HOSTCC  scripts/dtc/dtc-lexer.lex.o
  HOSTCC  scripts/dtc/dtc-parser.tab.o
  HOSTCC  scripts/dtc/libfdt/fdt.o
  HOSTCC  scripts/dtc/libfdt/fdt_ro.o
  HOSTCC  scripts/dtc/libfdt/fdt_wip.o
  HOSTCC  scripts/dtc/libfdt/fdt_sw.o
  HOSTCC  scripts/dtc/libfdt/fdt_rw.o
  HOSTCC  scripts/dtc/libfdt/fdt_strerror.o
  HOSTCC  scripts/dtc/libfdt/fdt_empty_tree.o
  HOSTCC  scripts/dtc/libfdt/fdt_addresses.o
  HOSTCC  scripts/dtc/libfdt/fdt_overlay.o
  HOSTCC  scripts/dtc/fdtoverlay.o
  HOSTLD  scripts/dtc/dtc
  HOSTLD  scripts/dtc/fdtoverlay
  UPD     include/config/kernel.release
  UPD     include/generated/utsrelease.h
  HOSTCC  scripts/kallsyms
  HOSTCC  scripts/sorttable.o
  HOSTCC  scripts/elf-parse.o
  HOSTCC  scripts/asn1_compiler
  HOSTCC  scripts/insert-sys-cert
  HOSTLD  scripts/sorttable
  CC      scripts/mod/empty.o
  HOSTCC  scripts/mod/mk_elfconfig
  CC      scripts/mod/devicetable-offsets.s
  MKELF   scripts/mod/elfconfig.h
  HOSTCC  scripts/mod/modpost.o
  HOSTCC  scripts/mod/sumversion.o
  HOSTCC  scripts/mod/symsearch.o
  HOSTCC  scripts/mod/file2alias.o
  HOSTLD  scripts/mod/modpost
  CC      kernel/bounds.s
  UPD     include/generated/timeconst.h
  UPD     include/generated/bounds.h
  CC      arch/x86/kernel/asm-offsets.s
  UPD     include/generated/asm-offsets.h
  CC      kernel/sched/rq-offsets.s
  UPD     include/generated/rq-offsets.h
  CALL    /home/benni/git/linux/scripts/checksyscalls.sh 
  HOSTCC  usr/gen_init_cpio
  CC      certs/system_keyring.o
  CC      virt/lib/irqbypass.o
  AS      arch/x86/entry/entry.o
  CC      ipc/util.o
  CC      init/main.o
  CC      drivers/irqchip/irqchip.o
  AS      arch/x86/lib/atomic64_cx8_32.o
  CC      security/keys/gc.o
  CC      arch/x86/pci/i386.o
  AS      arch/x86/entry/entry_32.o
  AS      arch/x86/lib/checksum_32.o
  CC      io_uring/io_uring.o
  CC      arch/x86/lib/cmdline.o
  CC      fs/open.o
  CC      arch/x86/entry/syscall_32.o
  CC      lib/argv_split.o
  CC      kernel/fork.o
  CC      mm/filemap.o
  GEN     usr/initramfs_data.cpio
  AS      arch/x86/lib/cmpxchg8b_emu.o
  CC      crypto/api.o
  CC      arch/x86/lib/cpu.o
  COPY    usr/initramfs_inc_data
  AS      usr/initramfs_data.o
  AR      usr/built-in.a
  HOSTCC  certs/extract-cert
  CC      security/keys/key.o
  AR      virt/lib/built-in.a
  AR      virt/built-in.a
  CC      mm/mempool.o
  CC      drivers/irqchip/irq-al-fic.o
  CC      lib/buildid.o
  CERT    certs/x509_certificate_list
  CERT    certs/signing_key.x509
  AS      certs/system_certificates.o
  AR      certs/built-in.a
  CC      io_uring/opdef.o
  CC      arch/x86/lib/delay.o
  CC      arch/x86/pci/init.o
  CC      lib/clz_tab.o
  CC      arch/x86/events/core.o
  CC      ipc/msgutil.o
  CC      crypto/cipher.o
  AS      arch/x86/lib/getuser.o
  CC      arch/x86/lib/inat.o
  CC      drivers/irqchip/irq-xilinx-intc.o
  UPD     init/utsversion-tmp.h
  CC      init/do_mounts.o
  CC      lib/cmdline.o
  CC      arch/x86/entry/common.o
  CC      fs/read_write.o
  CC      security/keys/keyring.o
  CC      arch/x86/lib/insn-eval.o
  CC      lib/cpumask.o
  CC      arch/x86/pci/mmconfig_32.o
  CC      arch/x86/events/probe.o
  CC      io_uring/kbuf.o
  CC      crypto/algapi.o
  CC      ipc/msg.o
  CC      kernel/exec_domain.o
  AR      drivers/irqchip/built-in.a
  CC      ipc/sem.o
  CC      drivers/bus/moxtet.o
  CC      arch/x86/pci/direct.o
  CC      mm/oom_kill.o
  CC      lib/ctype.o
  CC      arch/x86/entry/vdso/vma.o
  CC      arch/x86/lib/insn.o
  CC      lib/dec_and_lock.o
  AR      arch/x86/power/built-in.a
  CC      arch/x86/lib/kaslr.o
  CC      init/do_mounts_initrd.o
  CC      lib/decompress.o
  CC      io_uring/rsrc.o
  CC      security/keys/keyctl.o
  CC      arch/x86/lib/memcpy_32.o
  CC      arch/x86/events/utils.o
  CC      security/keys/permission.o
  CC      lib/decompress_bunzip2.o
  CC      kernel/exec_state.o
  AS      arch/x86/lib/memmove_32.o
  CC      fs/file_table.o
  CC      arch/x86/lib/misc.o
  CC      arch/x86/kvm/../../../virt/kvm/kvm_main.o
  CC      arch/x86/lib/pc-conf-reg.o
  CC      arch/x86/pci/mmconfig-shared.o
  CC      crypto/scatterwalk.o
  CC      drivers/bus/simple-pm-bus.o
  CC      arch/x86/entry/vdso/extable.o
  AS      arch/x86/lib/putuser.o
  CC      kernel/panic.o
  CC      arch/x86/lib/string_32.o
  CC      init/initramfs.o
  CC      arch/x86/lib/strstr_32.o
  CC      lib/decompress_inflate.o
  CC      ipc/shm.o
  CC      fs/super.o
  CC      mm/fadvise.o
  CC      arch/x86/lib/usercopy.o
  CC      arch/x86/events/rapl.o
  CC      drivers/bus/mhi/host/init.o
  CC      crypto/aead.o
  CC      drivers/bus/mhi/host/main.o
  CC      security/keys/process_keys.o
  CC      io_uring/notif.o
  CC      arch/x86/pci/fixup.o
  CC      arch/x86/lib/usercopy_32.o
  CC      lib/decompress_unlz4.o
  CC      arch/x86/entry/vdso/vdso32-setup.o
  CC      kernel/cpu.o
  CC      mm/maccess.o
  CC      arch/x86/lib/msr-smp.o
  CC      lib/decompress_unlzo.o
  LDS     arch/x86/entry/vdso/vdso32/vdso32.lds
  CC      init/calibrate.o
  AS      arch/x86/entry/vdso/vdso32/note.o
  CC      ipc/syscall.o
  CC      arch/x86/entry/vdso/vdso32/vclock_gettime.o
  CC      crypto/geniv.o
  CC      arch/x86/entry/vdso/vdso32/vgetcpu.o
  CC      arch/x86/lib/cache-smp.o
  CC      fs/char_dev.o
  CC      arch/x86/events/amd/core.o
  CC      arch/x86/lib/msr.o
  CC      security/keys/request_key.o
  CC      init/init_task.o
  CC      io_uring/tctx.o
  CC      arch/x86/pci/acpi.o
  CC      arch/x86/pci/legacy.o
  CC      lib/dump_stack.o
  AS      arch/x86/entry/vdso/vdso32/system_call.o
  CC      mm/page-writeback.o
  CC      arch/x86/kvm/../../../virt/kvm/eventfd.o
  AS      arch/x86/lib/msr-reg.o
  CC      drivers/bus/mhi/host/pm.o
  AS      arch/x86/entry/vdso/vdso32/sigreturn.o
  AR      ipc/built-in.a
  VDSO    arch/x86/entry/vdso/vdso32/vdso32.so.dbg
  OBJCOPY arch/x86/entry/vdso/vdso32/vdso32.so
  CC      fs/stat.o
  CC      arch/x86/lib/msr-reg-export.o
  CC      kernel/exit.o
  CC      crypto/lskcipher.o
  VDSO2C  arch/x86/entry/vdso/vdso32/vdso32-image.c
  CC      drivers/bus/mhi/host/boot.o
  CC      arch/x86/entry/vdso/vdso32/vdso32-image.o
  CC      io_uring/filetable.o
  CC      init/version.o
  CC      arch/x86/events/amd/lbr.o
  CC      security/keys/request_key_auth.o
  CC      arch/x86/pci/irq.o
  CC      drivers/phy/phy-core.o
  CC      lib/earlycpio.o
  AS      arch/x86/lib/hweight.o
  CC      arch/x86/lib/iomem.o
  CC      lib/extable.o
  AR      arch/x86/entry/vdso/vdso32/built-in.a
  AR      arch/x86/entry/vdso/built-in.a
  AS      arch/x86/entry/thunk.o
  AR      arch/x86/entry/built-in.a
  CC      drivers/pinctrl/core.o
  CC      arch/x86/kvm/../../../virt/kvm/binary_stats.o
  AR      init/built-in.a
  CC      mm/folio-compat.o
  CC      arch/x86/kvm/../../../virt/kvm/vfio.o
  CC      io_uring/rw.o
  CC      arch/x86/pci/common.o
  CC      fs/exec.o
  CC      lib/fdt.o
  CC      lib/fdt_addresses.o
  CC      crypto/skcipher.o
  CC      drivers/phy/phy-core-mipi-dphy.o
  CC      drivers/bus/mhi/host/pci_generic.o
  CC      security/keys/user_defined.o
  CC      arch/x86/lib/atomic64_32.o
  CC      arch/x86/events/amd/brs.o
  CC      io_uring/poll.o
  CC      kernel/softirq.o
  AR      arch/x86/lib/lib.a
  CC      lib/fdt_empty_tree.o
  AR      arch/x86/lib/built-in.a
  CC      lib/fdt_ro.o
  CC      drivers/gpio/gpiolib.o
  CC      lib/fdt_rw.o
  CC      drivers/pinctrl/pinctrl-utils.o
  CC      mm/readahead.o
  CC      security/keys/persistent.o
  CC      lib/fdt_strerror.o
  CC      arch/x86/pci/early.o
  CC      arch/x86/kvm/../../../virt/kvm/coalesced_mmio.o
  AR      drivers/phy/broadcom/built-in.a
  CC      arch/x86/events/amd/ibs.o
  CC      kernel/resource.o
  AR      drivers/bus/mhi/host/built-in.a
  CC      lib/fdt_sw.o
  CC      crypto/bpf_crypto_skcipher.o
  CC      fs/pipe.o
  CC      arch/x86/realmode/init.o
  CC      drivers/phy/cadence/phy-cadence-torrent.o
  CC      drivers/pinctrl/pinmux.o
  CC      drivers/bus/mhi/ep/main.o
  CC      lib/fdt_wip.o
  CC      io_uring/tw.o
  AS      arch/x86/kernel/head_32.o
  CC      lib/flex_proportions.o
  CC      arch/x86/kernel/head32.o
  CC      security/keys/dh.o
  CC      crypto/seqiv.o
  CC      arch/x86/pci/bus_numa.o
  CC      arch/x86/kvm/../../../virt/kvm/async_pf.o
  AS      arch/x86/realmode/rm/header.o
  CC      lib/idr.o
  AS      arch/x86/realmode/rm/trampoline_32.o
  CC      drivers/pinctrl/pinconf.o
  CC      mm/swap.o
  AS      arch/x86/realmode/rm/stack.o
  AS      arch/x86/realmode/rm/reboot.o
  PASYMS  arch/x86/realmode/rm/pasyms.h
  LDS     arch/x86/realmode/rm/realmode.lds
  AR      arch/x86/events/amd/built-in.a
  LD      arch/x86/realmode/rm/realmode.elf
  CC      arch/x86/events/msr.o
  RELOCS  arch/x86/realmode/rm/realmode.relocs
  OBJCOPY arch/x86/realmode/rm/realmode.bin
  CC      arch/x86/kernel/ebda.o
  AS      arch/x86/realmode/rmpiggy.o
  CC      security/keys/keyctl_pkey.o
  CC      kernel/sysctl.o
  AR      arch/x86/realmode/built-in.a
  CC      crypto/echainiv.o
  CC      arch/x86/events/intel/core.o
  CC      arch/x86/pci/amd_bus.o
  CC      io_uring/wait.o
  CC      drivers/gpio/gpiolib-devres.o
  CC      drivers/bus/mhi/ep/mmio.o
  CC      fs/namei.o
  CC      lib/iomem_copy.o
  CC      lib/irq_regs.o
  CC      drivers/pinctrl/pinconf-generic.o
  CC      arch/x86/kvm/../../../virt/kvm/irqchip.o
  CC      arch/x86/kernel/platform-quirks.o
  CC      security/keys/big_key.o
  CC      lib/is_single_threaded.o
  CC      drivers/gpio/gpiolib-legacy.o
  CC      crypto/ahash.o
  CC      mm/truncate.o
  CC      arch/x86/pci/broadcom_bus.o
  CC      kernel/capability.o
  CC      drivers/phy/cadence/cdns-dphy.o
  CC      kernel/ptrace.o
  CC      arch/x86/kernel/process_32.o
  CC      lib/klist.o
  CC      drivers/pinctrl/devicetree.o
  CC      drivers/bus/mhi/ep/ring.o
  CC      drivers/gpio/gpiolib-of.o
  CC      security/keys/trusted-keys/trusted_core.o
  CC      io_uring/eventfd.o
  CC      arch/x86/kvm/../../../virt/kvm/dirty_ring.o
  CC      lib/kobject.o
  CC      drivers/pinctrl/pinctrl-cy8c95x0.o
  AR      arch/x86/pci/built-in.a
  CC      security/keys/trusted-keys/trusted_tpm1.o
  CC      arch/x86/kvm/../../../virt/kvm/pfncache.o
  CC      mm/vmscan.o
  CC      crypto/shash.o
  CC      drivers/phy/cadence/phy-cadence-sierra.o
  CC      drivers/bus/mhi/ep/sm.o
  CC      arch/x86/kernel/signal.o
  CC      drivers/gpio/gpiolib-cdev.o
  CC      lib/kobject_uevent.o
  CC      io_uring/uring_cmd.o
  CC      kernel/user.o
  CC      mm/shrinker.o
  CC      drivers/phy/cadence/phy-cadence-salvo.o
  CC      fs/fcntl.o
  ASN.1   security/keys/trusted-keys/tpm2key.asn1.[ch]
  CC      security/keys/trusted-keys/trusted_tpm2.o
  AR      drivers/bus/mhi/ep/built-in.a
  CC      drivers/pinctrl/pinctrl-max7360.o
  AR      drivers/bus/mhi/built-in.a
  CC      arch/x86/kvm/x86.o
  AR      drivers/bus/built-in.a
  CC      io_uring/openclose.o
  CC      security/keys/encrypted-keys/encrypted.o
  CC      arch/x86/kernel/signal_32.o
  CC      kernel/signal.o
  CC      security/keys/encrypted-keys/ecryptfs_format.o
  CC      crypto/akcipher.o
  AR      drivers/phy/cadence/built-in.a
  CC      drivers/gpio/gpiolib-sysfs.o
  CC      arch/x86/events/intel/bts.o
  CC      mm/shmem.o
  CC      lib/logic_pio.o
  CC      drivers/pinctrl/pinctrl-mcp23s08_i2c.o
  CC      security/keys/trusted-keys/tpm2key.asn1.o
  CC      drivers/phy/intel/phy-intel-lgm-emmc.o
  CC      arch/x86/events/zhaoxin/core.o
  AR      security/keys/trusted-keys/built-in.a
  CC      arch/x86/mm/init.o
  CC      security/commoncap.o
  CC      fs/ioctl.o
  CC      io_uring/sqpoll.o
  CC      arch/x86/kernel/traps.o
  CC      security/keys/encrypted-keys/masterkey_trusted.o
  CC      drivers/pinctrl/pinctrl-mcp23s08_spi.o
  CC      drivers/gpio/gpiolib-acpi-core.o
  AR      drivers/phy/intel/built-in.a
  CC      crypto/sig.o
  CC      lib/maple_tree.o
  CC      drivers/phy/marvell/phy-pxa-28nm-hsic.o
  AR      arch/x86/events/zhaoxin/built-in.a
  CC      drivers/phy/marvell/phy-pxa-28nm-usb2.o
  CC      arch/x86/events/intel/ds.o
  CC      arch/x86/mm/init_32.o
  CC      fs/readdir.o
  AR      security/keys/encrypted-keys/built-in.a
  AR      security/keys/built-in.a
  CC      fs/select.o
  CC      security/lsm_syscalls.o
  CC      arch/x86/kernel/idt.o
  CC      kernel/sys.o
  CC      drivers/pinctrl/pinctrl-mcp23s08.o
  CC      mm/util.o
  CC      io_uring/xattr.o
  CC      io_uring/nop.o
  CC      drivers/gpio/gpiolib-acpi-quirks.o
  CC      crypto/kpp.o
  AR      drivers/phy/marvell/built-in.a
  CC      drivers/phy/motorola/phy-cpcap-usb.o
  CC      arch/x86/mm/fault.o
  CC      drivers/gpio/gpiolib-swnode.o
  CC      io_uring/fs.o
  CC      security/min_addr.o
  CC      drivers/pinctrl/pinctrl-microchip-sgpio.o
  CC      drivers/phy/motorola/phy-mapphone-mdm6600.o
  CC      crypto/dh.o
  CC      arch/x86/kernel/irq.o
  CC      lib/memcat_p.o
  CC      drivers/gpio/gpio-regmap.o
  CC      drivers/gpio/gpio-mmio.o
  CC      arch/x86/events/intel/knc.o
  CC      fs/dcache.o
  AR      drivers/pwm/built-in.a
  CC      security/security.o
  CC      mm/mmzone.o
  CC      io_uring/splice.o
  CC      kernel/umh.o
  AS      arch/x86/crypto/serpent-sse2-i586-asm_32.o
  CC      lib/nmi_backtrace.o
  CC      arch/x86/crypto/serpent_sse2_glue.o
  CC      crypto/dh_helper.o
  CC      arch/x86/mm/ioremap.o
  CC      drivers/pinctrl/pinctrl-ocelot.o
  AR      drivers/phy/motorola/built-in.a
  CC      drivers/phy/qualcomm/phy-qcom-usb-hs.o
  CC      kernel/workqueue.o
  CC      drivers/gpio/gpio-74xx-mmio.o
  CC      mm/vmstat.o
  ASN.1   crypto/rsapubkey.asn1.[ch]
  ASN.1   crypto/rsaprivkey.asn1.[ch]
  CC      crypto/rsa.o
  CC      arch/x86/kernel/irq_32.o
  CC      arch/x86/events/intel/lbr.o
  AR      arch/x86/crypto/built-in.a
  CC      lib/objpool.o
  CC      drivers/gpio/gpio-adp5585.o
  CC      arch/x86/kvm/emulate.o
  CC      io_uring/sync.o
  CC      arch/x86/kvm/irq.o
  CC      crypto/rsa_helper.o
  CC      drivers/pinctrl/pinctrl-single.o
  CC      arch/x86/mm/extable.o
  CC      drivers/phy/qualcomm/phy-qcom-usb-hsic.o
  CC      drivers/gpio/gpio-aggregator.o
  CC      fs/inode.o
  CC      arch/x86/kernel/dumpstack_32.o
  CC      lib/plist.o
  CC      crypto/rsa-pkcs1pad.o
  CC      arch/x86/mm/mmap.o
  CC      lib/radix-tree.o
  CC      mm/backing-dev.o
  CC      io_uring/msg_ring.o
  CC      arch/x86/events/intel/p4.o
  AR      drivers/phy/qualcomm/built-in.a
  AR      drivers/phy/samsung/built-in.a
  CC      arch/x86/kernel/time.o
  CC      drivers/pinctrl/pinctrl-stmfx.o
  CC      drivers/pinctrl/pinctrl-upboard.o
  CC      arch/x86/mm/pgtable.o
  CC      drivers/phy/ti/phy-tusb1210.o
  CC      drivers/gpio/gpio-altera.o
  CC      crypto/rsassa-pkcs1.o
  CC      security/lsm_notifier.o
  CC      lib/ratelimit.o
  CC      io_uring/advise.o
  CC      kernel/pid.o
  CC      mm/mm_init.o
  CC      arch/x86/kernel/ioport.o
  CC      lib/rbtree.o
  CC      mm/percpu.o
  CC      fs/attr.o
  CC      arch/x86/kernel/dumpstack.o
  CC      security/lsm_init.o
  CC      drivers/pinctrl/cirrus/pinctrl-cs42l43.o
  CC      arch/x86/events/intel/p6.o
  AR      drivers/phy/ti/built-in.a
  CC      crypto/ecdsa.o
  CC      drivers/gpio/gpio-amdpt.o
  CC      io_uring/statx.o
  CC      arch/x86/mm/physaddr.o
  CC      lib/seq_buf.o
  CC      arch/x86/kvm/lapic.o
  AR      drivers/phy/built-in.a
  CC      drivers/leds/led-core.o
  CC      security/inode.o
  ASN.1   crypto/ecdsasignature.asn1.[ch]
  CC      crypto/ecdsa-p1363.o
  CC      lib/siphash.o
  CC      arch/x86/kernel/nmi.o
  CC      fs/bad_inode.o
  CC      drivers/gpio/gpio-bd9571mwv.o
  CC      arch/x86/mm/tlb.o
  CC      drivers/leds/led-class.o
  CC      kernel/task_work.o
  AR      drivers/pinctrl/cirrus/built-in.a
  CC      io_uring/timeout.o
  CC      io_uring/cancel.o
  CC      arch/x86/events/intel/pt.o
  CC      drivers/pinctrl/intel/pinctrl-baytrail.o
  CC      lib/string.o
  CC      drivers/leds/led-triggers.o
  CC      crypto/ecdsasignature.asn1.o
  CC      crypto/acompress.o
  CC      lib/sys_info.o
  CC      fs/file.o
  CC      arch/x86/kvm/cpuid.o
  CC      security/safesetid/lsm.o
  CC      mm/slab_common.o
  CC      kernel/extable.o
  CC      drivers/gpio/gpio-by-pinctrl.o
  CC      arch/x86/kernel/setup.o
  CC      drivers/gpio/gpio-cgbc.o
  CC      io_uring/waitid.o
  CC      drivers/leds/leds-an30259a.o
  CC      drivers/pinctrl/intel/pinctrl-lynxpoint.o
  CC      drivers/pinctrl/intel/pinctrl-intel.o
  CC      lib/timerqueue.o
  CC      arch/x86/mm/cpu_entry_area.o
  CC      security/safesetid/securityfs.o
  CC      crypto/scompress.o
  CC      arch/x86/events/intel/uncore.o
  CC      lib/vsprintf.o
  CC      drivers/pci/access.o
  CC      mm/compaction.o
  CC      drivers/gpio/gpio-cros-ec.o
  CC      kernel/params.o
  CC      arch/x86/mm/maccess.o
  CC      io_uring/register.o
  CC      fs/filesystems.o
  CC      drivers/leds/leds-apu.o
  CC      fs/namespace.o
  CC      arch/x86/kernel/x86_init.o
  AR      security/safesetid/built-in.a
  CC      security/lockdown/lockdown.o
  CC      drivers/pinctrl/intel/pinctrl-intel-platform.o
  CC      arch/x86/mm/pgprot.o
  CC      arch/x86/kvm/pmu.o
  CC      drivers/gpio/gpio-cs5535.o
  CC      crypto/algboss.o
  CC      drivers/leds/leds-as3668.o
  CC      drivers/pci/bus.o
  CC      mm/show_mem.o
  CC      mm/interval_tree.o
  CC      kernel/kthread.o
  CC      drivers/pinctrl/intel/pinctrl-alderlake.o
  CC      arch/x86/kernel/i8259.o
  CC      arch/x86/mm/pat/set_memory.o
  CC      arch/x86/events/intel/uncore_nhmex.o
  CC      drivers/gpio/gpio-ds4520.o
  AR      security/lockdown/built-in.a
  CC      security/device_cgroup.o
  CC      io_uring/truncate.o
  CC      drivers/pci/probe.o
  CC      drivers/leds/leds-aw200xx.o
  CC      drivers/pinctrl/intel/pinctrl-broxton.o
  CC      arch/x86/mm/pat/memtype.o
  CC      crypto/testmgr.o
  CC      lib/win_minmax.o
  CC      arch/x86/kernel/irqinit.o
  CC      arch/x86/kvm/mtrr.o
  CC      mm/list_lru.o
  CC      drivers/gpio/gpio-dwapb.o
  CC      kernel/sys_ni.o
  CC      lib/xarray.o
  CC      drivers/pinctrl/intel/pinctrl-cannonlake.o
  CC      arch/x86/events/intel/uncore_snb.o
  CC      kernel/nsproxy.o
  CC      arch/x86/events/intel/uncore_snbep.o
  CC      drivers/leds/leds-aw2013.o
  AR      arch/x86/mm/pat/built-in.a
  CC      security/landlock/setup.o
  CC      io_uring/memmap.o
  CC      arch/x86/mm/pgtable_32.o
  CC      mm/workingset.o
  CC      fs/seq_file.o
  CC      arch/x86/kernel/jump_label.o
  CC      drivers/gpio/gpio-grgpio.o
  CC      drivers/pinctrl/intel/pinctrl-cedarfork.o
  CC      arch/x86/kvm/debugfs.o
  CC      drivers/pci/host-bridge.o
  CC      lib/lockref.o
  CC      security/landlock/syscalls.o
  CC      drivers/leds/leds-bcm6358.o
  CC      arch/x86/mm/iomap_32.o
  CC      drivers/gpio/gpio-gw-pld.o
  CC      io_uring/alloc_cache.o
  CC      kernel/nstree.o
  CC      lib/bcd.o
  CC      drivers/pinctrl/intel/pinctrl-emmitsburg.o
  CC      lib/sort.o
  CC      fs/xattr.o
  CC      arch/x86/kernel/irq_work.o
  CC      crypto/cmac.o
  CC      mm/debug.o
  CC      arch/x86/mm/hugetlbpage.o
  CC      drivers/leds/leds-blinkm.o
  CC      lib/parser.o
  CC      drivers/pci/remove.o
  CC      arch/x86/kvm/mmu/mmu.o
  CC      drivers/pci/pci.o
  CC      io_uring/query.o
  CC      drivers/gpio/gpio-it87.o
  CC      drivers/pinctrl/intel/pinctrl-geminilake.o
  CC      arch/x86/events/intel/uncore_discovery.o
  CC      lib/debug_locks.o
  CC      crypto/hmac.o
  CC      arch/x86/mm/dump_pagetables.o
  CC      kernel/nscommon.o
  CC      arch/x86/kernel/probe_roms.o
  CC      lib/random32.o
  CC      mm/gup.o
  CC      arch/x86/kvm/mmu/page_track.o
  CC      security/landlock/object.o
  CC      drivers/leds/leds-gpio.o
  CC      drivers/pinctrl/intel/pinctrl-icelake.o
  CC      drivers/gpio/gpio-janz-ttl.o
  CC      io_uring/loop.o
  CC      lib/bust_spinlocks.o
  CC      fs/libfs.o
  CC      kernel/notifier.o
  CC      crypto/xcbc.o
  CC      security/landlock/ruleset.o
  CC      arch/x86/mm/debug_pagetables.o
  AR      arch/x86/events/intel/built-in.a
  CC      drivers/leds/leds-is31fl319x.o
  AR      arch/x86/events/built-in.a
  AR      arch/x86/platform/ce4100/built-in.a
  CC      arch/x86/platform/efi/memmap.o
  CC      drivers/gpio/gpio-kempld.o
  CC      arch/x86/kernel/sys_ia32.o
  CC      drivers/pinctrl/intel/pinctrl-jasperlake.o
  CC      arch/x86/platform/efi/quirks.o
  CC      lib/kasprintf.o
  CC      crypto/crypto_null.o
  AR      arch/x86/mm/built-in.a
  CC      io_uring/io-wq.o
  CC      kernel/ksysfs.o
  CC      io_uring/futex.o
  CC      drivers/pci/pci-driver.o
  CC      lib/bitmap.o
  CC      mm/mmap_lock.o
  CC      drivers/pinctrl/intel/pinctrl-lakefield.o
  CC      drivers/gpio/gpio-latch.o
  CC      drivers/leds/leds-is31fl32xx.o
  CC      fs/fs-writeback.o
  CC      lib/scatterlist.o
  CC      arch/x86/kernel/ksysfs.o
  CC      crypto/rmd160.o
  CC      security/landlock/cred.o
  CC      arch/x86/platform/efi/efi.o
  CC      kernel/cred.o
  CC      drivers/pinctrl/intel/pinctrl-lewisburg.o
  CC      arch/x86/kernel/bootflag.o
  CC      drivers/gpio/gpio-line-mux.o
  CC      drivers/gpio/gpio-ljca.o
  CC      mm/vma_init.o
  CC      drivers/pci/search.o
  CC      drivers/video/console/dummycon.o
  CC      drivers/leds/leds-lm3532.o
  CC      io_uring/mock_file.o
  CC      arch/x86/kvm/mmu/spte.o
  CC      lib/list_sort.o
  CC      crypto/sha1.o
  CC      security/landlock/task.o
  CC      lib/uuid.o
  CC      arch/x86/platform/efi/efi_32.o
  CC      drivers/video/console/vgacon.o
  CC      drivers/pinctrl/intel/pinctrl-meteorlake.o
  CC      arch/x86/kernel/e820.o
  CC      fs/pnode.o
  CC      kernel/reboot.o
  CC      lib/iov_iter.o
  CC      drivers/gpio/gpio-logicvc.o
  CC      drivers/pci/rebar.o
  CC      mm/highmem.o
  CC      fs/splice.o
  CC      drivers/pinctrl/intel/pinctrl-meteorpoint.o
  CC      crypto/sha256.o
  AR      io_uring/built-in.a
  CC      drivers/leds/leds-lm3533.o
  CC      arch/x86/kvm/vmx/vmx.o
  AS      arch/x86/platform/efi/efi_stub_32.o
  CC      arch/x86/kernel/pci-dma.o
  CC      arch/x86/platform/efi/runtime-map.o
  AR      drivers/video/console/built-in.a
  CC      security/integrity/iint.o
  CC      drivers/gpio/gpio-ltc4283.o
  AR      drivers/pinctrl/intel/built-in.a
  CC      security/landlock/fs.o
  CC      drivers/video/backlight/lcd.o
  CC      kernel/async.o
  CC      drivers/pci/rom.o
  CC      mm/memory.o
  CC      drivers/leds/leds-lm355x.o
  CC      security/integrity/efi_secureboot.o
  CC      arch/x86/kernel/quirks.o
  CC      crypto/sha512.o
  AR      drivers/pinctrl/built-in.a
  CC      lib/clz_ctz.o
  CC      drivers/gpio/gpio-max7301.o
  CC      lib/bsearch.o
  CC      fs/sync.o
  CC      drivers/pci/setup-res.o
  AR      arch/x86/platform/efi/built-in.a
  CC      arch/x86/kvm/kvm-asm-offsets.s
  CC      arch/x86/platform/iris/iris.o
  CC      drivers/video/backlight/hx8357.o
  CC      kernel/range.o
  CC      security/landlock/tsync.o
  CC      kernel/smpboot.o
  CC      crypto/sha3.o
  CC      security/integrity/evm/evm_main.o
  AR      arch/x86/platform/iris/built-in.a
  CC      drivers/leds/leds-lm36274.o
  CC      arch/x86/kernel/kdebugfs.o
  CC      arch/x86/platform/intel/iosf_mbi.o
  CC      lib/find_bit.o
  CC      drivers/gpio/gpio-max730x.o
  CC      crypto/sm3.o
  CC      drivers/video/backlight/ili922x.o
  CC      drivers/pci/irq.o
  CC      fs/utimes.o
  CC      lib/llist.o
  CC      kernel/ucount.o
  CC      drivers/leds/leds-lm3642.o
  CC      lib/lwq.o
  CC      security/integrity/evm/evm_crypto.o
  CC      arch/x86/kernel/alternative.o
  AR      security/landlock/built-in.a
  CC      drivers/char/ipmi/ipmi_msghandler.o
  CC      drivers/gpio/gpio-max732x.o
  CC      arch/x86/kernel/i8253.o
  CC      lib/memweight.o
  AR      arch/x86/platform/intel/built-in.a
  CC      kernel/regset.o
  AR      arch/x86/platform/scx200/built-in.a
  CC      mm/mincore.o
  CC      lib/kfifo.o
  AR      arch/x86/platform/built-in.a
  CC      crypto/streebog_generic.o
  CC      arch/x86/kernel/hw_breakpoint.o
  CC      drivers/pci/vpd.o
  CC      drivers/video/backlight/l4f00242t03.o
  CC      fs/d_path.o
  CC      crypto/wp512.o
  CC      drivers/leds/leds-lm3692x.o
  CC      kernel/ksyms_common.o
  CC      security/integrity/evm/evm_secfs.o
  CC      mm/mlock.o
  CC      drivers/gpio/gpio-max7360.o
  CC      crypto/ecb.o
  CC      lib/percpu-refcount.o
  CC      drivers/pci/setup-bus.o
  CC      mm/mmap.o
  CC      arch/x86/kvm/vmx/pmu_intel.o
  CC      arch/x86/kernel/tsc.o
  CC      drivers/video/backlight/lms283gf05.o
  CC      drivers/acpi/tables.o
  CC      kernel/groups.o
  CC      fs/stack.o
  CC      drivers/pnp/core.o
  CC      drivers/leds/leds-lp3944.o
  CC      crypto/cbc.o
  CC      drivers/gpio/gpio-mb86s7x.o
  AR      security/integrity/evm/built-in.a
  AR      security/integrity/built-in.a
  CC      lib/rhashtable.o
  AR      security/built-in.a
  CC      drivers/acpi/osi.o
  CC      drivers/char/ipmi/ipmi_si_intf.o
  CC      drivers/pnp/card.o
  CC      crypto/cts.o
  CC      drivers/video/backlight/lms501kf03.o
  CC      fs/fs_struct.o
  CC      drivers/acpi/osl.o
  CC      drivers/gpio/gpio-mc33880.o
  CC      arch/x86/kernel/tsc_msr.o
  CC      drivers/pnp/driver.o
  CC      kernel/vhost_task.o
  CC      mm/mmu_gather.o
  CC      drivers/leds/leds-lp8864.o
  CC      kernel/sched/core.o
  CC      drivers/pci/vc.o
  CC      arch/x86/kvm/vmx/vmcs12.o
  CC      mm/mprotect.o
  CC      lib/base64.o
  CC      arch/x86/kernel/io_delay.o
  CC      drivers/video/backlight/ltv350qv.o
  CC      crypto/xts.o
  CC      fs/statfs.o
  CC      drivers/char/ipmi/ipmi_kcs_sm.o
  CC      drivers/pnp/resource.o
  CC      lib/once.o
  CC      kernel/sched/fair.o
  CC      drivers/gpio/gpio-menz127.o
  CC      arch/x86/kernel/rtc.o
  CC      drivers/pci/mmap.o
  CC      drivers/leds/leds-lt3593.o
  CC      drivers/acpi/utils.o
  CC      lib/refcount.o
  CC      lib/rcuref.o
  CC      drivers/video/backlight/otm3225a.o
  CC      arch/x86/kvm/vmx/nested.o
  CC      crypto/ctr.o
  CC      drivers/char/ipmi/ipmi_smic_sm.o
  CC      arch/x86/virt/svm/cmdline.o
  CC      drivers/gpio/gpio-ml-ioh.o
  CC      lib/usercopy.o
  CC      drivers/leds/leds-max77650.o
  CC      fs/fs_pin.o
  AR      arch/x86/virt/svm/built-in.a
  CC      arch/x86/virt/hw.o
  CC      mm/mremap.o
  CC      drivers/pnp/manager.o
  CC      drivers/pci/devres.o
  CC      drivers/acpi/reboot.o
  CC      arch/x86/kernel/resource.o
  CC      crypto/xctr.o
  CC      lib/errseq.o
  CC      drivers/video/backlight/platform_lcd.o
  AS      arch/x86/kernel/irqflags.o
  CC      lib/bucket_locks.o
  CC      drivers/char/ipmi/ipmi_bt_sm.o
  CC      arch/x86/kernel/static_call.o
  CC      fs/nsfs.o
  CC      drivers/pnp/support.o
  AR      arch/x86/virt/built-in.a
  CC      drivers/gpio/gpio-moxtet.o
  CC      crypto/hctr2.o
  CC      drivers/leds/leds-mc13783.o
  CC      crypto/gcm.o
  CC      drivers/acpi/nvs.o
  CC      drivers/video/backlight/tdo24m.o
  CC      drivers/pci/msi/pcidev_msi.o
  CC      arch/x86/kernel/process.o
  CC      lib/generic-radix-tree.o
  CC      mm/msync.o
  AR      drivers/video/fbdev/core/built-in.a
  AR      drivers/video/fbdev/built-in.a
  CC      drivers/acpi/wakeup.o
  CC      drivers/pnp/interface.o
  CC      drivers/char/ipmi/ipmi_si_hotmod.o
  CC      drivers/leds/leds-mlxreg.o
  CC      drivers/gpio/gpio-mpsse.o
  CC      lib/bitmap-str.o
  CC      arch/x86/kvm/vmx/posted_intr.o
  CC      lib/string_helpers.o
  CC      fs/fs_dirent.o
  AR      drivers/pci/msi/built-in.a
  CC      drivers/pci/pcie/portdrv.o
  CC      drivers/video/backlight/adp8860_bl.o
  CC      crypto/ccm.o
  CC      drivers/acpi/sleep.o
  CC      kernel/sched/build_policy.o
  CC      fs/fs_context.o
  CC      drivers/pnp/quirks.o
  CC      drivers/leds/leds-nic78bx.o
  CC      mm/page_vma_mapped.o
  CC      drivers/char/ipmi/ipmi_si_hardcode.o
  CC      drivers/pnp/system.o
  CC      arch/x86/kernel/fpu/init.o
  CC      drivers/gpio/gpio-pca9570.o
  CC      drivers/leds/leds-ot200.o
  CC      drivers/clk/clk-devres.o
  CC      lib/hexdump.o
  CC      drivers/pci/pcie/rcec.o
  CC      arch/x86/kvm/vmx/main.o
  CC      lib/kstrtox.o
  CC      drivers/video/backlight/aw99706.o
  CC      crypto/aegis128-core.o
  CC      drivers/char/ipmi/ipmi_si_platform.o
  CC      kernel/locking/mutex.o
  CC      drivers/acpi/device_sysfs.o
  CC      arch/x86/kernel/fpu/bugs.o
  CC      drivers/pnp/pnpacpi/core.o
  CC      fs/fs_parser.o
  CC      mm/pagewalk.o
  CC      drivers/leds/leds-pca9532.o
  CC      arch/x86/kernel/fpu/core.o
  CC      drivers/clk/clk-bulk.o
  CC      drivers/gpio/gpio-pcf857x.o
  AR      lib/kunit/built-in.a
  CC      lib/math/div64.o
  CC      drivers/pci/pcie/bwctrl.o
  CC      lib/math/gcd.o
  CC      drivers/acpi/device_pm.o
  CC      lib/math/lcm.o
  CC      drivers/pnp/pnpacpi/rsparser.o
  CC      drivers/video/backlight/backlight.o
  CC      drivers/clk/clkdev.o
  CC      drivers/char/ipmi/ipmi_si_mem_io.o
  CC      lib/math/int_log.o
  CC      arch/x86/kvm/svm/svm.o
  CC      crypto/pcrypt.o
  CC      lib/math/int_pow.o
  CC      kernel/locking/semaphore.o
  CC      lib/math/int_sqrt.o
  CC      drivers/leds/leds-pca963x.o
  CC      fs/fsopen.o
  CC      mm/pgtable-generic.o
  CC      lib/math/reciprocal_div.o
  CC      drivers/gpio/gpio-pisosr.o
  CC      lib/math/cordic.o
  CC      arch/x86/kernel/fpu/regset.o
  CC      drivers/pci/pcie/aspm.o
  CC      drivers/clk/clk.o
  CC      drivers/video/backlight/da9052_bl.o
  CC      crypto/cryptd.o
  CC      drivers/char/ipmi/ipmi_si_port_io.o
  AR      drivers/pnp/pnpacpi/built-in.a
  CC      drivers/acpi/bus.o
  CC      drivers/pnp/pnpbios/core.o
  CC      kernel/locking/rwsem.o
  CC      lib/math/prime_numbers.o
  CC      drivers/video/backlight/gpio_backlight.o
  CC      mm/rmap.o
  CC      drivers/leds/leds-pca995x.o
  CC      drivers/gpio/gpio-mpfs.o
  CC      kernel/sched/build_utility.o
  CC      fs/init.o
  CC      arch/x86/kernel/fpu/signal.o
  CC      drivers/char/ipmi/ipmi_si_pci.o
  CC      lib/math/rational.o
  CC      crypto/twofish_generic.o
  CC      drivers/pci/pcie/pme.o
  CC      drivers/video/backlight/ktd2801-backlight.o
  CC      drivers/pnp/pnpbios/bioscalls.o
  CC      kernel/locking/percpu-rwsem.o
  AR      lib/math/tests/built-in.a
  AR      lib/math/built-in.a
  CC      drivers/acpi/glue.o
  CC      drivers/gpio/gpio-qixis-fpga.o
  CC      drivers/clk/clk-divider.o
  CC      crypto/twofish_common.o
  CC      drivers/video/backlight/lm3509_bl.o
  CC      drivers/char/ipmi/ipmi_dmi.o
  CC      arch/x86/kernel/fpu/xstate.o
  CC      drivers/leds/leds-st1202.o
  CC      fs/kernel_read_file.o
  CC      lib/crc/crc4.o
  CC      drivers/pci/pcie/ptm.o
  CC      kernel/locking/irqflag-debug.o
  CC      drivers/pnp/pnpbios/rsparser.o
  CC      arch/x86/kvm/svm/pmu.o
  CC      kernel/locking/mutex-debug.o
  CC      mm/vmalloc.o
  CC      lib/crc/crc8.o
  CC      drivers/gpio/gpio-rdc321x.o
  CC      drivers/clk/clk-fixed-factor.o
  CC      drivers/char/ipmi/ipmi_plat_data.o
  CC      crypto/serpent_generic.o
  CC      drivers/acpi/scan.o
  CC      drivers/video/backlight/lm3533_bl.o
  AR      arch/x86/kernel/fpu/built-in.a
  CC      lib/crc/crc16.o
  CC      arch/x86/kernel/ptrace.o
  CC      fs/mnt_idmapping.o
  CC      drivers/leds/leds-ti-lmu-common.o
  CC      kernel/locking/lockdep.o
  AR      drivers/pci/pcie/built-in.a
  AR      drivers/pnp/pnpbios/built-in.a
  CC      drivers/pci/pwrctrl/core.o
  CC      drivers/pnp/isapnp/core.o
  CC      drivers/clk/clk-fixed-rate.o
  CC      drivers/gpio/gpio-sch311x.o
  CC      arch/x86/kvm/svm/nested.o
  CC      lib/crc/crc-ccitt.o
  CC      drivers/video/backlight/lv5207lp.o
  CC      drivers/char/ipmi/ipmi_watchdog.o
  CC      drivers/leds/leds-wm831x-status.o
  CC      fs/remap_range.o
  CC      drivers/clk/clk-gate.o
  CC      crypto/aes.o
  CC      lib/crc/crc-itu-t.o
  CC      drivers/pnp/isapnp/compat.o
  CC      drivers/pci/pwrctrl/pci-pwrctrl-tc9563.o
  CC      arch/x86/kernel/tls.o
  CC      drivers/acpi/mipi-disco-img.o
  CC      drivers/leds/leds-expresswire.o
  CC      drivers/gpio/gpio-sch.o
  AR      kernel/sched/built-in.a
  CC      arch/x86/kvm/svm/avic.o
  HOSTCC  lib/crc/gen_crc32table
  CC      drivers/video/backlight/max25014.o
  CC      drivers/char/ipmi/ipmi_poweroff.o
  CC      drivers/clk/clk-multiplier.o
  GEN     lib/crc/crc32table.h
  CC      lib/crc/crc32-main.o
  CC      kernel/locking/spinlock.o
  AR      drivers/pnp/isapnp/built-in.a
  CC      crypto/cast_common.o
  AR      drivers/pnp/built-in.a
  CC      drivers/leds/leds-cr0014114.o
  CC      mm/vma.o
  CC      kernel/locking/osq_lock.o
  CC      fs/pidfs.o
  CC      kernel/power/qos.o
  CC      kernel/locking/qspinlock.o
  CC      drivers/acpi/resource.o
  AR      lib/crc/built-in.a
  AR      drivers/pci/pwrctrl/built-in.a
  CC      drivers/clk/clk-mux.o
  CC      drivers/pci/pci-sysfs.o
  CC      arch/x86/kernel/step.o
  CC      crypto/cast6_generic.o
  CC      crypto/chacha.o
  CC      lib/crypto/hash_info.o
  CC      drivers/gpio/gpio-sifive.o
  CC      drivers/char/ipmi/ipmb_dev_int.o
  CC      drivers/video/backlight/mt6370-backlight.o
  CC      drivers/leds/leds-dac124s085.o
  CC      kernel/locking/rtmutex_api.o
  CC      drivers/clk/clk-composite.o
  CC      crypto/deflate.o
  CC      kernel/printk/printk.o
  CC      lib/crypto/memneq.o
  CC      drivers/acpi/acpi_processor.o
  CC      drivers/gpio/gpio-siox.o
  CC      drivers/video/backlight/rt4831-backlight.o
  CC      arch/x86/kernel/i8237.o
  CC      kernel/power/main.o
  UPD     arch/x86/kvm/kvm-asm-offsets.h
  CC      fs/file_attr.o
  AS      arch/x86/kvm/vmx/vmenter.o
  CC      lib/crypto/utils.o
  CC      drivers/leds/leds-el15203000.o
  CC      mm/vma_exec.o
  CC      drivers/char/ipmi/ssif_bmc.o
  AS      arch/x86/kvm/svm/vmenter.o
  CC      drivers/clk/clk-fractional-divider.o
  AR      arch/x86/kvm/built-in.a
  CC      drivers/pci/slot.o
  CC      crypto/crc32c.o
  CC      mm/page_alloc.o
  CC      arch/x86/kernel/stacktrace.o
  CC      kernel/locking/spinlock_debug.o
  CC      drivers/gpio/gpio-syscon.o
  CC      drivers/video/backlight/tps65217_bl.o
  CC      lib/crypto/aes.o
  CC      drivers/acpi/processor_core.o
  CC      drivers/clk/clk-gpio.o
  CC      crypto/crc32.o
  CC      kernel/power/process.o
  CC      drivers/leds/uleds.o
  CC      drivers/pci/pci-acpi.o
  CC      drivers/pci/iomap.o
  CC      fs/fserror.o
  AR      drivers/char/ipmi/built-in.a
  CC      kernel/locking/qrwlock.o
  CC      drivers/gpio/gpio-tpic2810.o
  CC      arch/x86/kernel/cpu/cacheinfo.o
  AS      lib/crypto/x86/aes-aesni.o
  CC      lib/crypto/blake2s.o
  CC      kernel/printk/printk_safe.o
  CC      drivers/acpi/processor_pdc.o
  AR      drivers/soc/nuvoton/built-in.a
  AR      drivers/soc/built-in.a
  CC      drivers/video/backlight/wm831x_bl.o
  CC      arch/x86/kernel/acpi/boot.o
  CC      crypto/authenc.o
  CC      drivers/leds/trigger/ledtrig-timer.o
  CC      drivers/clk/clk-conf.o
  CC      kernel/locking/lock_events.o
  CC      fs/nullfs.o
  CC      drivers/acpi/pci_root.o
  CC      lib/crypto/chacha-block-generic.o
  CC      kernel/power/poweroff.o
  CC      drivers/leds/blink/leds-lgm-sso.o
  CC      kernel/printk/nbcon.o
  CC      lib/crypto/chacha.o
  CC      drivers/video/backlight/led_bl.o
  CC      drivers/gpio/gpio-tps65912.o
  CC      arch/x86/kernel/cpu/scattered.o
  CC      drivers/leds/trigger/ledtrig-oneshot.o
  CC      drivers/pci/of.o
  AR      kernel/power/built-in.a
  CC      drivers/clk/clk-cdce706.o
  AR      kernel/locking/built-in.a
  CC      kernel/irq/irqdesc.o
  CC      mm/shuffle.o
  CC      lib/crypto/chacha20poly1305.o
  CC      arch/x86/kernel/acpi/cstate.o
  CC      fs/notify/fsnotify.o
  AR      drivers/video/backlight/built-in.a
  CC      arch/x86/kernel/cpu/topology_common.o
  AR      drivers/video/built-in.a
  CC      crypto/authencesn.o
  AR      lib/tests/built-in.a
  CC      drivers/gpio/gpio-tps68470.o
  CC      drivers/leds/trigger/ledtrig-mtd.o
  CC      fs/notify/notification.o
  CC      drivers/pci/ats.o
  AR      drivers/leds/blink/built-in.a
  CC      kernel/printk/printk_ringbuffer.o
  CC      drivers/gpio/gpio-viperboard.o
  CC      drivers/acpi/pci_link.o
  CC      kernel/irq/handle.o
  AR      arch/x86/kernel/acpi/built-in.a
  CC      arch/x86/kernel/cpu/topology_ext.o
  CC      drivers/clk/clk-cdce925.o
  CC      lib/crypto/gf128hash.o
  CC      mm/page_frag_cache.o
  CC      drivers/leds/trigger/ledtrig-gpio.o
  CC      kernel/rcu/update.o
  CC      fs/anon_inodes.o
  CC      lib/crypto/md5.o
  CC      drivers/virtio/virtio.o
  CC      drivers/pci/pci-label.o
  CC      fs/notify/group.o
  AR      kernel/printk/built-in.a
  CC      drivers/gpio/gpio-virtuser.o
  CC      drivers/virtio/virtio_ring.o
  CC      arch/x86/kernel/cpu/topology_amd.o
  CC      crypto/lzo.o
  CC      drivers/leds/trigger/ledtrig-cpu.o
  CC      drivers/virtio/virtio_anchor.o
  CC      kernel/irq/manage.o
  CC      drivers/acpi/pci_irq.o
  CC      mm/init-mm.o
  CC      lib/crypto/poly1305.o
  CC      lib/crypto/poly1305-donna32.o
  CC      arch/x86/kernel/cpu/cpuid_parser.o
  CC      fs/notify/mark.o
  CC      drivers/clk/clk-cs2000-cp.o
  CC      drivers/acpi/acpi_apd.o
  CC      drivers/pci/pci-stub.o
  CC      drivers/leds/trigger/ledtrig-activity.o
  CC      kernel/rcu/sync.o
  CC      lib/crypto/sha1.o
  CC      crypto/lzo-rle.o
  CC      arch/x86/kernel/cpu/common.o
  CC      drivers/virtio/virtio_pci_modern_dev.o
  CC      kernel/rcu/srcutree.o
  CC      drivers/gpio/gpio-vx855.o
  CC      mm/memblock.o
  CC      kernel/irq/spurious.o
  CC      drivers/acpi/acpi_platform.o
  CC      drivers/leds/trigger/ledtrig-default-on.o
  CC      lib/vdso/datastore.o
  CC      lib/crypto/sha256.o
  CC      drivers/pci/doe.o
  CC      drivers/regulator/core.o
  CC      crypto/lz4.o
  CC      drivers/virtio/virtio_pci_modern.o
  CC      drivers/clk/clk-lmk04832.o
  CC      fs/notify/fdinfo.o
  CC      drivers/gpio/gpio-waveshare-dsi.o
  CC      kernel/irq/resend.o
  CC      drivers/leds/trigger/ledtrig-camera.o
  CC      fs/eventfd.o
  AR      lib/vdso/built-in.a
  CC      lib/crypto/sha512.o
  CC      drivers/acpi/acpi_pnp.o
  CC      kernel/rcu/rcuscale.o
  CC      kernel/dma/mapping.o
  CC      crypto/lz4hc.o
  CC      drivers/leds/trigger/ledtrig-pattern.o
  CC      arch/x86/kernel/cpu/rdrand.o
  CC      fs/notify/inotify/inotify_fsnotify.o
  CC      mm/slub.o
  CC      kernel/irq/chip.o
  CC      drivers/pci/ide.o
  CC      arch/x86/kernel/cpu/match.o
  CC      drivers/virtio/virtio_pci_common.o
  CC      drivers/acpi/power.o
  CC      drivers/gpio/gpio-wm831x.o
  CC      lib/crypto/sha3.o
  CC      drivers/virtio/virtio_pci_admin_legacy_io.o
  CC      drivers/clk/clk-max77686.o
  CC      drivers/leds/trigger/ledtrig-input-events.o
  CC      crypto/rng.o
  CC      fs/notify/inotify/inotify_user.o
  CC      arch/x86/kernel/cpu/bugs.o
  CC      kernel/rcu/tree.o
  CC      kernel/dma/direct.o
  CC      lib/crypto/sm3.o
  CC      kernel/irq/dummychip.o
  CC      drivers/acpi/event.o
  CC      drivers/pci/tsm.o
  CC      drivers/gpio/gpio-wm8994.o
  CC      lib/crypto/mpi/generic_mpih-lshift.o
  CC      drivers/virtio/virtio_balloon.o
  AR      drivers/leds/trigger/built-in.a
  CC      drivers/regulator/dummy.o
  AR      drivers/leds/built-in.a
  CC      drivers/reset/core.o
  CC      drivers/clk/clk-rk808.o
  CC      kernel/irq/devres.o
  CC      crypto/drbg.o
  CC      lib/crypto/simd.o
  CC      lib/crypto/mpi/generic_mpih-mul1.o
  AR      fs/notify/inotify/built-in.a
  CC      kernel/dma/ops_helpers.o
  CC      drivers/gpio/gpio-ws16c48.o
  AR      fs/notify/built-in.a
  CC      mm/dmapool.o
  CC      fs/verity/enable.o
  CC      drivers/acpi/evged.o
  CC      drivers/pci/controller/cadence/pcie-cadence-hpa.o
  CC      drivers/regulator/fixed-helper.o
  CC      fs/verity/hash_algs.o
  CC      drivers/virtio/virtio_input.o
  CC      drivers/clk/clk-si5341.o
  CC      kernel/irq/kexec.o
  CC      arch/x86/kernel/cpu/aperfmperf.o
  CC      drivers/reset/reset-gpio.o
  CC      crypto/jitterentropy.o
  CC      crypto/jitterentropy-kcapi.o
  CC      lib/crypto/mpi/generic_mpih-mul2.o
  CC      drivers/gpio/gpio-xilinx.o
  CC      kernel/dma/contiguous.o
  CC      drivers/acpi/sysfs.o
  CC      mm/hugetlb.o
  CC      drivers/gpio/gpio-xra1403.o
  CC      drivers/regulator/helpers.o
  CC      fs/verity/init.o
  CC      arch/x86/kernel/cpu/cpuid-deps.o
  CC      drivers/reset/reset-simple.o
  CC      crypto/zstd.o
  CC      kernel/irq/generic-chip.o
  CC      drivers/pci/controller/cadence/pcie-cadence.o
  CC      kernel/rcu/rcu_segcblist.o
  CC      drivers/virtio/virtio_debug.o
  CC      lib/crypto/mpi/generic_mpih-mul3.o
  CC      kernel/entry/common.o
  AR      drivers/reset/built-in.a
  CC      drivers/acpi/property.o
  CC      arch/x86/kernel/cpu/cpuid_0x2_table.o
  CC      drivers/clk/clk-si514.o
  CC      lib/crypto/mpi/generic_mpih-rshift.o
  CC      kernel/dma/coherent.o
  AR      drivers/gpio/built-in.a
  CC      mm/hugetlb_sysfs.o
  CC      fs/verity/measure.o
  CC      drivers/regulator/devres.o
  AR      kernel/rcu/built-in.a
  CC      kernel/irq/autoprobe.o
  CC      crypto/ecc.o
  AR      drivers/virtio/built-in.a
  CC      drivers/pci/controller/cadence/pcie-cadence-host-common.o
  CC      arch/x86/kernel/cpu/umwait.o
  CC      kernel/entry/syscall-common.o
  CC      drivers/clk/clk-si544.o
  CC      drivers/acpi/debugfs.o
  CC      lib/crypto/mpi/generic_mpih-sub1.o
  CC      kernel/dma/remap.o
  CC      fs/locks.o
  CC      drivers/acpi/acpi_lpat.o
  CC      drivers/regulator/irq_helpers.o
  CC      lib/crypto/mpi/generic_mpih-add1.o
  CC      kernel/irq/irqdomain.o
  CC      fs/verity/open.o
  CC      arch/x86/kernel/reboot.o
  CC      crypto/essiv.o
  CC      arch/x86/kernel/cpu/capflags.o
  CC      drivers/pci/controller/cadence/pcie-cadence-host.o
  CC      kernel/entry/syscall_user_dispatch.o
  CC      drivers/pci/controller/cadence/pcie-cadence-host-hpa.o
  CC      arch/x86/kernel/cpu/powerflags.o
  AR      drivers/pci/controller/dwc/built-in.a
  CC      drivers/pci/controller/cadence/pcie-cadence-plat.o
  CC      mm/hugetlb_sysctl.o
  AR      kernel/dma/built-in.a
  CC      arch/x86/kernel/cpu/topology.o
  CC      drivers/clk/clk-si570.o
  CC      drivers/acpi/acpi_watchdog.o
  CC      drivers/tty/tty_io.o
  CC      lib/crypto/mpi/mpicoder.o
  CC      drivers/regulator/of_regulator.o
  CC      fs/verity/pagecache.o
  CC      drivers/clk/clk-tps68470.o
  CC      kernel/irq/migration.o
  CC      crypto/asymmetric_keys/asymmetric_type.o
  CC      kernel/entry/virt.o
  CC      mm/hugetlb_cma.o
  CC      arch/x86/kernel/cpu/feat_ctl.o
  CC      drivers/tty/n_tty.o
  CC      drivers/tty/tty_ioctl.o
  CC      drivers/acpi/acpi_ffh.o
  AR      drivers/pci/controller/cadence/built-in.a
  CC      lib/crypto/mpi/mpi-add.o
  AR      drivers/pci/controller/plda/built-in.a
  CC      drivers/pci/switch/switchtec.o
  AR      drivers/pci/controller/built-in.a
  CC      drivers/regulator/fixed.o
  CC      drivers/char/mem.o
  CC      drivers/clk/clk-renesas-pcie.o
  CC      arch/x86/kernel/cpu/intel.o
  CC      kernel/irq/cpuhotplug.o
  CC      fs/verity/read_metadata.o
  CC      drivers/char/random.o
  CC      crypto/asymmetric_keys/restrict.o
  CC      mm/sparse.o
  CC      drivers/char/misc.o
  CC      lib/crypto/mpi/mpi-bit.o
  AR      kernel/entry/built-in.a
  CC      drivers/char/lp.o
  CC      drivers/regulator/userspace-consumer.o
  CC      drivers/acpi/acpi_ipmi.o
  CC      arch/x86/kernel/cpu/tsx.o
  CC      crypto/asymmetric_keys/signature.o
  CC      drivers/acpi/acpica/dsargs.o
  CC      drivers/clk/clk-versaclock3.o
  CC      drivers/tty/tty_ldisc.o
  CC      kernel/irq/affinity.o
  CC      kernel/irq/matrix.o
  AR      drivers/pci/switch/built-in.a
  AR      drivers/pci/built-in.a
  CC      fs/verity/verify.o
  CC      drivers/acpi/acpica/dscontrol.o
  CC      crypto/kdf_sp800108.o
  CC      lib/crypto/mpi/mpi-cmp.o
  CC      arch/x86/kernel/cpu/intel_epb.o
  CC      arch/x86/kernel/msr.o
  CC      mm/mmu_notifier.o
  CC      crypto/asymmetric_keys/public_key.o
  CC      arch/x86/kernel/cpu/amd.o
  CC      mm/ksm.o
  CC      drivers/acpi/acpica/dsdebug.o
  CC      arch/x86/kernel/cpu/amd_cache_disable.o
  CC      drivers/regulator/88pg86x.o
  AR      kernel/irq/built-in.a
  CC      drivers/char/nvram.o
  CC      kernel/kcmp.o
  CC      drivers/tty/tty_buffer.o
  AR      fs/verity/built-in.a
  CC      fs/binfmt_script.o
  CC      lib/crypto/mpi/mpi-sub-ui.o
  CC      drivers/clk/clk-versaclock7.o
  CC      lib/crypto/mpi/mpi-div.o
  CC      fs/binfmt_elf.o
  CC      drivers/acpi/acpica/dsfield.o
  CC      kernel/freezer.o
  ASN.1   crypto/asymmetric_keys/x509.asn1.[ch]
  ASN.1   crypto/asymmetric_keys/x509_akid.asn1.[ch]
  CC      fs/backing-file.o
  CC      crypto/asymmetric_keys/x509_loader.o
  CC      drivers/regulator/88pm800-regulator.o
  CC      mm/migrate.o
  CC      arch/x86/kernel/cpu/hygon.o
  CC      drivers/acpi/acpica/dsinit.o
  CC      mm/page_counter.o
  CC      drivers/char/toshiba.o
  CC      drivers/tty/tty_port.o
  CC      drivers/tty/tty_mutex.o
  CC      crypto/asymmetric_keys/x509_public_key.o
  CC      lib/crypto/mpi/mpi-mod.o
  CC      drivers/clk/clk-wm831x.o
  CC      arch/x86/kernel/cpu/cyrix.o
  CC      drivers/tty/tty_ldsem.o
  CC      crypto/asymmetric_keys/selftest.o
  CC      drivers/acpi/acpica/dsmethod.o
  CC      kernel/stacktrace.o
  CC      crypto/rsapubkey.asn1.o
  CC      drivers/regulator/cros-ec-regulator.o
  CC      kernel/time/time.o
  CC      fs/coredump.o
  CC      kernel/futex/core.o
  CC      lib/crypto/mpi/mpi-mul.o
  CC      drivers/char/hw_random/core.o
  CC      drivers/acpi/acpica/dsmthdat.o
  CC      kernel/time/timer.o
  CC      crypto/asymmetric_keys/selftest_rsa.o
  CC      drivers/clk/x86/clk-lpss-atom.o
  CC      kernel/futex/syscalls.o
  CC      drivers/tty/tty_baudrate.o
  CC      arch/x86/kernel/cpu/centaur.o
  CC      drivers/acpi/ac.o
  CC      mm/gup_test.o
  CC      drivers/acpi/acpica/dsobject.o
  CC      drivers/iommu/iommu.o
  CC      crypto/asymmetric_keys/selftest_ecdsa.o
  CC      lib/crypto/mpi/mpih-cmp.o
  CC      drivers/clk/x86/clk-pmc-atom.o
  CC      drivers/regulator/cpcap-regulator.o
  CC      drivers/char/hw_random/timeriomem-rng.o
  CC      arch/x86/kernel/cpu/transmeta.o
  CC      arch/x86/kernel/cpu/zhaoxin.o
  CC      arch/x86/kernel/cpuid.o
  CC      crypto/rsaprivkey.asn1.o
  CC      drivers/tty/tty_jobctrl.o
  AR      fs/iomap/built-in.a
  ASN.1   crypto/asymmetric_keys/pkcs8.asn1.[ch]
  ASN.1   crypto/asymmetric_keys/pkcs7.asn1.[ch]
  CC      fs/quota/dquot.o
  CC      crypto/asymmetric_keys/pkcs7_trust.o
  CC      drivers/acpi/acpica/dsopcode.o
  CC      kernel/time/hrtimer.o
  CC      mm/dmapool_test.o
  AR      drivers/clk/x86/built-in.a
  CC      lib/crypto/mpi/mpih-div.o
  AR      drivers/clk/xilinx/built-in.a
  CC      kernel/futex/pi.o
  CC      drivers/acpi/acpica/dspkginit.o
  AR      drivers/clk/built-in.a
  CC      drivers/char/pc8736x_gpio.o
  CC      drivers/char/hw_random/amd-rng.o
  CC      arch/x86/kernel/early-quirks.o
  CC      crypto/asymmetric_keys/pkcs7_verify.o
  CC      kernel/dma.o
  CC      drivers/acpi/button.o
  CC      drivers/regulator/ad5398.o
  CC      arch/x86/kernel/cpu/vortex.o
  CC      drivers/tty/n_null.o
  CC      drivers/acpi/acpica/dsutils.o
  CC      mm/page_isolation.o
  CC      arch/x86/kernel/cpu/mce/core.o
  CC      lib/crypto/mpi/mpih-mul.o
  CC      drivers/iommu/iommu-pages.o
  CC      drivers/char/hw_random/via-rng.o
  CC      kernel/futex/requeue.o
  CC      arch/x86/kernel/cpu/microcode/core.o
  CC      crypto/asymmetric_keys/x509.asn1.o
  CC      crypto/asymmetric_keys/x509_akid.asn1.o
  CC      kernel/time/sleep_timeout.o
  CC      crypto/asymmetric_keys/x509_cert_parser.o
  CC      drivers/acpi/acpica/dswexec.o
  CC      drivers/acpi/acpica/dswload.o
  CC      drivers/tty/pty.o
  CC      drivers/iommu/iommu-traces.o
  CC      drivers/regulator/atc260x-regulator.o
  CC      drivers/gpu/trace/trace_gpu_mem.o
  CC      drivers/char/hw_random/virtio-rng.o
  CC      fs/quota/quota_v2.o
  CC      arch/x86/kernel/smp.o
  CC      kernel/futex/waitwake.o
  CC      mm/early_ioremap.o
  CC      kernel/time/timekeeping.o
  CC      drivers/acpi/acpica/dswload2.o
  CC      lib/crypto/mpi/mpi-pow.o
  AR      drivers/gpu/trace/built-in.a
  CC      drivers/char/hw_random/xiphera-trng.o
  AR      drivers/gpu/built-in.a
  CC      crypto/asymmetric_keys/pkcs8.asn1.o
  CC      drivers/iommu/iommu-sysfs.o
  CC      arch/x86/kernel/cpu/microcode/intel.o
  CC      drivers/tty/sysrq.o
  CC      crypto/asymmetric_keys/pkcs8_parser.o
  CC      fs/kernfs/mount.o
  CC      fs/quota/quota_tree.o
  CC      kernel/time/ntp.o
  CC      drivers/regulator/aw37503-regulator.o
  CC      drivers/acpi/acpica/dswscope.o
  AR      kernel/futex/built-in.a
  CC      fs/kernfs/inode.o
  AR      drivers/char/hw_random/built-in.a
  CC      arch/x86/kernel/cpu/mce/severity.o
  CC      drivers/char/nsc_gpio.o
  CC      mm/cma.o
  CC      mm/balloon.o
  CC      crypto/asymmetric_keys/pkcs7.asn1.o
  CC      lib/crypto/mpi/mpiutil.o
  CC      drivers/iommu/dma-iommu.o
  CC      crypto/asymmetric_keys/pkcs7_parser.o
  CC      drivers/acpi/acpica/dswstate.o
  CC      arch/x86/kernel/cpu/microcode/amd.o
  CC      drivers/tty/vt/vt_ioctl.o
  CC      drivers/tty/vt/vc_screen.o
  CC      kernel/time/clocksource.o
  CC      drivers/regulator/axp20x-regulator.o
  CC      fs/quota/quota.o
  CC      drivers/char/tlclk.o
  CC      drivers/acpi/acpi_video.o
  CC      drivers/acpi/acpica/evevent.o
  AR      crypto/asymmetric_keys/built-in.a
  CC      arch/x86/kernel/cpu/mce/genpool.o
  CC      crypto/ecdsa-x962.o
  CC      fs/kernfs/dir.o
  AR      lib/crypto/mpi/built-in.a
  CC      drivers/parport/share.o
  AR      lib/crypto/built-in.a
  CC      lib/iomap.o
  CC      mm/page_ext.o
  CC      kernel/time/jiffies.o
  CC      drivers/acpi/acpica/evgpe.o
  CC      fs/kernfs/file.o
  AR      arch/x86/kernel/cpu/microcode/built-in.a
  CC      drivers/iommu/iova.o
  CC      kernel/smp.o
  CC      drivers/char/agp/backend.o
  AR      crypto/built-in.a
  CC      drivers/tty/vt/selection.o
  CC      drivers/regulator/bd9571mwv-regulator.o
  CC      arch/x86/kernel/cpu/resctrl/core.o
  CC      arch/x86/kernel/cpu/mce/winchip.o
  CC      fs/quota/kqid.o
  CC      kernel/time/timer_list.o
  CC      arch/x86/kernel/smpboot.o
  CC      mm/secretmem.o
  CC      lib/iomap_copy.o
  CC      drivers/acpi/acpica/evgpeblk.o
  CC      drivers/parport/ieee1284.o
  CC      lib/devres.o
  CC      drivers/char/hangcheck-timer.o
  CC      drivers/iommu/of_iommu.o
  CC      arch/x86/kernel/cpu/resctrl/rdtgroup.o
  CC      drivers/char/agp/generic.o
  CC      arch/x86/kernel/cpu/mce/p5.o
  CC      drivers/tty/vt/keyboard.o
  CC      drivers/regulator/da9052-regulator.o
  AR      fs/quota/built-in.a
  CC      drivers/acpi/acpica/evgpeinit.o
  CC      fs/kernfs/symlink.o
  CC      kernel/time/timeconv.o
  CC      fs/sysfs/file.o
  CC      lib/check_signature.o
  CC      drivers/parport/ieee1284_ops.o
  CC      drivers/base/component.o
  CC      lib/interval_tree.o
  CC      mm/cma_sysfs.o
  CC      drivers/base/core.o
  CC      kernel/time/timecounter.o
  CC      drivers/acpi/acpica/evgpeutil.o
  CC      drivers/parport/procfs.o
  CC      kernel/time/alarmtimer.o
  CC      arch/x86/kernel/cpu/resctrl/monitor.o
  CC      drivers/iommu/virtio-iommu.o
  CC      arch/x86/kernel/cpu/mce/intel.o
  CC      lib/assoc_array.o
  CC      drivers/regulator/da9062-regulator.o
  AR      fs/kernfs/built-in.a
  CC      drivers/acpi/video_detect.o
  CC      drivers/char/agp/isoch.o
  CC      fs/sysfs/dir.o
  CC      drivers/tty/serial/serial_core.o
  CC      drivers/acpi/acpica/evglock.o
  CC      mm/debug_page_alloc.o
  CC      fs/sysfs/symlink.o
  CC      drivers/tty/vt/vt.o
  CC      drivers/parport/daisy.o
  CC      arch/x86/kernel/cpu/resctrl/ctrlmondata.o
  CC      kernel/time/posix-stubs.o
  CC      arch/x86/kernel/cpu/mce/amd.o
  CC      drivers/acpi/acpica/evhandler.o
  CC      lib/list_debug.o
  CC      drivers/tty/serial/serial_base_bus.o
  AR      drivers/iommu/built-in.a
  COPY    drivers/tty/vt/defkeymap.c
  CC      drivers/regulator/da9063-regulator.o
  CC      fs/sysfs/mount.o
  CC      mm/percpu-stats.o
  CC      drivers/regulator/da9121-regulator.o
  CC      drivers/char/agp/ati-agp.o
  CC      lib/debugobjects.o
  CC      arch/x86/kernel/cpu/resctrl/pseudo_lock.o
  CC      drivers/parport/probe.o
  CC      fs/configfs/inode.o
  CC      drivers/acpi/acpica/evmisc.o
  CC      kernel/time/clockevents.o
  CC      arch/x86/kernel/cpu/perfctr-watchdog.o
  CC      mm/memfd.o
  CC      drivers/acpi/acpica/evregion.o
  CC      fs/sysfs/group.o
  CC      drivers/base/bus.o
  CC      arch/x86/kernel/cpu/mce/threshold.o
  CC      drivers/char/agp/amd64-agp.o
  CC      drivers/parport/parport_pc.o
  CC      arch/x86/kernel/cpu/debugfs.o
  CC      drivers/regulator/da9210-regulator.o
  CC      drivers/tty/serial/serial_ctrl.o
  CC      lib/bitrev.o
  CC      fs/configfs/file.o
  CC      kernel/time/tick-common.o
  AR      arch/x86/kernel/cpu/resctrl/built-in.a
  CC      drivers/tty/vt/consolemap.o
  CC      drivers/acpi/acpica/evrgnini.o
  HOSTCC  drivers/tty/vt/conmakehash
  CC      lib/linear_ranges.o
  COPY    drivers/tty/vt/ucs_width_table.h
  CC      drivers/tty/serial/serial_port.o
  AR      fs/sysfs/built-in.a
  CC      drivers/tty/serial/earlycon.o
  CC      drivers/base/dd.o
  CC      drivers/tty/serial/8250/8250_core.o
  CC      drivers/char/tpm/tpm-chip.o
  CC      drivers/char/agp/intel-agp.o
  CC      drivers/char/agp/intel-gtt.o
  AR      arch/x86/kernel/cpu/mce/built-in.a
  AR      arch/x86/kernel/cpu/built-in.a
  CC      fs/configfs/dir.o
  CC      mm/ptdump.o
  CC      arch/x86/kernel/tsc_sync.o
  CC      drivers/acpi/acpica/evsci.o
  CC      drivers/regulator/da9211-regulator.o
  CC      lib/xxhash.o
  AR      drivers/parport/built-in.a
  CC      kernel/time/tick-broadcast.o
  CC      drivers/acpi/processor_driver.o
  CC      drivers/misc/ibmasm/module.o
  CC      drivers/acpi/acpica/evxface.o
  COPY    drivers/tty/vt/ucs_recompose_table.h
  COPY    drivers/tty/vt/ucs_fallback_table.h
  CC      drivers/tty/vt/defkeymap.o
  CC      drivers/misc/ibmasm/ibmasmfs.o
  CC      arch/x86/kernel/setup_percpu.o
  CC      lib/genalloc.o
  CC      drivers/char/tpm/tpm-dev-common.o
  CONMK   drivers/tty/vt/consolemap_deftbl.c
  CC      drivers/tty/vt/ucs.o
  CC      mm/page_reporting.o
  CC      drivers/base/syscore.o
  CC      mm/shrinker_debug.o
  CC      drivers/tty/serial/8250/8250_platform.o
  CC      drivers/tty/vt/consolemap_deftbl.o
  CC      drivers/acpi/acpica/evxfevnt.o
  AR      drivers/tty/vt/built-in.a
  CC      drivers/tty/serial/8250/8250_pnp.o
  CC      fs/configfs/symlink.o
  CC      drivers/regulator/fan53880.o
  CC      drivers/char/agp/sis-agp.o
  CC      arch/x86/kernel/mpparse.o
  CC      kernel/time/tick-broadcast-hrtimer.o
  CC      lib/zlib_inflate/inffast.o
  CC      drivers/char/xillybus/xillybus_class.o
  CC      drivers/acpi/acpica/evxfgpe.o
  CC      drivers/misc/ibmasm/event.o
  CC      lib/zlib_inflate/inflate.o
  CC      drivers/misc/tifm_core.o
  CC      drivers/char/tpm/tpm-dev.o
  CC      mm/execmem.o
  CC      drivers/base/driver.o
  CC      drivers/char/xillybus/xillybus_core.o
  CC      kernel/time/tick-oneshot.o
  CC      drivers/mfd/88pm800.o
  CC      drivers/char/agp/sworks-agp.o
  CC      drivers/tty/serial/8250/8250_port.o
  CC      drivers/regulator/gpio-regulator.o
  CC      fs/configfs/mount.o
  CC      drivers/acpi/acpica/evxfregn.o
  CC      lib/zlib_inflate/infutil.o
  CC      lib/zlib_deflate/deflate.o
  CC      drivers/misc/ibmasm/command.o
  CC      arch/x86/kernel/apic/apic.o
  CC      kernel/time/tick-sched.o
  CC      drivers/base/class.o
  CC      drivers/char/tpm/tpm-interface.o
  CC      mm/shmem_quota.o
  CC      lib/zlib_inflate/inftrees.o
  CC      drivers/regulator/hi6421-regulator.o
  CC      drivers/mfd/88pm80x.o
  CC      drivers/acpi/acpica/exconcat.o
  CC      lib/zlib_inflate/inflate_syms.o
  CC      drivers/char/xillybus/xillyusb.o
  AR      drivers/char/agp/built-in.a
  CC      lib/zlib_deflate/deftree.o
  CC      drivers/char/tpm/tpm1-cmd.o
  AR      drivers/nfc/built-in.a
  CC      drivers/base/platform.o
  CC      fs/configfs/item.o
  CC      drivers/misc/ibmasm/remote.o
  AR      lib/zlib_inflate/built-in.a
  CC      kernel/time/vsyscall.o
  CC      drivers/char/tpm/tpm2-cmd.o
  CC      lib/zlib_deflate/deflate_syms.o
  CC      drivers/char/tpm/tpmrm-dev.o
  CC      drivers/acpi/acpica/exconfig.o
  CC      drivers/regulator/hi6421v530-regulator.o
  CC      drivers/acpi/processor_thermal.o
  AR      fs/configfs/built-in.a
  AR      mm/built-in.a
  CC      drivers/mfd/88pm805.o
  CC      fs/devpts/inode.o
  CC      drivers/regulator/isl6271a-regulator.o
  CC      drivers/tty/serial/8250/8250_dwlib.o
  CC      arch/x86/kernel/apic/apic_common.o
  CC      kernel/time/timekeeping_debug.o
  AR      lib/zlib_deflate/built-in.a
  CC      lib/reed_solomon/reed_solomon.o
  CC      arch/x86/kernel/trace_clock.o
  CC      drivers/acpi/acpica/exconvrt.o
  CC      drivers/base/cpu.o
  CC      drivers/regulator/isl9305.o
  CC      kernel/kallsyms.o
  CC      drivers/misc/ibmasm/heartbeat.o
  CC      drivers/char/tpm/tpm2-space.o
  AR      drivers/char/xillybus/built-in.a
  AR      drivers/dax/built-in.a
  CC      drivers/tty/serial/serial_mctrl_gpio.o
  CC      drivers/tty/serial/8250/8250_pcilib.o
  CC      arch/x86/kernel/apic/apic_noop.o
  CC      drivers/misc/phantom.o
  CC      drivers/acpi/acpica/excreate.o
  AR      kernel/time/built-in.a
  CC      arch/x86/kernel/apic/ipi.o
  CC      drivers/char/tpm/tpm-sysfs.o
  CC      drivers/mfd/sm501.o
  AR      fs/devpts/built-in.a
  CC      fs/cramfs/inode.o
  CC      drivers/tty/serdev/core.o
  CC      drivers/base/firmware.o
  AR      lib/reed_solomon/built-in.a
  CC      lib/bch.o
  CC      drivers/misc/ibmasm/r_heartbeat.o
  CC      arch/x86/kernel/apic/vector.o
  CC      drivers/regulator/fp9931.o
  CC      drivers/acpi/acpica/exdebug.o
  CC      arch/x86/kernel/rethook.o
  CC      drivers/tty/serial/8250/8250_early.o
  CC      fs/ramfs/inode.o
  CC      fs/hugetlbfs/inode.o
  CC      drivers/base/init.o
  CC      drivers/dma-buf/dma-buf.o
  CC      kernel/kallsyms_selftest.o
  CC      drivers/char/tpm/eventlog/common.o
  CC      drivers/acpi/acpica/exdump.o
  CC      fs/cramfs/uncompress.o
  CC      drivers/tty/serdev/serdev-ttyport.o
  CC      drivers/mfd/bcm590xx.o
  CC      drivers/misc/ibmasm/dot_command.o
  CC      drivers/char/tpm/eventlog/tpm1.o
  CC      lib/lzo/lzo1x_compress.o
  AR      fs/cramfs/built-in.a
  CC      drivers/regulator/lp3971.o
  CC      fs/ecryptfs/dentry.o
  CC      drivers/tty/serial/8250/8250_exar.o
  CC      drivers/acpi/acpica/exfield.o
  CC      drivers/base/map.o
  CC      kernel/acct.o
  CC      fs/ramfs/file-mmu.o
  CC      arch/x86/kernel/apic/init.o
  AR      drivers/tty/serdev/built-in.a
  CC      kernel/kexec_core.o
  CC      drivers/misc/ibmasm/lowlevel.o
  CC      lib/lzo/lzo1x_compress_safe.o
  CC      drivers/misc/ibmasm/uart.o
  AR      fs/hugetlbfs/built-in.a
  CC      drivers/dma-buf/dma-fence.o
  CC      arch/x86/kernel/apic/hw_nmi.o
  CC      drivers/acpi/acpica/exfldio.o
  CC      drivers/base/devres.o
  CC      lib/lzo/lzo1x_decompress_safe.o
  CC      drivers/mfd/bd9571mwv.o
  CC      drivers/char/tpm/eventlog/tpm2.o
  CC      fs/ecryptfs/file.o
  CC      drivers/regulator/lp3972.o
  AR      fs/ramfs/built-in.a
  CC      drivers/acpi/acpica/exmisc.o
  CC      drivers/misc/rpmb-core.o
  CC      drivers/cxl/core/port.o
  CC      drivers/tty/serial/8250/8250_lpss.o
  CC      drivers/base/attribute_container.o
  AR      lib/lzo/built-in.a
  CC      lib/lz4/lz4_compress.o
  CC      arch/x86/kernel/machine_kexec_32.o
  AR      drivers/misc/ibmasm/built-in.a
  CC      lib/lz4/lz4hc_compress.o
  CC      arch/x86/kernel/apic/io_apic.o
  CC      fs/exportfs/expfs.o
  CC      kernel/kexec.o
  CC      drivers/dma-buf/dma-fence-array.o
  CC      drivers/mfd/bq257xx.o
  CC      drivers/acpi/acpica/exmutex.o
  CC      drivers/char/tpm/tpm-buf.o
  CC      drivers/misc/bh1770glc.o
  CC      drivers/base/transport_class.o
  CC      drivers/regulator/lp872x.o
  CC      fs/ecryptfs/inode.o
  CC      drivers/tty/serial/8250/8250_mid.o
  CC      drivers/dma-buf/dma-fence-chain.o
  CC      drivers/acpi/acpica/exnames.o
  CC      lib/lz4/lz4_decompress.o
  AR      fs/exportfs/built-in.a
  CC      drivers/mfd/cgbc-core.o
  CC      drivers/cxl/core/pmem.o
  CC      drivers/char/tpm/tpm2-sessions.o
  CC      drivers/base/topology.o
  CC      lib/zstd/zstd_compress_module.o
  CC      kernel/cgroup/cgroup.o
  CC      kernel/cgroup/rstat.o
  CC      drivers/tty/serial/kgdboc.o
  CC      drivers/dma-buf/dma-fence-unwrap.o
  CC      drivers/acpi/acpica/exoparg1.o
  CC      drivers/regulator/ltc3589.o
  CC      drivers/misc/enclosure.o
  CC      drivers/tty/serial/8250/8250_of.o
  CC      fs/ecryptfs/main.o
  CC      drivers/mfd/cros_ec_dev.o
  CC      arch/x86/kernel/apic/probe_32.o
  CC      lib/zstd/compress/fse_compress.o
  CC      drivers/cxl/core/regs.o
  CC      drivers/base/container.o
  CC      drivers/char/tpm/tpm_ppi.o
  CC      drivers/dma-buf/dma-resv.o
  CC      drivers/acpi/acpica/exoparg2.o
  CC      lib/zstd/compress/hist.o
  AR      arch/x86/kernel/apic/built-in.a
  CC      drivers/misc/smpro-errmon.o
  AS      arch/x86/kernel/relocate_kernel_32.o
  CC      lib/zstd/compress/huf_compress.o
  CC      arch/x86/kernel/kprobes/core.o
  AR      lib/lz4/built-in.a
  CC      drivers/regulator/ltc3676.o
  CC      arch/x86/kernel/doublefault_32.o
  CC      drivers/tty/serial/8250/8250_pci.o
  CC      drivers/mfd/cs42l43.o
  CC      drivers/base/property.o
  CC      fs/nls/nls_base.o
  CC      drivers/acpi/acpica/exoparg3.o
  CC      drivers/cxl/core/memdev.o
  CC      fs/ecryptfs/super.o
  CC      drivers/misc/smpro-misc.o
  CC      drivers/acpi/acpica/exoparg6.o
  CC      lib/zstd/compress/zstd_compress.o
  CC      drivers/dma-buf/dma-buf-mapping.o
  CC      drivers/char/tpm/eventlog/acpi.o
  CC      fs/nls/nls_cp737.o
  CC      drivers/char/tpm/eventlog/efi.o
  CC      drivers/regulator/max14577-regulator.o
  CC      drivers/misc/apds9802als.o
  CC      arch/x86/kernel/kprobes/opt.o
  CC      drivers/acpi/acpica/exprep.o
  CC      drivers/mfd/cs42l43-i2c.o
  CC      drivers/char/tpm/eventlog/of.o
  CC      fs/ecryptfs/mmap.o
  CC      fs/nls/nls_cp775.o
  CC      drivers/dma-buf/sync_file.o
  CC      drivers/tty/serial/8250/8250_pericom.o
  CC      drivers/base/cacheinfo.o
  CC      drivers/cxl/core/mbox.o
  CC      drivers/base/swnode.o
  CC      drivers/acpi/processor_idle.o
  CC      kernel/cgroup/namespace.o
  CC      drivers/acpi/acpica/exregion.o
  CC      fs/nls/nls_cp850.o
  CC      drivers/misc/isl29020.o
  CC      drivers/regulator/max1586.o
  CC      drivers/mfd/gateworks-gsc.o
  CC      drivers/char/tpm/tpm_tis_core.o
  AR      arch/x86/kernel/kprobes/built-in.a
  CC      arch/x86/kernel/kgdb.o
  CC      drivers/acpi/acpica/exresnte.o
  CC      drivers/dma-buf/sw_sync.o
  CC      lib/zstd/compress/zstd_compress_literals.o
  CC      fs/nls/nls_cp855.o
  CC      fs/ecryptfs/read_write.o
  AR      drivers/tty/serial/8250/built-in.a
  CC      lib/zstd/compress/zstd_compress_sequences.o
  CC      arch/x86/kernel/hpet.o
  AR      drivers/tty/serial/built-in.a
  CC      drivers/base/faux.o
  AR      drivers/tty/ipwireless/built-in.a
  AR      drivers/tty/built-in.a
  CC      drivers/mfd/arizona-core.o
  CC      kernel/cgroup/cgroup-v1.o
  CC      drivers/cxl/core/pci.o
  CC      drivers/acpi/acpica/exresolv.o
  CC      fs/nls/nls_cp857.o
  CC      lib/zstd/compress/zstd_compress_superblock.o
  CC      drivers/misc/ds1682.o
  CC      drivers/regulator/max5970-regulator.o
  UPD     kernel/config_data
  CC      drivers/dma-buf/sync_debug.o
  CC      drivers/misc/hmc6352.o
  CC      lib/zstd/compress/zstd_double_fast.o
  CC      drivers/base/auxiliary.o
  CC      drivers/cxl/port.o
  CC      fs/ecryptfs/crypto.o
  CC      drivers/cxl/mem.o
  CC      drivers/acpi/acpica/exresop.o
  CC      drivers/char/tpm/tpm_tis_spi_main.o
  CC      arch/x86/kernel/amd_nb.o
  CC      fs/nls/nls_cp860.o
  AR      drivers/dma-buf/built-in.a
  CC      drivers/regulator/max77503-regulator.o
  CC      drivers/mfd/arizona-irq.o
  CC      drivers/acpi/acpica/exserial.o
  CC      drivers/acpi/processor_throttling.o
  CC      drivers/base/devtmpfs.o
  CC      drivers/cxl/core/hdm.o
  CC      drivers/cxl/core/pmu.o
  CC      kernel/cgroup/freezer.o
  CC      fs/nls/nls_cp861.o
  CC      fs/nls/nls_cp865.o
  CC      drivers/misc/eeprom/at24.o
  AR      fs/unicode/built-in.a
  CC      fs/nls/nls_cp869.o
  CC      arch/x86/kernel/amd_node.o
  CC      drivers/acpi/acpica/exstore.o
  CC      drivers/char/tpm/tpm_tis_i2c_cr50.o
  CC      lib/zstd/compress/zstd_fast.o
  CC      fs/ecryptfs/keystore.o
  CC      drivers/mfd/wm5110-tables.o
  CC      drivers/acpi/acpica/exstoren.o
  CC      fs/nls/nls_cp936.o
  CC      drivers/base/power/sysfs.o
  CC      drivers/regulator/max77650-regulator.o
  CC      fs/autofs/init.o
  CC      drivers/base/power/generic_ops.o
  CC      fs/autofs/inode.o
  CC      drivers/base/power/common.o
  CC      kernel/cgroup/legacy_freezer.o
  CC      drivers/acpi/acpica/exstorob.o
  CC      arch/x86/kernel/nmi_selftest.o
  CC      drivers/cxl/core/cdat.o
  CC      drivers/misc/eeprom/max6875.o
  CC      arch/x86/kernel/check.o
  CC      fs/nls/nls_cp949.o
  CC      drivers/misc/eeprom/eeprom_93cx6.o
  CC      drivers/mfd/wm8997-tables.o
  CC      drivers/char/tpm/tpm_i2c_atmel.o
  CC      drivers/regulator/max77675-regulator.o
  CC      lib/zstd/compress/zstd_lazy.o
  CC      drivers/base/power/qos.o
  CC      arch/x86/kernel/devicetree.o
  CC      drivers/acpi/acpica/exsystem.o
  CC      kernel/cgroup/pids.o
  CC      lib/zstd/compress/zstd_ldm.o
  CC      fs/ecryptfs/kthread.o
  CC      fs/autofs/root.o
  CC      fs/nls/nls_cp1250.o
  CC      fs/ecryptfs/debug.o
  CC      lib/xz/xz_dec_syms.o
  CC      drivers/misc/eeprom/eeprom_93xx46.o
  CC      drivers/acpi/processor_perflib.o
  CC      drivers/acpi/acpica/extrace.o
  CC      drivers/cxl/core/features.o
  CC      drivers/mfd/arizona-spi.o
  CC      drivers/char/tpm/tpm_i2c_nuvoton.o
  CC      fs/nls/nls_cp1251.o
  CC      lib/xz/xz_dec_stream.o
  CC      arch/x86/kernel/perf_regs.o
  CC      kernel/cgroup/misc.o
  CC      drivers/regulator/max8649.o
  CC      lib/zstd/compress/zstd_opt.o
  CC      drivers/base/power/runtime.o
  AR      fs/ecryptfs/built-in.a
  CC      drivers/acpi/acpica/exutils.o
  CC      fs/nls/nls_ascii.o
  CC      kernel/cgroup/dmem.o
  CC      fs/autofs/symlink.o
  CC      drivers/acpi/acpica/hwacpi.o
  CC      drivers/misc/eeprom/m24lr.o
  CC      lib/xz/xz_dec_lzma2.o
  CC      drivers/mfd/wm831x-core.o
  CC      lib/xz/xz_dec_bcj.o
  CC      fs/nls/nls_iso8859-2.o
  AR      drivers/cxl/core/built-in.a
  CC      drivers/cxl/pci.o
  CC      arch/x86/kernel/itmt.o
  CC      drivers/acpi/acpica/hwesleep.o
  CC      drivers/char/tpm/tpm_infineon.o
  CC      drivers/regulator/max8660.o
  CC      fs/overlayfs/super.o
  CC      drivers/base/power/wakeirq.o
  CC      fs/nls/nls_iso8859-3.o
  CC      kernel/cgroup/debug.o
  CC      fs/autofs/waitq.o
  AR      drivers/misc/cb710/built-in.a
  CC      fs/nls/nls_iso8859-7.o
  CC      lib/zstd/compress/zstd_preSplit.o
  CC      drivers/mfd/wm831x-irq.o
  CC      drivers/acpi/acpica/hwgpe.o
  CC      lib/xz/xz_dec_test.o
  AR      drivers/misc/eeprom/built-in.a
  CC      drivers/misc/pch_phub.o
  CC      arch/x86/kernel/umip.o
  CC      drivers/regulator/max8893.o
  CC      drivers/char/tpm/st33zp24/st33zp24.o
  CC      drivers/base/isa.o
  CC      fs/nls/nls_cp1255.o
  CC      drivers/base/power/clock_ops.o
  CC      drivers/regulator/max8907-regulator.o
  AR      drivers/cxl/built-in.a
  CC      drivers/acpi/acpica/hwregs.o
  AR      kernel/cgroup/built-in.a
  CC      fs/overlayfs/namei.o
  CC      kernel/stop_machine.o
  AR      drivers/scsi/built-in.a
  AR      lib/xz/built-in.a
  CC      drivers/mfd/wm831x-otp.o
  CC      fs/autofs/expire.o
  CC      arch/x86/kernel/unwind_frame.o
  CC      fs/nls/nls_iso8859-9.o
  CC      drivers/mfd/wm831x-auxadc.o
  CC      drivers/misc/lis3lv02d/lis3lv02d.o
  CC      drivers/acpi/acpica/hwsleep.o
  CC      drivers/misc/lis3lv02d/lis3lv02d_i2c.o
  CC      drivers/char/tpm/st33zp24/i2c.o
  AR      drivers/base/power/built-in.a
  CC      fs/overlayfs/util.o
  CC      drivers/base/firmware_loader/main.o
  CC      kernel/kprobes.o
  CC      drivers/regulator/max77693-regulator.o
  CC      drivers/acpi/acpica/hwvalid.o
  CC      fs/nls/nls_iso8859-13.o
  CC      drivers/base/firmware_loader/sysfs.o
  CC      fs/nls/nls_iso8859-14.o
  LDS     arch/x86/kernel/vmlinux.lds
  AR      arch/x86/kernel/built-in.a
  AR      arch/x86/built-in.a
  CC      fs/debugfs/inode.o
  CC      drivers/mfd/wm831x-spi.o
  CC      fs/autofs/dev-ioctl.o
  CC      fs/debugfs/file.o
  CC      lib/zstd/zstd_decompress_module.o
  CC      drivers/mtd/mtdcore.o
  CC      drivers/acpi/acpica/hwxface.o
  AR      drivers/misc/lis3lv02d/built-in.a
  CC      fs/nls/nls_koi8-r.o
  CC      drivers/misc/mei/init.o
  CC      drivers/char/tpm/st33zp24/spi.o
  CC      drivers/regulator/max77802-regulator.o
  CC      drivers/acpi/acpica/hwxfsleep.o
  CC      drivers/misc/mei/hbm.o
  CC      fs/overlayfs/inode.o
  CC      drivers/misc/mei/interrupt.o
  CC      drivers/base/firmware_loader/sysfs_upload.o
  CC      fs/nls/nls_koi8-u.o
  CC      drivers/mfd/wm8994-core.o
  CC      drivers/acpi/acpica/hwpci.o
  CC      kernel/debug/debug_core.o
  CC      drivers/acpi/container.o
  CC      drivers/acpi/acpica/nsaccess.o
  AR      fs/autofs/built-in.a
  AR      drivers/char/tpm/st33zp24/built-in.a
  AR      drivers/char/tpm/built-in.a
  CC      drivers/misc/vmw_vmci/vmci_context.o
  CC      drivers/base/firmware_loader/builtin/main.o
  AR      drivers/char/built-in.a
  AR      fs/debugfs/built-in.a
  CC      fs/nls/nls_koi8-ru.o
  CC      kernel/hung_task.o
  CC      drivers/mtd/mtdsuper.o
  CC      drivers/regulator/max77826-regulator.o
  CC      fs/overlayfs/file.o
  CC      lib/zstd/decompress/huf_decompress.o
  CC      lib/percpu_counter.o
  CC      drivers/acpi/acpica/nsalloc.o
  CC      lib/fault-inject.o
  CC      drivers/misc/mei/client.o
  CC      lib/notifier-error-inject.o
  AR      drivers/base/firmware_loader/builtin/built-in.a
  CC      lib/pm-notifier-error-inject.o
  AR      drivers/base/firmware_loader/built-in.a
  CC      fs/nls/nls_utf8.o
  CC      drivers/base/auxiliary_sysfs.o
  CC      drivers/mfd/wm8994-irq.o
  CC      drivers/acpi/acpica/nsarguments.o
  CC      drivers/acpi/acpica/nsconvert.o
  CC      kernel/debug/gdbstub.o
  CC      drivers/misc/mei/main.o
  CC      drivers/mtd/mtdconcat.o
  CC      fs/nls/mac-celtic.o
  CC      drivers/misc/vmw_vmci/vmci_datagram.o
  CC      drivers/regulator/max77838-regulator.o
  CC      drivers/misc/mei/dma-ring.o
  CC      drivers/misc/mei/bus.o
  CC      drivers/base/regmap/regmap.o
  CC      fs/overlayfs/dir.o
  CC      fs/overlayfs/readdir.o
  CC      drivers/base/pinctrl.o
  CC      drivers/acpi/acpica/nsdump.o
  CC      fs/nls/mac-centeuro.o
  CC      lib/zstd/decompress/zstd_ddict.o
  CC      drivers/mfd/wm8994-regmap.o
  CC      drivers/misc/vmw_vmci/vmci_doorbell.o
  CC      lib/zstd/decompress/zstd_decompress.o
  CC      drivers/acpi/acpica/nseval.o
  CC      drivers/misc/dw-xdata-pcie.o
  CC      kernel/debug/kdb/kdb_io.o
  CC      fs/nls/mac-croatian.o
  CC      kernel/relay.o
  CC      drivers/regulator/max77857-regulator.o
  CC      fs/nls/mac-cyrillic.o
  CC      drivers/mtd/mtdpart.o
  CC      drivers/spi/spi.o
  CC      drivers/mfd/tps6105x.o
  CC      drivers/misc/vmw_vmci/vmci_driver.o
  CC      drivers/misc/mei/bus-fixup.o
  CC      lib/zstd/decompress/zstd_decompress_block.o
  CC      drivers/acpi/acpica/nsinit.o
  CC      drivers/regulator/mc13783-regulator.o
  CC      fs/nls/mac-greek.o
  CC      drivers/spi/spi-mem.o
  CC      fs/overlayfs/copy_up.o
  CC      drivers/misc/vmw_vmci/vmci_event.o
  CC      drivers/base/regmap/regcache.o
  CC      drivers/mtd/mtdchar.o
  CC      fs/nls/mac-iceland.o
  CC      kernel/debug/kdb/kdb_main.o
  CC      fs/overlayfs/export.o
  CC      drivers/acpi/acpica/nsload.o
  CC      drivers/spmi/spmi.o
  CC      fs/pstore/inode.o
  CC      drivers/mfd/tps65010.o
  CC      drivers/misc/mei/debugfs.o
  CC      fs/nls/mac-romanian.o
  CC      drivers/misc/vmw_vmci/vmci_guest.o
  CC      drivers/regulator/mc13892-regulator.o
  CC      drivers/acpi/acpica/nsnames.o
  CC      drivers/base/regmap/regcache-rbtree.o
  CC      drivers/spmi/spmi-devres.o
  CC      drivers/base/physical_location.o
  CC      fs/nls/mac-roman.o
  CC      drivers/mfd/tps6507x.o
  CC      drivers/mtd/mtd_virt_concat.o
  CC      drivers/misc/mei/pci-me.o
  CC      fs/overlayfs/params.o
  CC      drivers/acpi/acpica/nsobject.o
  CC      drivers/misc/vmw_vmci/vmci_handle_array.o
  CC      fs/pstore/platform.o
  CC      drivers/regulator/mc13xxx-regulator-core.o
  AR      drivers/spmi/built-in.a
  CC      drivers/regulator/mcp16502.o
  AR      fs/nls/built-in.a
  CC      fs/overlayfs/xattrs.o
  CC      drivers/spi/spi-offload.o
  CC      drivers/misc/cardreader/alcor_pci.o
  CC      drivers/base/regmap/regcache-flat.o
  CC      drivers/misc/uacce/uacce.o
  CC      kernel/debug/kdb/kdb_support.o
  CC      drivers/mtd/parsers/cmdlinepart.o
  CC      drivers/misc/vmw_vmci/vmci_host.o
  CC      drivers/acpi/acpica/nsparse.o
  CC      drivers/misc/mei/hw-me.o
  CC      lib/zstd/zstd_common_module.o
  CC      drivers/mfd/tps65086.o
  CC      fs/pstore/pmsg.o
  CC      drivers/misc/mei/pci-txe.o
  CC      drivers/acpi/acpica/nspredef.o
  CC      drivers/base/regmap/regcache-maple.o
  AR      drivers/mtd/parsers/built-in.a
  AR      fs/overlayfs/built-in.a
  CC      drivers/regulator/mp5416.o
  CC      drivers/misc/cardreader/rtsx_usb.o
  CC      drivers/mtd/mtdoops.o
  CC      drivers/misc/hi6421v600-irq.o
  CC      drivers/acpi/acpica/nsprepkg.o
  AR      drivers/misc/uacce/built-in.a
  CC      lib/zstd/common/debug.o
  CC      drivers/acpi/acpica/nsrepair.o
  CC      drivers/spi/spi-altera-platform.o
  CC      lib/zstd/common/entropy_common.o
  CC      kernel/debug/kdb/kdb_bt.o
  CC      drivers/misc/vmw_vmci/vmci_queue_pair.o
  CC      lib/zstd/common/error_private.o
  CC      lib/zstd/common/fse_decompress.o
  CC      drivers/mfd/tps65217.o
  GENKDB  kernel/debug/kdb/gen-kdb_cmds.c
  CC      fs/pstore/ram.o
  AR      drivers/base/test/built-in.a
  CC      fs/pstore/ram_core.o
  CC      drivers/base/regmap/regmap-debugfs.o
  CC      drivers/acpi/acpica/nsrepair2.o
  CC      drivers/regulator/mp8859.o
  CC      kernel/trace/rethook.o
  CC      drivers/misc/mei/hw-txe.o
  CC      lib/zstd/common/zstd_common.o
  CC      drivers/mtd/chips/chipreg.o
  AR      drivers/mtd/lpddr/built-in.a
  CC      lib/of-reconfig-notifier-error-inject.o
  AR      lib/zstd/built-in.a
  AR      drivers/misc/cardreader/built-in.a
  CC      drivers/acpi/acpica/nssearch.o
  CC      drivers/spi/spi-altera-core.o
  CC      drivers/misc/vmw_vmci/vmci_resource.o
  CC      drivers/misc/mchp_pci1xxxx/mchp_pci1xxxx_gp.o
  CC      kernel/debug/kdb/kdb_bp.o
  CC      drivers/misc/mchp_pci1xxxx/mchp_pci1xxxx_gpio.o
  CC      lib/syscall.o
  CC      drivers/acpi/acpica/nsutils.o
  CC      drivers/mtd/chips/cfi_probe.o
  CC      drivers/mtd/chips/cfi_util.o
  AR      fs/pstore/built-in.a
  CC      drivers/mfd/tps65218.o
  CC      drivers/base/regmap/regmap-i2c.o
  CC      fs/resctrl/rdtgroup.o
  CC      drivers/misc/mei/vsc-tp.o
  AR      kernel/trace/built-in.a
  CC      drivers/base/regmap/regmap-spi.o
  CC      drivers/regulator/mp886x.o
  CC      drivers/spi/spi-axi-spi-engine.o
  CC      kernel/debug/kdb/kdb_debugger.o
  CC      drivers/regulator/mpq7920.o
  CC      drivers/misc/vmw_vmci/vmci_route.o
  CC      drivers/mtd/maps/map_funcs.o
  CC      drivers/acpi/acpica/nswalk.o
  CC      drivers/base/regmap/regmap-spmi.o
  CC      lib/dynamic_debug.o
  CC      drivers/misc/mchp_pci1xxxx/mchp_pci1xxxx_otpe2p.o
  CC      drivers/mtd/chips/cfi_cmdset_0002.o
  AR      drivers/misc/vmw_vmci/built-in.a
  CC      drivers/acpi/thermal_lib.o
  CC      lib/errname.o
  CC      drivers/mfd/tps65912-core.o
  CC      drivers/mtd/maps/l440gx.o
  CC      drivers/acpi/acpica/nsxfeval.o
  CC      drivers/acpi/thermal.o
  CC      drivers/mtd/chips/gen_probe.o
  CC      drivers/misc/mei/vsc-fw-loader.o
  CC      kernel/debug/kdb/gen-kdb_cmds.o
  CC      drivers/base/regmap/regmap-mmio.o
  AR      kernel/debug/kdb/built-in.a
  CC      drivers/acpi/platform_profile.o
  AR      kernel/debug/built-in.a
  CC      kernel/irq_work.o
  CC      drivers/regulator/mt6311-regulator.o
  AR      drivers/misc/mchp_pci1xxxx/built-in.a
  CC      fs/resctrl/ctrlmondata.o
  CC      drivers/mtd/chips/jedec_probe.o
  CC      drivers/spi/spi-bitbang.o
  CC      drivers/mfd/tps65912-i2c.o
  CC      drivers/acpi/acpica/nsxfname.o
  CC      drivers/acpi/acpica/nsxfobj.o
  AR      drivers/misc/mei/built-in.a
  CC      drivers/mtd/maps/amd76xrom.o
  CC      drivers/misc/vcpu_stall_detector.o
  CC      lib/strncpy_from_user.o
  CC      fs/resctrl/monitor.o
  CC      drivers/hsi/hsi_core.o
  CC      drivers/base/regmap/regmap-irq.o
  CC      drivers/spi/spi-butterfly.o
  CC      drivers/regulator/mt6315-regulator.o
  CC      drivers/mtd/chips/map_ram.o
  CC      drivers/mtd/chips/map_rom.o
  CC      kernel/bpf/core.o
  CC      drivers/misc/tps6594-esm.o
  CC      drivers/acpi/acpica/psargs.o
  CC      kernel/bpf/syscall.o
  CC      drivers/mfd/tps65912-spi.o
  CC      drivers/mtd/maps/ck804xrom.o
  CC      drivers/slimbus/core.o
  CC      lib/strnlen_user.o
  CC      drivers/acpi/acpi_memhotplug.o
  CC      drivers/acpi/ioapic.o
  CC      drivers/mtd/chips/map_absent.o
  CC      drivers/hsi/hsi_boardinfo.o
  CC      drivers/spi/spi-cadence-quadspi.o
  CC      drivers/regulator/mt6316-regulator.o
  CC      drivers/misc/tps6594-pfsm.o
  CC      drivers/acpi/acpica/psloop.o
  CC      drivers/base/regmap/regmap-w1.o
  CC      fs/resctrl/pseudo_lock.o
  CC      drivers/slimbus/messaging.o
  CC      lib/net_utils.o
  CC      drivers/misc/nsm.o
  CC      drivers/mfd/tps6594-core.o
  AR      drivers/mtd/chips/built-in.a
  CC      drivers/spi/spi-ch341.o
  CC      drivers/mtd/maps/physmap-core.o
  CC      drivers/acpi/acpica/psobject.o
  CC      drivers/base/regmap/regmap-spi-avmm.o
  CC      drivers/hsi/clients/hsi_char.o
  CC      drivers/spi/spi-cs42l43.o
  CC      drivers/regulator/mt6323-regulator.o
  CC      drivers/slimbus/sched.o
  CC      drivers/spi/spi-dw-core.o
  CC      drivers/mfd/tps6594-i2c.o
  CC      kernel/bpf/verifier.o
  CC      drivers/mtd/maps/pci.o
  CC      drivers/acpi/acpica/psopcode.o
  CC      lib/irq_poll.o
  AR      drivers/misc/built-in.a
  CC      drivers/spi/spi-dw-dma.o
  CC      drivers/slimbus/stream.o
  AR      fs/resctrl/built-in.a
  AR      fs/built-in.a
  CC      drivers/acpi/battery.o
  CC      kernel/static_call.o
  AR      drivers/base/regmap/built-in.a
  AR      drivers/hsi/clients/built-in.a
  CC      kernel/events/core.o
  AR      drivers/base/built-in.a
  AR      drivers/hsi/built-in.a
  CC      drivers/acpi/acpica/psopinfo.o
  CC      kernel/user-return-notifier.o
  CC      drivers/mfd/tps6594-spi.o
  CC      drivers/regulator/mt6331-regulator.o
  CC      drivers/acpi/acpica/psparse.o
  CC      kernel/events/ring_buffer.o
  CC      lib/bootconfig.o
  AR      drivers/slimbus/built-in.a
  CC      drivers/acpi/acpica/psscope.o
  CC      kernel/bpf/inode.o
  CC      drivers/acpi/acpica/pstree.o
  CC      drivers/regulator/mt6332-regulator.o
  CC      drivers/mtd/maps/plat-ram.o
  CC      drivers/acpi/acpi_pad.o
  CC      drivers/mfd/mc13xxx-core.o
  CC      drivers/spi/spi-dw-mmio.o
  CC      drivers/mfd/mc13xxx-i2c.o
  CC      drivers/acpi/acpi_configfs.o
  CC      lib/asn1_decoder.o
  CC      drivers/acpi/pmic/intel_pmic.o
  CC      drivers/acpi/acpica/psutils.o
  AR      drivers/mtd/maps/built-in.a
  CC      lib/asn1_encoder.o
  CC      drivers/mtd/devices/mtdram.o
  CC      drivers/mtd/devices/mchp48l640.o
  CC      drivers/regulator/mt6358-regulator.o
  CC      drivers/spi/spi-dw-pci.o
  CC      drivers/acpi/acpica/pswalk.o
  CC      kernel/events/callchain.o
  AR      drivers/net/phy/qcom/built-in.a
  AR      drivers/net/phy/built-in.a
  CC      kernel/bpf/helpers.o
  AR      drivers/net/pse-pd/built-in.a
  AR      drivers/net/mdio/built-in.a
  CC      kernel/bpf/tnum.o
  AR      drivers/net/pcs/built-in.a
  AR      drivers/net/built-in.a
  AR      drivers/acpi/pmic/built-in.a
  CC      kernel/bpf/cnum.o
  CC      drivers/mfd/nct6694.o
  CC      drivers/mtd/nand/core.o
  CC      lib/fonts/fonts.o
  CC      drivers/mtd/nand/bbt.o
  CC      lib/fonts/font_8x16.o
  CC      kernel/events/hw_breakpoint.o
  CC      kernel/padata.o
  CC      drivers/acpi/acpica/psxface.o
  CC      kernel/bpf/log.o
  AR      drivers/mtd/devices/built-in.a
  CC      drivers/regulator/mt6363-regulator.o
  CC      drivers/mtd/spi-nor/core.o
  CC      drivers/spi/spi-fsi.o
  CC      drivers/acpi/dptf/dptf_pch_fivr.o
  CC      drivers/mtd/nand/ecc.o
  AR      lib/fonts/built-in.a
  CC      drivers/acpi/acpica/rsaddr.o
  CC      lib/oid_registry.o
  CC      lib/ucs2_string.o
  CC      drivers/mfd/mfd-core.o
  CC      drivers/firewire/core-trace.o
  CC      drivers/firewire/core-card.o
  CC      kernel/bpf/token.o
  CC      drivers/acpi/acpica/rscalc.o
  AR      drivers/acpi/dptf/built-in.a
  CC      drivers/acpi/acpica/rscreate.o
  CC      drivers/mtd/nand/ecc-sw-hamming.o
  CC      lib/group_cpus.o
  CC      drivers/regulator/mt6370-regulator.o
  CC      drivers/mtd/spi-nor/sfdp.o
  CC      drivers/spi/spi-fsl-lib.o
  CC      lib/fw_table.o
  CC      drivers/mfd/motorola-cpcap.o
  CC      drivers/mfd/da9052-irq.o
  CC      kernel/bpf/liveness.o
  CC      drivers/acpi/acpica/rsdumpinfo.o
  AR      drivers/mtd/nand/onenand/built-in.a
  CC      drivers/acpi/viot.o
  CC      drivers/regulator/mt6397-regulator.o
  CC      drivers/mtd/nand/raw/nand_base.o
  CC      drivers/firewire/core-cdev.o
  CC      drivers/acpi/x86/apple.o
  CC      drivers/acpi/acpica/rsinfo.o
  CC      drivers/regulator/qcom-pm8008-regulator.o
  TEST    lib/test_fortify/read_overflow-memchr.log
  CC      drivers/spi/spi-fsl-spi.o
  CC      drivers/regulator/qcom_spmi-regulator.o
  CC      drivers/uio/uio.o
  CC      drivers/mfd/da9052-core.o
  CC      drivers/acpi/acpica/rsio.o
  CC      drivers/mtd/spi-nor/swp.o
  AR      kernel/events/built-in.a
  CC      drivers/acpi/x86/cmos_rtc.o
  CC      drivers/uio/uio_cif.o
  TEST    lib/test_fortify/read_overflow-memchr_inv.log
  CC      drivers/firewire/core-device.o
  CC      drivers/mtd/nand/spi/core.o
  CC      drivers/mtd/nand/raw/nand_legacy.o
  CC      drivers/acpi/acpica/rsirq.o
  TEST    lib/test_fortify/read_overflow-memcmp.log
  CC      drivers/acpi/x86/lpss.o
  AR      lib/lib.a
  CC      drivers/mfd/da9052-spi.o
  CC      drivers/spi/spi-gpio.o
  CC      drivers/acpi/acpica/rslist.o
  CC      drivers/acpi/x86/s2idle.o
  CC      drivers/regulator/pca9450-regulator.o
  CC      drivers/uio/uio_pdrv_genirq.o
  CC      drivers/uio/uio_aec.o
  CC      drivers/vfio/vfio_main.o
  CC      drivers/mtd/spi-nor/otp.o
  TEST    lib/test_fortify/read_overflow-memscan.log
  TEST    lib/test_fortify/read_overflow2-memcmp.log
  CC      kernel/bpf/const_fold.o
  CC      drivers/firewire/core-iso.o
  CC      drivers/acpi/acpica/rsmemory.o
  CC      drivers/vfio/group.o
  CC      drivers/mfd/axp20x.o
  CC      drivers/mtd/nand/spi/otp.o
  CC      drivers/mtd/nand/raw/nand_bbt.o
  TEST    lib/test_fortify/read_overflow2-memcpy.log
  CC      drivers/spi/spi-intel.o
  TEST    lib/test_fortify/read_overflow2-memmove.log
  CC      kernel/bpf/bpf_iter.o
  CC      drivers/uio/uio_sercos3.o
  CC      drivers/acpi/acpica/rsmisc.o
  CC      drivers/acpi/x86/utils.o
  CC      drivers/mtd/spi-nor/sysfs.o
  CC      drivers/regulator/pf0900-regulator.o
  CC      drivers/mtd/nand/raw/nand_timings.o
  CC      drivers/firewire/core-topology.o
  TEST    lib/test_fortify/read_overflow2_field-memcpy.log
  CC      drivers/acpi/acpica/rsserial.o
  CC      drivers/uio/uio_mf624.o
  CC      drivers/mtd/spi-nor/atmel.o
  CC      drivers/mtd/nand/spi/alliancememory.o
  CC      drivers/acpi/acpica/rsutils.o
  CC      drivers/mtd/nand/raw/nand_ids.o
  TEST    lib/test_fortify/read_overflow2_field-memmove.log
  CC      drivers/spi/spi-intel-pci.o
  CC      drivers/mfd/axp20x-i2c.o
  CC      drivers/vfio/container.o
  CC      drivers/mtd/hyperbus/hyperbus-core.o
  AR      lib/built-in.a
  CC      drivers/acpi/x86/blacklist.o
  CC      drivers/mfd/ti-lmu.o
  CC      drivers/spi/spi-ljca.o
  CC      drivers/regulator/pf9453-regulator.o
  CC      drivers/firewire/core-transaction.o
  CC      kernel/bpf/map_iter.o
  TEST    lib/test_fortify/write_overflow-memcpy.log
  AR      drivers/uio/built-in.a
  CC      drivers/mtd/nand/raw/nand_onfi.o
  CC      drivers/acpi/acpica/rsxface.o
  AR      drivers/mtd/hyperbus/built-in.a
  CC      drivers/mtd/nand/raw/nand_jedec.o
  CC      drivers/mfd/da9062-core.o
  AR      drivers/acpi/x86/built-in.a
  CC      drivers/acpi/acpica/tbdata.o
  CC      drivers/mtd/spi-nor/eon.o
  CC      drivers/mtd/nand/spi/ato.o
  CC      kernel/jump_label.o
  CC      drivers/vfio/debugfs.o
  CC      drivers/mtd/nand/spi/dosilicon.o
  TEST    lib/test_fortify/write_overflow-memmove.log
  CC      drivers/spi/spi-lm70llp.o
  CC      drivers/vfio/vfio_iommu_type1.o
  CC      drivers/mtd/nand/spi/esmt.o
  CC      drivers/mtd/nand/spi/fmsh.o
  CC      drivers/regulator/pfuze100-regulator.o
  CC      drivers/mtd/nand/raw/nand_amd.o
  CC      drivers/acpi/acpica/tbfadt.o
  TEST    lib/test_fortify/write_overflow-memset.log
  AR      drivers/firewire/built-in.a
  TEST    lib/test_fortify/write_overflow-strcpy-lit.log
  CC      kernel/bpf/task_iter.o
  CC      drivers/spi/spi-microchip-core-qspi.o
  CC      drivers/mtd/spi-nor/esmt.o
  CC      drivers/mtd/nand/raw/nand_esmt.o
  CC      drivers/mtd/nand/spi/foresee.o
  CC      drivers/regulator/pv88060-regulator.o
  CC      drivers/mfd/da9063-core.o
  CC      drivers/regulator/pv88080-regulator.o
  CC      drivers/acpi/acpica/tbfind.o
  CC      drivers/auxdisplay/charlcd.o
  CC      kernel/context_tracking.o
  CC      drivers/auxdisplay/hd44780_common.o
  TEST    lib/test_fortify/write_overflow-strcpy.log
  CC      drivers/mtd/spi-nor/everspin.o
  CC      drivers/mtd/nand/raw/nand_hynix.o
  CC      drivers/auxdisplay/hd44780.o
  CC      drivers/auxdisplay/ks0108.o
  CC      drivers/acpi/acpica/tbinstal.o
  TEST    lib/test_fortify/write_overflow-strscpy.log
  CC      drivers/spi/spi-oc-tiny.o
  CC      drivers/mfd/da9063-irq.o
  CC      drivers/mtd/nand/spi/gigadevice.o
  CC      drivers/acpi/acpica/tbprint.o
  CC      drivers/regulator/tps51632-regulator.o
  CC      kernel/bpf/prog_iter.o
  CC      drivers/usb/common/common.o
  AR      drivers/vfio/built-in.a
  TEST    lib/test_fortify/write_overflow_field-memcpy.log
  CC      drivers/mtd/spi-nor/gigadevice.o
  CC      drivers/mfd/da9063-i2c.o
  CC      drivers/usb/phy/phy.o
  CC      drivers/usb/common/led.o
  CC      drivers/usb/core/usb.o
  CC      drivers/mtd/nand/raw/nand_macronix.o
  CC      drivers/regulator/raa215300.o
  CC      drivers/acpi/acpica/tbutils.o
  CC      drivers/auxdisplay/lcd2s.o
  CC      drivers/acpi/acpica/tbxface.o
  TEST    lib/test_fortify/write_overflow_field-memmove.log
  CC      drivers/spi/spi-pci1xxxx.o
  CC      drivers/mtd/nand/spi/macronix.o
  CC      drivers/mtd/nand/raw/nand_micron.o
  CC      drivers/spi/spi-sifive.o
  CC      drivers/usb/phy/of.o
  CC      drivers/mtd/spi-nor/intel.o
  CC      drivers/usb/common/usb-otg-fsm.o
  TEST    lib/test_fortify/write_overflow_field-memset.log
  CC      drivers/input/serio/serio.o
  CC      drivers/auxdisplay/line-display.o
  CC      drivers/acpi/acpica/tbxfload.o
  CC      drivers/mfd/max14577.o
  CC      kernel/bpf/link_iter.o
  CC      drivers/regulator/rk808-regulator.o
  CC      drivers/mtd/nand/spi/micron.o
  CC      drivers/usb/core/hub.o
  CAT     lib/test_fortify/test_fortify.log
  CC      drivers/mtd/spi-nor/issi.o
  CC      drivers/mtd/nand/raw/nand_sandisk.o
  CC      drivers/mfd/max7360.o
  CC      drivers/usb/phy/phy-generic.o
  CC      drivers/acpi/acpica/tbxfroot.o
  CC      drivers/acpi/acpica/utaddress.o
  CC      drivers/input/serio/i8042.o
  CC      drivers/spi/spi-tle62x0.o
  CC      drivers/auxdisplay/max6959.o
  CC      kernel/bpf/hashtab.o
  CC      drivers/usb/common/ulpi.o
  CC      drivers/mtd/nand/raw/nand_samsung.o
  CC      drivers/usb/dwc3/core.o
  CC      kernel/torture.o
  CC      drivers/mtd/nand/spi/paragon.o
  CC      drivers/acpi/acpica/utalloc.o
  CC      drivers/mtd/spi-nor/macronix.o
  CC      drivers/usb/core/hcd.o
  CC      drivers/regulator/rt4801-regulator.o
  CC      drivers/mfd/max77650.o
  CC      drivers/mtd/nand/raw/nand_toshiba.o
  CC      drivers/spi/spi-topcliff-pch.o
  CC      drivers/usb/phy/phy-gpio-vbus-usb.o
  AR      drivers/usb/common/built-in.a
  CC      drivers/auxdisplay/panel.o
  CC      drivers/acpi/acpica/utascii.o
  CC      drivers/mtd/nand/raw/sm_common.o
  CC      drivers/regulator/rt4831-regulator.o
  CC      drivers/mtd/nand/spi/skyhigh.o
  CC      drivers/input/serio/parkbd.o
  CC      drivers/mtd/spi-nor/micron-st.o
  CC      drivers/mtd/spi-nor/spansion.o
  CC      drivers/acpi/acpica/utbuffer.o
  CC      drivers/mtd/nand/raw/cafe_nand.o
  CC      drivers/mfd/max77686.o
  CC      drivers/regulator/rt5033-regulator.o
  CC      drivers/usb/phy/phy-isp1301.o
  AR      drivers/auxdisplay/built-in.a
  CC      drivers/usb/dwc3/gadget.o
  CC      drivers/regulator/rt5133-regulator.o
  CC      drivers/acpi/acpica/utcksum.o
  CC      drivers/input/serio/serport.o
  CC      drivers/input/gameport/gameport.o
  CC      drivers/usb/core/urb.o
  CC      drivers/mtd/nand/spi/toshiba.o
  CC      drivers/spi/spi-xcomm.o
  CC      drivers/input/input.o
  CC      drivers/rtc/lib.o
  CC      drivers/acpi/acpica/utcopy.o
  CC      drivers/mtd/spi-nor/sst.o
  CC      drivers/mfd/max77693.o
  CC      kernel/bpf/arraymap.o
  CC      drivers/mtd/nand/raw/gpio.o
  CC      drivers/input/gameport/emu10k1-gp.o
  CC      drivers/acpi/acpica/utexcep.o
  AR      drivers/usb/phy/built-in.a
  CC      drivers/input/serio/pcips2.o
  CC      drivers/i2c/i2c-boardinfo.o
  CC      drivers/regulator/rt5190a-regulator.o
  CC      drivers/mtd/nand/spi/winbond.o
  CC      drivers/usb/core/message.o
  CC      drivers/rtc/rtc-mc146818-lib.o
  CC      drivers/mtd/nand/spi/xtx.o
  CC      drivers/spi/spi-xilinx.o
  CC      drivers/acpi/acpica/utdebug.o
  CC      drivers/mtd/nand/raw/r852.o
  CC      drivers/mfd/max77705.o
  CC      drivers/mtd/spi-nor/winbond.o
  CC      drivers/input/gameport/fm801-gp.o
  CC      drivers/input/input-compat.o
  CC      drivers/acpi/acpica/utdecode.o
  CC      drivers/input/serio/ps2mult.o
  CC      drivers/usb/dwc3/ep0.o
  AR      drivers/rtc/built-in.a
  CC      drivers/acpi/acpica/utdelete.o
  CC      drivers/i2c/i2c-core-base.o
  CC      drivers/regulator/rt6190-regulator.o
  AR      drivers/mtd/nand/spi/built-in.a
  CC      kernel/iomem.o
  CC      drivers/usb/core/driver.o
  CC      drivers/spi/spi-offload-trigger-adi-util-sigma-delta.o
  CC      kernel/bpf/percpu_freelist.o
  CC      drivers/mfd/max77714.o
  CC      drivers/i2c/i2c-core-smbus.o
  CC      drivers/mtd/nand/raw/mxic_nand.o
  CC      drivers/mtd/spi-nor/xmc.o
  CC      drivers/input/gameport/lightning.o
  CC      drivers/mtd/spi-nor/debugfs.o
  CC      drivers/input/input-mt.o
  CC      drivers/input/serio/libps2.o
  CC      kernel/bpf/bpf_lru_list.o
  CC      drivers/acpi/acpica/uterror.o
  AR      drivers/spi/built-in.a
  CC      drivers/mtd/nand/raw/arasan-nand-controller.o
  CC      drivers/input/serio/serio_raw.o
  CC      drivers/usb/dwc3/debugfs.o
  CC      drivers/regulator/rt8092.o
  CC      drivers/i2c/i2c-core-acpi.o
  AR      drivers/input/gameport/built-in.a
  CC      drivers/acpi/acpica/uteval.o
  CC      drivers/regulator/rtq2134-regulator.o
  CC      kernel/bpf/lpm_trie.o
  CC      drivers/mfd/max8907.o
  CC      drivers/usb/core/config.o
  CC      drivers/input/input-poller.o
  CC      kernel/bpf/map_in_map.o
  CC      drivers/regulator/rtq6752-regulator.o
  CC      drivers/usb/dwc2/core.o
  CC      drivers/usb/core/file.o
  AR      drivers/mtd/spi-nor/built-in.a
  CC      kernel/watch_queue.o
  CC      drivers/input/serio/altera_ps2.o
  CC      drivers/acpi/acpica/utglobal.o
  CC      drivers/acpi/acpica/uthex.o
  CC      drivers/usb/dwc3/dwc3-of-simple.o
  CC      drivers/input/ff-core.o
  CC      drivers/i2c/i2c-core-slave.o
  CC      drivers/mfd/mp2629.o
  GZIP    kernel/config_data.gz
  CC      drivers/mtd/nand/raw/intel-nand-controller.o
  CC      drivers/regulator/rtq2208-regulator.o
  CC      drivers/usb/isp1760/isp1760-core.o
  CC      drivers/usb/isp1760/isp1760-if.o
  CC      drivers/usb/core/buffer.o
  CC      drivers/input/touchscreen.o
  CC      drivers/input/serio/arc_ps2.o
  CC      drivers/usb/dwc3/dwc3-generic-plat.o
  CC      kernel/bpf/bloom_filter.o
  CC      drivers/acpi/acpica/utids.o
  CC      drivers/usb/dwc2/core_intr.o
  CC      drivers/mfd/mt6360-core.o
  CC      drivers/mfd/mt6370.o
  CC      drivers/usb/cdns3/core.o
  CC      drivers/acpi/acpica/utinit.o
  AR      drivers/mtd/nand/raw/built-in.a
  CC      drivers/i2c/i2c-core-of.o
  CC      drivers/usb/cdns3/drd.o
  AR      drivers/mtd/nand/built-in.a
  AR      drivers/mtd/built-in.a
  CC      drivers/usb/core/sysfs.o
  CC      drivers/regulator/slg51000-regulator.o
  CC      drivers/input/serio/apbps2.o
  CC      drivers/input/touch-overlay.o
  CC      drivers/usb/isp1760/isp1760-udc.o
  CC      kernel/bpf/local_storage.o
  CC      drivers/regulator/sy7636a-regulator.o
  CC      drivers/usb/dwc3/dwc3-google.o
  CC      drivers/acpi/acpica/utlock.o
  GEN     kernel/kheaders_data.tar.xz
  CC      drivers/input/serio/ps2-gpio.o
  CC      drivers/mfd/mt6397-core.o
  CC      drivers/input/ff-memless.o
  CC      drivers/usb/host/oxu210hp-hcd.o
  CC      kernel/configs.o
  CC      drivers/i2c/i2c-core-of-prober.o
  CC      drivers/acpi/acpica/utmath.o
  CC      drivers/usb/cdns3/cdns3-plat.o
  CC      drivers/usb/dwc2/platform.o
  CC      drivers/usb/class/usblp.o
  CC      drivers/usb/core/endpoint.o
  CC      drivers/regulator/tps6105x-regulator.o
  CC      kernel/bpf/queue_stack_maps.o
  CC      drivers/mfd/mt6397-irq.o
  AR      drivers/usb/isp1760/built-in.a
  CC      drivers/acpi/acpica/utmisc.o
  CC      drivers/input/serio/userio.o
  AR      drivers/usb/dwc3/built-in.a
  CC      drivers/usb/cdns3/host.o
  CC      drivers/i2c/i2c-smbus.o
  CC      drivers/usb/host/isp116x-hcd.o
  CC      drivers/input/sparse-keymap.o
  CC      drivers/input/matrix-keymap.o
  CC      drivers/usb/dwc2/drd.o
  CC      drivers/usb/core/devio.o
  CC      drivers/usb/class/cdc-wdm.o
  CC      drivers/acpi/acpica/utmutex.o
  CC      drivers/usb/dwc2/params.o
  CC      drivers/regulator/tps6286x-regulator.o
  AR      drivers/input/serio/built-in.a
  CC      kernel/bpf/ringbuf.o
  AR      drivers/i3c/built-in.a
  CC      drivers/usb/dwc2/hcd.o
  CC      drivers/mfd/mt6358-irq.o
  AR      drivers/usb/cdns3/built-in.a
  CC      drivers/usb/core/notify.o
  CC      drivers/acpi/acpica/utnonansi.o
  CC      drivers/input/input-leds.o
  CC      drivers/i2c/i2c-dev.o
  AR      drivers/media/rc/built-in.a
  CC      drivers/pps/pps.o
  CC      drivers/media/cec/core/cec-core.o
  CC      drivers/i2c/i2c-mux.o
  CC      drivers/usb/host/ohci-hcd.o
  CC      drivers/regulator/tps6287x-regulator.o
  CC      drivers/acpi/acpica/utobject.o
  CC      drivers/usb/core/generic.o
  CC      drivers/mfd/timberdale.o
  CC      drivers/input/mousedev.o
  CC      drivers/media/cec/i2c/ch7322.o
  AR      drivers/usb/class/built-in.a
  CC      drivers/pps/kapi.o
  CC      drivers/media/cec/platform/cec-gpio/cec-gpio.o
  CC      kernel/bpf/bpf_insn_array.o
  CC      drivers/media/cec/core/cec-adap.o
  CC      drivers/usb/host/ohci-platform.o
  CC      drivers/acpi/acpica/utosi.o
  CC      drivers/regulator/tps65086-regulator.o
  CC      drivers/i2c/algos/i2c-algo-bit.o
  CC      drivers/usb/core/quirks.o
  CC      drivers/input/joydev.o
  CC      drivers/i2c/busses/i2c-scmi.o
  CC      drivers/mfd/adp5585.o
  AR      drivers/media/cec/platform/cec-gpio/built-in.a
  CC      drivers/acpi/acpica/utownerid.o
  CC      drivers/pps/sysfs.o
  CC      drivers/media/cec/platform/seco/seco-cec.o
  AR      drivers/media/cec/i2c/built-in.a
  CC      drivers/i2c/muxes/i2c-arb-gpio-challenge.o
  CC      kernel/bpf/bpf_local_storage.o
  CC      drivers/regulator/tps65185.o
  CC      drivers/input/mouse/appletouch.o
  CC      drivers/usb/dwc2/hcd_intr.o
  CC      drivers/pps/kc.o
  CC      drivers/usb/core/devices.o
  CC      drivers/acpi/acpica/utpredef.o
  CC      drivers/i2c/algos/i2c-algo-pca.o
  CC      drivers/usb/host/sl811-hcd.o
  CC      drivers/i2c/busses/i2c-ccgx-ucsi.o
  CC      drivers/media/cec/core/cec-api.o
  CC      drivers/usb/core/phy.o
  CC      drivers/acpi/acpica/utresdecode.o
  AR      drivers/media/cec/platform/seco/built-in.a
  CC      drivers/mfd/kempld-core.o
  CC      drivers/pps/clients/pps-ktimer.o
  AR      drivers/media/cec/platform/built-in.a
  CC      drivers/i2c/muxes/i2c-mux-gpio.o
  CC      drivers/regulator/tps6524x-regulator.o
  CC      drivers/pps/clients/pps_parport.o
  CC      drivers/input/mouse/bcm5974.o
  CC      drivers/acpi/acpica/utresrc.o
  CC      kernel/bpf/bpf_task_storage.o
  CC      drivers/mfd/intel_quark_i2c_gpio.o
  AR      drivers/i2c/algos/built-in.a
  CC      drivers/i2c/busses/i2c-ali1563.o
  CC      drivers/i2c/busses/i2c-ali15x3.o
  CC      drivers/pps/generators/pps_gen.o
  CC      drivers/usb/core/port.o
  CC      drivers/media/cec/core/cec-notifier.o
  CC      drivers/usb/dwc2/hcd_queue.o
  CC      drivers/usb/host/ssb-hcd.o
  CC      drivers/acpi/acpica/utstate.o
  CC      drivers/pps/clients/pps-gpio.o
  CC      drivers/i2c/muxes/i2c-mux-gpmux.o
  CC      drivers/media/cec/core/cec-pin.o
  CC      drivers/regulator/tps65912-regulator.o
  CC      drivers/pps/generators/sysfs.o
  CC      drivers/acpi/acpica/utstring.o
  CC      drivers/mfd/lpc_sch.o
  CC      drivers/input/mouse/elan_i2c_core.o
  CC      drivers/input/joystick/a3d.o
  CC      drivers/i2c/busses/i2c-amd8111.o
  AR      drivers/pps/clients/built-in.a
  AR      drivers/usb/host/built-in.a
  CC      kernel/bpf/fixups.o
  CC      drivers/i2c/busses/i2c-isch.o
  CC      drivers/input/mouse/gpio_mouse.o
  CC      drivers/usb/core/trace.o
  CC      drivers/input/misc/88pm80x_onkey.o
  CC      drivers/i2c/muxes/i2c-mux-ltc4306.o
  CC      drivers/pps/generators/pps_gen-dummy.o
  CC      drivers/acpi/acpica/utstrsuppt.o
  CC      drivers/usb/dwc2/hcd_ddma.o
  CC      drivers/regulator/tps68470-regulator.o
  CC      drivers/media/cec/core/cec-pin-error-inj.o
  CC      drivers/mfd/rdc321x-southbridge.o
  CC      drivers/pps/generators/pps_gen_tio.o
  CC      drivers/regulator/vctrl-regulator.o
  CC      drivers/input/joystick/adc-joystick.o
  CC      drivers/acpi/acpica/utstrtoul64.o
  CC      drivers/usb/core/of.o
  CC      drivers/input/misc/ad714x.o
  CC      drivers/input/mouse/psmouse-base.o
  CC      drivers/input/joystick/adi.o
  CC      drivers/i2c/busses/i2c-ismt.o
  CC      drivers/input/misc/adxl34x.o
  CC      drivers/i2c/muxes/i2c-mux-pca9541.o
  AR      drivers/media/cec/core/built-in.a
  AR      drivers/pps/generators/built-in.a
  CC      drivers/acpi/acpica/utxface.o
  AR      drivers/media/cec/built-in.a
  AR      drivers/pps/built-in.a
  CC      drivers/mfd/janz-cmodio.o
  CC      drivers/i2c/busses/i2c-nvidia-gpu.o
  CC      drivers/usb/dwc2/debugfs.o
  AR      drivers/media/built-in.a
  CC      drivers/input/joystick/as5011.o
  CC      drivers/regulator/wm831x-dcdc.o
  CC      drivers/usb/core/usb-acpi.o
  CC      drivers/usb/image/mdc800.o
  CC      kernel/bpf/cfg.o
  CC      drivers/acpi/acpica/utxfinit.o
  CC      drivers/acpi/acpica/utxferror.o
  CC      drivers/i2c/muxes/i2c-mux-pinctrl.o
  CC      drivers/input/misc/adxl34x-i2c.o
  CC      drivers/input/mouse/synaptics.o
  CC      drivers/mfd/vx855.o
  CC      drivers/input/mouse/focaltech.o
  CC      drivers/w1/w1.o
  CC      drivers/w1/w1_int.o
  CC      drivers/acpi/acpica/utxfmutex.o
  CC      drivers/i2c/busses/i2c-piix4.o
  AR      drivers/usb/dwc2/built-in.a
  CC      drivers/input/joystick/analog.o
  CC      drivers/usb/core/../misc/onboard_usb_dev_pdevs.o
  CC      drivers/i2c/busses/i2c-sis630.o
  AR      drivers/usb/image/built-in.a
  CC      drivers/regulator/wm831x-isink.o
  CC      kernel/bpf/states.o
  CC      drivers/i2c/muxes/i2c-mux-reg.o
  CC      drivers/power/reset/atc260x-poweroff.o
  AR      drivers/acpi/acpica/built-in.a
  AR      drivers/acpi/built-in.a
  CC      drivers/mfd/si476x-cmd.o
  CC      drivers/input/misc/adxl34x-spi.o
  CC      drivers/input/mouse/alps.o
  CC      drivers/usb/core/ledtrig-usbport.o
  CC      drivers/power/supply/power_supply_core.o
  CC      drivers/power/reset/ltc2952-poweroff.o
  CC      drivers/regulator/wm831x-ldo.o
  CC      drivers/power/supply/power_supply_sysfs.o
  CC      drivers/input/joystick/cobra.o
  CC      drivers/input/joystick/fsia6b.o
  CC      drivers/i2c/busses/i2c-sis96x.o
  CC      drivers/w1/w1_family.o
  CC      drivers/input/misc/apanel.o
  CC      drivers/power/reset/restart-poweroff.o
  AR      drivers/i2c/muxes/built-in.a
  AR      drivers/usb/core/built-in.a
  CC      drivers/input/joystick/gf2k.o
  CC      drivers/usb/misc/adutux.o
  CC      drivers/mfd/si476x-prop.o
  CC      drivers/regulator/wm8994-regulator.o
  CC      drivers/power/supply/power_supply_leds.o
  CC      kernel/bpf/backtrack.o
  CC      drivers/w1/w1_netlink.o
  CC      drivers/input/mouse/byd.o
  CC      drivers/input/rmi4/rmi_bus.o
  CC      drivers/mfd/si476x-i2c.o
  CC      drivers/power/reset/syscon-reboot.o
  CC      drivers/input/misc/ati_remote2.o
  CC      drivers/hwmon/hwmon.o
  CC      drivers/power/supply/power_supply_hwmon.o
  CC      drivers/input/joystick/grip.o
  CC      drivers/i2c/busses/i2c-viapro.o
  CC      drivers/hwmon/hwmon-vid.o
  CC      drivers/usb/misc/appledisplay.o
  AR      drivers/regulator/built-in.a
  CC      drivers/power/reset/syscon-poweroff.o
  CC      drivers/thermal/thermal_core.o
  CC      drivers/input/mouse/trackpoint.o
  CC      drivers/power/reset/reboot-mode.o
  CC      drivers/input/rmi4/rmi_driver.o
  CC      drivers/w1/w1_io.o
  CC      drivers/power/supply/adc-battery-helper.o
  CC      drivers/power/reset/syscon-reboot-mode.o
  CC      kernel/bpf/check_btf.o
  CC      drivers/mfd/cs5535-mfd.o
  CC      drivers/input/misc/atlas_btns.o
  CC      drivers/thermal/thermal_sysfs.o
  CC      drivers/power/reset/nvmem-reboot-mode.o
  CC      drivers/input/joystick/grip_mp.o
  CC      drivers/hwmon/acpi_power_meter.o
  CC      drivers/w1/masters/matrox_w1.o
  CC      drivers/input/mouse/synaptics_i2c.o
  CC      drivers/usb/misc/cytherm.o
  CC      drivers/power/supply/generic-adc-battery.o
  CC      drivers/i2c/busses/i2c-viai2c-zhaoxin.o
  CC      drivers/mfd/atmel-flexcom.o
  AR      drivers/power/reset/built-in.a
  CC      drivers/input/rmi4/rmi_f01.o
  CC      drivers/hwmon/hp-wmi-sensors.o
  CC      drivers/w1/masters/ds2490.o
  CC      drivers/input/misc/atmel_captouch.o
  CC      drivers/thermal/thermal_trip.o
  CC      drivers/watchdog/watchdog_core.o
  CC      drivers/mfd/atmel-hlcdc.o
  CC      drivers/input/joystick/guillemot.o
  CC      drivers/power/supply/axp20x_usb_power.o
  CC      drivers/watchdog/watchdog_dev.o
  CC      kernel/bpf/disasm.o
  CC      drivers/usb/misc/emi62.o
  CC      drivers/usb/gadget/usbstring.o
  CC      drivers/input/mouse/synaptics_usb.o
  CC      drivers/thermal/thermal_helpers.o
  CC      drivers/i2c/busses/i2c-viai2c-common.o
  CC      drivers/mfd/intel-lpss.o
  CC      drivers/input/rmi4/rmi_2d_sensor.o
  CC      drivers/w1/masters/w1-gpio.o
  CC      drivers/input/joystick/interact.o
  CC      drivers/input/misc/bma150.o
  CC      drivers/hwmon/w83627hf.o
  CC      drivers/hwmon/w83792d.o
  CC      drivers/power/supply/ip5xxx_power.o
  CC      drivers/thermal/thermal_thresholds.o
  CC      drivers/usb/gadget/config.o
  CC      drivers/watchdog/watchdog_pretimeout.o
  CC      drivers/usb/misc/ezusb.o
  CC      drivers/input/mouse/vsxxxaa.o
  CC      drivers/w1/masters/sgi_w1.o
  CC      drivers/mfd/intel-lpss-pci.o
  CC      kernel/bpf/mprog.o
  CC      drivers/i2c/busses/i2c-amd-mp2-pci.o
  CC      drivers/input/rmi4/rmi_f11.o
  CC      drivers/input/joystick/magellan.o
  CC      drivers/thermal/thermal_debugfs.o
  CC      drivers/watchdog/pretimeout_noop.o
  CC      drivers/w1/masters/w1-uart.o
  CC      drivers/input/misc/cm109.o
  AR      drivers/input/mouse/built-in.a
  CC      drivers/usb/misc/apple-mfi-fastcharge.o
  CC      drivers/usb/gadget/epautoconf.o
  CC      drivers/usb/roles/class.o
  CC      kernel/bpf/btf.o
  CC      drivers/mfd/intel-lpss-acpi.o
  CC      drivers/power/supply/wm831x_backup.o
  CC      drivers/hwmon/w83781d.o
  CC      drivers/watchdog/pretimeout_panic.o
  CC      drivers/input/joystick/psxpad-spi.o
  CC      drivers/input/rmi4/rmi_f30.o
  CC      drivers/power/supply/wm831x_power.o
  CC      drivers/i2c/busses/i2c-amd-mp2-plat.o
  AR      drivers/w1/masters/built-in.a
  CC      drivers/w1/slaves/w1_smem.o
  CC      drivers/thermal/thermal_hwmon.o
  CC      drivers/watchdog/mixcomwd.o
  CC      drivers/mfd/intel_pmc_bxt.o
  CC      drivers/usb/misc/usb-ljca.o
  AR      drivers/usb/roles/built-in.a
  CC      drivers/thermal/gov_fair_share.o
  CC      drivers/usb/gadget/composite.o
  CC      drivers/input/misc/cma3000_d0x.o
  CC      drivers/w1/slaves/w1_ds2413.o
  CC      drivers/usb/gadget/functions.o
  CC      drivers/input/joystick/qwiic-joystick.o
  CC      drivers/watchdog/wdt.o
  CC      drivers/power/supply/axp20x_battery.o
  CC      drivers/input/rmi4/rmi_f34.o
  CC      drivers/mfd/viperboard.o
  CC      drivers/mfd/ntxec.o
  CC      drivers/w1/slaves/w1_ds2423.o
  CC      drivers/thermal/gov_bang_bang.o
  CC      drivers/i2c/busses/i2c-amd-asf-plat.o
  CC      drivers/hwmon/w83791d.o
  CC      drivers/input/misc/cma3000_d0x_i2c.o
  CC      drivers/usb/misc/idmouse.o
  CC      drivers/opp/core.o
  CC      drivers/thermal/gov_user_space.o
  CC      drivers/input/joystick/adafruit-seesaw.o
  CC      drivers/watchdog/pcwd_pci.o
  CC      drivers/w1/slaves/w1_ds2433.o
  CC      drivers/input/rmi4/rmi_f34v7.o
  CC      drivers/power/supply/cpcap-battery.o
  CC      drivers/cpufreq/cpufreq.o
  CC      drivers/mfd/rk8xx-core.o
  CC      drivers/usb/gadget/configfs.o
  CC      drivers/usb/misc/isight_firmware.o
  CC      drivers/i2c/busses/i2c-cgbc.o
  CC      drivers/thermal/devfreq_cooling.o
  CC      drivers/input/misc/cpcap-pwrbutton.o
  CC      drivers/w1/slaves/w1_ds250x.o
  CC      drivers/power/supply/ds2760_battery.o
  CC      drivers/watchdog/wdt_pci.o
  CC      drivers/hwmon/abituguru.o
  CC      drivers/input/rmi4/rmi_f3a.o
  CC      drivers/input/joystick/sensehat-joystick.o
  CC      drivers/thermal/pcie_cooling.o
  CC      drivers/w1/slaves/w1_ds2780.o
  CC      drivers/usb/misc/usblcd.o
  CC      drivers/mfd/rk8xx-i2c.o
  CC      drivers/input/misc/da7280.o
  CC      drivers/opp/cpu.o
  CC      drivers/i2c/busses/i2c-designware-common.o
  CC      kernel/bpf/memalloc.o
  CC      drivers/usb/gadget/u_f.o
  CC      drivers/watchdog/cadence_wdt.o
  CC      drivers/power/supply/ds2780_battery.o
  CC      drivers/w1/slaves/w1_ds2781.o
  CC      drivers/input/rmi4/rmi_spi.o
  CC      drivers/hwmon/abituguru3.o
  CC      drivers/input/joystick/spaceorb.o
  CC      drivers/cpufreq/freq_table.o
  CC      drivers/thermal/thermal_mmio.o
  CC      drivers/opp/of.o
  CC      drivers/usb/misc/legousbtower.o
  CC      drivers/mfd/rk8xx-spi.o
  CC      drivers/power/supply/ds2781_battery.o
  CC      drivers/w1/slaves/w1_ds28e04.o
  CC      drivers/watchdog/rn5t618_wdt.o
  CC      drivers/hwmon/ad7314.o
  CC      drivers/input/misc/da9063_onkey.o
  CC      drivers/usb/gadget/udc/core.o
  CC      drivers/cpufreq/cpufreq_performance.o
  CC      drivers/thermal/intel/intel_tcc.o
  CC      drivers/i2c/busses/i2c-designware-master.o
  CC      drivers/input/joystick/stinger.o
  CC      kernel/bpf/rqspinlock.o
  CC      drivers/input/rmi4/rmi_smbus.o
  CC      drivers/opp/debugfs.o
  CC      drivers/watchdog/acquirewdt.o
  CC      drivers/power/supply/ds2782_battery.o
  CC      drivers/usb/misc/usbtest.o
  CC      drivers/thermal/intel/intel_powerclamp.o
  CC      drivers/w1/slaves/w1_ds28e17.o
  CC      drivers/mfd/rn5t618.o
  CC      drivers/cpufreq/cpufreq_powersave.o
  CC      drivers/hwmon/adc128d818.o
  CC      drivers/input/misc/e3x0-button.o
  CC      drivers/input/joystick/warrior.o
  CC      drivers/usb/gadget/udc/trace.o
  CC      drivers/i2c/busses/i2c-designware-slave.o
  CC      drivers/cpufreq/cpufreq_conservative.o
  AR      drivers/input/rmi4/built-in.a
  CC      drivers/watchdog/advantechwdt.o
  AR      drivers/opp/built-in.a
  CC      kernel/bpf/stream.o
  CC      drivers/input/joystick/walkera0701.o
  CC      drivers/i2c/busses/i2c-designware-platdrv.o
  CC      drivers/thermal/intel/intel_pch_thermal.o
  CC      drivers/power/supply/goldfish_battery.o
  CC      drivers/mfd/syscon.o
  CC      drivers/input/misc/drv2667.o
  AR      drivers/w1/slaves/built-in.a
  AR      drivers/w1/built-in.a
  CC      drivers/usb/misc/ehset.o
  CC      drivers/usb/misc/trancevibrator.o
  CC      drivers/hwmon/adm1026.o
  CC      drivers/usb/gadget/udc/snps_udc_core.o
  CC      drivers/watchdog/exar_wdt.o
  CC      drivers/usb/gadget/udc/pxa27x_udc.o
  CC      drivers/cpufreq/cpufreq_governor.o
  CC      drivers/input/joystick/xpad.o
  CC      drivers/watchdog/sp5100_tco.o
  CC      drivers/mfd/lm3533-core.o
  CC      drivers/i2c/busses/i2c-designware-pcidrv.o
  CC      drivers/i2c/busses/i2c-eg20t.o
  CC      drivers/thermal/intel/intel_tcc_cooling.o
  CC      drivers/power/supply/sbs-battery.o
  CC      drivers/usb/gadget/udc/m66592-udc.o
  CC      drivers/usb/misc/uss720.o
  CC      drivers/input/misc/gpio_decoder.o
  CC      kernel/bpf/stackmap.o
  CC      drivers/input/joystick/zhenhua.o
  CC      drivers/cpufreq/cpufreq_governor_attr_set.o
  CC      drivers/thermal/intel/therm_throt.o
  CC      drivers/watchdog/sbc_fitpc2_wdt.o
  CC      drivers/usb/gadget/function/f_loopback.o
  CC      drivers/mfd/lm3533-ctrlbank.o
  CC      drivers/input/misc/gpio-vibra.o
  CC      drivers/hwmon/adm1029.o
  CC      drivers/usb/gadget/legacy/zero.o
  AR      drivers/input/joystick/built-in.a
  CC      drivers/cpuidle/cpuidle.o
  CC      drivers/usb/misc/usbsevseg.o
  CC      drivers/mfd/iqs62x.o
  CC      drivers/i2c/busses/i2c-emev2.o
  CC      drivers/mmc/core/core.o
  CC      drivers/cpufreq/cpufreq-dt.o
  CC      drivers/power/supply/sbs-manager.o
  CC      drivers/usb/gadget/udc/gr_udc.o
  CC      drivers/watchdog/ib700wdt.o
  CC      drivers/hwmon/adm1177.o
  CC      kernel/bpf/cgroup_iter.o
  CC      drivers/usb/gadget/function/f_sourcesink.o
  CC      drivers/input/misc/ims-pcu.o
  AR      drivers/thermal/intel/built-in.a
  CC      drivers/usb/gadget/legacy/inode.o
  CC      drivers/thermal/thermal-generic-adc.o
  CC      drivers/usb/misc/yurex.o
  CC      drivers/mmc/core/bus.o
  CC      drivers/i2c/busses/i2c-kempld.o
  CC      drivers/watchdog/ibmasr.o
  CC      drivers/mfd/hi6421-pmic-core.o
  CC      drivers/cpufreq/cpufreq-dt-platdev.o
  CC      drivers/power/supply/bq27xxx_battery.o
  CC      drivers/hwmon/adm9240.o
  CC      drivers/cpuidle/driver.o
  CC      drivers/thermal/testing/command.o
  CC      kernel/bpf/bpf_cgrp_storage.o
  CC      drivers/usb/gadget/udc/udc-xilinx.o
  CC      drivers/usb/gadget/function/f_hid.o
  CC      drivers/mfd/dln2.o
  CC      drivers/mfd/rt4831.o
  CC      drivers/cpufreq/acpi-cpufreq.o
  CC      drivers/mmc/core/host.o
  CC      drivers/watchdog/wafer5823wdt.o
  CC      drivers/cpuidle/governor.o
  CC      drivers/usb/misc/usb3503.o
  CC      drivers/power/supply/bq27xxx_battery_i2c.o
  CC      drivers/i2c/busses/i2c-ocores.o
  CC      drivers/input/misc/iqs269a.o
  CC      drivers/thermal/testing/zone.o
  CC      drivers/usb/gadget/legacy/printer.o
  CC      drivers/hwmon/ads7828.o
  CC      drivers/cpuidle/sysfs.o
  CC      drivers/cpuidle/governors/ladder.o
  CC      drivers/watchdog/iTCO_wdt.o
  CC      drivers/cpufreq/amd-pstate.o
  CC      drivers/mfd/rt5033.o
  CC      kernel/bpf/crypto.o
  CC      drivers/usb/gadget/udc/snps_udc_plat.o
  CC      drivers/usb/gadget/function/f_printer.o
  CC      drivers/power/supply/bq27xxx_battery_hdq.o
  CC      drivers/mmc/core/mmc.o
  CC      drivers/usb/misc/chaoskey.o
  CC      drivers/usb/gadget/legacy/hid.o
  CC      drivers/i2c/busses/i2c-pca-platform.o
  AR      drivers/thermal/testing/built-in.a
  AR      drivers/thermal/built-in.a
  CC      drivers/cpuidle/governors/menu.o
  CC      drivers/watchdog/lenovo_se30_wdt.o
  CC      kernel/bpf/relo_core.o
  CC      drivers/hwmon/ads7871.o
  CC      drivers/input/misc/iqs626a.o
  CC      drivers/power/supply/da9052-battery.o
  CC      drivers/hwmon/adt7x10.o
  CC      drivers/mfd/stmfx.o
  CC      drivers/usb/gadget/udc/bdc/bdc_core.o
  CC      drivers/cpuidle/governors/teo.o
  CC      drivers/usb/misc/lvstest.o
  CC      drivers/usb/gadget/legacy/raw_gadget.o
  CC      drivers/i2c/busses/i2c-pxa.o
  CC      drivers/watchdog/it8712f_wdt.o
  AR      drivers/usb/gadget/function/built-in.a
  CC      drivers/i2c/busses/i2c-pxa-pci.o
  CC      drivers/mmc/host/wbsd.o
  CC      drivers/watchdog/it87_wdt.o
  CC      drivers/hwmon/adt7310.o
  CC      drivers/cpufreq/amd-pstate-trace.o
  AR      drivers/cpuidle/governors/built-in.a
  CC      drivers/mmc/core/mmc_ops.o
  CC      drivers/cpuidle/poll_state.o
  CC      drivers/power/supply/max17040_battery.o
  CC      drivers/mfd/qcom-pm8008.o
  CC      drivers/input/misc/iqs7222.o
  CC      drivers/usb/misc/onboard_usb_dev.o
  CC      kernel/bpf/btf_iter.o
  CC      drivers/cpufreq/powernow-k8.o
  AR      drivers/cpuidle/built-in.a
  CC      drivers/usb/gadget/udc/bdc/bdc_cmd.o
  CC      drivers/watchdog/hpwdt.o
  CC      drivers/hwmon/adt7410.o
  CC      drivers/i2c/busses/i2c-simtec.o
  CC      drivers/mfd/simple-mfd-i2c.o
  CC      drivers/mmc/core/sd.o
  AR      drivers/usb/gadget/legacy/built-in.a
  CC      drivers/usb/gadget/udc/max3420_udc.o
  CC      kernel/kheaders.o
  CC      drivers/power/supply/max1720x_battery.o
  CC      kernel/bpf/btf_relocate.o
  CC      drivers/mmc/host/alcor.o
  CC      drivers/power/supply/max1721x_battery.o
  CC      drivers/usb/gadget/udc/bdc/bdc_ep.o
  CC      drivers/usb/gadget/udc/bdc/bdc_udc.o
  AR      drivers/usb/misc/built-in.a
  CC      drivers/hwmon/adt7411.o
  CC      drivers/watchdog/sc1200wdt.o
  CC      drivers/i2c/busses/i2c-diolan-u2c.o
  CC      drivers/power/supply/rt5033_battery.o
  CC      drivers/cpufreq/pcc-cpufreq.o
  CC      drivers/mmc/core/sd_ops.o
  CC      drivers/mfd/smpro-core.o
  CC      drivers/input/misc/kxtj9.o
  CC      drivers/hwmon/adt7462.o
  CC      drivers/power/supply/rt5033_charger.o
  CC      drivers/input/misc/max7360-rotary.o
  CC      drivers/watchdog/pc87413_wdt.o
  CC      drivers/mmc/host/vub300.o
  CC      kernel/bpf/kmem_cache_iter.o
  CC      drivers/cpufreq/powernow-k6.o
  CC      drivers/i2c/busses/i2c-ljca.o
  CC      drivers/mmc/core/sdio.o
  CC      drivers/mmc/core/sdio_ops.o
  CC      drivers/hwmon/adt7470.o
  CC      drivers/mfd/intel-m10-bmc-core.o
  CC      drivers/memstick/core/memstick.o
  CC      drivers/memstick/host/tifm_ms.o
  CC      drivers/power/supply/rt9467-charger.o
  CC      drivers/watchdog/sbc8360.o
  AR      drivers/usb/gadget/udc/bdc/built-in.a
  CC      drivers/mmc/host/usdhi6rol0.o
  AR      drivers/usb/gadget/udc/built-in.a
  CC      drivers/cpufreq/powernow-k7.o
  AR      drivers/usb/gadget/built-in.a
  CC      drivers/input/misc/max77650-onkey.o
  AR      drivers/usb/built-in.a
  CC      drivers/firmware/dmi_scan.o
  CC      drivers/mfd/intel-m10-bmc-spi.o
  CC      kernel/bpf/dmabuf_iter.o
  CC      drivers/firmware/dmi-id.o
  CC      drivers/i2c/busses/i2c-cp2615.o
  CC      drivers/memstick/host/jmb38x_ms.o
  AR      drivers/memstick/core/built-in.a
  CC      drivers/power/supply/rt9471.o
  CC      drivers/mmc/core/sdio_bus.o
  CC      drivers/watchdog/sbc7240_wdt.o
  CC      drivers/watchdog/sch311x_wdt.o
  CC      drivers/fwctl/main.o
  CC      drivers/cpufreq/longhaul.o
  CC      drivers/input/misc/mc13783-pwrbutton.o
  CC      drivers/hwmon/adt7475.o
  CC      drivers/mmc/core/sdio_cis.o
  CC      drivers/mfd/atc260x-core.o
  AR      drivers/crypto/intel/built-in.a
  AR      drivers/crypto/built-in.a
  AR      kernel/bpf/built-in.a
  AR      kernel/built-in.a
  CC      drivers/i2c/busses/i2c-mchp-pci1xxxx.o
  CC      drivers/firmware/google/coreboot_table.o
  CC      drivers/firmware/google/framebuffer-coreboot.o
  CC      drivers/mmc/host/toshsd.o
  CC      drivers/memstick/host/r592.o
  CC      drivers/clocksource/i8253.o
  CC      drivers/power/supply/isp1704_charger.o
  CC      drivers/watchdog/smsc37b787_wdt.o
  CC      drivers/cpufreq/longrun.o
  CC      drivers/mfd/atc260x-i2c.o
  CC      drivers/input/misc/mma8450.o
  CC      drivers/input/misc/powermate.o
  AR      drivers/fwctl/built-in.a
  AR      drivers/hid/built-in.a
  CC      drivers/hwmon/axi-fan-control.o
  AR      drivers/clocksource/built-in.a
  CC      drivers/mmc/core/sdio_io.o
  CC      drivers/mmc/core/sdio_irq.o
  CC      drivers/firmware/google/memconsole.o
  CC      drivers/firmware/efi/efi.o
  CC      drivers/cpufreq/speedstep-ich.o
  CC      drivers/hwmon/cgbc-hwmon.o
  CC      drivers/i2c/busses/i2c-robotfuzz-osif.o
  CC      drivers/mmc/host/cqhci-core.o
  CC      drivers/watchdog/tqmx86_wdt.o
  CC      drivers/firmware/efi/vars.o
  CC      drivers/firmware/google/memconsole-coreboot.o
  CC      drivers/input/misc/qnap-mcu-input.o
  CC      drivers/firmware/efi/reboot.o
  CC      drivers/memstick/host/rtsx_usb_ms.o
  CC      drivers/power/supply/max8903_charger.o
  CC      drivers/hwmon/chipcap2.o
  CC      drivers/mfd/qnap-mcu.o
  CC      drivers/mmc/core/sd_uhs2.o
  CC      drivers/power/supply/gpio-charger.o
  CC      drivers/watchdog/w83627hf_wdt.o
  CC      drivers/mfd/rsmu_spi.o
  CC      drivers/firmware/google/memconsole-x86-legacy.o
  CC      drivers/firmware/google/cbmem.o
  CC      drivers/cpufreq/speedstep-lib.o
  CC      drivers/input/misc/regulator-haptic.o
  CC      drivers/input/misc/axp20x-pek.o
  CC      drivers/i2c/busses/i2c-tiny-usb.o
  CC      drivers/firmware/efi/memattr.o
  CC      drivers/power/supply/charger-manager.o
  CC      drivers/of/base.o
  CC      drivers/watchdog/w83877f_wdt.o
  AR      drivers/mmc/host/built-in.a
  AR      drivers/memstick/host/built-in.a
  CC      drivers/ssb/main.o
  CC      drivers/hwmon/coretemp.o
  AR      drivers/memstick/built-in.a
  CC      drivers/firmware/google/vpd.o
  CC      drivers/bcma/main.o
  CC      drivers/mfd/rsmu_core.o
  CC      drivers/cpufreq/speedstep-centrino.o
  CC      drivers/power/supply/ltc4162-l-charger.o
  CC      drivers/mmc/core/slot-gpio.o
  CC      drivers/i2c/busses/i2c-cros-ec-tunnel.o
  CC      drivers/input/misc/rotary_encoder.o
  CC      drivers/watchdog/w83977f_wdt.o
  CC      drivers/firmware/efi/tpm.o
  CC      drivers/mmc/core/regulator.o
  CC      drivers/mfd/upboard-fpga.o
  CC      drivers/firmware/google/vpd_decode.o
  CC      drivers/power/supply/max14577_charger.o
  AR      drivers/firmware/google/built-in.a
  CC      drivers/cpufreq/intel_pstate.o
  CC      drivers/firmware/efi/memmap.o
  CC      drivers/i2c/busses/i2c-pca-isa.o
  CC      drivers/hwmon/cros_ec_hwmon.o
  CC      drivers/of/cpu.o
  CC      drivers/bcma/scan.o
  CC      drivers/ssb/scan.o
  CC      drivers/mmc/core/pwrseq.o
  CC      drivers/watchdog/sbc_epx_c3.o
  AR      drivers/mfd/built-in.a
  CC      drivers/input/misc/rk805-pwrkey.o
  CC      drivers/ssb/sprom.o
  CC      drivers/hwmon/da9052-hwmon.o
  CC      drivers/bcma/core.o
  CC      drivers/ssb/pci.o
  CC      drivers/power/supply/max14656_charger_detector.o
  CC      drivers/of/device.o
  CC      drivers/firmware/efi/esrt.o
  CC      drivers/greybus/core.o
  CC      drivers/bcma/sprom.o
  CC      drivers/i2c/busses/scx200_acb.o
  CC      drivers/comedi/comedi_pci.o
  CC      drivers/mmc/core/debugfs.o
  CC      drivers/input/misc/tps6594-pwrbutton.o
  CC      drivers/watchdog/mei_wdt.o
  CC      drivers/i2c/busses/i2c-virtio.o
  CC      drivers/mmc/core/pwrseq_simple.o
  CC      drivers/hwmon/dell-smm-hwmon.o
  CC      drivers/input/misc/uinput.o
  CC      drivers/greybus/debugfs.o
  CC      drivers/power/supply/max77650-charger.o
  CC      drivers/firmware/efi/runtime-wrappers.o
  CC      drivers/ssb/pcihost_wrapper.o
  CC      drivers/of/module.o
  CC      drivers/ssb/sdio.o
  AR      drivers/cpufreq/built-in.a
  CC      drivers/comedi/comedi_fops.o
  CC      drivers/bcma/driver_chipcommon.o
  CC      drivers/mmc/core/mmc_test.o
  CC      drivers/greybus/hd.o
  CC      drivers/watchdog/ni903x_wdt.o
  CC      drivers/power/supply/max77976_charger.o
  CC      drivers/of/platform.o
  AR      drivers/i2c/busses/built-in.a
  AR      drivers/i2c/built-in.a
  CC      drivers/hwmon/dme1737.o
  CC      drivers/greybus/manifest.o
  CC      drivers/input/misc/wistron_btns.o
  CC      drivers/ssb/driver_chipcommon.o
  CC      drivers/gpib/agilent_82350b/agilent_82350b.o
  CC      drivers/input/misc/yealink.o
  CC      drivers/watchdog/nic7018_wdt.o
  CC      drivers/input/misc/ideapad_slidebar.o
  CC      drivers/firmware/efi/efibc.o
  CC      drivers/gpib/agilent_82357a/agilent_82357a.o
  CC      drivers/bcma/driver_chipcommon_pmu.o
  CC      drivers/greybus/module.o
  CC      drivers/power/supply/max8971_charger.o
  CC      drivers/power/supply/mp2629_charger.o
  CC      drivers/watchdog/mena21_wdt.o
  CC      drivers/of/property.o
  CC      drivers/bcma/driver_chipcommon_b.o
  CC      drivers/firmware/efi/dev-path-parser.o
  CC      drivers/ssb/driver_chipcommon_pmu.o
  AR      drivers/input/misc/built-in.a
  CC      drivers/gpib/cb7210/cb7210.o
  AR      drivers/mmc/core/built-in.a
  AR      drivers/input/built-in.a
  CC      drivers/comedi/range.o
  AR      drivers/mmc/built-in.a
  AR      drivers/gpib/agilent_82350b/built-in.a
  CC      drivers/gpib/cec/cec_gpib.o
  CC      drivers/comedi/drivers.o
  CC      drivers/power/supply/mt6360_charger.o
  CC      drivers/hwmon/ds620.o
  CC      drivers/greybus/interface.o
  CC      drivers/watchdog/cros_ec_wdt.o
  CC      drivers/comedi/comedi_buf.o
  CC      drivers/comedi/kcomedilib/kcomedilib_main.o
  AR      drivers/gpib/agilent_82357a/built-in.a
  CC      drivers/bcma/driver_pci.o
  CC      drivers/bcma/driver_pcie2.o
  CC      drivers/comedi/drivers/comedi_8254.o
  CC      drivers/firmware/efi/apple-properties.o
  CC      drivers/of/kobj.o
  CC      drivers/ssb/driver_pcicore.o
  AR      drivers/gpib/cec/built-in.a
  CC      drivers/watchdog/da9052_wdt.o
  CC      drivers/bcma/driver_gmac_cmn.o
  CC      drivers/watchdog/da9062_wdt.o
  CC      drivers/hwmon/ds1621.o
  AR      drivers/gpib/cb7210/built-in.a
  CC      drivers/greybus/bundle.o
  CC      drivers/power/supply/mt6370-charger.o
  CC      drivers/watchdog/gpio_wdt.o
  CC      drivers/gpib/common/gpib_os.o
  AR      drivers/comedi/kcomedilib/built-in.a
  CC      drivers/power/supply/bq24190_charger.o
  CC      drivers/of/dynamic.o
  CC      drivers/gpib/eastwood/fluke_gpib.o
  CC      drivers/bcma/driver_gpio.o
  CC      drivers/firmware/efi/rci2-table.o
  CC      drivers/hwmon/emc1812.o
  CC      drivers/comedi/drivers/comedi_bond.o
  CC      drivers/gpib/common/iblib.o
  CC      drivers/ssb/driver_gpio.o
  CC      drivers/of/fdt.o
  CC      drivers/watchdog/wdat_wdt.o
  CC      drivers/platform/x86/mxm-wmi.o
  CC      drivers/greybus/connection.o
  CC      drivers/firmware/efi/ovmf-debug-log.o
  CC      drivers/hwmon/emc2305.o
  CC      drivers/bcma/host_pci.o
  CC      drivers/platform/x86/nvidia-wmi-ec-backlight.o
  CC      drivers/comedi/drivers/comedi_test.o
  CC      drivers/gpib/fmh_gpib/fmh_gpib.o
  AR      drivers/gpib/eastwood/built-in.a
  AR      drivers/ssb/built-in.a
  CC      drivers/bcma/host_soc.o
  CC      drivers/power/supply/bq24735-charger.o
  DTC     drivers/of/empty_root.dtb
  CC      drivers/greybus/control.o
  CC      drivers/greybus/svc.o
  CC      drivers/firmware/efi/earlycon.o
  CC      drivers/comedi/drivers/8255_pci.o
  CC      drivers/watchdog/wm831x_wdt.o
  CC      drivers/platform/mellanox/mlx-platform.o
  CC      drivers/mailbox/mailbox.o
  AR      drivers/gpib/common/built-in.a
  CC      drivers/of/fdt_address.o
  CC      drivers/platform/x86/xiaomi-wmi.o
  CC      drivers/greybus/svc_watchdog.o
  CC      drivers/of/address.o
  AR      drivers/bcma/built-in.a
  CC      drivers/platform/chrome/chromeos_acpi.o
  CC      drivers/hwmon/emc6w201.o
  CC      drivers/watchdog/max63xx_wdt.o
  CC      drivers/platform/wmi/core.o
  CC      drivers/gpib/hp_82335/hp82335.o
  CC      drivers/comedi/drivers/addi_watchdog.o
  CC      drivers/power/supply/bq2515x_charger.o
  CC      drivers/gpib/hp_82341/hp_82341.o
  CC      drivers/mailbox/platform_mhu.o
  CC      drivers/platform/x86/bitland-mifs-wmi.o
  CC      drivers/gpib/ines/ines_gpib.o
  CC      drivers/greybus/operation.o
  CC      drivers/firmware/efi/libstub/alignedmem.o
  AR      drivers/gpib/fmh_gpib/built-in.a
  CC      drivers/watchdog/ziirave_wdt.o
  CC      drivers/platform/chrome/chromeos_laptop.o
  CC      drivers/platform/wmi/marshalling.o
  AR      drivers/gpib/hp_82335/built-in.a
  AR      drivers/mailbox/built-in.a
  CC      drivers/platform/mellanox/mlxreg-dpu.o
  CC      drivers/remoteproc/remoteproc_core.o
  CC      drivers/of/irq.o
  CC      drivers/platform/mellanox/mlxreg-hotplug.o
  CC      drivers/comedi/drivers/addi_apci_1032.o
  CC      drivers/platform/chrome/chromeos_of_hw_prober.o
  CC      drivers/hwmon/f71805f.o
  CC      drivers/platform/wmi/string.o
  CC      drivers/platform/x86/amd/hsmp/hsmp.o
  CC      drivers/power/supply/bq257xx_charger.o
  AR      drivers/gpib/hp_82341/built-in.a
  CC      drivers/greybus/gb-beagleplay.o
  CC      drivers/of/unittest.o
  CC      drivers/firmware/efi/libstub/efi-stub-helper.o
  AR      drivers/gpib/ines/built-in.a
  CC      drivers/gpib/lpvo_usb_gpib/lpvo_usb_gpib.o
  CC      drivers/watchdog/softdog.o
  CC      drivers/gpib/nec7210/nec7210.o
  CC      drivers/platform/chrome/chromeos_pstore.o
  CC      drivers/remoteproc/remoteproc_coredump.o
  AR      drivers/platform/wmi/tests/built-in.a
  AR      drivers/platform/wmi/built-in.a
  AR      drivers/firmware/efi/built-in.a
  CC      drivers/comedi/drivers/addi_apci_1500.o
  CC      drivers/gpib/pc2/pc2_gpib.o
  CC      drivers/comedi/drivers/addi_apci_1516.o
  CC      drivers/hwmon/fschmd.o
  CC      drivers/platform/mellanox/mlxreg-lc.o
  CC      drivers/watchdog/menz69_wdt.o
  AR      drivers/greybus/built-in.a
  CC      drivers/platform/x86/amd/hsmp/hwmon.o
  CC      drivers/platform/chrome/chromeos_tbmc.o
  CC      drivers/platform/x86/amd/hsmp/plat.o
  CC      drivers/platform/x86/amd/hsmp/acpi.o
  CC      drivers/firmware/efi/libstub/file.o
  CC      drivers/power/supply/bq25890_charger.o
  CC      drivers/remoteproc/remoteproc_debugfs.o
  AR      drivers/watchdog/built-in.a
  AR      drivers/gpib/nec7210/built-in.a
  CC      drivers/firmware/efi/libstub/gop.o
  CC      drivers/platform/x86/adv_swbutton.o
  CC      drivers/platform/x86/amd/hfi/hfi.o
  AR      drivers/gpib/pc2/built-in.a
  CC      drivers/comedi/drivers/addi_apci_1564.o
  CC      drivers/of/of_reserved_mem.o
  AR      drivers/gpib/lpvo_usb_gpib/built-in.a
  CC      drivers/gpib/tms9914/tms9914.o
  CC      drivers/hwmon/ftsteutates.o
  CC      drivers/platform/chrome/cros_ec.o
  AR      drivers/platform/mellanox/built-in.a
  CC      drivers/comedi/drivers/addi_apci_2200.o
  CC      drivers/remoteproc/remoteproc_sysfs.o
  CC      drivers/of/resolver.o
  CC      drivers/platform/chrome/cros_ec_rpmsg.o
  CC      drivers/comedi/drivers/addi_apci_3120.o
  AR      drivers/platform/x86/amd/hsmp/built-in.a
  CC      drivers/platform/x86/asus-wireless.o
  CC      drivers/platform/x86/fujitsu-laptop.o
  CC      drivers/comedi/drivers/addi_apci_3501.o
  CC      drivers/power/supply/bq25980_charger.o
  CC      drivers/firmware/efi/libstub/lib-cmdline.o
  AR      drivers/platform/x86/amd/hfi/built-in.a
  AR      drivers/platform/x86/amd/built-in.a
  CC      drivers/gpib/tnt4882/tnt4882_gpib.o
  CC      drivers/firmware/efi/libstub/lib-ctype.o
  CC      drivers/firmware/efi/libstub/mem.o
  CC      drivers/platform/chrome/cros_ec_spi.o
  CC      drivers/platform/x86/gpd-pocket-fan.o
  CC      drivers/gpib/tnt4882/mite.o
  DTC     drivers/of/unittest-data/testcases.dtbo
  CC      drivers/platform/x86/hp/hp_accel.o
  WRAP    drivers/of/unittest-data/testcases.dtbo.S
  AS      drivers/of/unittest-data/testcases.dtbo.o
  CC      drivers/remoteproc/remoteproc_virtio.o
  CC      drivers/hwmon/g760a.o
  AR      drivers/of/unittest-data/built-in.a
  CC      drivers/comedi/drivers/addi_apci_3xxx.o
  AR      drivers/gpib/tms9914/built-in.a
  WRAP    drivers/of/empty_root.dtb.S
  AS      drivers/of/empty_root.dtb.o
  CC      drivers/power/supply/bq256xx_charger.o
  AR      drivers/of/built-in.a
  CC      drivers/hwmon/g762.o
  CC      drivers/platform/x86/hp/hp-bioscfg/bioscfg.o
  CC      drivers/platform/x86/hp/hp-bioscfg/biosattr-interface.o
  CC      drivers/power/supply/rk817_charger.o
  CC      drivers/hwmon/gl518sm.o
  CC      drivers/rpmsg/rpmsg_core.o
  CC      drivers/firmware/efi/libstub/pci.o
  CC      drivers/rpmsg/rpmsg_ctrl.o
  CC      drivers/rpmsg/rpmsg_ns.o
  CC      drivers/remoteproc/remoteproc_elf_loader.o
  CC      drivers/platform/x86/hp/hp-bioscfg/enum-attributes.o
  CC      drivers/platform/chrome/cros_ec_proto.o
  AR      drivers/gpib/tnt4882/built-in.a
  CC      drivers/rpmsg/qcom_glink_native.o
  AR      drivers/gpib/built-in.a
  CC      drivers/comedi/drivers/adl_pci6208.o
  CC      drivers/platform/x86/hp/hp-bioscfg/int-attributes.o
  CC      drivers/power/supply/smb347-charger.o
  CC      drivers/hwmon/gl520sm.o
  CC      drivers/comedi/drivers/adl_pci7250.o
  CC      drivers/platform/x86/firmware_attributes_class.o
  CC      drivers/rpmsg/qcom_glink_ssr.o
  CC      drivers/platform/chrome/cros_ec_trace.o
  CC      drivers/virt/vmgenid.o
  CC      drivers/firmware/efi/libstub/printk.o
  CC      drivers/rpmsg/qcom_glink_rpm.o
  CC      drivers/firmware/efi/libstub/random.o
  CC      drivers/platform/x86/hp/hp-bioscfg/order-list-attributes.o
  AR      drivers/remoteproc/built-in.a
  CC      drivers/platform/x86/hp/hp-bioscfg/passwdobj-attributes.o
  CC      drivers/firmware/efi/libstub/randomalloc.o
  CC      drivers/firmware/efi/libstub/secureboot.o
  CC      drivers/rpmsg/virtio_rpmsg_bus.o
  CC      drivers/virt/nitro_enclaves/ne_pci_dev.o
  CC      drivers/comedi/drivers/adl_pci7x3x.o
  CC      drivers/platform/chrome/cros_kbd_led_backlight.o
  CC      drivers/hwmon/gpd-fan.o
  CC      drivers/virt/nitro_enclaves/ne_misc_dev.o
  CC      drivers/power/supply/tps65217_charger.o
  CC      drivers/devfreq/devfreq.o
  CC      drivers/firmware/efi/libstub/skip_spaces.o
  CC      drivers/platform/x86/hdaps.o
  CC      drivers/comedi/drivers/adl_pci8164.o
  CC      drivers/platform/chrome/cros_ec_vbc.o
  CC      drivers/power/supply/axp288_fuel_gauge.o
  CC      drivers/platform/x86/hp/hp-bioscfg/spmobj-attributes.o
  CC      drivers/virt/coco/tsm-core.o
  CC      drivers/comedi/drivers/adl_pci9118.o
  CC      drivers/firmware/efi/libstub/smbios.o
  CC      drivers/firmware/efi/libstub/tpm.o
  CC      drivers/platform/x86/hp/hp-bioscfg/string-attributes.o
  CC      drivers/hwmon/gpio-fan.o
  AR      drivers/rpmsg/built-in.a
  CC      drivers/firmware/efi/libstub/vsprintf.o
  CC      drivers/platform/chrome/cros_ec_sensorhub.o
  CC      drivers/power/supply/cros_charge-control.o
  CC      drivers/devfreq/governor_simpleondemand.o
  CC      drivers/platform/x86/lenovo/think-lmi.o
  CC      drivers/platform/x86/hp/hp-bioscfg/surestart-attributes.o
  CC      drivers/platform/chrome/cros_ec_sensorhub_ring.o
  CC      drivers/firmware/efi/libstub/x86-stub.o
  CC      drivers/extcon/extcon.o
  AR      drivers/virt/coco/built-in.a
  AR      drivers/virt/nitro_enclaves/built-in.a
  CC      drivers/devfreq/governor_powersave.o
  CC      drivers/extcon/devres.o
  AR      drivers/virt/built-in.a
  CC      drivers/comedi/drivers/adv_pci1720.o
  CC      drivers/comedi/drivers/adv_pci1723.o
  CC      drivers/extcon/extcon-adc-jack.o
  CC      drivers/comedi/drivers/adv_pci1760.o
  CC      drivers/power/supply/ucs1002_power.o
  CC      drivers/extcon/extcon-fsa9480.o
  CC      drivers/platform/x86/lenovo/wmi-hotkey-utilities.o
  CC      drivers/iio/industrialio-core.o
  CC      drivers/hwmon/hih6130.o
  AR      drivers/platform/x86/hp/hp-bioscfg/built-in.a
  AR      drivers/platform/x86/hp/built-in.a
  CC      drivers/power/supply/bd99954-charger.o
  CC      drivers/devfreq/governor_passive.o
  CC      drivers/iio/industrialio-event.o
  CC      drivers/platform/chrome/cros_ec_sysfs.o
  STUBCPY drivers/firmware/efi/libstub/alignedmem.stub.o
  CC      drivers/power/supply/rn5t618_power.o
  CC      drivers/powercap/dtpm.o
  CC      drivers/power/supply/ug3105_battery.o
  STUBCPY drivers/firmware/efi/libstub/efi-stub-helper.stub.o
  CC      drivers/powercap/powercap_sys.o
  STUBCPY drivers/firmware/efi/libstub/file.stub.o
  CC      drivers/extcon/extcon-gpio.o
  STUBCPY drivers/firmware/efi/libstub/gop.stub.o
  CC      drivers/platform/x86/lenovo/yogabook.o
  STUBCPY drivers/firmware/efi/libstub/lib-cmdline.stub.o
  CC      drivers/comedi/drivers/adv_pci_dio.o
  STUBCPY drivers/firmware/efi/libstub/lib-ctype.stub.o
  STUBCPY drivers/firmware/efi/libstub/mem.stub.o
  STUBCPY drivers/firmware/efi/libstub/pci.stub.o
  STUBCPY drivers/firmware/efi/libstub/printk.stub.o
  STUBCPY drivers/firmware/efi/libstub/random.stub.o
  STUBCPY drivers/firmware/efi/libstub/randomalloc.stub.o
  STUBCPY drivers/firmware/efi/libstub/secureboot.stub.o
  STUBCPY drivers/firmware/efi/libstub/skip_spaces.stub.o
  STUBCPY drivers/firmware/efi/libstub/smbios.stub.o
  AR      drivers/devfreq/built-in.a
  CC      drivers/platform/x86/lenovo/yoga-tab2-pro-1380-fastcharger.o
  STUBCPY drivers/firmware/efi/libstub/tpm.stub.o
  CC      drivers/iio/inkern.o
  STUBCPY drivers/firmware/efi/libstub/vsprintf.stub.o
  STUBCPY drivers/firmware/efi/libstub/x86-stub.stub.o
  CC      drivers/hwmon/hs3001.o
  CC      drivers/platform/x86/intel/atomisp2/led.o
  AR      drivers/platform/chrome/built-in.a
  AR      drivers/firmware/efi/libstub/lib.a
  CC      drivers/powercap/idle_inject.o
  CC      drivers/mcb/mcb-core.o
  AR      drivers/firmware/built-in.a
  CC      drivers/platform/x86/intel/int1092/intel_sar.o
  CC      drivers/mcb/mcb-parse.o
  CC      drivers/perf/dwc_pcie_pmu.o
  CC      drivers/extcon/extcon-lc824206xa.o
  CC      drivers/platform/x86/intel/int3472/discrete.o
  CC      drivers/comedi/drivers/amplc_dio200_pci.o
  CC      drivers/comedi/drivers/amplc_pci236.o
  AR      drivers/power/supply/built-in.a
  AR      drivers/power/built-in.a
  CC      drivers/platform/x86/intel/wmi/sbl-fw-update.o
  AR      drivers/platform/x86/intel/atomisp2/built-in.a
  AR      drivers/powercap/built-in.a
  CC      drivers/platform/x86/lenovo/wmi-camera.o
  CC      drivers/platform/x86/quickstart.o
  CC      drivers/iio/industrialio-buffer.o
  CC      drivers/mcb/mcb-lpc.o
  CC      drivers/platform/x86/intel/hid.o
  CC      drivers/platform/x86/intel/wmi/thunderbolt.o
  CC      drivers/thunderbolt/nhi.o
  AR      drivers/platform/x86/intel/int1092/built-in.a
  CC      drivers/platform/x86/intel/int3472/discrete_quirks.o
  CC      drivers/hwmon/htu31.o
  CC      drivers/hwtracing/stm/core.o
  CC      drivers/hwmon/i5k_amb.o
  CC      drivers/iio/industrialio-trigger.o
  CC      drivers/extcon/extcon-max14577.o
  CC      drivers/platform/x86/intel/int3472/clk_and_regulator.o
  AR      drivers/mcb/built-in.a
  CC      drivers/perf/cxl_pmu.o
  CC      drivers/comedi/drivers/amplc_pci224.o
  CC      drivers/comedi/drivers/contec_pci_dio.o
  AR      drivers/platform/x86/lenovo/built-in.a
  CC      drivers/thunderbolt/ctl.o
  AR      drivers/platform/x86/intel/wmi/built-in.a
  CC      drivers/hwmon/ibmaem.o
  CC      drivers/thunderbolt/tb.o
  CC      drivers/extcon/extcon-max77693.o
  CC      drivers/thunderbolt/switch.o
  AR      drivers/android/built-in.a
  CC      drivers/platform/x86/meegopad_anx7428.o
  CC      drivers/hwtracing/stm/policy.o
  CC      drivers/comedi/drivers/das08_pci.o
  CC      drivers/comedi/drivers/dyna_pci10xx.o
  CC      drivers/iio/industrialio-acpi.o
  CC      drivers/platform/x86/intel/vbtn.o
  CC      drivers/nvmem/core.o
  CC      drivers/platform/x86/intel/int3472/led.o
  CC      drivers/iio/industrialio-configfs.o
  CC      drivers/hwmon/ibmpex.o
  CC      drivers/nvmem/layouts.o
  CC      drivers/iio/industrialio-gts-helper.o
  CC      drivers/hwtracing/stm/p_basic.o
  AR      drivers/perf/built-in.a
  CC      drivers/hwtracing/stm/p_sys-t.o
  CC      drivers/thunderbolt/cap.o
  CC      drivers/extcon/extcon-max14526.o
  CC      drivers/nvmem/layouts/u-boot-env.o
  CC      drivers/hwtracing/stm/dummy_stm.o
  CC      drivers/comedi/drivers/gsc_hpdi.o
  CC      drivers/iio/industrialio-sw-device.o
  CC      drivers/nvmem/qnap-mcu-eeprom.o
  CC      drivers/platform/x86/intel/int3472/tps68470.o
  CC      drivers/hwmon/iio_hwmon.o
  CC      drivers/platform/x86/msi-wmi.o
  CC      drivers/hwmon/ina209.o
  CC      drivers/platform/x86/msi-wmi-platform.o
  CC      drivers/platform/x86/intel/rst.o
  CC      drivers/iio/industrialio-sw-trigger.o
  AR      drivers/hwtracing/stm/built-in.a
  CC      drivers/extcon/extcon-rt8973a.o
  CC      drivers/comedi/drivers/icp_multi.o
  CC      drivers/thunderbolt/pci.o
  CC      drivers/platform/x86/intel/smartconnect.o
  CC      drivers/platform/x86/intel/int3472/tps68470_board_data.o
  CC      drivers/platform/x86/portwell-ec.o
  CC      drivers/iio/industrialio-triggered-event.o
  CC      drivers/fpga/fpga-mgr.o
  CC      drivers/fpga/altera-cvp.o
  CC      drivers/nvmem/rmem.o
  CC      drivers/platform/x86/intel/int3472/common.o
  AR      drivers/nvmem/layouts/built-in.a
  CC      drivers/hwmon/ina2xx.o
  CC      drivers/fpga/altera-ps-spi.o
  CC      drivers/fsi/fsi-core.o
  CC      drivers/comedi/drivers/cb_pcidas.o
  CC      drivers/fsi/fsi-master-aspeed.o
  CC      drivers/iio/industrialio-backend.o
  CC      drivers/thunderbolt/path.o
  CC      drivers/fpga/machxo2-spi.o
  AR      drivers/extcon/built-in.a
  CC      drivers/platform/x86/barco-p50-gpio.o
  CC      drivers/iio/accel/adis16201.o
  AR      drivers/nvmem/built-in.a
  CC      drivers/mux/core.o
  CC      drivers/iio/accel/adxl313_core.o
  CC      drivers/platform/x86/toshiba_bluetooth.o
  CC      drivers/fsi/fsi-master-gpio.o
  CC      drivers/mux/adg792a.o
  AR      drivers/platform/x86/intel/int3472/built-in.a
  AR      drivers/platform/x86/intel/built-in.a
  CC      drivers/siox/siox-core.o
  CC      drivers/siox/siox-bus-gpio.o
  CC      drivers/thunderbolt/tunnel.o
  CC      drivers/hwmon/intel-m10-bmc-hwmon.o
  CC      drivers/comedi/drivers/cb_pcidda.o
  CC      drivers/mux/adgs1408.o
  CC      drivers/iio/accel/adxl313_i2c.o
  CC      drivers/platform/x86/inspur_platform_profile.o
  CC      drivers/fpga/xilinx-core.o
  CC      drivers/gnss/core.o
  CC      drivers/iio/adc/industrialio-adc.o
  CC      drivers/interconnect/core.o
  CC      drivers/hte/hte.o
  CC      drivers/iio/adc/ad_sigma_delta.o
  CC      drivers/fsi/fsi-master-i2cr.o
  CC      drivers/fpga/xilinx-selectmap.o
  CC      drivers/interconnect/bulk.o
  CC      drivers/hwmon/it87.o
  AR      drivers/siox/built-in.a
  CC      drivers/hwmon/jc42.o
  CC      drivers/hwmon/k8temp.o
  CC      drivers/platform/x86/classmate-laptop.o
  CC      drivers/thunderbolt/eeprom.o
  CC      drivers/mux/gpio.o
  CC      drivers/comedi/drivers/cb_pcimdas.o
  CC      drivers/gnss/serial.o
  CC      drivers/fpga/xilinx-spi.o
  CC      drivers/iio/accel/adxl313_spi.o
  CC      drivers/iio/accel/adxl367.o
  AR      drivers/hte/built-in.a
  CC      drivers/iio/addac/ad74413r.o
  CC      drivers/interconnect/debugfs-client.o
  CC      drivers/iio/adc/ad4080.o
  CC      drivers/fsi/fsi-scom.o
  CC      drivers/iio/accel/adxl367_i2c.o
  CC      drivers/iio/adc/ad4130.o
  CC      drivers/gnss/mtk.o
  CC      drivers/mux/mmio.o
  CC      drivers/comedi/drivers/cb_pcimdda.o
  CC      drivers/platform/x86/lg-laptop.o
  CC      drivers/thunderbolt/domain.o
  CC      drivers/hwmon/lenovo-ec-sensors.o
  CC      drivers/fpga/microchip-spi.o
  CC      drivers/iio/amplifiers/ada4250.o
  AR      drivers/interconnect/built-in.a
  CC      drivers/fsi/fsi-sbefifo.o
  CC      drivers/iio/accel/adxl372.o
  AR      drivers/mux/built-in.a
  CC      drivers/platform/x86/panasonic-laptop.o
  CC      drivers/iio/buffer/industrialio-buffer-cb.o
  CC      drivers/comedi/drivers/me4000.o
  CC      drivers/iio/buffer/industrialio-buffer-dma.o
  CC      drivers/gnss/sirf.o
  CC      drivers/iio/buffer/industrialio-buffer-dmaengine.o
  CC      drivers/hwmon/lineage-pem.o
  AR      drivers/iio/addac/built-in.a
  CC      drivers/hwmon/lm73.o
  CC      drivers/iio/buffer/industrialio-hw-consumer.o
  CC      drivers/iio/buffer/industrialio-triggered-buffer.o
  CC      drivers/fpga/lattice-sysconfig.o
  CC      drivers/thunderbolt/dma_port.o
  CC      drivers/iio/amplifiers/adl8113.o
  CC      drivers/iio/cdc/ad7150.o
  CC      drivers/iio/accel/adxl372_spi.o
  CC      drivers/fsi/fsi-occ.o
  CC      drivers/iio/adc/ad4691.o
  CC      drivers/iio/cdc/ad7746.o
  CC      drivers/platform/x86/topstar-laptop.o
  CC      drivers/iio/chemical/atlas-sensor.o
  CC      drivers/fpga/lattice-sysconfig-spi.o
  CC      drivers/comedi/drivers/me_daq.o
  CC      drivers/gnss/usb.o
  CC      drivers/iio/adc/ad4695.o
  CC      drivers/iio/chemical/atlas-ezo-sensor.o
  CC      drivers/iio/buffer/kfifo_buf.o
  CC      drivers/hwmon/lm75.o
  CC      drivers/thunderbolt/icm.o
  CC      drivers/iio/accel/adxl380.o
  AR      drivers/iio/amplifiers/built-in.a
  CC      drivers/platform/x86/serial-multi-instantiate.o
  CC      drivers/platform/x86/wireless-hotkey.o
  CC      drivers/iio/common/cros_ec_sensors/cros_ec_sensors_core.o
  AR      drivers/fsi/built-in.a
  CC      drivers/iio/adc/ad7091r-base.o
  CC      drivers/fpga/altera-pr-ip-core.o
  AR      drivers/iio/buffer/built-in.a
  CC      drivers/comedi/drivers/ni_6527.o
  AR      drivers/gnss/built-in.a
  AR      drivers/iio/cdc/built-in.a
  CC      drivers/iio/common/cros_ec_sensors/cros_ec_sensors_trace.o
  CC      drivers/iio/common/cros_ec_sensors/cros_ec_sensors.o
  CC      drivers/platform/x86/intel_ips.o
  CC      drivers/iio/chemical/bme680_core.o
  CC      drivers/thunderbolt/property.o
  CC      drivers/iio/dac/ad3530r.o
  CC      drivers/fpga/altera-pr-ip-core-plat.o
  CC      drivers/iio/chemical/bme680_i2c.o
  CC      drivers/hwmon/lm78.o
  CC      drivers/comedi/drivers/ni_65xx.o
  AR      drivers/iio/dummy/built-in.a
  CC      drivers/fpga/efinix-spi.o
  CC      drivers/iio/accel/adxl380_i2c.o
  CC      drivers/hwmon/lm80.o
  AR      drivers/iio/common/cros_ec_sensors/built-in.a
  CC      drivers/iio/adc/ad7091r5.o
  CC      drivers/iio/common/inv_sensors/inv_sensors_timestamp.o
  CC      drivers/iio/chemical/bme680_spi.o
  CC      drivers/hwmon/lm85.o
  CC      drivers/iio/common/ms_sensors/ms_sensors_i2c.o
  CC      drivers/hwmon/lm87.o
  CC      drivers/thunderbolt/xdomain.o
  CC      drivers/platform/x86/intel_scu_ipc.o
  CC      drivers/iio/dac/ad3552r-hs.o
  AR      drivers/iio/common/inv_sensors/built-in.a
  CC      drivers/fpga/fpga-bridge.o
  CC      drivers/hwmon/lm92.o
  CC      drivers/iio/adc/ad7091r8.o
  CC      drivers/iio/gyro/adis16130.o
  CC      drivers/comedi/drivers/ni_660x.o
  CC      drivers/iio/accel/adxl380_spi.o
  CC      drivers/thunderbolt/lc.o
  CC      drivers/platform/x86/pmc_atom.o
  CC      drivers/iio/chemical/ccs811.o
  CC      drivers/iio/accel/bma220_core.o
  AR      drivers/iio/common/ms_sensors/built-in.a
  CC      drivers/iio/chemical/ams-iaq-core.o
  CC      drivers/iio/common/ssp_sensors/ssp_dev.o
  CC      drivers/fpga/altera-freeze-bridge.o
  CC      drivers/iio/chemical/mhz19b.o
  CC      drivers/iio/gyro/adxrs290.o
  CC      drivers/fpga/xilinx-pr-decoupler.o
  CC      drivers/iio/dac/ad3552r-common.o
  CC      drivers/comedi/drivers/ni_labpc_pci.o
  CC      drivers/iio/adc/ad7173.o
  CC      drivers/hwmon/lm93.o
  CC      drivers/iio/common/ssp_sensors/ssp_spi.o
  CC      drivers/iio/accel/bma220_i2c.o
  CC      drivers/iio/gyro/adxrs450.o
  CC      drivers/iio/chemical/pms7003.o
  CC      drivers/platform/x86/winmate-fm07-keys.o
  CC      drivers/thunderbolt/tmu.o
  AR      drivers/fpga/built-in.a
  CC      drivers/platform/x86/sel3350-platform.o
  CC      drivers/comedi/drivers/rtd520.o
  CC      drivers/iio/common/st_sensors/st_sensors_i2c.o
  CC      drivers/iio/accel/bma220_spi.o
  CC      drivers/iio/frequency/ad9523.o
  CC      drivers/iio/health/afe4403.o
  CC      drivers/iio/adc/ad7291.o
  CC      drivers/iio/dac/ad3552r.o
  CC      drivers/thunderbolt/usb4.o
  CC      drivers/iio/chemical/scd30_core.o
  AR      drivers/iio/common/ssp_sensors/built-in.a
  CC      drivers/iio/frequency/adf4371.o
  CC      drivers/hwmon/ltc2945.o
  AR      drivers/platform/x86/built-in.a
  CC      drivers/iio/gyro/bmg160_core.o
  AR      drivers/platform/built-in.a
  CC      drivers/iio/chemical/scd4x.o
  CC      drivers/iio/health/afe4404.o
  CC      drivers/iio/common/st_sensors/st_sensors_spi.o
  CC      drivers/thunderbolt/usb4_port.o
  CC      drivers/iio/chemical/sen0322.o
  CC      drivers/iio/accel/bma400_core.o
  CC      drivers/comedi/drivers/s626.o
  CC      drivers/iio/frequency/adf4377.o
  CC      drivers/iio/adc/ad7292.o
  CC      drivers/iio/dac/ad5380.o
  CC      drivers/iio/chemical/sunrise_co2.o
  CC      drivers/iio/common/st_sensors/st_sensors_core.o
  CC      drivers/iio/gyro/bmg160_i2c.o
  CC      drivers/hwmon/ltc2991.o
  CC      drivers/thunderbolt/nvm.o
  CC      drivers/iio/health/max30100.o
  CC      drivers/iio/accel/bma400_i2c.o
  CC      drivers/iio/common/st_sensors/st_sensors_buffer.o
  CC      drivers/iio/adc/ad7298.o
  CC      drivers/iio/adc/ad7380.o
  CC      drivers/iio/humidity/am2315.o
  CC      drivers/iio/humidity/dht11.o
  CC      drivers/comedi/drivers/ssv_dnp.o
  CC      drivers/iio/dac/ad5624r_spi.o
  CC      drivers/iio/chemical/sgp30.o
  CC      drivers/iio/humidity/hdc100x.o
  CC      drivers/iio/gyro/bmg160_spi.o
  CC      drivers/iio/frequency/admfm2000.o
  CC      drivers/iio/chemical/sgp40.o
  CC      drivers/hwmon/ltc4151.o
  CC      drivers/thunderbolt/retimer.o
  AR      drivers/iio/health/built-in.a
  CC      drivers/iio/accel/bma400_spi.o
  CC      drivers/iio/common/st_sensors/st_sensors_trigger.o
  CC      drivers/iio/humidity/hdc2010.o
  CC      drivers/iio/imu/adis16400.o
  CC      drivers/comedi/drivers/mf6x4.o
  CC      drivers/iio/frequency/admv1013.o
  CC      drivers/iio/dac/ad5064.o
  CC      drivers/thunderbolt/quirks.o
  CC      drivers/iio/chemical/sps30.o
  CC      drivers/iio/adc/ad7405.o
  CC      drivers/iio/gyro/mpu3050-core.o
  CC      drivers/comedi/drivers/mite.o
  CC      drivers/iio/adc/ad7476.o
  CC      drivers/iio/adc/ad7606_spi.o
  CC      drivers/hwmon/ltc4215.o
  CC      drivers/iio/accel/bmc150-accel-core.o
  CC      drivers/iio/adc/ad7606.o
  CC      drivers/iio/imu/adis16475.o
  CC      drivers/iio/humidity/hdc3020.o
  CC      drivers/iio/dac/ad5504.o
  AR      drivers/iio/common/st_sensors/built-in.a
  AR      drivers/iio/common/built-in.a
  CC      drivers/thunderbolt/clx.o
  CC      drivers/thunderbolt/acpi.o
  CC      drivers/iio/frequency/adrf6780.o
  CC      drivers/iio/humidity/hts221_core.o
  CC      drivers/comedi/drivers/ni_tio.o
  CC      drivers/iio/magnetometer/af8133j.o
  CC      drivers/iio/light/acpi-als.o
  CC      drivers/iio/chemical/sps30_i2c.o
  CC      drivers/hwmon/ltc4222.o
  CC      drivers/iio/accel/bmc150-accel-i2c.o
  CC      drivers/iio/gyro/mpu3050-i2c.o
  CC      drivers/iio/adc/ad7791.o
  CC      drivers/iio/dac/ad5446.o
  CC      drivers/iio/imu/adis16480.o
  CC      drivers/comedi/drivers/ni_tiocmd.o
  CC      drivers/thunderbolt/debugfs.o
  CC      drivers/iio/chemical/vz89x.o
  AR      drivers/iio/frequency/built-in.a
  CC      drivers/thunderbolt/configfs.o
  CC      drivers/iio/light/adjd_s311.o
  CC      drivers/iio/dac/ad5446-spi.o
  CC      drivers/iio/humidity/hts221_buffer.o
  CC      drivers/iio/magnetometer/ak8974.o
  CC      drivers/hwmon/ltc4260.o
  CC      drivers/iio/humidity/hts221_i2c.o
  CC      drivers/iio/multiplexer/iio-mux.o
  CC      drivers/iio/accel/bmc150-accel-spi.o
  AR      drivers/iio/gyro/built-in.a
  CC      drivers/iio/adc/ad7793.o
  CC      drivers/iio/light/adux1020.o
  CC      drivers/hwmon/ltc4261.o
  CC      drivers/comedi/drivers/ni_routes.o
  CC      drivers/thunderbolt/stream.o
  CC      drivers/iio/dac/ad5446-i2c.o
  AR      drivers/iio/chemical/built-in.a
  CC      drivers/iio/magnetometer/ak8975.o
  CC      drivers/iio/imu/adis16550.o
  CC      drivers/iio/accel/da311.o
  CC      drivers/hwmon/ltc4282.o
  AR      drivers/iio/multiplexer/built-in.a
  CC      drivers/iio/humidity/hts221_spi.o
  CC      drivers/iio/humidity/htu21.o
  CC      drivers/iio/adc/ad7887.o
  CC      drivers/iio/humidity/si7005.o
  CC      drivers/iio/magnetometer/als31300.o
  CC      drivers/comedi/drivers/ni_routing/ni_route_values.o
  CC      drivers/comedi/drivers/ni_routing/ni_route_values/ni_660x.o
  CC      drivers/iio/light/al3010.o
  CC      drivers/comedi/drivers/ni_routing/ni_route_values/ni_eseries.o
  CC      drivers/iio/magnetometer/bmc150_magn.o
  CC      drivers/iio/imu/adis.o
  CC      drivers/iio/accel/dmard09.o
  CC      drivers/comedi/drivers/ni_routing/ni_route_values/ni_mseries.o
  CC      drivers/iio/humidity/si7020.o
  CC      drivers/iio/dac/ad5592r-base.o
  CC      drivers/comedi/drivers/ni_routing/ni_device_routes.o
  CC      drivers/comedi/drivers/ni_routing/ni_device_routes/pxi-6030e.o
  CC      drivers/iio/accel/fxls8962af-core.o
  CC      drivers/iio/position/iqs624-pos.o
  CC      drivers/iio/adc/ad7944.o
  CC      drivers/iio/light/al3320a.o
  CC      drivers/iio/imu/adis_trigger.o
  AR      drivers/thunderbolt/built-in.a
  CC      drivers/comedi/drivers/ni_routing/ni_device_routes/pci-6070e.o
  CC      drivers/iio/accel/fxls8962af-i2c.o
  CC      drivers/iio/potentiometer/ds1803.o
  CC      drivers/comedi/drivers/ni_routing/ni_device_routes/pci-6220.o
  CC      drivers/hwmon/ltc4283.o
  CC      drivers/iio/dac/ad5592r.o
  CC      drivers/comedi/drivers/ni_routing/ni_device_routes/pci-6221.o
  CC      drivers/hwmon/max1111.o
  CC      drivers/comedi/drivers/ni_routing/ni_device_routes/pxi-6224.o
  CC      drivers/iio/dac/ad5706r.o
  CC      drivers/iio/magnetometer/bmc150_magn_i2c.o
  AR      drivers/iio/position/built-in.a
  CC      drivers/iio/potentiometer/max5432.o
  CC      drivers/comedi/drivers/ni_routing/ni_device_routes/pxi-6225.o
  CC      drivers/iio/pressure/abp060mg.o
  AR      drivers/iio/humidity/built-in.a
  CC      drivers/iio/magnetometer/bmc150_magn_spi.o
  CC      drivers/iio/pressure/abp2030pa.o
  CC      drivers/comedi/drivers/ni_routing/ni_device_routes/pci-6229.o
  CC      drivers/iio/magnetometer/mag3110.o
  CC      drivers/iio/imu/adis_buffer.o
  CC      drivers/iio/light/apds9160.o
  CC      drivers/comedi/drivers/ni_routing/ni_device_routes/pci-6251.o
  CC      drivers/iio/pressure/abp2030pa_spi.o
  CC      drivers/iio/adc/ad799x.o
  CC      drivers/iio/accel/fxls8962af-spi.o
  CC      drivers/comedi/drivers/ni_routing/ni_device_routes/pxi-6251.o
  CC      drivers/iio/light/apds9300.o
  CC      drivers/iio/magnetometer/tlv493d.o
  CC      drivers/iio/dac/ad5755.o
  CC      drivers/comedi/drivers/ni_routing/ni_device_routes/pxie-6251.o
  CC      drivers/iio/imu/bmi160/bmi160_core.o
  CC      drivers/iio/potentiometer/max5487.o
  CC      drivers/iio/light/apds9306.o
  CC      drivers/iio/proximity/as3935.o
  CC      drivers/iio/proximity/cros_ec_mkbp_proximity.o
  CC      drivers/comedi/drivers/ni_routing/ni_device_routes/pci-6254.o
  CC      drivers/hwmon/max127.o
  CC      drivers/comedi/drivers/ni_routing/ni_device_routes/pci-6259.o
  CC      drivers/iio/imu/bmi160/bmi160_i2c.o
  CC      drivers/iio/accel/kxcjk-1013.o
  CC      drivers/iio/pressure/rohm-bm1390.o
  CC      drivers/comedi/drivers/ni_routing/ni_device_routes/pci-6534.o
  CC      drivers/iio/adc/axp20x_adc.o
  CC      drivers/comedi/drivers/ni_routing/ni_device_routes/pxie-6535.o
  CC      drivers/iio/accel/mc3230.o
  CC      drivers/comedi/drivers/ni_routing/ni_device_routes/pci-6602.o
  CC      drivers/iio/pressure/dlhl60d.o
  CC      drivers/iio/pressure/cros_ec_baro.o
  CC      drivers/iio/pressure/hp03.o
  CC      drivers/iio/magnetometer/hmc5843_core.o
  CC      drivers/iio/potentiometer/mcp4018.o
  CC      drivers/comedi/drivers/ni_routing/ni_device_routes/pci-6713.o
  CC      drivers/iio/dac/ad5758.o
  CC      drivers/hwmon/max1668.o
  CC      drivers/iio/adc/cpcap-adc.o
  CC      drivers/iio/proximity/d3323aa.o
  CC      drivers/iio/imu/bmi160/bmi160_spi.o
  CC      drivers/comedi/drivers/ni_routing/ni_device_routes/pci-6723.o
  CC      drivers/iio/pressure/mpl3115.o
  CC      drivers/iio/light/apds9999.o
  CC      drivers/comedi/drivers/ni_routing/ni_device_routes/pci-6733.o
  CC      drivers/iio/adc/dln2-adc.o
  CC      drivers/comedi/drivers/ni_routing/ni_device_routes/pxi-6733.o
  CC      drivers/iio/proximity/hx9023s.o
  CC      drivers/iio/adc/hx711.o
  CC      drivers/iio/magnetometer/hmc5843_i2c.o
  CC      drivers/iio/accel/mma7455_core.o
  CC      drivers/comedi/drivers/ni_routing/ni_device_routes/pxie-6738.o
  CC      drivers/iio/imu/bmi270/bmi270_core.o
  CC      drivers/iio/light/bh1745.o
  CC      drivers/iio/potentiometer/x9250.o
  CC      drivers/iio/dac/ad5761.o
  CC      drivers/comedi/drivers/ni_labpc_common.o
  CC      drivers/hwmon/max31760.o
  CC      drivers/iio/accel/mma7455_i2c.o
  CC      drivers/iio/magnetometer/hmc5843_spi.o
  AR      drivers/iio/imu/bmi160/built-in.a
  CC      drivers/comedi/drivers/comedi_8255.o
  CC      drivers/iio/proximity/pulsedlight-lidar-lite-v2.o
  CC      drivers/iio/light/bh1750.o
  CC      drivers/iio/pressure/mprls0025pa.o
  CC      drivers/iio/imu/bmi270/bmi270_i2c.o
  CC      drivers/iio/light/cm32181.o
  CC      drivers/iio/adc/ltc2471.o
  CC      drivers/iio/magnetometer/rm3100-core.o
  AR      drivers/iio/potentiometer/built-in.a
  CC      drivers/iio/pressure/mprls0025pa_i2c.o
  CC      drivers/iio/adc/ltc2485.o
  CC      drivers/iio/dac/ad5764.o
  CC      drivers/iio/dac/ad5766.o
  CC      drivers/iio/accel/mma7455_spi.o
  AR      drivers/iio/imu/bmi323/built-in.a
  CC      drivers/iio/dac/ad5770r.o
  CC      drivers/comedi/drivers/amplc_dio200_common.o
  CC      drivers/iio/accel/mma7660.o
  CC      drivers/iio/adc/ltc2496.o
  CC      drivers/hwmon/max6621.o
  CC      drivers/iio/proximity/rfd77402.o
  CC      drivers/iio/pressure/mprls0025pa_spi.o
  AR      drivers/iio/imu/bmi270/built-in.a
  AR      drivers/iio/imu/bno055/built-in.a
  CC      drivers/iio/imu/fxos8700_core.o
  CC      drivers/iio/light/cm3232.o
  CC      drivers/iio/magnetometer/rm3100-i2c.o
  CC      drivers/hwmon/max6639.o
  CC      drivers/iio/accel/mma9551_core.o
  CC      drivers/iio/resolver/ad2s1200.o
  CC      drivers/iio/adc/ltc2497-core.o
  CC      drivers/hwmon/max6650.o
  CC      drivers/iio/light/cm3323.o
  CC      drivers/iio/proximity/sx9310.o
  CC      drivers/iio/pressure/ms5611_core.o
  CC      drivers/iio/pressure/ms5611_i2c.o
  CC      drivers/iio/imu/fxos8700_i2c.o
  CC      drivers/comedi/drivers/amplc_pc236_common.o
  CC      drivers/iio/dac/ad5791.o
  CC      drivers/iio/imu/inv_icm42600/inv_icm42600_core.o
  CC      drivers/iio/temperature/iqs620at-temp.o
  CC      drivers/comedi/drivers/das08.o
  CC      drivers/iio/magnetometer/rm3100-spi.o
  CC      drivers/iio/imu/inv_icm42600/inv_icm42600_gyro.o
  AR      drivers/iio/resolver/built-in.a
  CC      drivers/iio/temperature/ltc2983.o
  CC      drivers/iio/adc/ltc2497.o
  CC      drivers/iio/light/cm3605.o
  CC      drivers/comedi/drivers/tests/comedi_example_test.o
  CC      drivers/iio/proximity/sx9360.o
  CC      drivers/iio/adc/max1118.o
  CC      drivers/iio/accel/mma9551.o
  CC      drivers/hwmon/max6697.o
  CC      drivers/comedi/drivers/tests/ni_routes_test.o
  CC      drivers/iio/dac/ad5686.o
  CC      drivers/iio/pressure/ms5637.o
  CC      drivers/iio/magnetometer/si7210.o
  CC      drivers/iio/imu/inv_icm42600/inv_icm42600_accel.o
  CC      drivers/iio/light/cros_ec_light_prox.o
  AR      drivers/iio/imu/inv_icm45600/built-in.a
  CC      drivers/iio/magnetometer/tmag5273.o
  CC      drivers/iio/imu/inv_mpu6050/inv_mpu_core.o
  CC      drivers/iio/magnetometer/yamaha-yas530.o
  CC      drivers/iio/imu/smi240.o
  CC      drivers/iio/adc/max11205.o
  CC      drivers/iio/light/gp2ap002.o
  CC      drivers/iio/accel/msa311.o
  CC      drivers/iio/proximity/sx_common.o
  CC      drivers/iio/accel/mxc4005.o
  CC      drivers/iio/pressure/st_pressure_core.o
  CC      drivers/hwmon/max31790.o
  CC      drivers/iio/dac/ad5686-spi.o
  AR      drivers/comedi/drivers/tests/built-in.a
  AR      drivers/comedi/drivers/built-in.a
  AR      drivers/comedi/built-in.a
  AR      drivers/iio/test/built-in.a
  CC      drivers/iio/imu/inv_mpu6050/inv_mpu_ring.o
  CC      drivers/iio/adc/max11410.o
  CC      drivers/iio/temperature/max30208.o
  CC      drivers/iio/imu/inv_icm42600/inv_icm42600_temp.o
  CC      drivers/iio/accel/mxc6255.o
  CC      drivers/iio/imu/smi330/smi330_core.o
  CC      drivers/iio/imu/inv_mpu6050/inv_mpu_trigger.o
  CC      drivers/iio/light/iqs621-als.o
  CC      drivers/iio/proximity/sx9500.o
  CC      drivers/iio/accel/sca3000.o
  CC      drivers/iio/dac/ad5696-i2c.o
  CC      drivers/iio/proximity/vl53l0x-i2c.o
  CC      drivers/iio/pressure/st_pressure_buffer.o
  CC      drivers/hwmon/max31827.o
  CC      drivers/iio/light/isl29028.o
  CC      drivers/iio/temperature/max31865.o
  CC      drivers/iio/accel/sca3300.o
  CC      drivers/iio/imu/inv_icm42600/inv_icm42600_buffer.o
  AR      drivers/iio/magnetometer/built-in.a
  CC      drivers/iio/light/isl29125.o
  CC      drivers/iio/dac/ad7293.o
  CC      drivers/iio/pressure/st_pressure_i2c.o
  CC      drivers/iio/imu/smi330/smi330_i2c.o
  CC      drivers/iio/adc/max1241.o
  CC      drivers/iio/imu/inv_mpu6050/inv_mpu_aux.o
  CC      drivers/iio/dac/ad8460.o
  CC      drivers/iio/imu/inv_icm42600/inv_icm42600_i2c.o
  CC      drivers/hwmon/mc34vr500.o
  CC      drivers/iio/trigger/iio-trig-sysfs.o
  AR      drivers/iio/proximity/built-in.a
  CC      drivers/iio/temperature/mcp9600.o
  CC      drivers/iio/imu/smi330/smi330_spi.o
  CC      drivers/iio/temperature/mlx90614.o
  AR      drivers/iio/imu/st_lsm6dsx/built-in.a
  CC      drivers/iio/dac/rohm-bd79703.o
  CC      drivers/iio/accel/stk8312.o
  CC      drivers/iio/imu/inv_icm42600/inv_icm42600_spi.o
  CC      drivers/iio/light/isl76682.o
  CC      drivers/iio/pressure/st_pressure_spi.o
  CC      drivers/iio/adc/max1363.o
  CC      drivers/iio/trigger/iio-trig-loop.o
  CC      drivers/iio/imu/inv_mpu6050/inv_mpu_magn.o
  CC      drivers/iio/accel/cros_ec_accel_legacy.o
  CC      drivers/iio/imu/inv_mpu6050/inv_mpu_i2c.o
  CC      drivers/iio/adc/max14001.o
  CC      drivers/hwmon/mcp9982.o
  AR      drivers/iio/imu/smi330/built-in.a
  CC      drivers/iio/imu/inv_mpu6050/inv_mpu_acpi.o
  CC      drivers/iio/adc/max34408.o
  CC      drivers/iio/light/jsa1212.o
  CC      drivers/iio/dac/ds4424.o
  CC      drivers/iio/temperature/mlx90635.o
  CC      drivers/iio/temperature/tmp007.o
  AR      drivers/iio/accel/built-in.a
  CC      drivers/iio/light/lm3533-als.o
  AR      drivers/iio/imu/inv_icm42600/built-in.a
  AR      drivers/iio/trigger/built-in.a
  CC      drivers/iio/adc/max9611.o
  CC      drivers/iio/dac/ltc1660.o
  AR      drivers/iio/pressure/built-in.a
  CC      drivers/iio/dac/ltc2688.o
  CC      drivers/iio/imu/inv_mpu6050/inv_mpu_spi.o
  CC      drivers/iio/dac/m62332.o
  CC      drivers/iio/adc/mcp320x.o
  CC      drivers/iio/light/ltr390.o
  CC      drivers/iio/temperature/tmp117.o
  CC      drivers/hwmon/tc654.o
  CC      drivers/iio/dac/max517.o
  CC      drivers/iio/temperature/tsys01.o
  CC      drivers/iio/light/ltr501.o
  CC      drivers/iio/dac/max22007.o
  CC      drivers/hwmon/mlxreg-fan.o
  CC      drivers/iio/temperature/tsys02d.o
  CC      drivers/iio/adc/mcp3564.o
  CC      drivers/iio/light/ltrf216a.o
  AR      drivers/iio/imu/inv_mpu6050/built-in.a
  CC      drivers/iio/adc/mt6359-auxadc.o
  AR      drivers/iio/imu/built-in.a
  CC      drivers/iio/dac/max5522.o
  CC      drivers/hwmon/mr75203.o
  CC      drivers/iio/dac/max5821.o
  CC      drivers/iio/adc/mt6370-adc.o
  CC      drivers/hwmon/nct6683.o
  CC      drivers/iio/light/lv0104cs.o
  CC      drivers/hwmon/nct6694-hwmon.o
  CC      drivers/iio/dac/mcp47feb02.o
  CC      drivers/iio/adc/men_z188_adc.o
  CC      drivers/iio/dac/mcp4922.o
  CC      drivers/hwmon/nct6775-core.o
  AR      drivers/iio/temperature/built-in.a
  CC      drivers/iio/light/max44009.o
  CC      drivers/iio/light/noa1305.o
  CC      drivers/iio/light/opt3001.o
  CC      drivers/iio/adc/mp2629_adc.o
  CC      drivers/hwmon/nct6775-i2c.o
  CC      drivers/iio/adc/nct7201.o
  CC      drivers/iio/adc/pac1921.o
  CC      drivers/iio/dac/ti-dac082s085.o
  CC      drivers/iio/dac/ti-dac5571.o
  CC      drivers/hwmon/nct7363.o
  CC      drivers/iio/light/opt4001.o
  CC      drivers/hwmon/nct7904.o
  CC      drivers/iio/light/pa12203001.o
  CC      drivers/iio/dac/ti-dac7311.o
  CC      drivers/hwmon/npcm750-pwm-fan.o
  CC      drivers/iio/adc/pac1934.o
  CC      drivers/hwmon/ntc_thermistor.o
  CC      drivers/iio/light/rohm-bu27034.o
  CC      drivers/iio/adc/qcom-spmi-adc5-gen3.o
  CC      drivers/hwmon/pc87360.o
  CC      drivers/iio/adc/qcom-spmi-iadc.o
  CC      drivers/hwmon/pc87427.o
  CC      drivers/iio/light/rpr0521.o
  CC      drivers/iio/adc/qcom-spmi-vadc.o
  CC      drivers/iio/adc/qcom-vadc-common.o
  CC      drivers/iio/light/si1133.o
  CC      drivers/hwmon/pcf8591.o
  CC      drivers/iio/light/si1145.o
  CC      drivers/hwmon/powr1220.o
  CC      drivers/iio/light/stk3310.o
  AR      drivers/iio/dac/built-in.a
  CC      drivers/hwmon/pt5161l.o
  CC      drivers/iio/adc/rn5t618-adc.o
  CC      drivers/iio/light/st_uvis25_core.o
  CC      drivers/iio/adc/rohm-bd79124.o
  CC      drivers/hwmon/qnap-mcu-hwmon.o
  CC      drivers/iio/adc/ti-adc081c.o
  CC      drivers/iio/light/st_uvis25_i2c.o
  CC      drivers/hwmon/sch56xx-common.o
  CC      drivers/iio/adc/ti-adc0832.o
  CC      drivers/iio/light/st_uvis25_spi.o
  CC      drivers/iio/adc/ti-adc161s626.o
  CC      drivers/hwmon/sch5627.o
  CC      drivers/iio/light/tsl2563.o
  CC      drivers/hwmon/sch5636.o
  CC      drivers/iio/adc/ti-ads1018.o
  CC      drivers/hwmon/sht15.o
  CC      drivers/iio/light/tsl2591.o
  CC      drivers/hwmon/sht21.o
  CC      drivers/iio/adc/ti-ads1100.o
  CC      drivers/iio/light/tsl2772.o
  CC      drivers/iio/adc/ti-ads1119.o
  CC      drivers/iio/light/tsl4531.o
  CC      drivers/iio/adc/ti-ads124s08.o
  CC      drivers/hwmon/sht3x.o
  CC      drivers/iio/adc/ti-ads1298.o
  CC      drivers/iio/adc/ti-ads131m02.o
  CC      drivers/hwmon/sht4x.o
  CC      drivers/iio/light/us5182d.o
  CC      drivers/iio/adc/ti-ads7138.o
  CC      drivers/iio/light/vcnl4000.o
  CC      drivers/hwmon/shtc1.o
  CC      drivers/iio/adc/ti-ads8344.o
  CC      drivers/hwmon/sis5595.o
  CC      drivers/hwmon/smpro-hwmon.o
  CC      drivers/iio/adc/vf610_adc.o
  CC      drivers/hwmon/smsc47b397.o
  CC      drivers/iio/light/vcnl4035.o
  CC      drivers/hwmon/smsc47m1.o
  CC      drivers/iio/light/veml3235.o
  CC      drivers/iio/adc/xilinx-xadc-core.o
  CC      drivers/iio/light/veml6030.o
  CC      drivers/hwmon/smsc47m192.o
  CC      drivers/iio/adc/xilinx-xadc-events.o
  CC      drivers/iio/light/veml6040.o
  CC      drivers/hwmon/stts751.o
  CC      drivers/hwmon/sy7636a-hwmon.o
  CC      drivers/iio/light/veml6070.o
  CC      drivers/hwmon/tc74.o
  CC      drivers/iio/light/veml6075.o
  CC      drivers/hwmon/tmp102.o
  CC      drivers/hwmon/tmp108.o
  CC      drivers/hwmon/tmp401.o
  CC      drivers/hwmon/tmp464.o
  CC      drivers/hwmon/tmp513.o
  CC      drivers/hwmon/via-cputemp.o
  CC      drivers/hwmon/via686a.o
  AR      drivers/iio/adc/built-in.a
  CC      drivers/hwmon/vt1211.o
  CC      drivers/hwmon/vt8231.o
  CC      drivers/hwmon/w83l786ng.o
  CC      drivers/hwmon/wm831x-hwmon.o
  CC      drivers/hwmon/yogafan.o
  CC      drivers/hwmon/occ/common.o
  CC      drivers/hwmon/occ/sysfs.o
  CC      drivers/hwmon/occ/p8_i2c.o
  CC      drivers/hwmon/occ/p9_sbe.o
  AR      drivers/iio/light/built-in.a
  AR      drivers/iio/built-in.a
  CC      drivers/hwmon/pmbus/pmbus_core.o
  CC      drivers/hwmon/pmbus/pmbus.o
  CC      drivers/hwmon/pmbus/acbel-fsg032.o
  CC      drivers/hwmon/pmbus/adm1266.o
  CC      drivers/hwmon/pmbus/adm1275.o
  CC      drivers/hwmon/pmbus/adp1050.o
  CC      drivers/hwmon/pmbus/bpa-rs600.o
  CC      drivers/hwmon/pmbus/delta-ahe50dc-fan.o
  CC      drivers/hwmon/pmbus/fsp-3y.o
  CC      drivers/hwmon/pmbus/dps920ab.o
  CC      drivers/hwmon/pmbus/e50sn12051.o
  CC      drivers/hwmon/pmbus/ir35221.o
  CC      drivers/hwmon/pmbus/ir36021.o
  CC      drivers/hwmon/pmbus/ir38064.o
  CC      drivers/hwmon/pmbus/irps5401.o
  AR      drivers/hwmon/occ/built-in.a
  CC      drivers/hwmon/pmbus/isl68137.o
  CC      drivers/hwmon/pmbus/lm25066.o
  CC      drivers/hwmon/pmbus/lt3074.o
  CC      drivers/hwmon/pmbus/lt7182s.o
  CC      drivers/hwmon/pmbus/ltc2978.o
  CC      drivers/hwmon/pmbus/ltc3815.o
  CC      drivers/hwmon/pmbus/max17616.o
  CC      drivers/hwmon/pmbus/max20751.o
  CC      drivers/hwmon/pmbus/max34440.o
  CC      drivers/hwmon/pmbus/max8688.o
  CC      drivers/hwmon/pmbus/mp2856.o
  CC      drivers/hwmon/pmbus/mp2869.o
  CC      drivers/hwmon/pmbus/mp2888.o
  CC      drivers/hwmon/pmbus/mp2891.o
  CC      drivers/hwmon/pmbus/mp29502.o
  CC      drivers/hwmon/pmbus/mp2975.o
  CC      drivers/hwmon/pmbus/mp2993.o
  CC      drivers/hwmon/pmbus/mp5023.o
  CC      drivers/hwmon/pmbus/mp9941.o
  CC      drivers/hwmon/pmbus/mp9945.o
  CC      drivers/hwmon/pmbus/mpq8785.o
  CC      drivers/hwmon/pmbus/pli1209bc.o
  CC      drivers/hwmon/pmbus/pm6764tr.o
  CC      drivers/hwmon/pmbus/pxe1610.o
  CC      drivers/hwmon/pmbus/q54sj108a2.o
  CC      drivers/hwmon/pmbus/stef48h28.o
  CC      drivers/hwmon/pmbus/stpddc60.o
  CC      drivers/hwmon/pmbus/tda38640.o
  CC      drivers/hwmon/pmbus/tps25990.o
  CC      drivers/hwmon/pmbus/tps53679.o
  CC      drivers/hwmon/pmbus/ucd9000.o
  CC      drivers/hwmon/pmbus/ucd9200.o
  CC      drivers/hwmon/pmbus/xdp720.o
  CC      drivers/hwmon/pmbus/xdpe1a2g7b.o
  CC      drivers/hwmon/pmbus/zl6100.o
  CC      drivers/hwmon/pmbus/crps.o
  AR      drivers/hwmon/pmbus/built-in.a
  AR      drivers/hwmon/built-in.a
  AR      drivers/built-in.a
  AR      built-in.a
  AR      built-in-fixup.a
  COPY    vmlinux.a
  LD      vmlinux.o
  MODPOST vmlinux.symvers
  CC      .vmlinux.export.o
  UPD     include/generated/utsversion.h
  CC      init/version-timestamp.o
  KSYMS   .tmp_vmlinux0.kallsyms.S
  AS      .tmp_vmlinux0.kallsyms.o
  LD      .tmp_vmlinux1
  NM      .tmp_vmlinux1.syms
  KSYMS   .tmp_vmlinux1.kallsyms.S
  AS      .tmp_vmlinux1.kallsyms.o
  LD      .tmp_vmlinux2
  NM      .tmp_vmlinux2.syms
  KSYMS   .tmp_vmlinux2.kallsyms.S
  AS      .tmp_vmlinux2.kallsyms.o
  LD      vmlinux.unstripped
  NM      System.map
  SORTTAB vmlinux.unstripped
  OBJCOPY vmlinux
  GEN     modules.builtin.modinfo
  GEN     modules.builtin
  GEN     modules.builtin.ranges
  HOSTCC  arch/x86/tools/insn_decoder_test
  HOSTCC  arch/x86/tools/insn_sanity
  TEST    posttest
  arch/x86/tools/insn_decoder_test: success: Decoded and checked 3292656 instructions
  TEST    posttest
  arch/x86/tools/insn_sanity: success: Decoded and checked 1000000 random instructions with 0 errors (seed:0xa7cefa34)
  CC      arch/x86/boot/a20.o
  AS      arch/x86/boot/bioscall.o
  CC      arch/x86/boot/cmdline.o
  AS      arch/x86/boot/copy.o
  HOSTCC  arch/x86/boot/mkcpustr
  CC      arch/x86/boot/cpuflags.o
  CC      arch/x86/boot/cpucheck.o
  CC      arch/x86/boot/early_serial_console.o
  CC      arch/x86/boot/edd.o
  CC      arch/x86/boot/main.o
  CC      arch/x86/boot/memory.o
  CC      arch/x86/boot/pm.o
  AS      arch/x86/boot/pmjump.o
  CC      arch/x86/boot/regs.o
  CC      arch/x86/boot/printf.o
  CC      arch/x86/boot/string.o
  CC      arch/x86/boot/tty.o
  CC      arch/x86/boot/video.o
  CC      arch/x86/boot/video-mode.o
  CC      arch/x86/boot/version.o
  CC      arch/x86/boot/video-vga.o
  LDS     arch/x86/boot/compressed/vmlinux.lds
  CC      arch/x86/boot/video-vesa.o
  AS      arch/x86/boot/compressed/kernel_info.o
  CC      arch/x86/boot/video-bios.o
  CPUSTR  arch/x86/boot/cpustr.h
  AS      arch/x86/boot/compressed/head_32.o
  VOFFSET arch/x86/boot/compressed/../voffset.h
  CC      arch/x86/boot/compressed/string.o
  CC      arch/x86/boot/cpu.o
  CC      arch/x86/boot/compressed/cmdline.o
  CC      arch/x86/boot/compressed/error.o
  OBJCOPY arch/x86/boot/compressed/vmlinux.bin
  RELOCS  arch/x86/boot/compressed/vmlinux.relocs
  HOSTCC  arch/x86/boot/compressed/mkpiggy
  CC      arch/x86/boot/compressed/cpuflags.o
  CC      arch/x86/boot/compressed/kaslr.o
  CC      arch/x86/boot/compressed/acpi.o
  CC      arch/x86/boot/compressed/efi.o
  GZIP    arch/x86/boot/compressed/vmlinux.bin.gz
  CC      arch/x86/boot/compressed/misc.o
  MKPIGGY arch/x86/boot/compressed/piggy.S
  AS      arch/x86/boot/compressed/piggy.o
  LD      arch/x86/boot/compressed/vmlinux
  ZOFFSET arch/x86/boot/zoffset.h
  OBJCOPY arch/x86/boot/vmlinux.bin
  AS      arch/x86/boot/header.o
  LD      arch/x86/boot/setup.elf
  OBJCOPY arch/x86/boot/setup.bin
  BUILD   arch/x86/boot/bzImage
Kernel: arch/x86/boot/bzImage is ready  (#6)
make[3]: Leaving directory '/home/benni/git/kernel-test/build/randconfig-i386'
make[2]: Leaving directory '/home/benni/git/linux'
