make[2]: Entering directory '/home/benni/git/linux'
make[3]: Entering directory '/home/benni/git/kernel-test/build/randconfig-i386'
  UPD     Makefile
  HOSTCC  scripts/basic/fixdep
  HOSTCC  scripts/kconfig/conf.o
  HOSTCC  scripts/kconfig/confdata.o
  HOSTCC  scripts/kconfig/expr.o
  LEX     scripts/kconfig/lexer.lex.c
  YACC    scripts/kconfig/parser.tab.[ch]
  HOSTCC  scripts/kconfig/lexer.lex.o
  HOSTCC  scripts/kconfig/menu.o
  HOSTCC  scripts/kconfig/parser.tab.o
  HOSTCC  scripts/kconfig/preprocess.o
  HOSTCC  scripts/kconfig/symbol.o
  HOSTCC  scripts/kconfig/util.o
  HOSTLD  scripts/kconfig/conf
KCONFIG_SEED=0x4606D315
#
# configuration written to .config
#
make[3]: Leaving directory '/home/benni/git/kernel-test/build/randconfig-i386'
make[2]: Leaving directory '/home/benni/git/linux'
make[2]: Entering directory '/home/benni/git/linux'
make[3]: Entering directory '/home/benni/git/kernel-test/build/randconfig-i386'
  GENSEED scripts/basic/randstruct.seed
.config:9903:warning: override: reassigning to symbol PRINTK
.config:9907:warning: override: reassigning to symbol TTY
.config:9910:warning: override: reassigning to symbol BLK_DEV_INITRD
.config:9911:warning: override: reassigning to symbol RD_GZIP
.config:9914:warning: override: reassigning to symbol BINFMT_ELF
.config:9915:warning: override: reassigning to symbol BINFMT_SCRIPT
.config:9918:warning: override: reassigning to symbol TMPFS
.config:9921:warning: override: reassigning to symbol KERNEL_GZIP
.config:9927:warning: override: reassigning to symbol KERNEL_BZIP2
.config:9928:warning: override: reassigning to symbol KERNEL_LZMA
.config:9929:warning: override: reassigning to symbol KERNEL_XZ
.config:9930:warning: override: reassigning to symbol KERNEL_LZO
.config:9931:warning: override: reassigning to symbol KERNEL_LZ4
.config:9932:warning: override: reassigning to symbol KERNEL_ZSTD
.config:9935:warning: override: reassigning to symbol MODULES
.config:9938:warning: override: reassigning to symbol DRM
.config:9939:warning: override: reassigning to symbol SOUND
.config:9940:warning: override: reassigning to symbol STAGING
.config:9942:warning: override: reassigning to symbol MEDIA_SUPPORT
.config:9952:warning: override: reassigning to symbol KFENCE
.config:9953:warning: override: reassigning to symbol UBSAN
.config:9958:warning: override: reassigning to symbol RCU_TORTURE_TEST
.config:9959:warning: override: reassigning to symbol LOCK_TORTURE_TEST
.config:9966:warning: override: reassigning to symbol KUNIT
#
# configuration written to .config
#
make[3]: Leaving directory '/home/benni/git/kernel-test/build/randconfig-i386'
make[2]: Leaving directory '/home/benni/git/linux'
make[2]: Entering directory '/home/benni/git/linux'
make[3]: Entering directory '/home/benni/git/kernel-test/build/randconfig-i386'
  SYNC    include/config/auto.conf
  WRAP    arch/x86/include/generated/uapi/asm/bpf_perf_event.h
  WRAP    arch/x86/include/generated/uapi/asm/errno.h
  WRAP    arch/x86/include/generated/uapi/asm/fcntl.h
  WRAP    arch/x86/include/generated/uapi/asm/ioctl.h
  WRAP    arch/x86/include/generated/uapi/asm/ioctls.h
  WRAP    arch/x86/include/generated/uapi/asm/ipcbuf.h
  UPD     include/generated/uapi/linux/version.h
  WRAP    arch/x86/include/generated/uapi/asm/param.h
  WRAP    arch/x86/include/generated/uapi/asm/poll.h
  WRAP    arch/x86/include/generated/uapi/asm/resource.h
  WRAP    arch/x86/include/generated/uapi/asm/socket.h
  SYSHDR  arch/x86/include/generated/uapi/asm/unistd_32.h
  WRAP    arch/x86/include/generated/uapi/asm/sockios.h
  WRAP    arch/x86/include/generated/uapi/asm/termbits.h
  WRAP    arch/x86/include/generated/uapi/asm/termios.h
  SYSHDR  arch/x86/include/generated/uapi/asm/unistd_64.h
  SYSHDR  arch/x86/include/generated/uapi/asm/unistd_x32.h
  WRAP    arch/x86/include/generated/uapi/asm/types.h
  SYSTBL  arch/x86/include/generated/asm/syscalls_32.h
  WRAP    arch/x86/include/generated/asm/early_ioremap.h
  UPD     include/generated/compile.h
  WRAP    arch/x86/include/generated/asm/fprobe.h
  UPD     arch/x86/include/generated/asm/cpufeaturemasks.h
  HOSTCC  scripts/dtc/dtc.o
  WRAP    arch/x86/include/generated/asm/mcs_spinlock.h
  HOSTCC  arch/x86/tools/relocs_32.o
  WRAP    arch/x86/include/generated/asm/mmzone.h
  WRAP    arch/x86/include/generated/asm/ring_buffer.h
  HOSTCC  arch/x86/tools/relocs_64.o
  WRAP    arch/x86/include/generated/asm/device.h
  HOSTCC  scripts/unifdef
  HOSTCC  scripts/dtc/flattree.o
  WRAP    arch/x86/include/generated/asm/irq_regs.h
  WRAP    arch/x86/include/generated/asm/kmap_size.h
  WRAP    arch/x86/include/generated/asm/local64.h
  HOSTCC  scripts/dtc/fstree.o
  WRAP    arch/x86/include/generated/asm/mmiowb.h
  HOSTCC  arch/x86/tools/relocs_common.o
  HOSTCC  scripts/dtc/data.o
  WRAP    arch/x86/include/generated/asm/module.lds.h
  HOSTCC  arch/x86/tools/vdso2c
  WRAP    arch/x86/include/generated/asm/rwonce.h
  HOSTCC  scripts/dtc/livetree.o
  HOSTCC  scripts/dtc/treesource.o
  HOSTCC  scripts/dtc/srcpos.o
  HOSTCC  scripts/dtc/checks.o
  HOSTCC  scripts/dtc/util.o
  HOSTLD  arch/x86/tools/relocs
  LEX     scripts/dtc/dtc-lexer.lex.c
  YACC    scripts/dtc/dtc-parser.tab.[ch]
  HOSTCC  scripts/dtc/libfdt/fdt.o
  HOSTCC  scripts/dtc/libfdt/fdt_ro.o
  HOSTCC  scripts/dtc/libfdt/fdt_wip.o
  HOSTCC  scripts/dtc/libfdt/fdt_sw.o
  HOSTCC  scripts/dtc/libfdt/fdt_rw.o
  HOSTCC  scripts/dtc/libfdt/fdt_strerror.o
  HOSTCC  scripts/dtc/libfdt/fdt_empty_tree.o
  HOSTCC  scripts/dtc/libfdt/fdt_addresses.o
  HOSTCC  scripts/dtc/libfdt/fdt_overlay.o
  HOSTCC  scripts/dtc/fdtoverlay.o
  UPD     include/config/kernel.release
  HOSTLD  scripts/dtc/fdtoverlay
  UPD     include/generated/utsrelease.h
  HOSTCC  scripts/dtc/dtc-lexer.lex.o
  HOSTCC  scripts/dtc/dtc-parser.tab.o
  HOSTLD  scripts/dtc/dtc
  HOSTCC  scripts/kallsyms
  HOSTCC  scripts/sorttable.o
  HOSTCC  scripts/elf-parse.o
  HOSTCC  scripts/asn1_compiler
  HOSTCC  scripts/tracepoint-update.o
  SEEDHDR scripts/gcc-plugins/randomize_layout_seed.h
  HOSTLD  scripts/sorttable
  HOSTLD  scripts/tracepoint-update
  HOSTCXX scripts/gcc-plugins/randomize_layout_plugin.so
  HDRINST usr/include/asm-generic/socket.h
  HDRINST usr/include/asm-generic/errno.h
  HDRINST usr/include/asm-generic/param.h
  HDRINST usr/include/asm-generic/fcntl.h
  HDRINST usr/include/asm-generic/int-ll64.h
  HDRINST usr/include/asm-generic/unistd.h
  HDRINST usr/include/asm-generic/resource.h
  HDRINST usr/include/asm-generic/stat.h
  HDRINST usr/include/asm-generic/setup.h
  HDRINST usr/include/asm-generic/msgbuf.h
  HDRINST usr/include/asm-generic/mman.h
  HDRINST usr/include/asm-generic/bitsperlong.h
  HDRINST usr/include/asm-generic/sockios.h
  HDRINST usr/include/asm-generic/mman-common.h
  HDRINST usr/include/asm-generic/swab.h
  HDRINST usr/include/asm-generic/posix_types.h
  HDRINST usr/include/asm-generic/int-l64.h
  HDRINST usr/include/asm-generic/hugetlb_encode.h
  HDRINST usr/include/asm-generic/termios.h
  HDRINST usr/include/asm-generic/termbits.h
  HDRINST usr/include/asm-generic/ipcbuf.h
  HDRINST usr/include/asm-generic/kvm_para.h
  HDRINST usr/include/asm-generic/sembuf.h
  HDRINST usr/include/asm-generic/shmbuf.h
  HDRINST usr/include/asm-generic/signal.h
  HDRINST usr/include/asm-generic/signal-defs.h
  HDRINST usr/include/asm-generic/auxvec.h
  HDRINST usr/include/asm-generic/types.h
  HDRINST usr/include/asm-generic/siginfo.h
  HDRINST usr/include/asm-generic/errno-base.h
  HDRINST usr/include/asm-generic/poll.h
  HDRINST usr/include/asm-generic/bpf_perf_event.h
  HDRINST usr/include/asm-generic/ioctls.h
  HDRINST usr/include/asm-generic/ucontext.h
  HDRINST usr/include/asm-generic/ioctl.h
  HDRINST usr/include/asm-generic/statfs.h
  HDRINST usr/include/asm-generic/termbits-common.h
  HDRINST usr/include/cxl/features.h
  HDRINST usr/include/drm/exynos_drm.h
  HDRINST usr/include/drm/vgem_drm.h
  HDRINST usr/include/drm/panthor_drm.h
  HDRINST usr/include/drm/omap_drm.h
  HDRINST usr/include/drm/rocket_accel.h
  HDRINST usr/include/drm/virtgpu_drm.h
  HDRINST usr/include/drm/v3d_drm.h
  HDRINST usr/include/drm/ethosu_accel.h
  HDRINST usr/include/drm/tegra_drm.h
  HDRINST usr/include/drm/drm_mode.h
  HDRINST usr/include/drm/pvr_drm.h
  HDRINST usr/include/drm/drm_fourcc.h
  HDRINST usr/include/drm/ivpu_accel.h
  HDRINST usr/include/drm/panfrost_drm.h
  HDRINST usr/include/drm/msm_drm.h
  HDRINST usr/include/drm/qaic_accel.h
  HDRINST usr/include/drm/etnaviv_drm.h
  HDRINST usr/include/drm/xe_drm.h
  HDRINST usr/include/drm/nouveau_drm.h
  HDRINST usr/include/drm/amdgpu_drm.h
  HDRINST usr/include/drm/drm.h
  HDRINST usr/include/drm/drm_ras.h
  HDRINST usr/include/drm/qxl_drm.h
  HDRINST usr/include/drm/vc4_drm.h
  HDRINST usr/include/drm/vmwgfx_drm.h
  HDRINST usr/include/drm/amdxdna_accel.h
  HDRINST usr/include/drm/nova_drm.h
  HDRINST usr/include/drm/habanalabs_accel.h
  HDRINST usr/include/drm/radeon_drm.h
  HDRINST usr/include/drm/asahi_drm.h
  HDRINST usr/include/drm/drm_sarea.h
  HDRINST usr/include/drm/armada_drm.h
  HDRINST usr/include/drm/lima_drm.h
  HDRINST usr/include/drm/i915_drm.h
  HDRINST usr/include/fwctl/cxl.h
  HDRINST usr/include/fwctl/bnxt.h
  HDRINST usr/include/fwctl/mlx5.h
  HDRINST usr/include/fwctl/pds.h
  HDRINST usr/include/fwctl/fwctl.h
  HDRINST usr/include/linux/utime.h
  HDRINST usr/include/linux/if_infiniband.h
  HDRINST usr/include/linux/virtio_i2c.h
  HDRINST usr/include/linux/hw_breakpoint.h
  HDRINST usr/include/linux/snmp.h
  HDRINST usr/include/linux/atmbr2684.h
  HDRINST usr/include/linux/mempolicy.h
  HDRINST usr/include/linux/lwtunnel.h
  HDRINST usr/include/linux/blktrace_api.h
  HDRINST usr/include/linux/nl80211.h
  HDRINST usr/include/linux/vfio_zdev.h
  HDRINST usr/include/linux/phantom.h
  HDRINST usr/include/linux/ethtool.h
  HDRINST usr/include/linux/sync_file.h
  HDRINST usr/include/linux/remoteproc_cdev.h
  HDRINST usr/include/linux/if_bridge.h
  HDRINST usr/include/linux/dma-heap.h
  HDRINST usr/include/linux/netfilter_arp.h
  HDRINST usr/include/linux/ppp_defs.h
  HDRINST usr/include/linux/map_to_14segment.h
  HDRINST usr/include/linux/mii.h
  HDRINST usr/include/linux/io_uring.h
  HDRINST usr/include/linux/adb.h
  HDRINST usr/include/linux/videodev2.h
  HDRINST usr/include/linux/media-bus-format.h
  HDRINST usr/include/linux/sonypi.h
  HDRINST usr/include/linux/misc/bcm_vk.h
  HDRINST usr/include/linux/map_to_7segment.h
  HDRINST usr/include/linux/ioprio.h
  HDRINST usr/include/linux/net.h
  HDRINST usr/include/linux/pci_regs.h
  HDRINST usr/include/linux/wireless.h
  HDRINST usr/include/linux/ovpn.h
  HDRINST usr/include/linux/igmp.h
  HDRINST usr/include/linux/if_pppol2tp.h
  HDRINST usr/include/linux/ioam6_iptunnel.h
  HDRINST usr/include/linux/rkisp1-config.h
  HDRINST usr/include/linux/gsmmux.h
  HDRINST usr/include/linux/socket.h
  HDRINST usr/include/linux/acct.h
  HDRINST usr/include/linux/toshiba.h
  HDRINST usr/include/linux/errno.h
  HDRINST usr/include/linux/dlm_plock.h
  HDRINST usr/include/linux/nfsacl.h
  HDRINST usr/include/linux/nfs4.h
  HDRINST usr/include/linux/a.out.h
  HDRINST usr/include/linux/virtio_bt.h
  HDRINST usr/include/linux/aio_abi.h
  HDRINST usr/include/linux/capability.h
  HDRINST usr/include/linux/mrp_bridge.h
  HDRINST usr/include/linux/userio.h
  HDRINST usr/include/linux/batadv_packet.h
  HDRINST usr/include/linux/virtio_scmi.h
  HDRINST usr/include/linux/hiddev.h
  HDRINST usr/include/linux/bits.h
  HDRINST usr/include/linux/if_x25.h
  HDRINST usr/include/linux/sctp.h
  HDRINST usr/include/linux/dcbnl.h
  HDRINST usr/include/linux/virtio_mmio.h
  HDRINST usr/include/linux/errqueue.h
  HDRINST usr/include/linux/netfilter_ipv6/ip6_tables.h
  HDRINST usr/include/linux/netfilter_ipv6/ip6t_ipv6header.h
  HDRINST usr/include/linux/netfilter_ipv6/ip6t_opts.h
  HDRINST usr/include/linux/netfilter_ipv6/ip6t_LOG.h
  HDRINST usr/include/linux/netfilter_ipv6/ip6t_srh.h
  HDRINST usr/include/linux/netfilter_ipv6/ip6t_frag.h
  HDRINST usr/include/linux/netfilter_ipv6/ip6t_NPT.h
  HDRINST usr/include/linux/netfilter_ipv6/ip6t_ah.h
  HDRINST usr/include/linux/netfilter_ipv6/ip6t_rt.h
  HDRINST usr/include/linux/netfilter_ipv6/ip6t_hl.h
  HDRINST usr/include/linux/netfilter_ipv6/ip6t_mh.h
  HDRINST usr/include/linux/netfilter_ipv6/ip6t_HL.h
  HDRINST usr/include/linux/netfilter_ipv6/ip6t_REJECT.h
  HDRINST usr/include/linux/batman_adv.h
  HDRINST usr/include/linux/surface_aggregator/cdev.h
  HDRINST usr/include/linux/if_phonet.h
  HDRINST usr/include/linux/vbox_vmmdev_types.h
  HDRINST usr/include/linux/surface_aggregator/dtx.h
  HDRINST usr/include/linux/virtio_console.h
  HDRINST usr/include/linux/serio.h
  HDRINST usr/include/linux/rpl.h
  HDRINST usr/include/linux/map_benchmark.h
  HDRINST usr/include/linux/udp.h
  HDRINST usr/include/linux/mroute6.h
  HDRINST usr/include/linux/memfd.h
  HDRINST usr/include/linux/v4l2-common.h
  HDRINST usr/include/linux/param.h
  HDRINST usr/include/linux/i2c-dev.h
  HDRINST usr/include/linux/dm-ioctl.h
  HDRINST usr/include/linux/dvb/version.h
  HDRINST usr/include/linux/dvb/net.h
  HDRINST usr/include/linux/dvb/ca.h
  HDRINST usr/include/linux/dvb/audio.h
  HDRINST usr/include/linux/dvb/frontend.h
  HDRINST usr/include/linux/dvb/video.h
  HDRINST usr/include/linux/dvb/osd.h
  HDRINST usr/include/linux/dvb/dmx.h
  HDRINST usr/include/linux/dns_resolver.h
  HDRINST usr/include/linux/atm.h
  HDRINST usr/include/linux/tls.h
  HDRINST usr/include/linux/if_arp.h
  HDRINST usr/include/linux/uvcvideo.h
  HDRINST usr/include/linux/sound.h
  HDRINST usr/include/linux/fcntl.h
  HDRINST usr/include/linux/ax25.h
  HDRINST usr/include/linux/uhid.h
  HDRINST usr/include/linux/netfilter_bridge.h
  HDRINST usr/include/linux/sched/types.h
  HDRINST usr/include/linux/kcov.h
  HDRINST usr/include/linux/rio_mport_cdev.h
  HDRINST usr/include/linux/unix_diag.h
  HDRINST usr/include/linux/time_types.h
  HDRINST usr/include/linux/ife.h
  HDRINST usr/include/linux/gtp.h
  HDRINST usr/include/linux/vm_sockets_diag.h
  HDRINST usr/include/linux/tcp.h
  HDRINST usr/include/linux/v4l2-dv-timings.h
  HDRINST usr/include/linux/perf_event.h
  HDRINST usr/include/linux/rpmsg_types.h
  HDRINST usr/include/linux/vhost_types.h
  HDRINST usr/include/linux/wwan.h
  HDRINST usr/include/linux/sonet.h
  HDRINST usr/include/linux/cxl_mem.h
  HDRINST usr/include/linux/drbd_genl.h
  HDRINST usr/include/linux/unistd.h
  HDRINST usr/include/linux/elf.h
  HDRINST usr/include/linux/ipsec.h
  HDRINST usr/include/linux/virtio_pmem.h
  HDRINST usr/include/linux/smc.h
  HDRINST usr/include/linux/pwm.h
  HDRINST usr/include/linux/patchkey.h
  HDRINST usr/include/linux/auto_fs.h
  HDRINST usr/include/linux/vmclock-abi.h
  HDRINST usr/include/linux/arm_sdei.h
  HDRINST usr/include/linux/if_xdp.h
  HDRINST usr/include/linux/veth.h
  HDRINST usr/include/linux/bpqether.h
  HDRINST usr/include/linux/major.h
  HDRINST usr/include/linux/affs_hardblocks.h
  HDRINST usr/include/linux/romfs_fs.h
  HDRINST usr/include/linux/hash_info.h
  HDRINST usr/include/linux/android/binder_netlink.h
  HDRINST usr/include/linux/android/binderfs.h
  HDRINST usr/include/linux/android/binder.h
  HDRINST usr/include/linux/thp7312.h
  HDRINST usr/include/linux/input.h
  HDRINST usr/include/linux/netfilter.h
  HDRINST usr/include/linux/random.h
  HDRINST usr/include/linux/ip6_tunnel.h
  HDRINST usr/include/linux/virtio_gpio.h
  HDRINST usr/include/linux/cramfs_fs.h
  HDRINST usr/include/linux/smiapp.h
  HDRINST usr/include/linux/omap3isp.h
  HDRINST usr/include/linux/kcmp.h
  HDRINST usr/include/linux/resource.h
  HDRINST usr/include/linux/usbip.h
  HDRINST usr/include/linux/msg.h
  HDRINST usr/include/linux/magic.h
  HDRINST usr/include/linux/stat.h
  HDRINST usr/include/linux/scif_ioctl.h
  HDRINST usr/include/linux/time.h
  HDRINST usr/include/linux/cn_proc.h
  HDRINST usr/include/linux/audit.h
  HDRINST usr/include/linux/rpl_iptunnel.h
  HDRINST usr/include/linux/counter/microchip-tcb-capture.h
  HDRINST usr/include/linux/tps6594_pfsm.h
  HDRINST usr/include/linux/nexthop.h
  HDRINST usr/include/linux/if_plip.h
  HDRINST usr/include/linux/genetlink.h
  HDRINST usr/include/linux/fsi.h
  HDRINST usr/include/linux/am437x-vpfe.h
  HDRINST usr/include/linux/pfrut.h
  HDRINST usr/include/linux/packet_diag.h
  HDRINST usr/include/linux/vhost.h
  HDRINST usr/include/linux/tc_ematch/tc_em_ipt.h
  HDRINST usr/include/linux/tc_ematch/tc_em_cmp.h
  HDRINST usr/include/linux/tc_ematch/tc_em_nbyte.h
  HDRINST usr/include/linux/tc_ematch/tc_em_text.h
  HDRINST usr/include/linux/tc_ematch/tc_em_meta.h
  HDRINST usr/include/linux/mman.h
  HDRINST usr/include/linux/psp-dbc.h
  HDRINST usr/include/linux/vdpa.h
  HDRINST usr/include/linux/sem.h
  HDRINST usr/include/linux/virtio_config.h
  HDRINST usr/include/linux/netfilter/xt_comment.h
  HDRINST usr/include/linux/netfilter/nfnetlink_conntrack.h
  HDRINST usr/include/linux/netfilter/xt_LED.h
  HDRINST usr/include/linux/netfilter/xt_iprange.h
  HDRINST usr/include/linux/netfilter/xt_MARK.h
  HDRINST usr/include/linux/netfilter/xt_helper.h
  HDRINST usr/include/linux/netfilter/xt_socket.h
  HDRINST usr/include/linux/netfilter/nf_conntrack_tcp.h
  HDRINST usr/include/linux/netfilter/xt_esp.h
  HDRINST usr/include/linux/netfilter/xt_realm.h
  HDRINST usr/include/linux/netfilter/xt_tcpmss.h
  HDRINST usr/include/linux/netfilter/xt_dscp.h
  HDRINST usr/include/linux/netfilter/xt_IDLETIMER.h
  HDRINST usr/include/linux/netfilter/x_tables.h
  HDRINST usr/include/linux/netfilter/xt_addrtype.h
  HDRINST usr/include/linux/netfilter/nfnetlink_cthelper.h
  HDRINST usr/include/linux/netfilter/xt_state.h
  HDRINST usr/include/linux/netfilter/xt_ecn.h
  HDRINST usr/include/linux/netfilter/nf_conntrack_tuple_common.h
  HDRINST usr/include/linux/netfilter/xt_physdev.h
  HDRINST usr/include/linux/netfilter/xt_NFLOG.h
  HDRINST usr/include/linux/netfilter/xt_cgroup.h
  HDRINST usr/include/linux/netfilter/xt_HMARK.h
  HDRINST usr/include/linux/netfilter/xt_bpf.h
  HDRINST usr/include/linux/netfilter/xt_TPROXY.h
  HDRINST usr/include/linux/netfilter/xt_u32.h
  HDRINST usr/include/linux/netfilter/xt_TEE.h
  HDRINST usr/include/linux/netfilter/xt_connmark.h
  HDRINST usr/include/linux/netfilter/xt_LOG.h
  HDRINST usr/include/linux/netfilter/xt_policy.h
  HDRINST usr/include/linux/netfilter/xt_ipvs.h
  HDRINST usr/include/linux/netfilter/xt_DSCP.h
  HDRINST usr/include/linux/netfilter/xt_connlimit.h
  HDRINST usr/include/linux/netfilter/xt_ipcomp.h
  HDRINST usr/include/linux/netfilter/xt_TCPOPTSTRIP.h
  HDRINST usr/include/linux/netfilter/xt_connlabel.h
  HDRINST usr/include/linux/netfilter/nfnetlink_osf.h
  HDRINST usr/include/linux/netfilter/xt_string.h
  HDRINST usr/include/linux/netfilter/xt_TCPMSS.h
  HDRINST usr/include/linux/netfilter/xt_CT.h
  HDRINST usr/include/linux/netfilter/nfnetlink_hook.h
  HDRINST usr/include/linux/netfilter/xt_mac.h
  HDRINST usr/include/linux/netfilter/nfnetlink.h
  HDRINST usr/include/linux/netfilter/xt_tcpudp.h
  HDRINST usr/include/linux/netfilter/xt_rateest.h
  HDRINST usr/include/linux/netfilter/xt_hashlimit.h
  HDRINST usr/include/linux/netfilter/xt_pkttype.h
  HDRINST usr/include/linux/netfilter/xt_cpu.h
  HDRINST usr/include/linux/netfilter/ipset/ip_set.h
  HDRINST usr/include/linux/netfilter/ipset/ip_set_list.h
  HDRINST usr/include/linux/netfilter/ipset/ip_set_bitmap.h
  HDRINST usr/include/linux/netfilter/ipset/ip_set_hash.h
  HDRINST usr/include/linux/netfilter/nfnetlink_acct.h
  HDRINST usr/include/linux/netfilter/nf_conntrack_sctp.h
  HDRINST usr/include/linux/netfilter/xt_multiport.h
  HDRINST usr/include/linux/netfilter/xt_dccp.h
  HDRINST usr/include/linux/netfilter/nf_tables.h
  HDRINST usr/include/linux/netfilter/xt_CLASSIFY.h
  HDRINST usr/include/linux/netfilter/xt_CONNMARK.h
  HDRINST usr/include/linux/netfilter/nfnetlink_compat.h
  HDRINST usr/include/linux/netfilter/xt_SECMARK.h
  HDRINST usr/include/linux/netfilter/xt_cluster.h
  HDRINST usr/include/linux/netfilter/nf_synproxy.h
  HDRINST usr/include/linux/netfilter/nf_conntrack_ftp.h
  HDRINST usr/include/linux/netfilter/xt_NFQUEUE.h
  HDRINST usr/include/linux/netfilter/xt_l2tp.h
  HDRINST usr/include/linux/netfilter/xt_RATEEST.h
  HDRINST usr/include/linux/netfilter/nf_tables_compat.h
  HDRINST usr/include/linux/netfilter/xt_CONNSECMARK.h
  HDRINST usr/include/linux/netfilter/xt_nfacct.h
  HDRINST usr/include/linux/netfilter/xt_quota.h
  HDRINST usr/include/linux/netfilter/xt_length.h
  HDRINST usr/include/linux/netfilter/nf_nat.h
  HDRINST usr/include/linux/netfilter/nfnetlink_log.h
  HDRINST usr/include/linux/netfilter/xt_mark.h
  HDRINST usr/include/linux/netfilter/xt_sctp.h
  HDRINST usr/include/linux/netfilter/xt_CHECKSUM.h
  HDRINST usr/include/linux/netfilter/nf_conntrack_common.h
  HDRINST usr/include/linux/netfilter/xt_time.h
  HDRINST usr/include/linux/netfilter/xt_AUDIT.h
  HDRINST usr/include/linux/netfilter/xt_devgroup.h
  HDRINST usr/include/linux/netfilter/xt_recent.h
  HDRINST usr/include/linux/netfilter/xt_owner.h
  HDRINST usr/include/linux/netfilter/xt_set.h
  HDRINST usr/include/linux/netfilter/xt_osf.h
  HDRINST usr/include/linux/netfilter/nfnetlink_cttimeout.h
  HDRINST usr/include/linux/netfilter/xt_rpfilter.h
  HDRINST usr/include/linux/netfilter/xt_conntrack.h
  HDRINST usr/include/linux/netfilter/nf_log.h
  HDRINST usr/include/linux/netfilter/xt_SYNPROXY.h
  HDRINST usr/include/linux/netfilter/nfnetlink_queue.h
  HDRINST usr/include/linux/netfilter/xt_limit.h
  HDRINST usr/include/linux/netfilter/xt_connbytes.h
  HDRINST usr/include/linux/netfilter/xt_statistic.h
  HDRINST usr/include/linux/virtio_can.h
  HDRINST usr/include/linux/net_tstamp.h
  HDRINST usr/include/linux/kcm.h
  HDRINST usr/include/linux/mei.h
  HDRINST usr/include/linux/pps_gen.h
  HDRINST usr/include/linux/mtio.h
  HDRINST usr/include/linux/drbd_limits.h
  HDRINST usr/include/linux/module.h
  HDRINST usr/include/linux/i8k.h
  HDRINST usr/include/linux/virtio_iommu.h
  HDRINST usr/include/linux/module_signature.h
  HDRINST usr/include/linux/rxrpc.h
  HDRINST usr/include/linux/cycx_cfm.h
  HDRINST usr/include/linux/udf_fs_i.h
  HDRINST usr/include/linux/loadpin.h
  HDRINST usr/include/linux/tiocl.h
  HDRINST usr/include/linux/ip.h
  HDRINST usr/include/linux/ioam6_genl.h
  HDRINST usr/include/linux/v4l2-subdev.h
  HDRINST usr/include/linux/v4l2-controls.h
  HDRINST usr/include/linux/dw100.h
  HDRINST usr/include/linux/vboxguest.h
  HDRINST usr/include/linux/aspeed-video.h
  HDRINST usr/include/linux/fib_rules.h
  HDRINST usr/include/linux/atmapi.h
  HDRINST usr/include/linux/matroxfb.h
  HDRINST usr/include/linux/sockios.h
  HDRINST usr/include/linux/ipv6.h
  HDRINST usr/include/linux/ptp_clock.h
  HDRINST usr/include/linux/nilfs2_ondisk.h
  HDRINST usr/include/linux/suspend_ioctls.h
  HDRINST usr/include/linux/if_addrlabel.h
  HDRINST usr/include/linux/if_fddi.h
  HDRINST usr/include/linux/quota.h
  HDRINST usr/include/linux/route.h
  HDRINST usr/include/linux/fou.h
  HDRINST usr/include/linux/omapfb.h
  HDRINST usr/include/linux/nvme_ioctl.h
  HDRINST usr/include/linux/hpet.h
  HDRINST usr/include/linux/mctp.h
  HDRINST usr/include/linux/netfilter_arp/arpt_mangle.h
  HDRINST usr/include/linux/netfilter_arp/arp_tables.h
  HDRINST usr/include/linux/cifs/cifs_mount.h
  HDRINST usr/include/linux/cifs/cifs_netlink.h
  HDRINST usr/include/linux/mptcp_pm.h
  HDRINST usr/include/linux/nfs_mount.h
  HDRINST usr/include/linux/gen_stats.h
  HDRINST usr/include/linux/netdevice.h
  HDRINST usr/include/linux/watch_queue.h
  HDRINST usr/include/linux/rds.h
  HDRINST usr/include/linux/virtio_vsock.h
  HDRINST usr/include/linux/bfs_fs.h
  HDRINST usr/include/linux/virtio_snd.h
  HDRINST usr/include/linux/drbd.h
  HDRINST usr/include/linux/sunrpc/debug.h
  HDRINST usr/include/linux/virtio_pcidev.h
  HDRINST usr/include/linux/sysctl.h
  HDRINST usr/include/linux/keyboard.h
  HDRINST usr/include/linux/media.h
  HDRINST usr/include/linux/pcitest.h
  HDRINST usr/include/linux/tipc_netlink.h
  HDRINST usr/include/linux/qemu_fw_cfg.h
  HDRINST usr/include/linux/nfs_idmap.h
  HDRINST usr/include/linux/virtio_types.h
  HDRINST usr/include/linux/openat2.h
  HDRINST usr/include/linux/hid.h
  HDRINST usr/include/linux/iommufd.h
  HDRINST usr/include/linux/kfd_ioctl.h
  HDRINST usr/include/linux/coresight-stm.h
  HDRINST usr/include/linux/qrtr.h
  HDRINST usr/include/linux/npcm-video.h
  HDRINST usr/include/linux/ndctl.h
  HDRINST usr/include/linux/idxd.h
  HDRINST usr/include/linux/swab.h
  HDRINST usr/include/linux/if_hippi.h
  HDRINST usr/include/linux/rio_cm_cdev.h
  HDRINST usr/include/linux/inet_diag.h
  HDRINST usr/include/linux/nitro_enclaves.h
  HDRINST usr/include/linux/if_eql.h
  HDRINST usr/include/linux/keyctl.h
  HDRINST usr/include/linux/posix_acl_xattr.h
  HDRINST usr/include/linux/mpls.h
  HDRINST usr/include/linux/comedi.h
  HDRINST usr/include/linux/neighbour.h
  HDRINST usr/include/linux/limits.h
  HDRINST usr/include/linux/nsm.h
  HDRINST usr/include/linux/posix_types.h
  HDRINST usr/include/linux/seg6_hmac.h
  HDRINST usr/include/linux/nfs.h
  HDRINST usr/include/linux/byteorder/little_endian.h
  HDRINST usr/include/linux/byteorder/big_endian.h
  HDRINST usr/include/linux/ptrace.h
  HDRINST usr/include/linux/kd.h
  HDRINST usr/include/linux/if_vlan.h
  HDRINST usr/include/linux/lp.h
  HDRINST usr/include/linux/fuse.h
  HDRINST usr/include/linux/pfkeyv2.h
  HDRINST usr/include/linux/aspeed-p2a-ctrl.h
  HDRINST usr/include/linux/phonet.h
  HDRINST usr/include/linux/i2c.h
  HDRINST usr/include/linux/un.h
  HDRINST usr/include/linux/if_fc.h
  HDRINST usr/include/linux/ipmi_msgdefs.h
  HDRINST usr/include/linux/stm.h
  HDRINST usr/include/linux/coredump.h
  HDRINST usr/include/linux/dpll.h
  HDRINST usr/include/linux/wmi.h
  HDRINST usr/include/linux/ioam6.h
  HDRINST usr/include/linux/netlink_diag.h
  HDRINST usr/include/linux/oom.h
  HDRINST usr/include/linux/spi/spi.h
  HDRINST usr/include/linux/spi/spidev.h
  HDRINST usr/include/linux/if_pppox.h
  HDRINST usr/include/linux/coda.h
  HDRINST usr/include/linux/dlm.h
  HDRINST usr/include/linux/netfilter_bridge/ebt_mark_t.h
  HDRINST usr/include/linux/netfilter_bridge/ebt_nflog.h
  HDRINST usr/include/linux/netfilter_bridge/ebt_log.h
  HDRINST usr/include/linux/netfilter_bridge/ebt_stp.h
  HDRINST usr/include/linux/netfilter_bridge/ebt_pkttype.h
  HDRINST usr/include/linux/netfilter_bridge/ebt_among.h
  HDRINST usr/include/linux/netfilter_bridge/ebt_ip.h
  HDRINST usr/include/linux/netfilter_bridge/ebt_802_3.h
  HDRINST usr/include/linux/netfilter_bridge/ebt_arpreply.h
  HDRINST usr/include/linux/netfilter_bridge/ebt_limit.h
  HDRINST usr/include/linux/netfilter_bridge/ebt_vlan.h
  HDRINST usr/include/linux/netfilter_bridge/ebt_arp.h
  HDRINST usr/include/linux/netfilter_bridge/ebt_redirect.h
  HDRINST usr/include/linux/netfilter_bridge/ebt_ip6.h
  HDRINST usr/include/linux/netfilter_bridge/ebt_mark_m.h
  HDRINST usr/include/linux/netfilter_bridge/ebt_nat.h
  HDRINST usr/include/linux/netfilter_bridge/ebtables.h
  HDRINST usr/include/linux/if.h
  HDRINST usr/include/linux/termios.h
  HDRINST usr/include/linux/pkt_sched.h
  HDRINST usr/include/linux/mdio.h
  HDRINST usr/include/linux/cgroupstats.h
  HDRINST usr/include/linux/ipmi_bmc.h
  HDRINST usr/include/linux/firewire-constants.h
  HDRINST usr/include/linux/in.h
  HDRINST usr/include/linux/isst_if.h
  HDRINST usr/include/linux/irqnr.h
  HDRINST usr/include/linux/tty.h
  HDRINST usr/include/linux/utsname.h
  HDRINST usr/include/linux/cec-funcs.h
  HDRINST usr/include/linux/thermal.h
  HDRINST usr/include/linux/kvm_para.h
  HDRINST usr/include/linux/hdreg.h
  HDRINST usr/include/linux/cuda.h
  HDRINST usr/include/linux/ipmi_ssif_bmc.h
  HDRINST usr/include/linux/ntsync.h
  HDRINST usr/include/linux/binfmts.h
  HDRINST usr/include/linux/vm_sockets.h
  HDRINST usr/include/linux/mptcp.h
  HDRINST usr/include/linux/nfs3.h
  HDRINST usr/include/linux/string.h
  HDRINST usr/include/linux/nfsd_netlink.h
  HDRINST usr/include/linux/amt.h
  HDRINST usr/include/linux/blkdev.h
  HDRINST usr/include/linux/in6.h
  HDRINST usr/include/linux/loop.h
  HDRINST usr/include/linux/virtio_fs.h
  HDRINST usr/include/linux/if_team.h
  HDRINST usr/include/linux/mmc/ioctl.h
  HDRINST usr/include/linux/xilinx-v4l2-controls.h
  HDRINST usr/include/linux/wireguard.h
  HDRINST usr/include/linux/wait.h
  HDRINST usr/include/linux/virtio_input.h
  HDRINST usr/include/linux/pidfd.h
  HDRINST usr/include/linux/hsi/cs-protocol.h
  HDRINST usr/include/linux/hsi/hsi_char.h
  HDRINST usr/include/linux/vmcore.h
  HDRINST usr/include/linux/ncsi.h
  HDRINST usr/include/linux/soundcard.h
  HDRINST usr/include/linux/auto_dev-ioctl.h
  HDRINST usr/include/linux/fdreg.h
  HDRINST usr/include/linux/ppp-comp.h
  HDRINST usr/include/linux/nilfs2_api.h
  HDRINST usr/include/linux/trace_mmap.h
  HDRINST usr/include/linux/pg.h
  HDRINST usr/include/linux/aspeed-lpc-ctrl.h
  HDRINST usr/include/linux/btf.h
  HDRINST usr/include/linux/signal.h
  HDRINST usr/include/linux/smc_diag.h
  HDRINST usr/include/linux/seg6_iptunnel.h
  HDRINST usr/include/linux/prctl.h
  HDRINST usr/include/linux/vfio.h
  HDRINST usr/include/linux/atmppp.h
  HDRINST usr/include/linux/radeonfb.h
  HDRINST usr/include/linux/xattr.h
  HDRINST usr/include/linux/watchdog.h
  HDRINST usr/include/linux/nvram.h
  HDRINST usr/include/linux/fiemap.h
  HDRINST usr/include/linux/mpls_iptunnel.h
  HDRINST usr/include/linux/input-event-codes.h
  HDRINST usr/include/linux/if_tun.h
  HDRINST usr/include/linux/user_events.h
  HDRINST usr/include/linux/btrfs_tree.h
  HDRINST usr/include/linux/ppp-ioctl.h
  HDRINST usr/include/linux/ccs.h
  HDRINST usr/include/linux/media/raspberrypi/pisp_fe_config.h
  HDRINST usr/include/linux/media/raspberrypi/pisp_common.h
  HDRINST usr/include/linux/media/raspberrypi/pisp_fe_statistics.h
  HDRINST usr/include/linux/media/raspberrypi/pisp_be_config.h
  HDRINST usr/include/linux/media/v4l2-isp.h
  HDRINST usr/include/linux/media/arm/mali-c55-config.h
  HDRINST usr/include/linux/media/amlogic/c3-isp-config.h
  HDRINST usr/include/linux/counter.h
  HDRINST usr/include/linux/net_namespace.h
  HDRINST usr/include/linux/uinput.h
  HDRINST usr/include/linux/zorro_ids.h
  HDRINST usr/include/linux/dlmconstants.h
  HDRINST usr/include/linux/gpib.h
  HDRINST usr/include/linux/virtio_crypto.h
  HDRINST usr/include/linux/virtio_pci.h
  HDRINST usr/include/linux/nfc.h
  HDRINST usr/include/linux/io_uring/query.h
  HDRINST usr/include/linux/i2o-dev.h
  HDRINST usr/include/linux/io_uring/zcrx.h
  HDRINST usr/include/linux/io_uring/bpf_filter.h
  HDRINST usr/include/linux/io_uring/mock_file.h
  HDRINST usr/include/linux/arcfb.h
  HDRINST usr/include/linux/mroute.h
  HDRINST usr/include/linux/ivtv.h
  HDRINST usr/include/linux/signalfd.h
  HDRINST usr/include/linux/times.h
  HDRINST usr/include/linux/atmioc.h
  HDRINST usr/include/linux/papr_pdsm.h
  HDRINST usr/include/linux/ipmi.h
  HDRINST usr/include/linux/minix_fs.h
  HDRINST usr/include/linux/fsverity.h
  HDRINST usr/include/linux/fanotify.h
  HDRINST usr/include/linux/ip_vs.h
  HDRINST usr/include/linux/ipc.h
  HDRINST usr/include/linux/nfsd/debug.h
  HDRINST usr/include/linux/nfsd/export.h
  HDRINST usr/include/linux/nfsd/cld.h
  HDRINST usr/include/linux/nfsd/stats.h
  HDRINST usr/include/linux/cyclades.h
  HDRINST usr/include/linux/uleds.h
  HDRINST usr/include/linux/nfs2.h
  HDRINST usr/include/linux/mei_uuid.h
  HDRINST usr/include/linux/bsg.h
  HDRINST usr/include/linux/rfkill.h
  HDRINST usr/include/linux/vt.h
  HDRINST usr/include/linux/userfaultfd.h
  HDRINST usr/include/linux/blkpg.h
  HDRINST usr/include/linux/posix_acl.h
  HDRINST usr/include/linux/icmp.h
  HDRINST usr/include/linux/auxvec.h
  HDRINST usr/include/linux/types.h
  HDRINST usr/include/linux/efs_fs_sb.h
  HDRINST usr/include/linux/usb/midi.h
  HDRINST usr/include/linux/usb/cdc.h
  HDRINST usr/include/linux/usb/audio.h
  HDRINST usr/include/linux/usb/video.h
  HDRINST usr/include/linux/usb/charger.h
  HDRINST usr/include/linux/usb/tmc.h
  HDRINST usr/include/linux/usb/g_printer.h
  HDRINST usr/include/linux/usb/g_hid.h
  HDRINST usr/include/linux/usb/ch9.h
  HDRINST usr/include/linux/usb/g_uvc.h
  HDRINST usr/include/linux/usb/ch11.h
  HDRINST usr/include/linux/usb/gadgetfs.h
  HDRINST usr/include/linux/usb/raw_gadget.h
  HDRINST usr/include/linux/usb/functionfs.h
  HDRINST usr/include/linux/usb/cdc-wdm.h
  HDRINST usr/include/linux/uuid.h
  HDRINST usr/include/linux/connector.h
  HDRINST usr/include/linux/netdev.h
  HDRINST usr/include/linux/seccomp.h
  HDRINST usr/include/linux/mount.h
  HDRINST usr/include/linux/if_arcnet.h
  HDRINST usr/include/linux/lirc.h
  HDRINST usr/include/linux/virtio_ring.h
  HDRINST usr/include/linux/iso_fs.h
  HDRINST usr/include/linux/tcp_metrics.h
  HDRINST usr/include/linux/seg6_genl.h
  HDRINST usr/include/linux/btrfs.h
  HDRINST usr/include/linux/kfd_sysfs.h
  HDRINST usr/include/linux/landlock.h
  HDRINST usr/include/linux/firewire-cdev.h
  HDRINST usr/include/linux/lockd_netlink.h
  HDRINST usr/include/linux/vesa.h
  HDRINST usr/include/linux/jffs2.h
  HDRINST usr/include/linux/libc-compat.h
  HDRINST usr/include/linux/sock_diag.h
  HDRINST usr/include/linux/blkzoned.h
  HDRINST usr/include/linux/um_timetravel.h
  HDRINST usr/include/linux/hyperv.h
  HDRINST usr/include/linux/virtio_rtc.h
  HDRINST usr/include/linux/vsockmon.h
  HDRINST usr/include/linux/bpf.h
  HDRINST usr/include/linux/if_ltalk.h
  HDRINST usr/include/linux/virtio_rng.h
  HDRINST usr/include/linux/hidraw.h
  HDRINST usr/include/linux/raid/md_u.h
  HDRINST usr/include/linux/raid/md_p.h
  HDRINST usr/include/linux/eventfd.h
  HDRINST usr/include/linux/if_slip.h
  HDRINST usr/include/linux/msdos_fs.h
  HDRINST usr/include/linux/if_ether.h
  HDRINST usr/include/linux/rseq.h
  HDRINST usr/include/linux/virtio_9p.h
  HDRINST usr/include/linux/edd.h
  HDRINST usr/include/linux/taskstats.h
  HDRINST usr/include/linux/nfs4_mount.h
  HDRINST usr/include/linux/sev-guest.h
  HDRINST usr/include/linux/qnx4_fs.h
  HDRINST usr/include/linux/pci.h
  HDRINST usr/include/linux/atmsap.h
  HDRINST usr/include/linux/x25.h
  HDRINST usr/include/linux/hdlc.h
  HDRINST usr/include/linux/screen_info.h
  HDRINST usr/include/linux/kernel.h
  HDRINST usr/include/linux/cdrom.h
  HDRINST usr/include/linux/fb.h
  HDRINST usr/include/linux/usbdevice_fs.h
  HDRINST usr/include/linux/nubus.h
  HDRINST usr/include/linux/dccp.h
  HDRINST usr/include/linux/fscrypt.h
  HDRINST usr/include/linux/timerfd.h
  HDRINST usr/include/linux/virtio_blk.h
  HDRINST usr/include/linux/genwqe/genwqe_card.h
  HDRINST usr/include/linux/pmu.h
  HDRINST usr/include/linux/ethtool_netlink.h
  HDRINST usr/include/linux/cciss_ioctl.h
  HDRINST usr/include/linux/openvswitch.h
  HDRINST usr/include/linux/virtio_gpu.h
  HDRINST usr/include/linux/handshake.h
  HDRINST usr/include/linux/virtio_net.h
  HDRINST usr/include/linux/sysinfo.h
  HDRINST usr/include/linux/ultrasound.h
  HDRINST usr/include/linux/psp.h
  HDRINST usr/include/linux/max2175.h
  HDRINST usr/include/linux/fd.h
  HDRINST usr/include/linux/gpib_ioctl.h
  HDRINST usr/include/linux/psp-sfs.h
  HDRINST usr/include/linux/psci.h
  HDRINST usr/include/linux/eventpoll.h
  HDRINST usr/include/linux/l2tp.h
  HDRINST usr/include/linux/acrn.h
  HDRINST usr/include/linux/dqblk_xfs.h
  HDRINST usr/include/linux/fsmap.h
  HDRINST usr/include/linux/virtio_scsi.h
  HDRINST usr/include/linux/gpio.h
  HDRINST usr/include/linux/cachefiles.h
  HDRINST usr/include/linux/can/error.h
  HDRINST usr/include/linux/can/vxcan.h
  HDRINST usr/include/linux/can/raw.h
  HDRINST usr/include/linux/can/gw.h
  HDRINST usr/include/linux/can/bcm.h
  HDRINST usr/include/linux/can/isotp.h
  HDRINST usr/include/linux/can/netlink.h
  HDRINST usr/include/linux/can/j1939.h
  HDRINST usr/include/linux/f2fs.h
  HDRINST usr/include/linux/pps.h
  HDRINST usr/include/linux/const.h
  HDRINST usr/include/linux/if_addr.h
  HDRINST usr/include/linux/dlm_device.h
  HDRINST usr/include/linux/nfs_fs.h
  HDRINST usr/include/linux/tipc.h
  HDRINST usr/include/linux/atalk.h
  HDRINST usr/include/linux/timex.h
  HDRINST usr/include/linux/stddef.h
  HDRINST usr/include/linux/cciss_defs.h
  HDRINST usr/include/linux/target_core_user.h
  HDRINST usr/include/linux/seg6_local.h
  HDRINST usr/include/linux/xdp_diag.h
  HDRINST usr/include/linux/virtio_mem.h
  HDRINST usr/include/linux/psample.h
  HDRINST usr/include/linux/hsr_netlink.h
  HDRINST usr/include/linux/coff.h
  HDRINST usr/include/linux/vtpm_proxy.h
  HDRINST usr/include/linux/poll.h
  HDRINST usr/include/linux/pkt_cls.h
  HDRINST usr/include/linux/xfrm.h
  HDRINST usr/include/linux/udmabuf.h
  HDRINST usr/include/linux/fsl_hypervisor.h
  HDRINST usr/include/linux/v4l2-mediabus.h
  HDRINST usr/include/linux/fs.h
  HDRINST usr/include/linux/net_shaper.h
  HDRINST usr/include/linux/ivtvfb.h
  HDRINST usr/include/linux/qnxtypes.h
  HDRINST usr/include/linux/sched.h
  HDRINST usr/include/linux/bpf_perf_event.h
  HDRINST usr/include/linux/personality.h
  HDRINST usr/include/linux/nbd-netlink.h
  HDRINST usr/include/linux/elf-fdpic.h
  HDRINST usr/include/linux/virtio_spi.h
  HDRINST usr/include/linux/futex.h
  HDRINST usr/include/linux/adfs_fs.h
  HDRINST usr/include/linux/cfm_bridge.h
  HDRINST usr/include/linux/parport.h
  HDRINST usr/include/linux/inotify.h
  HDRINST usr/include/linux/pktcdvd.h
  HDRINST usr/include/linux/netfilter_ipv4/ipt_ttl.h
  HDRINST usr/include/linux/netfilter_ipv4/ipt_ECN.h
  HDRINST usr/include/linux/netfilter_ipv4/ipt_LOG.h
  HDRINST usr/include/linux/netfilter_ipv4/ipt_TTL.h
  HDRINST usr/include/linux/netfilter_ipv4/ip_tables.h
  HDRINST usr/include/linux/netfilter_ipv4/ipt_REJECT.h
  HDRINST usr/include/linux/netfilter_ipv4/ipt_ecn.h
  HDRINST usr/include/linux/netfilter_ipv4/ipt_CLUSTERIP.h
  HDRINST usr/include/linux/netfilter_ipv4/ipt_ah.h
  HDRINST usr/include/linux/ipv6_route.h
  HDRINST usr/include/linux/if_bonding.h
  HDRINST usr/include/linux/kvm.h
  HDRINST usr/include/linux/if_macsec.h
  HDRINST usr/include/linux/vfio_ccw.h
  HDRINST usr/include/linux/ioctl.h
  HDRINST usr/include/linux/sed-opal.h
  HDRINST usr/include/linux/nsfs.h
  HDRINST usr/include/linux/netlink.h
  HDRINST usr/include/linux/nbd.h
  HDRINST usr/include/linux/fsl_mc.h
  HDRINST usr/include/linux/securebits.h
  HDRINST usr/include/linux/elf-em.h
  HDRINST usr/include/linux/mqueue.h
  HDRINST usr/include/linux/serial_reg.h
  HDRINST usr/include/linux/close_range.h
  HDRINST usr/include/linux/falloc.h
  HDRINST usr/include/linux/typelimits.h
  HDRINST usr/include/linux/ethtool_netlink_generated.h
  HDRINST usr/include/linux/reboot.h
  HDRINST usr/include/linux/bt-bmc.h
  HDRINST usr/include/linux/llc.h
  HDRINST usr/include/linux/lsm.h
  HDRINST usr/include/linux/icmpv6.h
  HDRINST usr/include/linux/auto_fs4.h
  HDRINST usr/include/linux/bpf_common.h
  HDRINST usr/include/linux/tdx-guest.h
  HDRINST usr/include/linux/dma-buf.h
  HDRINST usr/include/linux/if_link.h
  HDRINST usr/include/linux/if_packet.h
  HDRINST usr/include/linux/tipc_sockets_diag.h
  HDRINST usr/include/linux/kexec.h
  HDRINST usr/include/linux/zorro.h
  HDRINST usr/include/linux/fpga-dfl.h
  HDRINST usr/include/linux/if_ppp.h
  HDRINST usr/include/linux/fadvise.h
  HDRINST usr/include/linux/blk-crypto.h
  HDRINST usr/include/linux/apm_bios.h
  HDRINST usr/include/linux/membarrier.h
  HDRINST usr/include/linux/sunrpc_netlink.h
  HDRINST usr/include/linux/net_dropmon.h
  HDRINST usr/include/linux/netconf.h
  HDRINST usr/include/linux/liveupdate.h
  HDRINST usr/include/linux/ila.h
  HDRINST usr/include/linux/seg6.h
  HDRINST usr/include/linux/hdlc/ioctl.h
  HDRINST usr/include/linux/psp-sev.h
  HDRINST usr/include/linux/joystick.h
  HDRINST usr/include/linux/erspan.h
  HDRINST usr/include/linux/in_route.h
  HDRINST usr/include/linux/vduse.h
  HDRINST usr/include/linux/bcm933xx_hcs.h
  HDRINST usr/include/linux/agpgart.h
  HDRINST usr/include/linux/exfat.h
  HDRINST usr/include/linux/tee.h
  HDRINST usr/include/linux/serial.h
  HDRINST usr/include/linux/selinux_netlink.h
  HDRINST usr/include/linux/if_alg.h
  HDRINST usr/include/linux/cec.h
  HDRINST usr/include/linux/netfilter_ipv6.h
  HDRINST usr/include/linux/pr.h
  HDRINST usr/include/linux/tc_act/tc_mirred.h
  HDRINST usr/include/linux/tc_act/tc_defact.h
  HDRINST usr/include/linux/tc_act/tc_skbmod.h
  HDRINST usr/include/linux/tc_act/tc_ct.h
  HDRINST usr/include/linux/tc_act/tc_bpf.h
  HDRINST usr/include/linux/tc_act/tc_pedit.h
  HDRINST usr/include/linux/tc_act/tc_tunnel_key.h
  HDRINST usr/include/linux/tc_act/tc_sample.h
  HDRINST usr/include/linux/tc_act/tc_skbedit.h
  HDRINST usr/include/linux/tc_act/tc_vlan.h
  HDRINST usr/include/linux/tc_act/tc_ctinfo.h
  HDRINST usr/include/linux/tc_act/tc_connmark.h
  HDRINST usr/include/linux/tc_act/tc_ife.h
  HDRINST usr/include/linux/tc_act/tc_csum.h
  HDRINST usr/include/linux/tc_act/tc_gact.h
  HDRINST usr/include/linux/tc_act/tc_nat.h
  HDRINST usr/include/linux/tc_act/tc_mpls.h
  HDRINST usr/include/linux/tc_act/tc_gate.h
  HDRINST usr/include/linux/dm-log-userspace.h
  HDRINST usr/include/linux/devlink.h
  HDRINST usr/include/linux/gameport.h
  HDRINST usr/include/linux/if_tunnel.h
  HDRINST usr/include/linux/rtnetlink.h
  HDRINST usr/include/linux/uio.h
  HDRINST usr/include/linux/mshv.h
  HDRINST usr/include/linux/filter.h
  HDRINST usr/include/linux/ppdev.h
  HDRINST usr/include/linux/tipc_config.h
  HDRINST usr/include/linux/gfs2_ondisk.h
  HDRINST usr/include/linux/serial_core.h
  HDRINST usr/include/linux/shm.h
  HDRINST usr/include/linux/rtc.h
  HDRINST usr/include/linux/tty_flags.h
  HDRINST usr/include/linux/atmdev.h
  HDRINST usr/include/linux/virtio_ids.h
  HDRINST usr/include/linux/chio.h
  HDRINST usr/include/linux/can.h
  HDRINST usr/include/linux/virtio_balloon.h
  HDRINST usr/include/linux/ext4.h
  HDRINST usr/include/linux/iio/buffer.h
  HDRINST usr/include/linux/iio/events.h
  HDRINST usr/include/linux/iio/types.h
  HDRINST usr/include/linux/rpmsg.h
  HDRINST usr/include/linux/netfilter_ipv4.h
  HDRINST usr/include/linux/ublk_cmd.h
  HDRINST usr/include/linux/switchtec_ioctl.h
  HDRINST usr/include/linux/kdev_t.h
  HDRINST usr/include/linux/vbox_err.h
  HDRINST usr/include/linux/cryptouser.h
  HDRINST usr/include/linux/kernel-page-flags.h
  HDRINST usr/include/linux/nl80211-vnd-intel.h
  HDRINST usr/include/linux/dev_energymodel.h
  HDRINST usr/include/misc/uacce/uacce.h
  HDRINST usr/include/misc/uacce/hisi_qm.h
  HDRINST usr/include/linux/mmtimer.h
  HDRINST usr/include/misc/amd-apml.h
  HDRINST usr/include/misc/fastrpc.h
  HDRINST usr/include/misc/ocxl.h
  HDRINST usr/include/misc/pvpanic.h
  HDRINST usr/include/misc/mrvl_cn10k_dpi.h
  HDRINST usr/include/mtd/nftl-user.h
  HDRINST usr/include/misc/xilinx_sdfec.h
  HDRINST usr/include/mtd/mtd-abi.h
  HDRINST usr/include/mtd/inftl-user.h
  HDRINST usr/include/mtd/mtd-user.h
  HDRINST usr/include/mtd/ubi-user.h
  HDRINST usr/include/rdma/ib_user_verbs.h
  HDRINST usr/include/rdma/ocrdma-abi.h
  HDRINST usr/include/rdma/efa-abi.h
  HDRINST usr/include/rdma/mthca-abi.h
  HDRINST usr/include/rdma/rdma_user_rxe.h
  HDRINST usr/include/rdma/rdma_user_ioctl_cmds.h
  HDRINST usr/include/rdma/ionic-abi.h
  HDRINST usr/include/rdma/mlx5_user_ioctl_cmds.h
  HDRINST usr/include/rdma/rdma_user_ioctl.h
  HDRINST usr/include/rdma/rvt-abi.h
  HDRINST usr/include/rdma/bnxt_re-abi.h
  HDRINST usr/include/rdma/siw-abi.h
  HDRINST usr/include/rdma/mana-abi.h
  HDRINST usr/include/rdma/mlx4-abi.h
  HDRINST usr/include/rdma/rdma_netlink.h
  HDRINST usr/include/rdma/ib_user_ioctl_verbs.h
  HDRINST usr/include/rdma/mlx5-abi.h
  HDRINST usr/include/rdma/rdma_user_cm.h
  HDRINST usr/include/rdma/cxgb4-abi.h
  HDRINST usr/include/rdma/ib_user_ioctl_cmds.h
  HDRINST usr/include/rdma/irdma-abi.h
  HDRINST usr/include/rdma/mlx5_user_ioctl_verbs.h
  HDRINST usr/include/rdma/hfi/hfi1_user.h
  HDRINST usr/include/rdma/hfi/hfi1_ioctl.h
  HDRINST usr/include/rdma/ib_user_sa.h
  HDRINST usr/include/rdma/ib_user_mad.h
  HDRINST usr/include/rdma/qedr-abi.h
  HDRINST usr/include/rdma/vmw_pvrdma-abi.h
  HDRINST usr/include/rdma/erdma-abi.h
  HDRINST usr/include/rdma/hns-abi.h
  HDRINST usr/include/regulator/regulator.h
  HDRINST usr/include/scsi/scsi_netlink.h
  HDRINST usr/include/scsi/scsi_bsg_mpi3mr.h
  HDRINST usr/include/scsi/fc/fc_gs.h
  HDRINST usr/include/scsi/fc/fc_fs.h
  HDRINST usr/include/scsi/fc/fc_ns.h
  HDRINST usr/include/scsi/fc/fc_els.h
  HDRINST usr/include/scsi/scsi_bsg_ufs.h
  HDRINST usr/include/scsi/scsi_bsg_fc.h
  HDRINST usr/include/scsi/scsi_netlink_fc.h
  HDRINST usr/include/sound/emu10k1.h
  HDRINST usr/include/sound/snd_sst_tokens.h
  HDRINST usr/include/sound/asequencer.h
  HDRINST usr/include/sound/intel/avs/tokens.h
  HDRINST usr/include/sound/sb16_csp.h
  HDRINST usr/include/sound/asoc.h
  HDRINST usr/include/sound/snd_ar_tokens.h
  HDRINST usr/include/sound/compress_params.h
  HDRINST usr/include/sound/tlv.h
  HDRINST usr/include/sound/sof/header.h
  HDRINST usr/include/sound/sof/abi.h
  HDRINST usr/include/sound/sof/tokens.h
  HDRINST usr/include/sound/sof/fw.h
  HDRINST usr/include/sound/hdspm.h
  HDRINST usr/include/sound/usb_stream.h
  HDRINST usr/include/sound/asound.h
  HDRINST usr/include/sound/firewire.h
  HDRINST usr/include/sound/asound_fm.h
  HDRINST usr/include/sound/compress_offload.h
  HDRINST usr/include/sound/sfnt_info.h
  HDRINST usr/include/sound/scarlett2.h
  HDRINST usr/include/sound/hdsp.h
  HDRINST usr/include/sound/fcp.h
  HDRINST usr/include/video/sisfb.h
  HDRINST usr/include/sound/skl-tplg-interface.h
  HDRINST usr/include/video/uvesafb.h
  HDRINST usr/include/video/edid.h
  HDRINST usr/include/xen/privcmd.h
  HDRINST usr/include/xen/gntalloc.h
  HDRINST usr/include/xen/gntdev.h
  HDRINST usr/include/xen/evtchn.h
  HDRINST usr/include/linux/version.h
  HDRINST usr/include/asm/hw_breakpoint.h
  HDRINST usr/include/asm/amd_hsmp.h
  HDRINST usr/include/asm/vm86.h
  HDRINST usr/include/asm/e820.h
  HDRINST usr/include/asm/posix_types_64.h
  HDRINST usr/include/asm/a.out.h
  HDRINST usr/include/asm/ptrace-abi.h
  HDRINST usr/include/asm/debugreg.h
  HDRINST usr/include/asm/ldt.h
  HDRINST usr/include/asm/unistd.h
  HDRINST usr/include/asm/elf.h
  HDRINST usr/include/asm/stat.h
  HDRINST usr/include/asm/setup.h
  HDRINST usr/include/asm/msgbuf.h
  HDRINST usr/include/asm/mman.h
  HDRINST usr/include/asm/bitsperlong.h
  HDRINST usr/include/asm/swab.h
  HDRINST usr/include/asm/posix_types.h
  HDRINST usr/include/asm/processor-flags.h
  HDRINST usr/include/asm/ptrace.h
  HDRINST usr/include/asm/sigcontext32.h
  HDRINST usr/include/asm/bootparam.h
  HDRINST usr/include/asm/kvm_para.h
  HDRINST usr/include/asm/kvm_perf.h
  HDRINST usr/include/asm/hwcap2.h
  HDRINST usr/include/asm/shmbuf.h
  HDRINST usr/include/asm/signal.h
  HDRINST usr/include/asm/sembuf.h
  HDRINST usr/include/asm/prctl.h
  HDRINST usr/include/asm/msr.h
  HDRINST usr/include/asm/perf_regs.h
  HDRINST usr/include/asm/sigcontext.h
  HDRINST usr/include/asm/auxvec.h
  HDRINST usr/include/asm/boot.h
  HDRINST usr/include/asm/siginfo.h
  HDRINST usr/include/asm/setup_data.h
  HDRINST usr/include/asm/vsyscall.h
  HDRINST usr/include/asm/mce.h
  HDRINST usr/include/asm/svm.h
  HDRINST usr/include/asm/ucontext.h
  HDRINST usr/include/asm/sgx.h
  HDRINST usr/include/asm/posix_types_32.h
  HDRINST usr/include/asm/vmx.h
  HDRINST usr/include/asm/kvm.h
  HDRINST usr/include/asm/byteorder.h
  HDRINST usr/include/asm/statfs.h
  HDRINST usr/include/asm/posix_types_x32.h
  HDRINST usr/include/asm/ist.h
  HDRINST usr/include/asm/mtrr.h
  HDRINST usr/include/asm/socket.h
  HDRINST usr/include/asm/errno.h
  HDRINST usr/include/asm/param.h
  HDRINST usr/include/asm/fcntl.h
  HDRINST usr/include/asm/resource.h
  HDRINST usr/include/asm/termios.h
  HDRINST usr/include/asm/sockios.h
  HDRINST usr/include/asm/termbits.h
  HDRINST usr/include/asm/ipcbuf.h
  HDRINST usr/include/asm/unistd_64.h
  HDRINST usr/include/asm/types.h
  HDRINST usr/include/asm/unistd_x32.h
  HDRINST usr/include/asm/ioctls.h
  HDRINST usr/include/asm/poll.h
  HDRINST usr/include/asm/bpf_perf_event.h
  HDRINST usr/include/asm/ioctl.h
  HDRINST usr/include/asm/unistd_32.h
  TOUCH   include/generated/gcc-plugins.h
  CC      scripts/mod/empty.o
  HOSTCC  scripts/mod/mk_elfconfig
  CC      scripts/mod/devicetable-offsets.s
  MKELF   scripts/mod/elfconfig.h
  HOSTCC  scripts/mod/modpost.o
  HOSTCC  scripts/mod/sumversion.o
  HOSTCC  scripts/mod/symsearch.o
  UPD     scripts/mod/devicetable-offsets.h
  HOSTCC  scripts/mod/file2alias.o
  HOSTLD  scripts/mod/modpost
  CC      kernel/bounds.s
  CHKSHA1 /home/benni/git/linux/include/linux/atomic/atomic-arch-fallback.h
  CHKSHA1 /home/benni/git/linux/include/linux/atomic/atomic-instrumented.h
  CHKSHA1 /home/benni/git/linux/include/linux/atomic/atomic-long.h
  UPD     include/generated/timeconst.h
  UPD     include/generated/bounds.h
  CC      arch/x86/kernel/asm-offsets.s
  UPD     include/generated/asm-offsets.h
  CC      kernel/sched/rq-offsets.s
  UPD     include/generated/rq-offsets.h
  CALL    /home/benni/git/linux/scripts/checksyscalls.sh 
  HOSTCC  usr/gen_init_cpio
  CC      init/main.o
  CC      init/do_mounts.o
  AR      certs/built-in.a
  UPD     init/utsversion-tmp.h
  CC      mm/filemap.o
  CC      security/commoncap.o
  CC      ipc/util.o
  CC      fs/open.o
  AR      arch/x86/boot/startup/lib.a
  AS      arch/x86/lib/atomic64_cx8_32.o
  CC      fs/read_write.o
  AS      arch/x86/entry/entry.o
  CC      lib/argv_split.o
  CC      arch/x86/events/core.o
  CC      fs/file_table.o
  AR      arch/x86/boot/startup/built-in.a
  CC      ipc/msgutil.o
  AS      arch/x86/lib/checksum_32.o
  CC      kernel/fork.o
  AS      arch/x86/entry/entry_32.o
  CC      crypto/api.o
  CC      arch/x86/lib/cmdline.o
  CC      arch/x86/entry/syscall_32.o
  GEN     usr/initramfs_data.cpio
  AS      arch/x86/lib/cmpxchg8b_emu.o
  COPY    usr/initramfs_inc_data
  AS      usr/initramfs_data.o
  CC      arch/x86/lib/cpu.o
  AR      usr/built-in.a
  CC      arch/x86/lib/delay.o
  CC      lib/buildid.o
  CC      crypto/cipher.o
  AS      arch/x86/lib/getuser.o
  GEN     arch/x86/lib/inat-tables.c
  CC      arch/x86/lib/insn-eval.o
  CC      fs/super.o
  CC      init/do_mounts_initrd.o
  CC      kernel/exec_domain.o
  CC      ipc/msg.o
  CC      lib/clz_tab.o
  CC      security/min_addr.o
  CC      lib/cmdline.o
  CC      arch/x86/realmode/init.o
  AS      arch/x86/realmode/rm/header.o
  CC      crypto/crypto_engine.o
  CC      arch/x86/lib/insn.o
  CC      arch/x86/entry/common.o
  AS      arch/x86/realmode/rm/trampoline_32.o
  CC      lib/ctype.o
  AS      arch/x86/realmode/rm/stack.o
  CC      lib/dec_and_lock.o
  AS      arch/x86/realmode/rm/reboot.o
  CC      arch/x86/events/probe.o
  PASYMS  arch/x86/realmode/rm/pasyms.h
  CC      init/initramfs.o
  LDS     arch/x86/realmode/rm/realmode.lds
  LD      arch/x86/realmode/rm/realmode.elf
  RELOCS  arch/x86/realmode/rm/realmode.relocs
  OBJCOPY arch/x86/realmode/rm/realmode.bin
  CC      mm/mempool.o
  CC      security/device_cgroup.o
  CC      arch/x86/lib/kaslr.o
  CC      lib/decompress.o
  CC      lib/decompress_bunzip2.o
  CC      kernel/exec_state.o
  CC      lib/decompress_inflate.o
  CC      arch/x86/events/utils.o
  AS      arch/x86/realmode/rmpiggy.o
  CC      arch/x86/lib/memcpy_32.o
  AR      arch/x86/realmode/built-in.a
  AS      arch/x86/kernel/head_32.o
  AR      drivers/cache/built-in.a
  CC      drivers/irqchip/irqchip.o
  AS      arch/x86/lib/memmove_32.o
  CC      arch/x86/kernel/head32.o
  CC      arch/x86/lib/misc.o
  CC      crypto/fips.o
  CC      fs/char_dev.o
  CC      arch/x86/entry/vdso/vma.o
  CC      arch/x86/lib/pc-conf-reg.o
  CC      arch/x86/mm/init.o
  CC      ipc/sem.o
  AS      arch/x86/lib/putuser.o
  CC      kernel/panic.o
  CC      arch/x86/entry/vdso/extable.o
  AS      arch/x86/lib/retpoline.o
  CC      arch/x86/entry/vdso/vdso32-setup.o
  CC      mm/oom_kill.o
  CC      lib/decompress_unlz4.o
  CC      crypto/algapi.o
  CC      arch/x86/lib/string_32.o
  CC      init/calibrate.o
  CC      arch/x86/lib/strstr_32.o
  CC      drivers/irqchip/irq-msi-lib.o
  CC      arch/x86/kernel/ebda.o
  CC      arch/x86/lib/usercopy.o
  CC      arch/x86/events/amd/ibs.o
  AS      arch/x86/crypto/serpent-sse2-i586-asm_32.o
  AR      security/built-in.a
  CC      arch/x86/crypto/serpent_sse2_glue.o
  CC      init/init_task.o
  AR      arch/x86/entry/vsyscall/built-in.a
  CC      arch/x86/mm/init_32.o
  CC      lib/decompress_unlzma.o
  CC      fs/stat.o
  CC      drivers/bus/arm-integrator-lm.o
  CC      arch/x86/lib/usercopy_32.o
  CC      drivers/irqchip/irq-renesas-rza1.o
  CC      arch/x86/kernel/platform-quirks.o
  CC      arch/x86/lib/msr.o
  CC      kernel/cpu.o
  LDS     arch/x86/entry/vdso/vdso32/vdso32.lds
  AS      arch/x86/entry/vdso/vdso32/note.o
  CC      arch/x86/entry/vdso/vdso32/vclock_gettime.o
  AS      arch/x86/crypto/aesni-intel_asm.o
  CC      arch/x86/crypto/aesni-intel_glue.o
  CC      lib/decompress_unlzo.o
  CC      drivers/bus/hisi_lpc.o
  AR      arch/x86/events/amd/built-in.a
  CC      arch/x86/events/msr.o
  CC      init/version.o
  CC      kernel/exit.o
  CC      ipc/shm.o
  CC      arch/x86/kernel/process_32.o
  CC      drivers/irqchip/irq-renesas-rzg2l.o
  CC      crypto/scatterwalk.o
  CC      arch/x86/mm/fault.o
  CC      arch/x86/entry/vdso/vdso32/vgetcpu.o
  AS      arch/x86/entry/vdso/vdso32/system_call.o
  CC      mm/fadvise.o
  CC      lib/decompress_unxz.o
  AS      arch/x86/entry/vdso/vdso32/sigreturn.o
  VDSO    arch/x86/entry/vdso/vdso32/vdso32.so.dbg
  CC      fs/exec.o
  OBJCOPY arch/x86/entry/vdso/vdso32/vdso32.so
  VDSO2C  arch/x86/entry/vdso/vdso32/vdso32-image.c
  CC      arch/x86/entry/vdso/vdso32/vdso32-image.o
  AS      arch/x86/lib/msr-reg.o
  AR      arch/x86/crypto/built-in.a
  AS      arch/x86/entry/thunk.o
  CC      arch/x86/lib/msr-reg-export.o
  AR      init/built-in.a
  CC      ipc/syscall.o
  CC      arch/x86/events/zhaoxin/core.o
  CC      drivers/phy/phy-common-props.o
  AR      arch/x86/entry/vdso/vdso32/built-in.a
  CC      crypto/aead.o
  CC      drivers/bus/fsl-mc/fsl-mc-bus.o
  AR      arch/x86/entry/vdso/built-in.a
  AR      arch/x86/entry/built-in.a
  CC      arch/x86/platform/atom/punit_atom_debug.o
  CC      drivers/irqchip/irq-renesas-rzv2h.o
  CC      drivers/bus/fsl-mc/mc-sys.o
  AS      arch/x86/lib/hweight.o
  CC      lib/dump_stack.o
  CC      arch/x86/lib/iomem.o
  CC      arch/x86/kernel/signal.o
  CC      drivers/phy/phy-core.o
  CC      arch/x86/mm/ioremap.o
  CC      mm/maccess.o
  AR      arch/x86/platform/ce4100/built-in.a
  CC      arch/x86/lib/atomic64_32.o
  CC      fs/pipe.o
  CC      arch/x86/platform/efi/memmap.o
  CC      ipc/mqueue.o
  AR      arch/x86/platform/atom/built-in.a
  CC      arch/x86/lib/inat.o
  AR      sound/built-in.a
  CC      arch/x86/platform/efi/quirks.o
  AR      arch/x86/events/zhaoxin/built-in.a
  CC      kernel/softirq.o
  AR      arch/x86/events/built-in.a
  AR      arch/x86/lib/built-in.a
  CC      crypto/geniv.o
  AR      arch/x86/lib/lib.a
  CC      lib/earlycpio.o
  CC      arch/x86/platform/efi/efi.o
  CC      drivers/irqchip/irq-ts4800.o
  CC      drivers/bus/fsl-mc/mc-io.o
  CC      drivers/bus/simple-pm-bus.o
  CC      lib/extable.o
  CC      arch/x86/kernel/signal_32.o
  CC      arch/x86/kernel/traps.o
  CC      mm/page-writeback.o
  CC      arch/x86/mm/extable.o
  CC      ipc/namespace.o
  CC      drivers/phy/phy-core-mipi-dphy.o
  CC      drivers/bus/fsl-mc/dpbp.o
  CC      arch/x86/kernel/idt.o
  CC      lib/fdt.o
  CC      mm/folio-compat.o
  CC      drivers/irqchip/irq-xilinx-intc.o
  CC      lib/fdt_addresses.o
  CC      arch/x86/platform/efi/efi_32.o
  CC      lib/fdt_empty_tree.o
  CC      crypto/lskcipher.o
  CC      fs/namei.o
  CC      lib/fdt_ro.o
  CC      drivers/bus/fsl-mc/dpcon.o
  CC      crypto/skcipher.o
  CC      kernel/resource.o
  CC      drivers/pinctrl/core.o
  AR      ipc/built-in.a
  CC      drivers/phy/phy-airoha-pcie.o
  CC      net/devres.o
  CC      arch/x86/mm/mmap.o
  CC      lib/fdt_rw.o
  CC      drivers/phy/phy-econet-pcie.o
  CC      drivers/irqchip/irq-bcm7038-l1.o
  CC      arch/x86/kernel/irq.o
  CC      drivers/bus/fsl-mc/dprc.o
  CC      drivers/bus/mhi/host/init.o
  AS      arch/x86/platform/efi/efi_stub_32.o
  CC      lib/fdt_strerror.o
  CC      arch/x86/platform/efi/runtime-map.o
  CC      lib/fdt_sw.o
  CC      drivers/bus/mhi/ep/main.o
  CC      lib/fdt_wip.o
  CC      mm/readahead.o
  CC      arch/x86/mm/pgtable.o
  CC      drivers/irqchip/irq-bcm7120-l2.o
  CC      lib/flex_proportions.o
  CC      drivers/bus/fsl-mc/dprc-driver.o
  AR      arch/x86/platform/geode/built-in.a
  CC      crypto/bpf_crypto_skcipher.o
  CC      drivers/bus/mhi/ep/mmio.o
  CC      net/socket.o
  CC      kernel/sysctl.o
  CC      drivers/pinctrl/pinctrl-utils.o
  AR      arch/x86/platform/efi/built-in.a
  CC      arch/x86/platform/iris/iris.o
  CC      lib/idr.o
  CC      crypto/echainiv.o
  CC      drivers/bus/fsl-mc/fsl-mc-allocator.o
  CC      drivers/irqchip/irq-brcmstb-l2.o
  CC      drivers/pinctrl/pinmux.o
  CC      arch/x86/kernel/irq_32.o
  AR      arch/x86/platform/iris/built-in.a
  CC      arch/x86/mm/physaddr.o
  CC      arch/x86/platform/intel/iosf_mbi.o
  CC      net/core/sock.o
  CC      lib/iomem_copy.o
  CC      kernel/capability.o
  CC      drivers/bus/mhi/ep/ring.o
  CC      drivers/bus/mhi/host/main.o
  CC      lib/irq_regs.o
  CC      mm/swap.o
  CC      crypto/ahash.o
  CC      drivers/bus/fsl-mc/fsl-mc-msi.o
  CC      drivers/irqchip/irq-ingenic-tcu.o
  CC      lib/is_single_threaded.o
  CC      arch/x86/mm/tlb.o
  CC      arch/x86/kernel/dumpstack_32.o
  CC      drivers/phy/phy-eyeq5-eth.o
  AR      arch/x86/platform/intel/built-in.a
  CC      drivers/pinctrl/pinconf.o
  CC      fs/fcntl.o
  AR      arch/x86/platform/intel-mid/built-in.a
  AR      arch/x86/platform/intel-quark/built-in.a
  AR      arch/x86/platform/olpc/built-in.a
  AR      arch/x86/platform/scx200/built-in.a
  AR      arch/x86/platform/ts5500/built-in.a
  AR      arch/x86/platform/uv/built-in.a
  AR      arch/x86/platform/built-in.a
  CC      drivers/pinctrl/pinconf-generic.o
  CC      drivers/bus/mhi/ep/sm.o
  CC      lib/klist.o
  CC      drivers/bus/fsl-mc/dpmcp.o
  CC      kernel/ptrace.o
  CC      drivers/irqchip/irq-pic32-evic.o
  CC      arch/x86/kernel/time.o
  CC      arch/x86/mm/cpu_entry_area.o
  CC      lib/kobject.o
  CC      virt/lib/irqbypass.o
  CC      drivers/bus/fsl-mc/obj-api.o
  CC      crypto/shash.o
  CC      drivers/phy/phy-lpc18xx-usb-otg.o
  CC      drivers/pinctrl/pinctrl-generic.o
  CC      drivers/bus/mhi/host/pm.o
  CC      drivers/gpio/gpiolib.o
  AR      drivers/bus/mhi/ep/built-in.a
  CC      arch/x86/kernel/ioport.o
  AR      drivers/pwm/built-in.a
  CC      fs/ioctl.o
  CC      crypto/akcipher.o
  CC      mm/truncate.o
  CC      drivers/irqchip/irq-ast2700.o
  CC      arch/x86/mm/maccess.o
  AR      virt/lib/built-in.a
  CC      drivers/bus/fsl-mc/fsl-mc-uapi.o
  AR      virt/built-in.a
  CC      lib/kobject_uevent.o
  CC      arch/x86/mm/pgprot.o
  CC      drivers/pinctrl/devicetree.o
  CC      drivers/irqchip/irq-ast2700-intc0.o
  CC      net/llc/llc_core.o
  CC      drivers/phy/phy-nxp-ptn3222.o
  CC      kernel/user.o
  CC      arch/x86/kernel/dumpstack.o
  CC      arch/x86/mm/pat/set_memory.o
  CC      arch/x86/mm/pat/memtype.o
  CC      drivers/pinctrl/pinctrl-amd.o
  CC      crypto/sig.o
  AR      drivers/bus/fsl-mc/built-in.a
  CC      net/core/skbuff.o
  CC      drivers/pinctrl/pinctrl-amdisp.o
  CC      drivers/bus/mhi/host/boot.o
  CC      fs/readdir.o
  CC      drivers/irqchip/irq-ast2700-intc1.o
  CC      mm/vmscan.o
  CC      kernel/signal.o
  CC      drivers/phy/phy-nxp-tja1145.o
  CC      lib/logic_pio.o
  CC      arch/x86/kernel/nmi.o
  CC      net/llc/llc_input.o
  CC      drivers/phy/phy-pistachio-usb.o
  CC      crypto/kpp.o
  CC      drivers/bus/mhi/host/debugfs.o
  CC      drivers/gpio/gpiolib-devres.o
  CC      drivers/irqchip/irq-stm32mp-exti.o
  CC      drivers/pinctrl/pinctrl-as3722.o
  CC      lib/maple_tree.o
  AR      arch/x86/mm/pat/built-in.a
  CC      fs/select.o
  CC      arch/x86/mm/pgtable_32.o
  CC      lib/memcat_p.o
  AR      arch/x86/net/built-in.a
  CC      drivers/leds/led-core.o
  CC      drivers/phy/phy-snps-eusb2.o
  CC      arch/x86/kernel/ldt.o
  CC      crypto/dh.o
  CC      net/llc/llc_output.o
  CC      drivers/gpio/gpiolib-legacy.o
  CC      net/llc/llc_if.o
  CC      drivers/pinctrl/pinctrl-at91.o
  CC      drivers/irqchip/irq-meson-gpio.o
  CC      drivers/bus/mhi/host/pci_generic.o
  CC      arch/x86/mm/iomap_32.o
  CC      drivers/leds/led-class.o
  CC      drivers/gpio/gpiolib-of.o
  CC      crypto/dh_helper.o
  CC      kernel/sys.o
  CC      drivers/irqchip/irq-starfive-jhb100-intc.o
  CC      drivers/phy/phy-xgene.o
  CC      arch/x86/mm/hugetlbpage.o
  CC      arch/x86/kernel/setup.o
  CC      drivers/pci/access.o
  ASN.1   crypto/rsapubkey.asn1.[ch]
  ASN.1   crypto/rsaprivkey.asn1.[ch]
  CC      crypto/rsa.o
  AR      drivers/bus/mhi/host/built-in.a
  CC      net/llc/llc_c_ev.o
  CC      drivers/leds/led-class-flash.o
  AR      drivers/bus/mhi/built-in.a
  CC      fs/dcache.o
  AR      drivers/bus/built-in.a
  CC      drivers/pinctrl/pinctrl-aw9523.o
  CC      drivers/irqchip/irq-imx-irqsteer.o
  CC      drivers/gpio/gpiolib-cdev.o
  CC      mm/shrinker.o
  CC      arch/x86/mm/kmmio.o
  CC      net/core/datagram.o
  CC      crypto/rsa_helper.o
  CC      drivers/leds/led-class-multicolor.o
  CC      drivers/pci/bus.o
  CC      drivers/phy/allwinner/phy-sun6i-mipi-dphy.o
  CC      drivers/irqchip/irq-imx-intmux.o
  CC      arch/x86/kernel/x86_init.o
  CC      crypto/rsa-pkcs1pad.o
  CC      drivers/pinctrl/pinctrl-axp209.o
  CC      arch/x86/mm/pf_in.o
  CC      net/llc/llc_c_ac.o
  CC      drivers/phy/amlogic/phy-meson-g12a-usb2.o
  CC      drivers/leds/led-triggers.o
  CC      lib/nmi_backtrace.o
  CC      drivers/irqchip/irq-madera.o
  CC      kernel/umh.o
  CC      mm/shmem.o
  CC      drivers/pci/probe.o
  CC      drivers/phy/allwinner/phy-sun50i-usb3.o
  CC      arch/x86/kernel/i8259.o
  CC      drivers/pinctrl/pinctrl-da850-pupd.o
  CC      arch/x86/mm/mmio-mod.o
  CC      crypto/rsassa-pkcs1.o
  CC      drivers/gpio/gpiolib-sysfs.o
  CC      fs/inode.o
  CC      lib/objpool.o
  CC      drivers/leds/leds-88pm860x.o
  CC      drivers/irqchip/irq-sl28cpld.o
  CC      drivers/pinctrl/pinctrl-da9062.o
  CC      drivers/phy/amlogic/phy-meson-g12a-usb3-pcie.o
  CC      net/core/stream.o
  CC      arch/x86/kernel/irqinit.o
  AR      drivers/phy/allwinner/built-in.a
  CC      kernel/workqueue.o
  CC      arch/x86/pci/i386.o
  CC      lib/plist.o
  CC      arch/x86/mm/pti.o
  CC      net/llc/llc_conn.o
  CC      crypto/ecdsa.o
  CC      lib/radix-tree.o
  CC      drivers/gpio/gpiolib-acpi-core.o
  CC      drivers/irqchip/irq-mchp-eic.o
  CC      drivers/pinctrl/pinctrl-equilibrium.o
  CC      drivers/leds/leds-acer-a500.o
  CC      drivers/pci/host-bridge.o
  ASN.1   crypto/ecdsasignature.asn1.[ch]
  CC      crypto/ecdsa-p1363.o
  CC      drivers/phy/amlogic/phy-meson-g12a-mipi-dphy-analog.o
  CC      arch/x86/pci/init.o
  AR      arch/x86/mm/built-in.a
  CC      crypto/ecdsasignature.asn1.o
  CC      arch/x86/kernel/jump_label.o
  AR      drivers/irqchip/built-in.a
  CC      drivers/rapidio/rio.o
  CC      net/core/scm.o
  CC      net/ethernet/eth.o
  CC      lib/ratelimit.o
  CC      drivers/leds/leds-adp5520.o
  CC      drivers/gpio/gpiolib-acpi-quirks.o
  CC      crypto/mldsa.o
  CC      drivers/pinctrl/pinctrl-generic-mux.o
  CC      lib/rbtree.o
  CC      arch/x86/kernel/irq_work.o
  CC      net/llc/llc_c_st.o
  CC      mm/util.o
  CC      drivers/pci/remove.o
  CC      arch/x86/pci/mmconfig_32.o
  CC      fs/attr.o
  AR      drivers/phy/amlogic/built-in.a
  CC      drivers/leds/leds-an30259a.o
  AR      drivers/phy/apple/built-in.a
  CC      drivers/gpio/gpiolib-swnode.o
  CC      drivers/phy/axiado/phy-axiado-emmc.o
  CC      crypto/acompress.o
  CC      lib/seq_buf.o
  CC      drivers/pinctrl/pinctrl-ingenic.o
  CC      drivers/rapidio/rio-access.o
  CC      arch/x86/pci/direct.o
  CC      drivers/pci/pci.o
  CC      arch/x86/kernel/probe_roms.o
  CC      net/core/gen_stats.o
  CC      drivers/gpio/gpiolib-shared.o
  CC      drivers/rapidio/rio-driver.o
  AR      net/ethernet/built-in.a
  CC      arch/x86/kernel/sys_ia32.o
  CC      fs/bad_inode.o
  CC      lib/siphash.o
  CC      net/llc/llc_pdu.o
  CC      drivers/leds/leds-ariel.o
  AR      drivers/phy/axiado/built-in.a
  CC      drivers/phy/broadcom/phy-bcm63xx-usbh.o
  CC      mm/mmzone.o
  CC      crypto/scompress.o
  CC      kernel/pid.o
  CC      drivers/pinctrl/pinctrl-k230.o
  CC      drivers/rapidio/rio-sysfs.o
  CC      lib/string.o
  CC      arch/x86/pci/mmconfig-shared.o
  CC      drivers/leds/leds-as3668.o
  CC      drivers/leds/leds-aw200xx.o
  CC      fs/file.o
  CC      drivers/gpio/gpio-regmap.o
  CC      lib/sys_info.o
  CC      arch/x86/kernel/ksysfs.o
  CC      mm/vmstat.o
  CC      drivers/phy/broadcom/phy-bcm-ns-usb2.o
  CC      net/core/gen_estimator.o
  CC      net/llc/llc_sap.o
  CC      drivers/rapidio/rio-scan.o
  CC      drivers/pinctrl/pinctrl-max7360.o
  CC      drivers/gpio/gpio-mmio.o
  CC      crypto/algboss.o
  CC      lib/timerqueue.o
  CC      drivers/phy/cadence/phy-cadence-torrent.o
  CC      arch/x86/kernel/bootflag.o
  CC      arch/x86/pci/fixup.o
  CC      drivers/leds/leds-bcm6358.o
  CC      drivers/pinctrl/pinctrl-mcp23s08_i2c.o
  CC      kernel/task_work.o
  CC      drivers/phy/broadcom/phy-bcm-ns-usb3.o
  CC      mm/backing-dev.o
  CC      lib/vsprintf.o
  CC      drivers/rapidio/switches/idtcps.o
  CC      drivers/pci/pci-driver.o
  CC      net/core/net_namespace.o
  CC      drivers/leds/leds-bd2606mvv.o
  CC      fs/filesystems.o
  CC      arch/x86/kernel/e820.o
  CC      drivers/gpio/gpio-104-dio-48e.o
  CC      net/llc/llc_s_ac.o
  CC      drivers/rapidio/switches/idt_gen2.o
  CC      arch/x86/pci/acpi.o
  CC      crypto/testmgr.o
  CC      drivers/pinctrl/pinctrl-mcp23s08_spi.o
  CC      kernel/extable.o
  CC      drivers/phy/broadcom/phy-brcm-sata.o
  CC      drivers/gpio/gpio-104-idi-48.o
  CC      mm/mm_init.o
  CC      drivers/leds/leds-bd2802.o
  CC      drivers/rapidio/switches/idt_gen3.o
  CC      drivers/pci/search.o
  CC      fs/namespace.o
  CC      arch/x86/kernel/pci-dma.o
  CC      arch/x86/pci/legacy.o
  CC      net/llc/llc_s_ev.o
  CC      drivers/pinctrl/pinctrl-mcp23s08.o
  CC      drivers/gpio/gpio-104-idio-16.o
  AR      drivers/rapidio/switches/built-in.a
  CC      net/core/secure_seq.o
  AR      drivers/rapidio/devices/built-in.a
  AR      drivers/rapidio/built-in.a
  CC      kernel/params.o
  CC      fs/seq_file.o
  CC      drivers/phy/cadence/cdns-dphy.o
  CC      drivers/phy/broadcom/phy-brcm-usb.o
  CC      drivers/pci/rebar.o
  CC      lib/win_minmax.o
  CC      arch/x86/kernel/quirks.o
  CC      drivers/gpio/gpio-74x164.o
  CC      arch/x86/pci/irq.o
  CC      drivers/leds/leds-cobalt-qube.o
  CC      net/core/flow_dissector.o
  CC      mm/percpu.o
  CC      drivers/pinctrl/pinctrl-microchip-sgpio.o
  CC      lib/xarray.o
  CC      net/llc/llc_s_st.o
  AR      drivers/phy/canaan/built-in.a
  CC      crypto/crypto_user.o
  CC      drivers/phy/broadcom/phy-brcm-usb-init.o
  CC      drivers/leds/leds-cobalt-raq.o
  CC      net/core/dev.o
  CC      arch/x86/kernel/kdebugfs.o
  CC      kernel/kthread.o
  CC      drivers/phy/cadence/cdns-dphy-rx.o
  CC      drivers/pci/rom.o
  CC      drivers/gpio/gpio-74xx-mmio.o
  CC      drivers/phy/broadcom/phy-brcm-usb-init-synopsys.o
  CC      drivers/leds/leds-cpcap.o
  CC      arch/x86/pci/common.o
  CC      arch/x86/kernel/alternative.o
  CC      drivers/pinctrl/pinctrl-mlxbf3.o
  CC      drivers/gpio/gpio-adp5585.o
  CC      drivers/phy/broadcom/phy-bcm-sr-pcie.o
  CC      net/llc/af_llc.o
  CC      drivers/pci/setup-res.o
  CC      lib/lockref.o
  CC      drivers/phy/cadence/phy-cadence-sierra.o
  CC      drivers/pinctrl/pinctrl-ocelot.o
  CC      crypto/cmac.o
  CC      lib/bcd.o
  CC      lib/sort.o
  CC      drivers/leds/leds-da903x.o
  CC      kernel/sys_ni.o
  CC      arch/x86/pci/early.o
  CC      fs/xattr.o
  CC      lib/parser.o
  CC      arch/x86/video/video-common.o
  CC      drivers/gpio/gpio-aggregator.o
  CC      mm/slab_common.o
  AR      drivers/phy/broadcom/built-in.a
  CC      kernel/nsproxy.o
  AR      drivers/phy/eswin/built-in.a
  CC      drivers/pci/irq.o
  CC      lib/debug_locks.o
  CC      drivers/leds/leds-da9052.o
  CC      crypto/hmac.o
  CC      arch/x86/kernel/i8253.o
  CC      arch/x86/kernel/hw_breakpoint.o
  CC      drivers/pinctrl/pinctrl-pic32.o
  CC      lib/random32.o
  CC      drivers/phy/cadence/phy-cadence-salvo.o
  CC      arch/x86/pci/bus_numa.o
  CC      drivers/leds/leds-gpio.o
  CC      net/llc/llc_station.o
  AR      arch/x86/video/built-in.a
  CC      lib/bust_spinlocks.o
  CC      net/802/psnap.o
  CC      drivers/pci/vpd.o
  AR      arch/x86/virt/svm/built-in.a
  AR      arch/x86/virt/vmx/built-in.a
  AR      arch/x86/virt/built-in.a
  CC      lib/kasprintf.o
  CC      drivers/gpio/gpio-amd8111.o
  CC      crypto/crypto_null.o
  CC      kernel/nstree.o
  CC      drivers/pinctrl/pinctrl-pistachio.o
  AR      drivers/phy/cadence/built-in.a
  CC      arch/x86/kernel/tsc.o
  CC      drivers/phy/freescale/phy-fsl-imx8qm-lvds-phy.o
  CC      drivers/leds/leds-is31fl319x.o
  CC      drivers/phy/freescale/phy-fsl-imx8m-pcie.o
  CC      arch/x86/pci/broadcom_bus.o
  CC      lib/bitmap.o
  CC      fs/libfs.o
  CC      drivers/pci/setup-bus.o
  CC      crypto/md4.o
  CC      drivers/gpio/gpio-amd-fch.o
  AR      net/llc/built-in.a
  CC      net/802/fddi.o
  CC      drivers/pci/vc.o
  CC      drivers/pinctrl/pinctrl-rk805.o
  CC      mm/compaction.o
  AR      arch/x86/pci/built-in.a
  CC      drivers/video/aperture.o
  CC      fs/fs-writeback.o
  CC      arch/x86/kernel/tsc_msr.o
  CC      lib/scatterlist.o
  CC      drivers/leds/leds-is31fl32xx.o
  CC      drivers/phy/freescale/phy-fsl-imx8qm-hsio.o
  CC      kernel/nscommon.o
  CC      crypto/md5.o
  CC      drivers/gpio/gpio-amdpt.o
  CC      mm/show_mem.o
  CC      arch/x86/kernel/io_delay.o
  CC      net/802/stp.o
  CC      kernel/notifier.o
  CC      drivers/pinctrl/pinctrl-rockchip.o
  CC      drivers/video/screen_info_generic.o
  CC      drivers/gpio/gpio-aspeed.o
  CC      drivers/pci/mmap.o
  CC      arch/x86/kernel/rtc.o
  CC      drivers/leds/leds-lm3530.o
  CC      crypto/rmd160.o
  CC      arch/x86/kernel/resource.o
  CC      drivers/phy/freescale/phy-fsl-lynx-core.o
  CC      drivers/video/screen_info_pci.o
  CC      lib/list_sort.o
  CC      drivers/phy/hisilicon/phy-hi6220-usb.o
  CC      lib/uuid.o
  CC      lib/iov_iter.o
  AR      drivers/phy/ingenic/built-in.a
  CC      net/core/dev_api.o
  CC      drivers/phy/hisilicon/phy-hi3660-usb3.o
  AS      arch/x86/kernel/irqflags.o
  CC      arch/x86/kernel/static_call.o
  CC      drivers/pci/devres.o
  AR      net/802/built-in.a
  CC      net/sched/sch_generic.o
  CC      kernel/ksysfs.o
  CC      drivers/leds/leds-lm3532.o
  CC      drivers/gpio/gpio-aspeed-sgpio.o
  CC      drivers/video/vgastate.o
  CC      crypto/sha1.o
  CC      net/sched/sch_mq.o
  CC      drivers/phy/freescale/phy-fsl-lynx-28g.o
  CC      arch/x86/kernel/process.o
  CC      drivers/pinctrl/pinctrl-single.o
  CC      drivers/phy/hisilicon/phy-hi3670-usb3.o
  CC      mm/interval_tree.o
  CC      net/core/dev_addr_lists.o
  CC      fs/pnode.o
  CC      kernel/cred.o
  CC      drivers/pci/msi/pcidev_msi.o
  CC      crypto/sha256.o
  CC      drivers/gpio/gpio-bcm-kona.o
  CC      drivers/leds/leds-lm355x.o
  CC      drivers/video/cmdline.o
  CC      fs/splice.o
  CC      drivers/leds/leds-lm36274.o
  CC      mm/list_lru.o
  CC      drivers/phy/hisilicon/phy-hi3670-pcie.o
  CC      drivers/pinctrl/pinctrl-th1520.o
  CC      drivers/pci/msi/api.o
  CC      lib/clz_ctz.o
  CC      arch/x86/kernel/fpu/init.o
  CC      crypto/sha512.o
  CC      lib/bsearch.o
  AR      drivers/phy/freescale/built-in.a
  CC      net/core/dst.o
  CC      drivers/gpio/gpio-xgs-iproc.o
  AR      net/sched/built-in.a
  CC      kernel/reboot.o
  CC      net/netlink/af_netlink.o
  CC      drivers/gpio/gpio-bd71815.o
  CC      drivers/video/nomodeset.o
  CC      drivers/leds/leds-lm3692x.o
  CC      arch/x86/kernel/fpu/bugs.o
  AR      drivers/idle/built-in.a
  CC      drivers/gpio/gpio-bd71828.o
  CC      arch/x86/kernel/fpu/core.o
  CC      drivers/pci/msi/msi.o
  CC      lib/find_bit.o
  CC      drivers/pinctrl/pinctrl-upboard.o
  CC      crypto/sha3.o
  CC      drivers/video/console/dummycon.o
  CC      drivers/phy/hisilicon/phy-histb-combphy.o
  CC      mm/workingset.o
  CC      lib/llist.o
  CC      crypto/sm3.o
  CC      fs/sync.o
  CC      lib/lwq.o
  CC      drivers/gpio/gpio-bd72720.o
  CC      drivers/leds/leds-lp50xx.o
  CC      kernel/async.o
  CC      drivers/pci/pcie/portdrv.o
  CC      net/core/netevent.o
  CC      drivers/pinctrl/pinctrl-zynq.o
  CC      drivers/video/console/vgacon.o
  CC      drivers/leds/leds-lp8860.o
  CC      lib/memweight.o
  CC      crypto/streebog_generic.o
  CC      drivers/phy/hisilicon/phy-hisi-inno-usb2.o
  CC      drivers/pci/msi/irqdomain.o
  CC      lib/kfifo.o
  CC      arch/x86/kernel/fpu/regset.o
  CC      kernel/range.o
  CC      mm/debug.o
  CC      drivers/gpio/gpio-blzp1600.o
  CC      fs/utimes.o
  AR      drivers/pinctrl/actions/built-in.a
  CC      kernel/smpboot.o
  CC      drivers/pinctrl/airoha/pinctrl-airoha.o
  CC      drivers/pci/pcie/rcec.o
  CC      net/core/neighbour.o
  CC      drivers/leds/leds-lp8864.o
  CC      drivers/pci/pcie/bwctrl.o
  CC      crypto/blake2b.o
  AR      drivers/video/console/built-in.a
  CC      drivers/video/logo/logo.o
  AR      drivers/pci/msi/built-in.a
  CC      arch/x86/kernel/fpu/signal.o
  AR      drivers/phy/hisilicon/built-in.a
  CC      drivers/phy/intel/phy-intel-keembay-emmc.o
  CC      net/netlink/genetlink.o
  CC      net/bpf/test_run.o
  CC      drivers/gpio/gpio-brcmstb.o
  CC      lib/percpu-refcount.o
  CC      kernel/ucount.o
  CC      mm/gup.o
  HOSTCC  drivers/video/logo/pnmtologo
  CC      fs/d_path.o
  CC      drivers/char/ipmi/kcs_bmc.o
  CC      crypto/ecb.o
  AR      drivers/pinctrl/airoha/built-in.a
  LOGO    drivers/video/logo/logo_linux_mono.c
  CC      drivers/video/logo/logo_linux_mono.o
  CC      drivers/pinctrl/aspeed/pinctrl-aspeed.o
  CC      drivers/pci/pcie/aspm.o
  AR      drivers/video/logo/built-in.a
  CC      drivers/video/backlight/lcd.o
  CC      drivers/leds/leds-mt6323.o
  CC      kernel/regset.o
  CC      lib/rhashtable.o
  CC      drivers/gpio/gpio-bt8xx.o
  CC      arch/x86/kernel/fpu/xstate.o
  CC      drivers/phy/intel/phy-intel-keembay-usb.o
  CC      drivers/char/ipmi/kcs_bmc_serio.o
  CC      crypto/cbc.o
  CC      kernel/ksyms_common.o
  CC      drivers/leds/leds-netxbig.o
  CC      drivers/video/backlight/ili922x.o
  CC      drivers/pinctrl/aspeed/pinmux-aspeed.o
  CC      fs/stack.o
  CC      drivers/char/ipmi/kcs_bmc_cdev_ipmi.o
  CC      crypto/cts.o
  CC      drivers/gpio/gpio-by-pinctrl.o
  CC      drivers/pinctrl/aspeed/pinctrl-aspeed-g5.o
  CC      net/netlink/policy.o
  CC      drivers/phy/intel/phy-intel-lgm-emmc.o
  AR      arch/x86/kernel/fpu/built-in.a
  CC      arch/x86/kernel/ptrace.o
  CC      drivers/pci/pcie/ptm.o
  CC      lib/base64.o
  CC      kernel/groups.o
  CC      drivers/leds/leds-nic78bx.o
  CC      fs/fs_struct.o
  CC      net/core/rtnetlink.o
  AR      net/bpf/built-in.a
  CC      lib/once.o
  CC      fs/statfs.o
  CC      drivers/video/backlight/ili9320.o
  CC      drivers/gpio/gpio-cadence.o
  CC      mm/mmap_lock.o
  CC      drivers/char/ipmi/kcs_bmc_aspeed.o
  CC      crypto/lrw.o
  CC      drivers/leds/leds-ns2.o
  CC      lib/refcount.o
  CC      drivers/pinctrl/aspeed/pinctrl-aspeed-g6.o
  AR      drivers/phy/intel/built-in.a
  CC      drivers/phy/lantiq/phy-lantiq-rcu-usb2.o
  CC      net/netlink/diag.o
  AR      drivers/pci/pcie/built-in.a
  CC      drivers/pci/pwrctrl/core.o
  CC      arch/x86/kernel/tls.o
  CC      drivers/phy/lantiq/phy-lantiq-vrx200-pcie.o
  CC      drivers/gpio/gpio-clps711x.o
  CC      lib/rcuref.o
  CC      drivers/video/backlight/lms283gf05.o
  CC      kernel/sched/core.o
  CC      drivers/char/ipmi/kcs_bmc_npcm7xx.o
  CC      drivers/leds/leds-ot200.o
  CC      fs/fs_pin.o
  CC      lib/usercopy.o
  CC      mm/vma_init.o
  CC      crypto/xts.o
  CC      drivers/pinctrl/aspeed/pinctrl-aspeed-g7-soc0.o
  CC      drivers/gpio/gpio-davinci.o
  CC      kernel/locking/mutex.o
  CC      drivers/leds/leds-pca9532.o
  CC      drivers/pci/pwrctrl/generic.o
  CC      lib/errseq.o
  CC      drivers/char/ipmi/ipmb_dev_int.o
  CC      drivers/video/backlight/lms501kf03.o
  CC      arch/x86/kernel/step.o
  AR      drivers/phy/lantiq/built-in.a
  CC      fs/nsfs.o
  CC      drivers/phy/marvell/phy-berlin-sata.o
  CC      lib/bucket_locks.o
  AR      net/netlink/built-in.a
  CC      drivers/char/ipmi/ssif_bmc.o
  CC      drivers/pinctrl/aspeed/pinctrl-aspeed-g7-soc1.o
  CC      crypto/ctr.o
  CC      mm/highmem.o
  CC      drivers/gpio/gpio-ds4520.o
  AR      drivers/pci/pwrctrl/built-in.a
  CC      drivers/pci/pci-sysfs.o
  CC      lib/generic-radix-tree.o
  CC      arch/x86/kernel/i8237.o
  CC      drivers/video/backlight/otm3225a.o
  CC      crypto/adiantum.o
  CC      net/ethtool/ioctl.o
  AR      drivers/pinctrl/aspeed/built-in.a
  CC      drivers/leds/leds-pca995x.o
  CC      drivers/phy/marvell/phy-mmp3-usb.o
  CC      drivers/pinctrl/bcm/pinctrl-bcm281xx.o
  CC      arch/x86/kernel/stacktrace.o
  AR      drivers/char/ipmi/built-in.a
  CC      lib/bitmap-str.o
  CC      arch/x86/kernel/cpu/cacheinfo.o
  CC      fs/fs_dirent.o
  CC      mm/memory.o
  CC      drivers/gpio/gpio-eic-sprd.o
  CC      kernel/locking/semaphore.o
  CC      net/core/utils.o
  CC      fs/fs_context.o
  CC      drivers/video/backlight/platform_lcd.o
  CC      drivers/phy/marvell/phy-mmp3-hsic.o
  CC      drivers/pinctrl/bcm/pinctrl-bcm2835.o
  CC      crypto/gcm.o
  CC      drivers/leds/leds-pm8058.o
  CC      kernel/locking/rwsem.o
  CC      lib/string_helpers.o
  CC      drivers/pci/slot.o
  CC      drivers/video/backlight/tdo24m.o
  CC      arch/x86/kernel/cpu/scattered.o
  CC      drivers/gpio/gpio-em.o
  CC      drivers/phy/marvell/phy-armada38x-comphy.o
  CC      drivers/leds/leds-regulator.o
  CC      net/ethtool/common.o
  CC      arch/x86/kernel/cpu/topology_common.o
  CC      fs/fs_parser.o
  CC      drivers/pinctrl/bcm/pinctrl-bcm4908.o
  CC      crypto/ccm.o
  CC      net/core/link_watch.o
  CC      kernel/locking/percpu-rwsem.o
  CC      lib/hexdump.o
  CC      drivers/gpio/gpio-ep93xx.o
  CC      drivers/video/backlight/vgg2432a4.o
  CC      drivers/pci/pci-acpi.o
  CC      lib/test_hexdump.o
  CC      arch/x86/kernel/cpu/topology_ext.o
  CC      drivers/leds/leds-sc27xx-bltc.o
  CC      drivers/phy/marvell/phy-pxa-28nm-hsic.o
  CC      drivers/pinctrl/bcm/pinctrl-bcm63xx.o
  CC      kernel/sched/fair.o
  CC      kernel/locking/mutex-debug.o
  CC      kernel/locking/lockdep.o
  CC      fs/fsopen.o
  CC      arch/x86/kernel/cpu/topology_amd.o
  CC      lib/kstrtox.o
  CC      drivers/gpio/gpio-f7188x.o
  CC      drivers/video/backlight/adp5520_bl.o
  CC      crypto/chacha20poly1305.o
  CC      drivers/pinctrl/bcm/pinctrl-bcm6358.o
  CC      drivers/leds/leds-st1202.o
  AR      net/ethtool/built-in.a
  CC      kernel/locking/rtmutex_api.o
  CC      drivers/phy/marvell/phy-pxa-28nm-usb2.o
  CC      drivers/pci/iomap.o
  CC      net/core/filter.o
  CC      arch/x86/kernel/cpu/cpuid_parser.o
  CC      lib/find_bit_benchmark.o
  CC      drivers/video/backlight/adp8860_bl.o
  CC      drivers/gpio/gpio-ftgpio010.o
  CC      lib/dhry_1.o
  CC      arch/x86/kernel/cpu/common.o
  CC      drivers/pinctrl/bcm/pinctrl-bcm6362.o
  CC      fs/init.o
  CC      crypto/cryptd.o
  CC      drivers/leds/leds-sun50i-a100.o
  CC      drivers/pinctrl/bcm/pinctrl-brcmstb.o
  CC      lib/dhry_2.o
  CC      drivers/pci/of.o
  CC      drivers/phy/marvell/phy-pxa-usb.o
  CC      lib/dhry_run.o
  CC      mm/mincore.o
  CC      drivers/pinctrl/berlin/berlin.o
  CC      drivers/gpio/gpio-ge.o
  CC      drivers/acpi/tables.o
  CC      kernel/locking/spinlock.o
  CC      drivers/video/backlight/apple_bl.o
  CC      lib/test_ida.o
  CC      drivers/pinctrl/bcm/pinctrl-brcmstb-bcm2712.o
  CC      fs/kernel_read_file.o
  CC      kernel/locking/spinlock_debug.o
  CC      drivers/pinctrl/berlin/berlin-bg4ct.o
  CC      crypto/des_generic.o
  CC      drivers/gpio/gpio-gpio-mm.o
  CC      drivers/leds/leds-ti-lmu-common.o
  AR      drivers/phy/marvell/built-in.a
  CC      drivers/phy/mediatek/phy-mtk-pcie.o
  CC      drivers/pci/quirks.o
  CC      arch/x86/kernel/cpu/rdrand.o
  CC      lib/test-kstrtox.o
  CC      drivers/pinctrl/bcm/pinctrl-iproc-gpio.o
  CC      drivers/acpi/osi.o
  CC      crypto/blowfish_generic.o
  CC      drivers/pinctrl/berlin/pinctrl-as370.o
  CC      arch/x86/kernel/cpu/match.o
  CC      mm/mlock.o
  CC      drivers/video/backlight/apple_dwi_bl.o
  CC      kernel/locking/test-ww_mutex.o
  CC      drivers/gpio/gpio-graniterapids.o
  CC      drivers/leds/leds-turris-omnia.o
  CC      fs/mnt_idmapping.o
  CC      kernel/sched/build_policy.o
  CC      arch/x86/kernel/cpu/bugs.o
  CC      lib/test_vmalloc.o
  AR      drivers/pinctrl/berlin/built-in.a
  CC      arch/x86/kernel/cpu/aperfmperf.o
  CC      drivers/phy/mediatek/phy-mtk-ufs.o
  CC      drivers/video/backlight/aw99706.o
  CC      drivers/acpi/osl.o
  CC      crypto/blowfish_common.o
  CC      drivers/pinctrl/bcm/pinctrl-cygnus-mux.o
  CC      drivers/gpio/gpio-grgpio.o
  AR      kernel/locking/built-in.a
  CC      kernel/power/qos.o
  CC      fs/remap_range.o
  CC      kernel/printk/printk.o
  CC      drivers/leds/leds-upboard.o
  CC      lib/test_rhashtable.o
  CC      drivers/phy/mediatek/phy-mtk-xsphy.o
  CC      mm/mmap.o
  CC      crypto/twofish_generic.o
  CC      drivers/gpio/gpio-hlwd.o
  CC      drivers/pinctrl/bcm/pinctrl-ns.o
  CC      drivers/video/backlight/backlight.o
  CC      drivers/leds/leds-wm8350.o
  CC      drivers/pci/ats.o
  CC      kernel/power/process.o
  CC      drivers/acpi/utils.o
  AR      drivers/pinctrl/bcm/built-in.a
  CC      fs/pidfs.o
  CC      drivers/pinctrl/cirrus/pinctrl-madera-core.o
  CC      crypto/twofish_common.o
  CC      drivers/video/backlight/da9052_bl.o
  CC      drivers/gpio/gpio-i8255.o
  CC      arch/x86/kernel/cpu/cpuid-deps.o
  CC      drivers/phy/mediatek/phy-mtk-xfi-tphy.o
  CC      drivers/leds/leds-expresswire.o
  CC      drivers/pci/iov.o
  CC      drivers/acpi/reboot.o
  CC      arch/x86/kernel/cpu/cpuid_0x2_table.o
  CC      drivers/gpio/gpio-idio-16.o
  CC      drivers/leds/leds-dac124s085.o
  CC      drivers/video/backlight/ktd253-backlight.o
  CC      crypto/serpent_generic.o
  CC      kernel/power/energy_model.o
  CC      mm/mmu_gather.o
  CC      net/core/sock_diag.o
  CC      drivers/pinctrl/cirrus/pinctrl-cs47l35.o
  CC      arch/x86/kernel/cpu/umwait.o
  CC      kernel/printk/printk_safe.o
  CC      lib/test_xarray.o
  CC      drivers/gpio/gpio-idt3243x.o
  CC      drivers/video/backlight/ktd2801-backlight.o
  CC      drivers/acpi/nvs.o
  CC      kernel/sched/build_utility.o
  CC      drivers/leds/leds-el15203000.o
  CC      fs/file_attr.o
  CC      drivers/pci/pci-bridge-emul.o
  CC      drivers/phy/mediatek/phy-mtk-mipi-csi-0-5.o
  CC      kernel/printk/nbcon.o
  MKCAP   arch/x86/kernel/cpu/capflags.c
  CC      drivers/pinctrl/cirrus/pinctrl-cs47l85.o
  CC      drivers/video/backlight/lm3639_bl.o
  CC      kernel/power/em_netlink_autogen.o
  CC      drivers/gpio/gpio-it87.o
  CC      mm/mprotect.o
  CC      drivers/acpi/wakeup.o
  CC      crypto/aes.o
  CC      net/core/dev_ioctl.o
  CC      drivers/leds/flash/leds-mt6370-flash.o
  CC      drivers/pci/pci-label.o
  CC      drivers/pinctrl/cirrus/pinctrl-cs47l90.o
  CC      drivers/gpio/gpio-latch.o
  CC      kernel/printk/printk_ringbuffer.o
  CC      fs/fserror.o
  CC      drivers/acpi/sleep.o
  AR      drivers/phy/mediatek/built-in.a
  AR      drivers/phy/microchip/built-in.a
  AR      drivers/phy/motorola/built-in.a
  CC      drivers/video/backlight/lv5207lp.o
  CC      drivers/phy/mscc/phy-ocelot-serdes.o
  CC      kernel/power/em_netlink.o
  CC      crypto/sm4.o
  CC      lib/test_maple_tree.o
  CC      drivers/gpio/gpio-logicvc.o
  CC      drivers/pinctrl/cirrus/pinctrl-cs47l92.o
  CC      drivers/pci/pci-stub.o
  CC      fs/nullfs.o
  CC      crypto/sm4_generic.o
  CC      drivers/leds/flash/leds-aat1290.o
  CC      mm/mremap.o
  AR      kernel/printk/built-in.a
  CC      net/netfilter/core.o
  CC      drivers/video/backlight/max25014.o
  CC      net/core/tso.o
  CC      drivers/acpi/device_sysfs.o
  CC      crypto/camellia_generic.o
  CC      drivers/gpio/gpio-loongson1.o
  AR      drivers/phy/mscc/built-in.a
  CC      drivers/phy/nuvoton/phy-ma35d1-usb2.o
  AR      kernel/sched/built-in.a
  CC      drivers/pci/pci-pf-stub.o
  AR      drivers/pinctrl/cirrus/built-in.a
  CC      net/netfilter/nf_log.o
  AR      kernel/power/built-in.a
  AR      drivers/pinctrl/cix/built-in.a
  CC      drivers/pinctrl/freescale/pinctrl-imx.o
  CC      kernel/irq/irqdesc.o
  CC      fs/notify/fsnotify.o
  CC      drivers/leds/flash/leds-as3645a.o
  CC      drivers/acpi/device_pm.o
  CC      drivers/gpio/gpio-lp873x.o
  CC      drivers/video/backlight/pandora_bl.o
  CC      drivers/pci/ecam.o
  AR      drivers/phy/nuvoton/built-in.a
  CC      mm/msync.o
  CC      crypto/cast_common.o
  CC      drivers/phy/qualcomm/phy-ath79-usb.o
  CC      drivers/pinctrl/freescale/pinctrl-scu.o
  CC      net/core/sock_reuseport.o
  CC      drivers/gpio/gpio-lpc32xx.o
  CC      kernel/irq/handle.o
  CC      drivers/video/backlight/kb3886_bl.o
  CC      net/netfilter/nf_queue.o
  CC      crypto/cast5_generic.o
  CC      drivers/acpi/bus.o
  CC      drivers/pinctrl/intel/pinctrl-baytrail.o
  CC      drivers/pinctrl/freescale/pinctrl-imx-scmi.o
  CC      drivers/leds/flash/leds-ktd2692.o
  CC      fs/notify/notification.o
  CC      drivers/pci/doe.o
  CC      drivers/video/backlight/sky81452-backlight.o
  CC      drivers/gpio/gpio-ltc4283.o
  CC      drivers/phy/qualcomm/phy-qcom-edp.o
  CC      mm/page_vma_mapped.o
  CC      kernel/irq/manage.o
  CC      crypto/cast6_generic.o
  CC      drivers/pinctrl/freescale/pinctrl-imx1-core.o
  CC      fs/notify/group.o
  CC      drivers/video/backlight/arcxcnn_bl.o
  CC      drivers/leds/flash/leds-lm3601x.o
  CC      drivers/gpio/gpio-madera.o
  CC      net/core/fib_notifier.o
  CC      drivers/acpi/glue.o
  CC      drivers/pinctrl/intel/pinctrl-lynxpoint.o
  CC      crypto/arc4.o
  CC      drivers/pci/of_property.o
  CC      net/netfilter/nf_sockopt.o
  CC      mm/pagewalk.o
  CC      drivers/phy/qualcomm/phy-qcom-pcie2.o
  CC      drivers/pinctrl/freescale/pinctrl-imx1.o
  CC      crypto/tea.o
  CC      fs/notify/mark.o
  CC      kernel/irq/spurious.o
  CC      drivers/video/backlight/rave-sp-backlight.o
  CC      drivers/gpio/gpio-max3191x.o
  CC      drivers/leds/flash/leds-qcom-flash.o
  CC      drivers/acpi/scan.o
  CC      drivers/pinctrl/intel/pinctrl-tangier.o
  CC      net/core/xdp.o
  CC      drivers/pinctrl/freescale/pinctrl-imx27.o
  CC      drivers/pci/npem.o
  CC      drivers/phy/qualcomm/phy-qcom-qmp-combo.o
  CC      net/netfilter/utils.o
  CC      drivers/video/backlight/led_bl.o
  CC      crypto/anubis.o
  CC      mm/pgtable-generic.o
  CC      lib/test_parman.o
  CC      kernel/irq/resend.o
  CC      drivers/pinctrl/freescale/pinctrl-imx50.o
  CC      arch/x86/kernel/cpu/powerflags.o
  CC      drivers/pinctrl/intel/pinctrl-merrifield.o
  CC      drivers/gpio/gpio-max7300.o
  CC      fs/notify/fdinfo.o
  CC      arch/x86/kernel/cpu/topology.o
  AR      drivers/video/backlight/built-in.a
  CC      drivers/video/fbdev/core/fb_notify.o
  CC      drivers/leds/flash/leds-rt4505.o
  CC      lib/test_debug_virtual.o
  CC      drivers/pci/tph.o
  CC      drivers/pinctrl/freescale/pinctrl-imx6q.o
  CC      crypto/seed.o
  CC      kernel/irq/chip.o
  CC      mm/rmap.o
  CC      drivers/pinctrl/intel/pinctrl-moorefield.o
  CC      drivers/acpi/mipi-disco-img.o
  CC      arch/x86/kernel/cpu/feat_ctl.o
  CC      fs/notify/dnotify/dnotify.o
  CC      drivers/phy/qualcomm/phy-qcom-qmp-usbc.o
  AR      net/netfilter/built-in.a
  CC      drivers/pinctrl/freescale/pinctrl-imx6dl.o
  CC      drivers/pinctrl/mediatek/mtk-eint.o
  CC      drivers/gpio/gpio-max730x.o
  CC      lib/test_memcat_p.o
  CC      drivers/video/fbdev/core/fb_info.o
  CC      net/core/flow_offload.o
  CC      crypto/aria_generic.o
  CC      arch/x86/kernel/cpu/cyrix.o
  CC      drivers/pinctrl/intel/pinctrl-intel.o
  CC      drivers/pci/setup-cardbus.o
  CC      drivers/leds/flash/leds-rt8515.o
  CC      drivers/acpi/resource.o
  CC      drivers/pinctrl/freescale/pinctrl-imx6ul.o
  CC      lib/test_objagg.o
  CC      drivers/gpio/gpio-max732x.o
  CC      kernel/irq/dummychip.o
  AR      fs/notify/dnotify/built-in.a
  AR      fs/notify/inotify/built-in.a
  AR      fs/notify/fanotify/built-in.a
  AR      fs/notify/built-in.a
  CC      fs/anon_inodes.o
  CC      drivers/pinctrl/mediatek/pinctrl-mtk-common.o
  CC      crypto/chacha.o
  CC      drivers/pinctrl/freescale/pinctrl-imx8mm.o
  CC      drivers/video/fbdev/core/fbmem.o
  CC      arch/x86/kernel/cpu/centaur.o
  CC      drivers/phy/qualcomm/phy-qcom-qmp-pcie.o
  CC      drivers/pci/endpoint/pci-epc-core.o
  CC      drivers/acpi/acpi_processor.o
  CC      lib/test_meminit.o
  CC      drivers/leds/flash/leds-sy7802.o
  CC      crypto/deflate.o
  CC      kernel/irq/devres.o
  CC      drivers/pinctrl/freescale/pinctrl-imx8mn.o
  CC      net/core/gro.o
  CC      drivers/pinctrl/intel/pinctrl-intel-platform.o
  CC      drivers/gpio/gpio-max7360.o
  CC      arch/x86/kernel/cpu/transmeta.o
  CC      fs/timerfd.o
  CC      drivers/pinctrl/mediatek/pinctrl-mtk-common-v2.o
  CC      drivers/pinctrl/freescale/pinctrl-imx8mp.o
  CC      mm/vmalloc.o
  CC      drivers/video/fbdev/core/fbcmap.o
  AR      lib/kunit/built-in.a
  CC      drivers/pinctrl/intel/pinctrl-broxton.o
  CC      crypto/crc32.o
  CC      kernel/irq/kexec.o
  CC      lib/math/div64.o
  CC      drivers/acpi/processor_core.o
  CC      drivers/phy/qualcomm/phy-qcom-qmp-pcie-msm8996.o
  CC      drivers/pci/endpoint/pci-epf-core.o
  CC      arch/x86/kernel/cpu/zhaoxin.o
  CC      drivers/gpio/gpio-mb86s7x.o
  CC      lib/math/gcd.o
  CC      drivers/leds/flash/leds-tps6131x.o
  CC      drivers/pinctrl/freescale/pinctrl-imx8qm.o
  CC      lib/math/lcm.o
  CC      lib/math/int_log.o
  CC      drivers/pinctrl/mediatek/pinctrl-moore.o
  CC      lib/math/int_pow.o
  CC      drivers/pinctrl/intel/pinctrl-cannonlake.o
  CC      drivers/acpi/processor_pdc.o
  CC      arch/x86/kernel/cpu/vortex.o
  CC      kernel/irq/generic-chip.o
  CC      lib/math/int_sqrt.o
  CC      crypto/authenc.o
  CC      fs/eventfd.o
  CC      drivers/pinctrl/freescale/pinctrl-imx8qxp.o
  CC      lib/math/reciprocal_div.o
  CC      lib/math/polynomial.o
  CC      drivers/gpio/gpio-mc33880.o
  CC      drivers/video/fbdev/core/modedb.o
  CC      drivers/pci/endpoint/pci-epc-mem.o
  CC      drivers/phy/qualcomm/phy-qcom-qmp-ufs.o
  CC      arch/x86/kernel/cpu/perfctr-watchdog.o
  CC      net/core/netdev-genl.o
  CC      drivers/acpi/ec.o
  CC      drivers/pinctrl/intel/pinctrl-denverton.o
  CC      drivers/pinctrl/mediatek/pinctrl-paris.o
  CC      drivers/pinctrl/freescale/pinctrl-imx8dxl.o
  AR      drivers/leds/flash/built-in.a
  CC      lib/math/prime_numbers.o
  CC      drivers/leds/rgb/leds-group-multicolor.o
  CC      kernel/irq/autoprobe.o
  CC      drivers/gpio/gpio-menz127.o
  CC      arch/x86/kernel/cpu/debugfs.o
  CC      fs/verity/enable.o
  CC      drivers/pinctrl/freescale/pinctrl-imx8ulp.o
  CC      crypto/authencesn.o
  CC      drivers/pinctrl/intel/pinctrl-elkhartlake.o
  CC      drivers/pci/endpoint/functions/pci-epf-test.o
  CC      lib/math/rational.o
  CC      drivers/leds/rgb/leds-ktd202x.o
  CC      drivers/video/fbdev/core/fbcvt.o
  CC      drivers/phy/qualcomm/phy-qcom-qmp-usb.o
  CC      drivers/pinctrl/mediatek/pinctrl-mt2701.o
  CC      kernel/irq/irqdomain.o
  CC      drivers/pinctrl/freescale/pinctrl-imx25.o
  CC      drivers/gpio/gpio-ml-ioh.o
  CC      lib/math/test_div64.o
  CC      mm/vma.o
  CC      arch/x86/kernel/cpu/capflags.o
  AR      arch/x86/kernel/cpu/built-in.a
  CC      drivers/pinctrl/intel/pinctrl-emmitsburg.o
  CC      arch/x86/kernel/acpi/boot.o
  CC      drivers/acpi/dock.o
  CC      fs/verity/hash_algs.o
  CC      drivers/pinctrl/mediatek/pinctrl-mt2712.o
  CC      drivers/pinctrl/freescale/pinctrl-imxrt1050.o
  CC      drivers/video/fbdev/core/fb_cmdline.o
  CC      net/core/netdev-genl-gen.o
  CC      lib/math/test_mul_u64_u64_div_u64.o
  CC      drivers/leds/rgb/leds-lp5812.o
  CC      crypto/lzo.o
  CC      drivers/pci/endpoint/functions/pci-epf-ntb.o
  CC      drivers/phy/qualcomm/phy-qcom-qusb2.o
  CC      drivers/pinctrl/intel/pinctrl-geminilake.o
  CC      drivers/gpio/gpio-mlxbf3.o
  CC      drivers/acpi/pci_root.o
  CC      drivers/pinctrl/mediatek/pinctrl-mt8127.o
  AR      drivers/pinctrl/freescale/built-in.a
  CC      drivers/pnp/core.o
  AR      lib/math/tests/built-in.a
  AR      lib/math/built-in.a
  CC      fs/verity/init.o
  CC      lib/crc/crc4.o
  CC      kernel/irq/irq_sim.o
  AR      arch/x86/kernel/acpi/built-in.a
  CC      arch/x86/kernel/reboot.o
  CC      crypto/lzo-rle.o
  CC      drivers/video/fbdev/core/fb_backlight.o
  CC      drivers/pinctrl/intel/pinctrl-lakefield.o
  CC      drivers/pinctrl/mediatek/pinctrl-mt6765.o
  CC      net/core/netdev_work.o
  CC      drivers/gpio/gpio-mockup.o
  CC      lib/crc/crc7.o
  CC      drivers/leds/rgb/leds-lp5860-core.o
  CC      drivers/phy/qualcomm/phy-qcom-eusb2-repeater.o
  CC      drivers/pnp/card.o
  CC      drivers/pci/endpoint/functions/pci-epf-vntb.o
  CC      kernel/irq/msi.o
  CC      mm/vma_exec.o
  CC      drivers/acpi/pci_link.o
  CC      drivers/pinctrl/intel/pinctrl-lewisburg.o
  CC      lib/crc/crc8.o
  CC      crypto/lz4.o
  CC      arch/x86/kernel/msr.o
  CC      drivers/leds/rgb/leds-lp5860-spi.o
  CC      drivers/pinctrl/mediatek/pinctrl-mt6779.o
  CC      drivers/video/fbdev/core/fbmon.o
  CC      fs/verity/measure.o
  CC      drivers/gpio/gpio-msc313.o
  CC      lib/crc/crc16.o
  CC      drivers/pinctrl/intel/pinctrl-meteorlake.o
  CC      net/core/gso.o
  CC      drivers/pnp/driver.o
  CC      drivers/phy/qualcomm/phy-qcom-usb-hs-28nm.o
  CC      crypto/lz4hc.o
  CC      drivers/pinctrl/mediatek/pinctrl-mt6795.o
  CC      drivers/acpi/pci_irq.o
  CC      mm/page_alloc.o
  CC      drivers/leds/rgb/leds-ncp5623.o
  CC      lib/crc/crc-ccitt.o
  CC      kernel/irq/debugfs.o
  CC      arch/x86/kernel/cpuid.o
  CC      drivers/gpio/gpio-mt7621.o
  AR      drivers/pci/endpoint/functions/built-in.a
  CC      drivers/pci/endpoint/pci-ep-msi.o
  CC      drivers/pinctrl/intel/pinctrl-meteorpoint.o
  CC      drivers/pnp/resource.o
  CC      fs/verity/open.o
  CC      lib/crc/crc-itu-t.o
  CC      drivers/pinctrl/mediatek/pinctrl-mt6797.o
  CC      crypto/xxhash_generic.o
  CC      drivers/phy/qualcomm/phy-qcom-usb-ss.o
  CC      drivers/video/fbdev/core/fb_defio.o
  CC      arch/x86/kernel/early-quirks.o
  CC      kernel/irq/matrix.o
  CC      drivers/acpi/acpi_apd.o
  CC      drivers/gpio/gpio-nomadik.o
  AR      drivers/pinctrl/intel/built-in.a
  CC      drivers/leds/rgb/leds-s2m-rgb.o
  CC      net/core/net-sysfs.o
  CC      lib/crypto/hash_info.o
  HOSTCC  lib/crc/gen_crc32table
  AR      drivers/pci/endpoint/built-in.a
  AS      lib/crc/x86/crc32-pclmul.o
  CC      drivers/pci/controller/cadence/pcie-cadence-hpa.o
  AR      lib/crc/tests/built-in.a
  GEN     lib/crc/crc32table.h
  CC      lib/crc/crc32-main.o
  CC      drivers/pinctrl/mediatek/pinctrl-mt6893.o
  CC      crypto/rng.o
  CC      drivers/acpi/acpi_platform.o
  CC      drivers/pnp/manager.o
  CC      fs/verity/pagecache.o
  CC      drivers/phy/qualcomm/phy-qcom-snps-femto-v2.o
  AR      drivers/leds/rgb/built-in.a
  CC      drivers/leds/trigger/ledtrig-timer.o
  CC      lib/crypto/memneq.o
  CC      arch/x86/kernel/tsc_sync.o
  AR      lib/crc/built-in.a
  CC      drivers/video/fbdev/core/fb_logo.o
  AR      lib/tests/built-in.a
  CC      drivers/pci/controller/cadence/pcie-cadence.o
  CC      drivers/gpio/gpio-novalake-events.o
  CC      drivers/pinctrl/mediatek/pinctrl-mt7622.o
  CC      lib/crypto/utils.o
  CC      drivers/leds/trigger/ledtrig-oneshot.o
  AR      kernel/irq/built-in.a
  CC      drivers/pinctrl/mediatek/pinctrl-mt7623.o
  CC      kernel/rcu/update.o
  CC      drivers/pnp/support.o
  CC      arch/x86/kernel/mpparse.o
  CC      fs/verity/read_metadata.o
  CC      crypto/drbg.o
  CC      drivers/acpi/acpi_pnp.o
  AR      drivers/phy/qualcomm/built-in.a
  CC      drivers/phy/ralink/phy-mt7621-pci.o
  CC      lib/crypto/aes.o
  CC      drivers/gpio/gpio-pca953x.o
  CC      drivers/phy/ralink/phy-ralink-usb.o
  CC      drivers/leds/trigger/ledtrig-mtd.o
  CC      drivers/video/fbdev/core/cfbfillrect.o
  CC      drivers/pci/controller/cadence/pcie-cadence-host-common.o
  CC      net/core/hotdata.o
  CC      drivers/pnp/interface.o
  CC      drivers/pinctrl/mediatek/pinctrl-mt7988.o
  CC      mm/shuffle.o
  CC      crypto/jitterentropy.o
  CC      drivers/acpi/power.o
  CC      crypto/jitterentropy-kcapi.o
  CC      drivers/leds/trigger/ledtrig-gpio.o
  CC      fs/verity/verify.o
  CC      arch/x86/kernel/apic/apic.o
  AS      lib/crypto/x86/aes-aesni.o
  CC      lib/crypto/arc4.o
  CC      drivers/video/fbdev/arcfb.o
  AR      drivers/phy/ralink/built-in.a
  CC      drivers/pnp/quirks.o
  CC      drivers/pinctrl/mediatek/pinctrl-mt8173.o
  AR      drivers/phy/realtek/built-in.a
  CC      crypto/jitterentropy-testing.o
  CC      drivers/phy/renesas/r8a779f0-ether-serdes.o
  CC      drivers/pci/controller/cadence/pcie-cadence-host.o
  CC      kernel/rcu/sync.o
  CC      drivers/leds/trigger/ledtrig-cpu.o
  CC      mm/page_frag_cache.o
  CC      drivers/acpi/event.o
  CC      drivers/video/fbdev/core/cfbcopyarea.o
  CC      lib/crypto/gf128mul.o
  CC      drivers/gpio/gpio-pcf857x.o
  CC      net/core/netdev_config.o
  CC      kernel/rcu/srcutree.o
  CC      drivers/pinctrl/mediatek/pinctrl-mt8183.o
  AR      fs/verity/built-in.a
  CC      fs/binfmt_misc.o
  CC      drivers/leds/trigger/ledtrig-activity.o
  CC      crypto/af_alg.o
  CC      drivers/pnp/system.o
  CC      lib/crypto/blake2b.o
  CC      arch/x86/kernel/apic/apic_common.o
  CC      mm/init-mm.o
  CC      drivers/pci/controller/cadence/pcie-cadence-host-hpa.o
  CC      drivers/phy/renesas/phy-rcar-gen3-usb3.o
  CC      drivers/pinctrl/mediatek/pinctrl-mt8189.o
  CC      drivers/video/fbdev/pm2fb.o
  CC      drivers/acpi/evged.o
  CC      drivers/leds/trigger/ledtrig-default-on.o
  CC      drivers/gpio/gpio-pcie-idio-24.o
  CC      drivers/video/fbdev/core/cfbimgblt.o
  CC      drivers/pnp/pnpacpi/core.o
  CC      lib/crypto/blake2s.o
  CC      net/core/netdev_rx_queue.o
  CC      arch/x86/kernel/apic/apic_noop.o
  CC      kernel/rcu/rcuscale.o
  CC      drivers/leds/trigger/ledtrig-camera.o
  CC      mm/memblock.o
  CC      drivers/acpi/sysfs.o
  CC      drivers/pinctrl/mediatek/pinctrl-mt8195.o
  CC      fs/binfmt_script.o
  CC      arch/x86/kernel/apic/ipi.o
  CC      drivers/phy/renesas/phy-rzg3e-usb3.o
  CC      drivers/pnp/pnpacpi/rsparser.o
  CC      lib/crypto/chacha-block-generic.o
  CC      drivers/gpio/gpio-pisosr.o
  CC      drivers/pci/controller/cadence/pcie-cadence-ep.o
  CC      drivers/leds/trigger/ledtrig-panic.o
  CC      crypto/algif_hash.o
  CC      lib/crypto/chacha.o
  CC      drivers/pnp/pnpbios/core.o
  CC      drivers/acpi/property.o
  CC      fs/binfmt_elf.o
  CC      drivers/video/fbdev/core/fb_io_fops.o
  CC      drivers/pinctrl/mediatek/pinctrl-mt8196.o
  CC      arch/x86/kernel/apic/vector.o
  CC      kernel/rcu/tree.o
  CC      drivers/leds/trigger/ledtrig-netdev.o
  CC      lib/crypto/des.o
  CC      net/core/netdev_queues.o
  AR      drivers/phy/renesas/built-in.a
  CC      drivers/gpio/gpio-pl061.o
  CC      drivers/phy/rockchip/phy-rockchip-dphy-rx0.o
  AR      drivers/pnp/pnpacpi/built-in.a
  CC      drivers/phy/rockchip/phy-rockchip-inno-csidphy.o
  CC      mm/slub.o
  CC      drivers/pinctrl/mediatek/pinctrl-mt8365.o
  CC      drivers/pci/controller/cadence/pcie-cadence-plat.o
  CC      drivers/pnp/pnpbios/bioscalls.o
  CC      drivers/acpi/debugfs.o
  CC      drivers/video/fbdev/core/sysfillrect.o
  CC      crypto/algif_rng.o
  CC      lib/crypto/gf128hash.o
  CC      fs/backing-file.o
  CC      drivers/gpio/gpio-pmic-eic-sprd.o
  CC      drivers/pinctrl/mediatek/pinctrl-mt8516.o
  CC      arch/x86/kernel/apic/init.o
  CC      drivers/leds/blink/leds-bcm63138.o
  CC      net/core/page_pool.o
  CC      drivers/phy/rockchip/phy-rockchip-inno-hdmi.o
  CC      drivers/leds/trigger/ledtrig-pattern.o
  CC      drivers/acpi/acpi_lpat.o
  CC      lib/crypto/md5.o
  CC      drivers/pnp/pnpbios/rsparser.o
  CC      drivers/pci/controller/cadence/pci-j721e.o
  CC      arch/x86/kernel/apic/hw_nmi.o
  AR      drivers/pinctrl/mediatek/built-in.a
  CC      drivers/pinctrl/meson/pinctrl-meson.o
  CC      drivers/leds/blink/leds-lgm-sso.o
  CC      drivers/gpio/gpio-rcar.o
  CC      drivers/video/fbdev/core/syscopyarea.o
  CC      drivers/acpi/acpi_watchdog.o
  CC      crypto/algif_aead.o
  CC      fs/posix_acl.o
  CC      drivers/leds/trigger/ledtrig-input-events.o
  CC      lib/crypto/mldsa.o
  CC      arch/x86/kernel/apic/io_apic.o
  AR      drivers/pnp/pnpbios/built-in.a
  CC      drivers/phy/rockchip/phy-rockchip-pcie.o
  CC      drivers/pnp/isapnp/core.o
  CC      drivers/pci/controller/cadence/pcie-sg2042.o
  CC      drivers/pinctrl/meson/pinctrl-meson8-pmx.o
  CC      drivers/gpio/gpio-rdc321x.o
  AR      drivers/leds/blink/built-in.a
  CC      arch/x86/kernel/apic/msi.o
  AR      drivers/leds/trigger/built-in.a
  CC      drivers/acpi/acpica/dsargs.o
  AR      drivers/leds/simatic/built-in.a
  AR      drivers/leds/built-in.a
  CC      drivers/pnp/isapnp/compat.o
  CC      kernel/rcu/rcu_segcblist.o
  CC      net/core/page_pool_user.o
  CC      drivers/video/fbdev/core/sysimgblt.o
  CC      lib/crypto/nh.o
  CC      drivers/pinctrl/meson/pinctrl-meson8.o
  CC      drivers/acpi/acpica/dscontrol.o
  CC      crypto/zstd.o
  CC      lib/vdso/datastore.o
  CC      fs/iomap/trace.o
  CC      drivers/gpio/gpio-rtd.o
  CC      drivers/phy/rockchip/phy-rockchip-samsung-dcphy.o
  CC      lib/crypto/poly1305.o
  CC      drivers/pci/controller/cadence/pci-sky1.o
  AR      kernel/rcu/built-in.a
  AR      drivers/pnp/isapnp/built-in.a
  AR      kernel/livepatch/built-in.a
  AR      kernel/liveupdate/built-in.a
  AR      drivers/pnp/built-in.a
  CC      kernel/dma/mapping.o
  CC      kernel/entry/common.o
  CC      lib/crypto/poly1305-donna32.o
  CC      arch/x86/kernel/trace_clock.o
  CC      drivers/acpi/acpica/dsdebug.o
  CC      drivers/pinctrl/meson/pinctrl-meson-gxbb.o
  CC      arch/x86/kernel/apic/probe_32.o
  CC      lib/crypto/sha1.o
  CC      drivers/video/display_timing.o
  AR      lib/vdso/built-in.a
  CC      crypto/ecc.o
  CC      drivers/video/fbdev/core/fb_sys_fops.o
  AR      net/ipv6/netfilter/built-in.a
  CC      net/ipv6/addrconf_core.o
  CC      drivers/acpi/acpica/dsfield.o
  CC      drivers/gpio/gpio-sama5d2-piobu.o
  CC      net/bridge/br.o
  CC      mm/dmapool.o
  AR      drivers/pci/controller/cadence/built-in.a
  AR      arch/x86/kernel/apic/built-in.a
  CC      net/core/net-traces.o
  CC      drivers/pci/controller/pci-aardvark.o
  CC      arch/x86/kernel/trace.o
  CC      lib/crypto/sha256.o
  CC      kernel/entry/syscall-common.o
  CC      drivers/pinctrl/meson/pinctrl-meson-axg-pmx.o
  CC      drivers/acpi/acpica/dsinit.o
  CC      fs/iomap/iter.o
  CC      drivers/phy/rockchip/phy-rockchip-samsung-hdptx.o
  CC      drivers/gpio/gpio-sch311x.o
  CC      drivers/video/fbdev/core/svgalib.o
  AR      arch/x86/kernel/kprobes/built-in.a
  CC      arch/x86/kernel/doublefault_32.o
  CC      drivers/acpi/acpica/dsmethod.o
  CC      lib/crypto/sha512.o
  CC      mm/hugetlb.o
  CC      crypto/essiv.o
  CC      drivers/pinctrl/meson/pinctrl-meson-g12a.o
  CC      net/ipv6/exthdrs_core.o
  CC      kernel/entry/syscall_user_dispatch.o
  CC      drivers/gpio/gpio-sch.o
  CC      fs/iomap/buffered-io.o
  CC      drivers/pci/controller/pcie-rcar.o
  CC      net/bridge/br_device.o
  CC      drivers/acpi/acpica/dsmthdat.o
  CC      lib/crypto/sha3.o
  CC      kernel/dma/direct.o
  CC      drivers/pinctrl/meson/pinctrl-meson-a1.o
  CC      arch/x86/kernel/vm86_32.o
  CC      crypto/ecdh.o
  CC      drivers/gpio/gpio-shared-proxy.o
  CC      drivers/video/fbdev/core/fb_ddc.o
  CC      drivers/acpi/acpica/dsobject.o
  AR      kernel/entry/built-in.a
  CC      kernel/dma/ops_helpers.o
  CC      drivers/pci/controller/pcie-rcar-host.o
  CC      lib/crypto/sm3.o
  CC      net/ipv6/ip6_checksum.o
  CC      drivers/pinctrl/meson/pinctrl-meson-s4.o
  CC      drivers/acpi/acpica/dsopcode.o
  CC      drivers/phy/rockchip/phy-rockchip-typec.o
  CC      drivers/pci/controller/pcie-rcar-ep.o
  CC      drivers/gpio/gpio-sim.o
  CC      crypto/ecdh_helper.o
  CC      net/bridge/br_fdb.o
  AR      drivers/video/fbdev/core/built-in.a
  CC      drivers/video/fbdev/i740fb.o
  CC      kernel/dma/contiguous.o
  CC      drivers/pinctrl/meson/pinctrl-amlogic-t7.o
  AR      fs/iomap/built-in.a
  CC      drivers/acpi/acpica/dspkginit.o
  AR      fs/quota/built-in.a
  CC      arch/x86/kernel/eisa.o
  CC      fs/kernfs/mount.o
  ASN.1   crypto/ecrdsa_params.asn1.[ch]
  ASN.1   crypto/ecrdsa_pub_key.asn1.[ch]
  CC      crypto/ecrdsa_params.asn1.o
  CC      crypto/ecrdsa_pub_key.asn1.o
  CC      lib/crypto/mpi/generic_mpih-lshift.o
  CC      crypto/rsapubkey.asn1.o
  CC      lib/crypto/mpi/generic_mpih-mul1.o
  CC      crypto/rsaprivkey.asn1.o
  CC      crypto/ecdsa-x962.o
  CC      net/ipv6/ip6_icmp.o
  CC      arch/x86/kernel/pcspeaker.o
  AR      drivers/phy/rockchip/built-in.a
  CC      drivers/acpi/acpica/dsutils.o
  CC      drivers/pci/controller/pcie-rzg3s-host.o
  CC      drivers/phy/samsung/phy-exynos-dp-video.o
  CC      kernel/dma/coherent.o
  AR      drivers/pinctrl/meson/built-in.a
  CC      drivers/pinctrl/microchip/pinctrl-pic64gx-gpio2.o
  CC      drivers/gpio/gpio-sl28cpld.o
  CC      mm/hugetlb_sysfs.o
  CC      drivers/phy/samsung/phy-exynos-pcie.o
  CC      crypto/ecrdsa.o
  CC      lib/crypto/mpi/generic_mpih-mul2.o
  CC      arch/x86/kernel/devicetree.o
  CC      drivers/acpi/acpica/dswexec.o
  CC      fs/kernfs/inode.o
  CC      drivers/video/fbdev/matrox/matroxfb_base.o
  AR      drivers/pinctrl/microchip/built-in.a
  CC      drivers/acpi/button.o
  AR      drivers/pinctrl/mvebu/built-in.a
  CC      drivers/pinctrl/nomadik/pinctrl-nomadik.o
  CC      drivers/gpio/gpio-sprd.o
  CC      kernel/dma/debug.o
  AR      crypto/built-in.a
  CC      drivers/pci/switch/switchtec.o
  AR      net/ipv6/built-in.a
  CC      drivers/acpi/acpica/dswload.o
  CC      drivers/acpi/acpica/dswload2.o
  CC      lib/crypto/mpi/generic_mpih-mul3.o
  CC      drivers/phy/samsung/phy-gs101-ufs.o
  CC      mm/hugetlb_sysctl.o
  CC      arch/x86/kernel/uprobes.o
  CC      drivers/pci/controller/pci-host-common.o
  CC      net/bridge/br_forward.o
  CC      drivers/acpi/acpica/dswscope.o
  CC      fs/kernfs/dir.o
  AR      lib/raid/xor/tests/built-in.a
  AR      lib/raid/xor/built-in.a
  CC      drivers/gpio/gpio-stp-xway.o
  AR      lib/raid/raid6/built-in.a
  AR      lib/raid/built-in.a
  CC      kernel/dma/remap.o
  CC      drivers/acpi/acpica/dswstate.o
  CC      net/core/timestamping.o
  CC      lib/crypto/mpi/generic_mpih-rshift.o
  AR      drivers/pinctrl/nomadik/built-in.a
  CC      drivers/pinctrl/nuvoton/pinctrl-wpcm450.o
  CC      mm/hugetlb_cma.o
  CC      fs/sysfs/file.o
  CC      drivers/phy/samsung/phy-samsung-ufs.o
  CC      drivers/video/fbdev/matrox/matroxfb_accel.o
  CC      drivers/pci/controller/pci-host-generic.o
  CC      drivers/phy/socionext/phy-uniphier-usb2.o
  CC      drivers/acpi/acpica/evevent.o
  CC      arch/x86/kernel/perf_regs.o
  CC      drivers/gpio/gpio-syscon.o
  AR      drivers/pci/switch/built-in.a
  CC      arch/x86/kernel/umip.o
  AR      kernel/dma/built-in.a
  AR      kernel/unwind/built-in.a
  CC      kernel/kcmp.o
  CC      lib/crypto/mpi/generic_mpih-sub1.o
  CC      drivers/acpi/acpica/evgpe.o
  CC      net/bridge/br_if.o
  CC      drivers/pinctrl/nuvoton/pinctrl-npcm8xx.o
  CC      fs/sysfs/dir.o
  CC      drivers/pci/controller/pci-thunder-ecam.o
  CC      mm/page_poison.o
  CC      drivers/gpio/gpio-tc3589x.o
  CC      fs/kernfs/file.o
  CC      drivers/phy/socionext/phy-uniphier-usb3hs.o
  CC      drivers/phy/samsung/phy-exynos7-ufs.o
  CC      net/core/ptp_classifier.o
  CC      lib/crypto/mpi/generic_mpih-add1.o
  CC      drivers/acpi/acpica/evgpeblk.o
  CC      drivers/video/fbdev/matrox/matroxfb_DAC1064.o
  CC      fs/kernfs/symlink.o
  CC      arch/x86/kernel/unwind_frame.o
  CC      kernel/freezer.o
  CC      fs/sysfs/symlink.o
  CC      drivers/acpi/acpica/evgpeinit.o
  CC      mm/failslab.o
  CC      drivers/gpio/gpio-tegra186.o
  AR      drivers/pinctrl/nuvoton/built-in.a
  CC      lib/crypto/mpi/mpicoder.o
  CC      drivers/pci/controller/pci-thunder-pem.o
  AR      drivers/pinctrl/nxp/built-in.a
  CC      drivers/pinctrl/qcom/pinctrl-msm.o
  CC      drivers/phy/samsung/phy-exynosautov9-ufs.o
  CC      drivers/phy/socionext/phy-uniphier-usb3ss.o
  LDS     arch/x86/kernel/vmlinux.lds
  CC      drivers/acpi/acpica/evgpeutil.o
  CC      drivers/video/fbdev/matrox/matroxfb_Ti3026.o
  AR      arch/x86/kernel/built-in.a
  AR      arch/x86/built-in.a
  CC      drivers/pci/trace.o
  CC      drivers/pinctrl/qcom/pinctrl-glymur.o
  AR      fs/kernfs/built-in.a
  CC      drivers/video/fbdev/riva/fbdev.o
  CC      net/core/netprio_cgroup.o
  CC      net/bridge/br_input.o
  CC      fs/sysfs/mount.o
  CC      mm/fail_page_alloc.o
  CC      drivers/acpi/acpica/evglock.o
  CC      kernel/profile.o
  CC      lib/crypto/mpi/mpi-add.o
  CC      drivers/phy/samsung/phy-exynosautov920-ufs.o
  CC      drivers/pci/controller/pcie-xilinx-cpm.o
  CC      drivers/gpio/gpio-tegra.o
  CC      kernel/stacktrace.o
  CC      drivers/video/fbdev/matrox/matroxfb_misc.o
  CC      drivers/acpi/acpica/evhandler.o
  CC      drivers/phy/socionext/phy-uniphier-ahci.o
  CC      mm/migrate.o
  CC      drivers/pinctrl/qcom/pinctrl-ipq5018.o
  CC      lib/crypto/mpi/mpi-bit.o
  CC      fs/sysfs/group.o
  CC      drivers/phy/samsung/phy-fsd-ufs.o
  CC      drivers/acpi/acpica/evmisc.o
  CC      drivers/acpi/fan_core.o
  CC      drivers/pci/controller/pci-v3-semi.o
  CC      kernel/time/time.o
  CC      drivers/video/fbdev/riva/riva_hw.o
  CC      net/core/netclassid_cgroup.o
  CC      drivers/gpio/gpio-tn48m.o
  CC      drivers/pinctrl/qcom/pinctrl-ipq8074.o
  CC      kernel/time/timer.o
  CC      drivers/acpi/acpica/evregion.o
  CC      net/bridge/br_ioctl.o
  AR      drivers/video/fbdev/matrox/built-in.a
  CC      lib/crypto/mpi/mpi-cmp.o
  CC      kernel/time/hrtimer.o
  AR      drivers/phy/socionext/built-in.a
  AR      fs/sysfs/built-in.a
  CC      drivers/gpio/gpio-tpic2810.o
  CC      fs/configfs/inode.o
  CC      drivers/phy/samsung/phy-samsung-usb2.o
  CC      net/bridge/br_stp.o
  CC      drivers/pinctrl/qcom/pinctrl-ipq6018.o
  CC      drivers/pinctrl/qcom/pinctrl-ipq9574.o
  CC      drivers/acpi/acpica/evrgnini.o
  CC      drivers/pci/controller/pcie-rockchip.o
  CC      lib/crypto/mpi/mpi-sub-ui.o
  CC      lib/crypto/mpi/mpi-div.o
  CC      mm/huge_memory.o
  CC      net/core/failover.o
  CC      drivers/pinctrl/realtek/pinctrl-rtd.o
  CC      drivers/pinctrl/qcom/pinctrl-ipq9650.o
  CC      drivers/video/fbdev/riva/nv_driver.o
  CC      drivers/acpi/acpica/evsci.o
  AR      drivers/phy/samsung/built-in.a
  CC      fs/configfs/file.o
  AR      drivers/phy/sophgo/built-in.a
  CC      drivers/acpi/acpica/evxface.o
  AR      drivers/amba/built-in.a
  CC      drivers/pci/controller/pcie-rockchip-ep.o
  CC      drivers/pinctrl/realtek/pinctrl-rtd1319d.o
  CC      drivers/phy/spacemit/phy-k1-pcie.o
  CC      drivers/pinctrl/realtek/pinctrl-rtd1315e.o
  CC      lib/crypto/mpi/mpi-mod.o
  CC      lib/crypto/mpi/mpi-mul.o
  CC      lib/crypto/mpi/mpih-cmp.o
  CC      net/bridge/br_stp_bpdu.o
  CC      kernel/time/sleep_timeout.o
  CC      drivers/pinctrl/qcom/pinctrl-msm8226.o
  CC      drivers/gpio/gpio-tps6586x.o
  CC      fs/configfs/dir.o
  CC      net/core/skmsg.o
  AR      drivers/video/fbdev/riva/built-in.a
  CC      drivers/video/fbdev/nvidia/nvidia.o
  CC      drivers/acpi/acpica/evxfevnt.o
  CC      drivers/video/fbdev/aty/radeon_base.o
  CC      drivers/pinctrl/qcom/pinctrl-msm8960.o
  AR      drivers/pinctrl/realtek/built-in.a
  CC      fs/configfs/symlink.o
  CC      kernel/time/timekeeping.o
  CC      drivers/gpio/gpio-tps65912.o
  CC      drivers/acpi/fan_attr.o
  CC      fs/configfs/mount.o
  CC      lib/crypto/mpi/mpih-div.o
  AR      drivers/phy/spacemit/built-in.a
  CC      drivers/pci/controller/pcie-rockchip-host.o
  CC      drivers/acpi/acpica/evxfgpe.o
  CC      drivers/phy/st/phy-miphy28lp.o
  CC      drivers/pinctrl/qcom/pinctrl-msm8916.o
  CC      drivers/phy/st/phy-spear1310-miphy.o
  CC      drivers/gpio/gpio-tps68470.o
  CC      net/bridge/br_stp_if.o
  CC      drivers/phy/st/phy-spear1340-miphy.o
  CC      drivers/video/videomode.o
  CC      drivers/acpi/acpica/evxfregn.o
  CC      fs/configfs/item.o
  CC      drivers/acpi/fan_hwmon.o
  CC      lib/crypto/mpi/mpih-mul.o
  CC      drivers/video/fbdev/nvidia/nv_hw.o
  CC      drivers/pinctrl/qcom/pinctrl-msm8976.o
  CC      drivers/gpio/gpio-ts4800.o
  CC      drivers/acpi/acpica/exconcat.o
  CC      mm/khugepaged.o
  CC      lib/crypto/mpi/mpi-pow.o
  CC      drivers/video/fbdev/aty/radeon_pm.o
  CC      kernel/dma.o
  AR      fs/configfs/built-in.a
  CC      net/devlink/core.o
  CC      fs/devpts/inode.o
  CC      drivers/pci/controller/pcie-mediatek.o
  CC      kernel/time/ntp.o
  CC      drivers/pinctrl/qcom/pinctrl-msm8994.o
  CC      net/core/sock_map.o
  CC      drivers/phy/st/phy-stih407-usb.o
  CC      lib/iomap.o
  CC      drivers/acpi/acpica/exconfig.o
  CC      drivers/gpio/gpio-ts4900.o
  CC      drivers/acpi/acpica/exconvrt.o
  CC      lib/crypto/mpi/mpiutil.o
  CC      net/bridge/br_stp_timer.o
  CC      drivers/pinctrl/qcom/pinctrl-msm8996.o
  CC      drivers/video/fbdev/nvidia/nv_setup.o
  CC      drivers/video/fbdev/aty/radeon_monitor.o
  CC      drivers/clk/clk-devres.o
  CC      kernel/time/clocksource.o
  AR      fs/devpts/built-in.a
  CC      drivers/phy/st/phy-stm32-combophy.o
  CC      fs/cramfs/inode.o
  CC      drivers/phy/starfive/phy-jh7110-pcie.o
  CC      drivers/acpi/acpica/excreate.o
  CC      drivers/pci/controller/pcie-apple.o
  CC      drivers/pinctrl/qcom/pinctrl-msm8998.o
  CC      drivers/gpio/gpio-twl4030.o
  AR      lib/crypto/mpi/built-in.a
  CC      lib/crypto/simd.o
  CC      drivers/clk/clk-bulk.o
  CC      drivers/acpi/acpica/exdebug.o
  AR      lib/crypto/built-in.a
  CC      drivers/video/fbdev/nvidia/nv_accel.o
  CC      net/bridge/br_netlink.o
  CC      lib/iomap_copy.o
  CC      kernel/time/jiffies.o
  AR      drivers/phy/starfive/built-in.a
  CC      kernel/time/timer_list.o
  CC      lib/devres.o
  CC      drivers/pinctrl/qcom/pinctrl-qcs404.o
  CC      fs/cramfs/uncompress.o
  CC      drivers/phy/st/phy-stm32-usbphyc.o
  CC      drivers/video/fbdev/aty/radeon_accel.o
  CC      drivers/gpio/gpio-vf610.o
  CC      drivers/acpi/acpica/exdump.o
  CC      net/core/bpf_sk_storage.o
  CC      drivers/clk/clkdev.o
  CC      net/devlink/netlink.o
  AR      fs/cramfs/built-in.a
  CC      drivers/acpi/acpica/exfield.o
  CC      fs/ramfs/inode.o
  CC      drivers/pci/controller/pcie-aspeed.o
  CC      mm/page_counter.o
  CC      drivers/pinctrl/qcom/pinctrl-qdf2xxx.o
  CC      lib/locking-selftest.o
  CC      fs/ramfs/file-mmu.o
  CC      kernel/time/timeconv.o
  CC      drivers/acpi/acpica/exfldio.o
  CC      drivers/clk/clk.o
  CC      drivers/video/fbdev/nvidia/nv_of.o
  CC      drivers/gpio/gpio-virtuser.o
  CC      mm/memcontrol.o
  CC      drivers/video/fbdev/aty/radeon_i2c.o
  CC      drivers/pinctrl/qcom/pinctrl-mdm9615.o
  CC      kernel/time/timecounter.o
  CC      kernel/time/alarmtimer.o
  AR      drivers/phy/st/built-in.a
  CC      drivers/phy/sunplus/phy-sunplus-usb2.o
  CC      drivers/clk/clk-divider.o
  CC      drivers/acpi/acpica/exmisc.o
  AR      fs/ramfs/built-in.a
  CC      fs/hugetlbfs/inode.o
  CC      net/bridge/br_netlink_tunnel.o
  CC      net/devlink/netlink_gen.o
  CC      drivers/pinctrl/qcom/pinctrl-ssbi-gpio.o
  CC      net/core/of_net.o
  CC      drivers/pci/controller/dwc/pcie-designware.o
  CC      drivers/video/fbdev/nvidia/nv_i2c.o
  CC      drivers/acpi/acpica/exmutex.o
  CC      drivers/acpi/acpi_video.o
  AR      drivers/video/fbdev/aty/built-in.a
  AR      net/dsa/built-in.a
  CC      drivers/pinctrl/samsung/pinctrl-samsung.o
  CC      drivers/gpio/gpio-visconti.o
  AR      drivers/phy/sunplus/built-in.a
  CC      drivers/phy/tegra/phy-tegra194-p2u.o
  CC      drivers/acpi/acpica/exnames.o
  CC      kernel/time/posix-stubs.o
  CC      drivers/pinctrl/qcom/pinctrl-ssbi-mpp.o
  CC      net/devlink/dev.o
  CC      drivers/video/fbdev/nvidia/nv_backlight.o
  CC      net/bridge/br_arp_nd_proxy.o
  CC      net/core/devmem.o
  CC      drivers/gpio/gpio-vx855.o
  CC      drivers/acpi/acpica/exoparg1.o
  CC      drivers/pci/controller/dwc/pcie-designware-debugfs.o
  CC      drivers/pinctrl/samsung/pinctrl-exynos.o
  AR      drivers/phy/tegra/built-in.a
  CC      drivers/phy/ti/phy-am654-serdes.o
  AR      fs/hugetlbfs/built-in.a
  CC      fs/exportfs/expfs.o
  CC      fs/nls/nls_base.o
  CC      drivers/pinctrl/qcom/pinctrl-sc7180.o
  CC      drivers/acpi/acpica/exoparg2.o
  CC      kernel/time/clockevents.o
  CC      drivers/clk/clk-fixed-factor.o
  CC      drivers/gpio/gpio-winbond.o
  AR      drivers/video/fbdev/nvidia/built-in.a
  CC      drivers/video/fbdev/sis/sis_main.o
  CC      mm/vmpressure.o
  CC      fs/nls/nls_cp437.o
  CC      drivers/pinctrl/qcom/pinctrl-sc7280.o
  CC      drivers/acpi/acpica/exoparg3.o
  AR      fs/exportfs/built-in.a
  CC      net/bridge/br_sysfs_if.o
  CC      drivers/pinctrl/samsung/pinctrl-exynos-arm.o
  CC      kernel/time/tick-common.o
  CC      drivers/pci/controller/dwc/pcie-designware-host.o
  CC      mm/bpf_memcontrol.o
  CC      drivers/clk/clk-fixed-rate.o
  CC      lib/interval_tree.o
  CC      drivers/phy/ti/phy-da8xx-usb.o
  CC      fs/nls/nls_cp775.o
  CC      net/devlink/port.o
  CC      drivers/gpio/gpio-wm8350.o
  CC      net/core/skb_fault_injection.o
  CC      drivers/acpi/acpica/exoparg6.o
  CC      drivers/pinctrl/qcom/pinctrl-sc8280xp.o
  CC      lib/smp_processor_id.o
  CC      drivers/pinctrl/samsung/pinctrl-s3c64xx.o
  CC      net/devlink/sb.o
  CC      drivers/clk/clk-gate.o
  CC      fs/nls/nls_cp850.o
  CC      drivers/acpi/acpica/exprep.o
  CC      mm/hugetlb_cgroup.o
  CC      drivers/phy/ti/phy-j721e-wiz.o
  CC      drivers/pinctrl/qcom/pinctrl-sdm660.o
  CC      kernel/time/tick-broadcast.o
  CC      drivers/gpio/gpio-ws16c48.o
  CC      lib/list_debug.o
  CC      drivers/pci/controller/dwc/pcie-designware-ep.o
  CC      net/bridge/br_sysfs_br.o
  CC      fs/nls/nls_cp852.o
  CC      drivers/acpi/acpica/exregion.o
  CC      lib/debugobjects.o
  AR      net/core/built-in.a
  CC      drivers/clk/clk-multiplier.o
  CC      net/x25/af_x25.o
  AR      drivers/pinctrl/samsung/built-in.a
  CC      drivers/pinctrl/qcom/pinctrl-sdm845.o
  CC      drivers/gpio/gpio-xilinx.o
  CC      kernel/time/vsyscall.o
  CC      kernel/up.o
  AR      drivers/phy/ti/built-in.a
  CC      fs/nls/nls_cp855.o
  AR      drivers/phy/xilinx/built-in.a
  AR      drivers/phy/built-in.a
  CC      drivers/acpi/acpica/exresnte.o
  CC      drivers/gpio/gpio-xlp.o
  CC      drivers/acpi/video_detect.o
  CC      drivers/clk/clk-mux.o
  CC      mm/dmapool_test.o
  CC      drivers/gpio/gpio-xra1403.o
  CC      kernel/time/timekeeping_debug.o
  CC      drivers/pinctrl/qcom/pinctrl-sdx55.o
  CC      fs/nls/nls_cp857.o
  CC      drivers/video/fbdev/sis/sis_accel.o
  CC      drivers/acpi/acpica/exresolv.o
  CC      drivers/pci/controller/dwc/pcie-designware-plat.o
  CC      kernel/time/test_udelay.o
  CC      lib/bitrev.o
  CC      net/devlink/dpipe.o
  CC      drivers/clk/clk-composite.o
  CC      fs/nls/nls_cp860.o
  CC      drivers/pinctrl/qcom/pinctrl-sdx65.o
  CC      net/bridge/br_cfm.o
  CC      mm/kmemleak.o
  CC      drivers/acpi/acpica/exresop.o
  CC      lib/linear_ranges.o
  CC      drivers/soc/apple/sart.o
  CC      lib/packing.o
  CC      drivers/gpio/gpio-zevio.o
  CC      fs/unicode/utf8-norm.o
  CC      kernel/time/namespace.o
  CC      net/x25/x25_dev.o
  CC      drivers/clk/clk-fractional-divider.o
  CC      fs/nls/nls_cp862.o
  CC      drivers/pci/controller/dwc/pcie-amd-mdb.o
  CC      drivers/pinctrl/qcom/pinctrl-sdx75.o
  CC      drivers/acpi/acpica/exserial.o
  CC      drivers/video/fbdev/sis/init.o
  CC      fs/unicode/utf8-core.o
  CC      lib/xxhash.o
  AR      drivers/soc/apple/built-in.a
  CC      mm/page_isolation.o
  CC      drivers/soc/aspeed/aspeed-lpc-ctrl.o
  CC      fs/nls/nls_cp863.o
  AR      drivers/gpio/built-in.a
  CC      mm/early_ioremap.o
  CC      drivers/acpi/acpica/exstore.o
  CC      drivers/pinctrl/qcom/pinctrl-sm6125.o
  CC      drivers/clk/clk-gpio.o
  COPY    fs/unicode/utf8data.c
  CC      fs/unicode/utf8data.o
  CC      net/devlink/resource.o
  CC      kernel/time/namespace_vdso.o
  CC      lib/genalloc.o
  CC      fs/nls/nls_cp866.o
  CC      drivers/clk/clk-conf.o
  CC      drivers/pci/controller/dwc/pcie-andes-qilai.o
  CC      net/bridge/br_cfm_netlink.o
  CC      net/x25/x25_facilities.o
  CC      drivers/acpi/acpica/exstoren.o
  CC      drivers/soc/aspeed/aspeed-uart-routing.o
  CC      drivers/pinctrl/qcom/pinctrl-sm6350.o
  AR      fs/unicode/built-in.a
  CC      drivers/pci/controller/dwc/pci-imx6.o
  CC      fs/nls/nls_cp869.o
  CC      drivers/pinctrl/sophgo/pinctrl-sophgo-common.o
  CC      net/devlink/param.o
  CC      kernel/time/clocksource-wdtest.o
  CC      drivers/clk/clk-axi-clkgen.o
  CC      mm/cma.o
  CC      drivers/acpi/acpica/exstorob.o
  CC      lib/zlib_inflate/inffast.o
  CC      drivers/soc/aspeed/aspeed-p2a-ctrl.o
  CC      drivers/pinctrl/qcom/pinctrl-sm6375.o
  CC      fs/nls/nls_cp874.o
  CC      lib/zlib_inflate/inflate.o
  CC      drivers/pinctrl/sophgo/pinctrl-cv18xx.o
  CC      drivers/video/fbdev/sis/init301.o
  AR      kernel/time/built-in.a
  CC      kernel/uid16.o
  CC      drivers/acpi/acpica/exsystem.o
  CC      drivers/pinctrl/qcom/pinctrl-sm7150.o
  CC      lib/zlib_inflate/infutil.o
  CC      drivers/clk/clk-bd718x7.o
  CC      kernel/kallsyms.o
  CC      net/x25/x25_in.o
  CC      fs/nls/nls_cp936.o
  CC      net/x25/x25_link.o
  AR      net/bridge/netfilter/built-in.a
  AR      net/bridge/built-in.a
  CC      drivers/pinctrl/sophgo/pinctrl-sg2042-ops.o
  CC      drivers/soc/aspeed/aspeed-socinfo.o
  CC      drivers/acpi/acpica/extrace.o
  CC      lib/zlib_inflate/inftrees.o
  CC      fs/romfs/storage.o
  CC      drivers/pci/controller/dwc/pcie-nxp-s32g.o
  CC      drivers/pinctrl/qcom/pinctrl-sm8150.o
  CC      fs/nls/nls_cp949.o
  CC      lib/zlib_inflate/inflate_syms.o
  AR      drivers/soc/aspeed/built-in.a
  CC      net/devlink/region.o
  AR      drivers/soc/bcm/built-in.a
  CC      drivers/acpi/acpica/exutils.o
  CC      drivers/soc/fsl/guts.o
  CC      drivers/clk/clk-cdce706.o
  CC      drivers/acpi/acpica/hwacpi.o
  CC      mm/secretmem.o
  CC      drivers/pinctrl/sophgo/pinctrl-cv1812h.o
  AR      lib/zlib_inflate/built-in.a
  CC      drivers/pinctrl/qcom/pinctrl-sm8350.o
  CC      lib/zlib_deflate/deflate.o
  CC      fs/nls/nls_cp950.o
  CC      fs/romfs/super.o
  CC      kernel/backtracetest.o
  CC      net/devlink/health.o
  CC      drivers/pci/controller/dwc/pcie-spear13xx.o
  CC      drivers/acpi/acpica/hwesleep.o
  CC      drivers/soc/fsl/dpio/dpio.o
  CC      net/x25/x25_out.o
  CC      mm/userfaultfd.o
  AR      drivers/pinctrl/qcom/built-in.a
  CC      drivers/virtio/virtio.o
  CC      kernel/cgroup/cgroup.o
  CC      fs/nls/nls_cp1250.o
  CC      lib/zlib_deflate/deftree.o
  CC      drivers/acpi/acpica/hwgpe.o
  CC      drivers/soc/fsl/dpio/qbman-portal.o
  CC      drivers/pinctrl/sophgo/pinctrl-sg2002.o
  CC      drivers/clk/clk-cs2000-cp.o
  CC      drivers/acpi/acpica/hwregs.o
  CC      fs/nls/nls_ascii.o
  CC      drivers/pci/controller/dwc/pci-keystone.o
  AR      fs/romfs/built-in.a
  CC      lib/zlib_deflate/deflate_syms.o
  CC      drivers/pci/controller/mobiveil/pcie-mobiveil.o
  CC      drivers/virtio/virtio_ring.o
  CC      kernel/cgroup/rstat.o
  CC      net/x25/x25_route.o
  CC      drivers/acpi/acpica/hwsleep.o
  CC      drivers/pci/controller/mobiveil/pcie-mobiveil-host.o
  CC      drivers/pinctrl/sophgo/pinctrl-sg2042.o
  CC      fs/nls/nls_iso8859-1.o
  AR      lib/zlib_deflate/built-in.a
  CC      lib/reed_solomon/reed_solomon.o
  CC      drivers/clk/clk-ep93xx.o
  CC      drivers/soc/fsl/dpio/dpio-service.o
  CC      net/devlink/trap.o
  CC      drivers/acpi/acpica/hwvalid.o
  CC      lib/bch.o
  CC      fs/nls/nls_iso8859-2.o
  CC      drivers/pinctrl/sophgo/pinctrl-sg2044.o
  CC      drivers/video/fbdev/sis/initextlfb.o
  CC      drivers/pci/controller/dwc/pci-layerscape.o
  CC      drivers/acpi/acpica/hwxface.o
  CC      drivers/pci/controller/mobiveil/pcie-mobiveil-plat.o
  CC      lib/reed_solomon/test_rslib.o
  CC      lib/lzo/lzo1x_compress.o
  CC      drivers/clk/clk-eyeq.o
  CC      fs/nls/nls_iso8859-5.o
  CC      net/x25/x25_subr.o
  AR      drivers/pinctrl/sophgo/built-in.a
  AR      drivers/pinctrl/spacemit/built-in.a
  CC      drivers/pinctrl/sprd/pinctrl-sprd.o
  CC      drivers/soc/fsl/dpio/dpio-driver.o
  CC      drivers/virtio/virtio_anchor.o
  CC      drivers/acpi/acpica/hwxfsleep.o
  CC      drivers/pinctrl/sprd/pinctrl-sprd-sc9860.o
  CC      fs/nls/nls_iso8859-7.o
  CC      lib/lzo/lzo1x_compress_safe.o
  AR      lib/reed_solomon/built-in.a
  CC      drivers/video/of_display_timing.o
  CC      drivers/clk/clk-gemini.o
  AR      drivers/pci/controller/mobiveil/built-in.a
  AR      drivers/video/fbdev/sis/built-in.a
  CC      drivers/clk/clk-hsdk-pll.o
  CC      mm/debug_page_ref.o
  CC      drivers/video/fbdev/via/viafbdev.o
  CC      drivers/pci/controller/dwc/pcie-qcom-common.o
  CC      drivers/acpi/acpica/hwpci.o
  CC      drivers/video/fbdev/via/hw.o
  AR      drivers/soc/fsl/dpio/built-in.a
  AR      drivers/virtio/built-in.a
  AR      drivers/soc/fsl/built-in.a
  CC      drivers/video/fbdev/via/via_i2c.o
  CC      fs/nls/nls_iso8859-9.o
  AR      drivers/pinctrl/sprd/built-in.a
  AR      drivers/soc/fujitsu/built-in.a
  CC      drivers/pinctrl/starfive/pinctrl-starfive-jh7100.o
  AR      drivers/soc/hisilicon/built-in.a
  CC      lib/lzo/lzo1x_decompress_safe.o
  CC      drivers/pinctrl/starfive/pinctrl-starfive-jh7110.o
  CC      drivers/soc/imx/soc-imx8m.o
  CC      drivers/acpi/container.o
  CC      net/x25/x25_timer.o
  CC      net/devlink/rate.o
  CC      drivers/clk/clk-k230.o
  CC      drivers/acpi/acpica/nsaccess.o
  CC      fs/nls/nls_iso8859-14.o
  CC      drivers/pci/controller/dwc/pcie-qcom.o
  CC      drivers/soc/imx/imx93-src.o
  AR      lib/lzo/built-in.a
  CC      fs/nls/nls_iso8859-15.o
  CC      kernel/cgroup/namespace.o
  CC      lib/lz4/lz4_compress.o
  CC      mm/damon/core.o
  CC      drivers/acpi/acpica/nsalloc.o
  CC      drivers/clk/clk-lmk04832.o
  CC      lib/zstd/zstd_compress_module.o
  CC      drivers/video/fbdev/savage/savagefb_driver.o
  CC      lib/lz4/lz4hc_compress.o
  CC      drivers/video/fbdev/via/dvi.o
  CC      drivers/pinctrl/starfive/pinctrl-starfive-jh7110-aon.o
  CC      drivers/soc/imx/soc-imx9.o
  CC      fs/nls/nls_koi8-r.o
  CC      fs/fuse/trace.o
  CC      net/x25/x25_proc.o
  CC      drivers/acpi/acpica/nsarguments.o
  CC      lib/zstd/compress/fse_compress.o
  CC      kernel/cgroup/cgroup-v1.o
  CC      fs/nls/nls_koi8-u.o
  AR      drivers/soc/imx/built-in.a
  AR      drivers/pinctrl/starfive/built-in.a
  CC      drivers/soc/ixp4xx/ixp4xx-qmgr.o
  CC      net/devlink/linecard.o
  CC      drivers/pinctrl/stm32/pinctrl-stm32.o
  CC      drivers/acpi/acpica/nsconvert.o
  CC      lib/zstd/compress/hist.o
  CC      drivers/pci/controller/dwc/pcie-qcom-ep.o
  CC      lib/zstd/compress/huf_compress.o
  CC      drivers/video/fbdev/via/lcd.o
  CC      drivers/pci/controller/dwc/pcie-armada8k.o
  CC      fs/nls/nls_koi8-ru.o
  CC      drivers/clk/clk-npcm8xx.o
  CC      fs/fuse/dev.o
  CC      drivers/acpi/acpica/nsdump.o
  CC      lib/lz4/lz4_decompress.o
  CC      net/x25/x25_forward.o
  AR      drivers/soc/ixp4xx/built-in.a
  CC      drivers/soc/litex/litex_soc_ctrl.o
  CC      drivers/video/fbdev/savage/savagefb-i2c.o
  CC      fs/nls/nls_utf8.o
  CC      lib/zstd/compress/zstd_compress.o
  CC      drivers/acpi/acpica/nseval.o
  CC      drivers/clk/clk-plldig.o
  AR      drivers/soc/litex/built-in.a
  CC      drivers/pinctrl/stm32/pinctrl-stm32h743.o
  AR      drivers/soc/loongson/built-in.a
  CC      drivers/soc/mediatek/mtk-devapc.o
  CC      drivers/acpi/acpica/nsinit.o
  CC      drivers/pci/controller/dwc/pcie-artpec6.o
  CC      drivers/video/fbdev/via/ioctl.o
  CC      fs/nls/mac-croatian.o
  AR      mm/damon/built-in.a
  CC      kernel/cgroup/freezer.o
  CC      mm/usercopy.o
  CC      net/devlink/sh_dev.o
  CC      fs/nls/mac-cyrillic.o
  CC      drivers/clk/clk-qoriq.o
  CC      drivers/pinctrl/stm32/pinctrl-stm32mp157.o
  CC      drivers/video/fbdev/savage/savagefb_accel.o
  AR      net/x25/built-in.a
  CC      drivers/clk/clk-rk808.o
  CC      drivers/acpi/acpica/nsload.o
  CC      drivers/soc/mediatek/mtk-infracfg.o
  CC      fs/nls/mac-gaelic.o
  CC      drivers/acpi/thermal_lib.o
  AR      lib/lz4/built-in.a
  CC      drivers/pci/controller/dwc/pcie-intel-gw.o
  CC      drivers/soc/mediatek/mtk-pmic-wrap.o
  CC      kernel/utsname.o
  CC      drivers/video/fbdev/via/accel.o
  CC      drivers/pinctrl/stm32/pinctrl-stm32-hdp.o
  CC      mm/percpu-stats.o
  CC      drivers/acpi/acpica/nsnames.o
  CC      fs/fuse/dir.o
  CC      fs/nls/mac-turkish.o
  CC      kernel/cgroup/legacy_freezer.o
  CC      drivers/video/of_videomode.o
  CC      drivers/vdpa/vdpa.o
  CC      drivers/clk/clk-rp1.o
  AR      drivers/video/fbdev/savage/built-in.a
  CC      drivers/clk/clk-rpmi.o
  AR      fs/nls/built-in.a
  CC      drivers/acpi/acpica/nsobject.o
  CC      drivers/clk/clk-s2mps11.o
  AR      net/devlink/built-in.a
  CC      net/can/af_can.o
  AR      drivers/pinctrl/stm32/built-in.a
  CC      lib/zstd/compress/zstd_compress_literals.o
  CC      drivers/soc/mediatek/mtk-svs.o
  AR      drivers/pinctrl/sunplus/built-in.a
  CC      drivers/regulator/core.o
  CC      drivers/video/fbdev/geode/gx1fb_core.o
  CC      drivers/pinctrl/tegra/pinctrl-tegra.o
  CC      lib/zstd/compress/zstd_compress_sequences.o
  CC      mm/memfd.o
  CC      drivers/pci/controller/dwc/pcie-keembay.o
  CC      drivers/video/fbdev/via/via_utility.o
  CC      drivers/acpi/acpica/nsparse.o
  CC      kernel/cgroup/misc.o
  CC      lib/zstd/compress/zstd_compress_superblock.o
  CC      drivers/pinctrl/tegra/pinctrl-tegra210.o
  CC      drivers/regulator/dummy.o
  CC      drivers/clk/clk-scmi.o
  CC      lib/zstd/compress/zstd_double_fast.o
  CC      drivers/acpi/acpica/nspredef.o
  CC      mm/page_reporting.o
  CC      drivers/pinctrl/tegra/pinctrl-tegra194.o
  CC      drivers/video/fbdev/geode/display_gx1.o
  CC      kernel/cgroup/debug.o
  CC      drivers/pci/controller/dwc/pcie-tegra194.o
  CC      fs/fuse/file.o
  CC      drivers/vdpa/vdpa_sim/vdpa_sim.o
  CC      drivers/clk/clk-si570.o
  CC      drivers/acpi/acpica/nsprepkg.o
  CC      net/can/raw.o
  CC      drivers/video/fbdev/via/vt1636.o
  CC      drivers/video/fbdev/neofb.o
  CC      drivers/clk/clk-tps68470.o
  CC      drivers/pinctrl/tegra/pinctrl-tegra234.o
  AR      drivers/soc/mediatek/built-in.a
  AR      drivers/soc/microchip/built-in.a
  CC      drivers/soc/nuvoton/wpcm450-soc.o
  CC      drivers/acpi/acpica/nsrepair.o
  CC      drivers/video/fbdev/geode/video_cs5530.o
  CC      drivers/video/fbdev/geode/lxfb_core.o
  CC      mm/shrinker_debug.o
  AR      kernel/cgroup/built-in.a
  CC      kernel/user_namespace.o
  CC      drivers/pinctrl/tegra/pinctrl-tegra238.o
  CC      drivers/clk/clk-twl.o
  CC      drivers/video/fbdev/via/global.o
  AR      drivers/soc/nuvoton/built-in.a
  CC      drivers/acpi/acpica/nsrepair2.o
  AR      drivers/soc/pxa/built-in.a
  CC      lib/zstd/compress/zstd_fast.o
  CC      drivers/soc/amlogic/meson-canvas.o
  CC      drivers/pci/controller/dwc/pcie-uniphier.o
  CC      drivers/vdpa/vdpa_sim/vdpa_sim_net.o
  CC      drivers/pinctrl/tegra/pinctrl-tegra-xusb.o
  CC      net/can/bcm.o
  CC      drivers/clk/clk-renesas-pcie.o
  CC      drivers/acpi/acpica/nssearch.o
  CC      fs/overlayfs/super.o
  CC      drivers/pci/controller/plda/pcie-plda-host.o
  CC      drivers/regulator/fixed-helper.o
  AR      mm/built-in.a
  AR      drivers/soc/amlogic/built-in.a
  CC      fs/fuse/inode.o
  CC      fs/overlayfs/namei.o
  CC      drivers/soc/qcom/qcom-geni-se.o
  CC      drivers/video/fbdev/geode/lxfb_ops.o
  CC      drivers/video/fbdev/via/tblDPASetting.o
  CC      drivers/acpi/acpica/nsutils.o
  CC      kernel/pid_namespace.o
  CC      drivers/pci/controller/dwc/pcie-visconti.o
  CC      drivers/regulator/helpers.o
  AR      drivers/pinctrl/tegra/built-in.a
  CC      drivers/clk/clk-si521xx.o
  AR      drivers/pinctrl/ti/built-in.a
  CC      drivers/pinctrl/ultrarisc/pinctrl-ultrarisc.o
  CC      drivers/pci/controller/plda/pcie-microchip-host.o
  CC      drivers/vdpa/vdpa_sim/vdpa_sim_blk.o
  CC      drivers/acpi/acpica/nswalk.o
  CC      lib/zstd/compress/zstd_lazy.o
  CC      drivers/video/fbdev/via/viamode.o
  AR      drivers/video/fbdev/geode/built-in.a
  CC      drivers/soc/qcom/cmd-db.o
  CC      drivers/pci/controller/plda/pcie-starfive.o
  CC      drivers/acpi/acpica/nsxfeval.o
  CC      fs/overlayfs/util.o
  CC      drivers/pci/controller/dwc/pcie-rcar-gen4.o
  CC      drivers/reset/core.o
  UPD     kernel/config_data
  CC      kernel/audit.o
  CC      net/can/j1939/address-claim.o
  CC      fs/fuse/control.o
  CC      drivers/pinctrl/ultrarisc/pinctrl-dp1000.o
  CC      drivers/acpi/acpica/nsxfname.o
  CC      drivers/clk/clk-versaclock3.o
  CC      drivers/regulator/devres.o
  CC      drivers/acpi/platform_profile.o
  CC      drivers/soc/qcom/ramp_controller.o
  CC      drivers/video/fbdev/via/via-core.o
  AR      drivers/pinctrl/ultrarisc/built-in.a
  CC      drivers/pinctrl/vt8500/pinctrl-wmt.o
  AR      drivers/pci/controller/plda/built-in.a
  AR      drivers/vdpa/vdpa_sim/built-in.a
  CC      drivers/reset/amlogic/reset-meson.o
  CC      drivers/vdpa/ifcvf/ifcvf_main.o
  CC      drivers/acpi/acpica/nsxfobj.o
  CC      drivers/pci/controller/dwc/pcie-spacemit-k1.o
  CC      drivers/soc/qcom/rpm_master_stats.o
  CC      fs/fuse/xattr.o
  CC      net/phonet/pn_dev.o
  CC      fs/overlayfs/inode.o
  CC      drivers/reset/hisilicon/hi6220_reset.o
  CC      net/can/j1939/bus.o
  CC      drivers/clk/clk-xgene.o
  CC      drivers/acpi/acpica/psargs.o
  CC      drivers/regulator/irq_helpers.o
  CC      drivers/reset/amlogic/reset-meson-aux.o
  CC      drivers/video/fbdev/via/via-gpio.o
  CC      drivers/pinctrl/vt8500/pinctrl-vt8500.o
  CC      drivers/soc/qcom/rpmh-rsc.o
  AR      drivers/reset/hisilicon/built-in.a
  CC      drivers/vdpa/ifcvf/ifcvf_base.o
  CC      drivers/reset/amlogic/reset-meson-common.o
  CC      drivers/acpi/acpica/psloop.o
  CC      drivers/pci/controller/dwc/pcie-stm32.o
  CC      fs/fuse/acl.o
  CC      drivers/clk/actions/owl-common.o
  CC      kernel/auditfilter.o
  CC      drivers/pinctrl/vt8500/pinctrl-wm8650.o
  CC      drivers/acpi/acpica/psobject.o
  CC      drivers/regulator/event.o
  CC      drivers/video/fbdev/via/via_modesetting.o
  CC      drivers/reset/amlogic/reset-meson-audio-arb.o
  CC      drivers/regulator/of_regulator.o
  CC      fs/overlayfs/file.o
  CC      net/phonet/pn_netlink.o
  CC      net/can/j1939/main.o
  CC      drivers/clk/actions/owl-gate.o
  CC      fs/fuse/readdir.o
  CC      drivers/acpi/acpica/psopcode.o
  AR      drivers/pinctrl/vt8500/built-in.a
  AR      drivers/pinctrl/built-in.a
  CC      drivers/soc/renesas/renesas-soc.o
  CC      drivers/pci/controller/dwc/pcie-stm32-ep.o
  AR      drivers/reset/amlogic/built-in.a
  CC      drivers/reset/spacemit/reset-spacemit-common.o
  CC      drivers/soc/qcom/rpmh.o
  CC      drivers/clk/actions/owl-mux.o
  AR      drivers/vdpa/ifcvf/built-in.a
  CC      drivers/video/fbdev/via/via_clock.o
  CC      drivers/vdpa/solidrun/snet_main.o
  CC      drivers/acpi/acpica/psopinfo.o
  CC      drivers/pci/controller/dwc/pcie-ultrarisc.o
  CC      drivers/regulator/fixed.o
  CC      drivers/soc/renesas/r9a08g045-sysc.o
  CC      drivers/reset/spacemit/reset-spacemit-k1.o
  CC      fs/overlayfs/dir.o
  CC      drivers/clk/actions/owl-divider.o
  CC      kernel/auditsc.o
  CC      drivers/soc/qcom/spm.o
  CC      drivers/acpi/acpica/psparse.o
  CC      net/phonet/socket.o
  CC      fs/fuse/ioctl.o
  CC      net/can/j1939/socket.o
  CC      fs/orangefs/acl.o
  CC      drivers/soc/renesas/r9a09g047-sys.o
  CC      drivers/reset/spacemit/reset-spacemit-k3.o
  CC      drivers/clk/actions/owl-factor.o
  CC      drivers/video/fbdev/via/via_aux.o
  CC      drivers/pci/controller/dwc/pcie-hisi.o
  CC      drivers/acpi/acpica/psscope.o
  CC      drivers/regulator/88pg86x.o
  CC      drivers/soc/renesas/r9a09g057-sys.o
  AR      drivers/reset/spacemit/built-in.a
  AR      drivers/reset/starfive/built-in.a
  CC      drivers/reset/sti/reset-stih407.o
  CC      drivers/clk/actions/owl-composite.o
  CC      drivers/soc/qcom/qcom-pbs.o
  CC      drivers/vdpa/solidrun/snet_ctrl.o
  CC      fs/fuse/req_timeout.o
  CC      drivers/acpi/acpica/pstree.o
  CC      fs/orangefs/file.o
  CC      fs/overlayfs/readdir.o
  CC      drivers/soc/renesas/rcar-mfis.o
  CC      net/phonet/datagram.o
  CC      drivers/video/fbdev/via/via_aux_edid.o
  AR      drivers/pci/controller/dwc/built-in.a
  CC      drivers/clk/actions/owl-pll.o
  CC      drivers/reset/sti/reset-syscfg.o
  AR      drivers/pci/controller/built-in.a
  AR      drivers/pci/built-in.a
  CC      drivers/soc/renesas/rcar-rst.o
  CC      drivers/acpi/acpica/psutils.o
  AR      drivers/soc/qcom/built-in.a
  CC      drivers/regulator/88pm800-regulator.o
  CC      lib/zstd/compress/zstd_ldm.o
  CC      fs/fuse/req.o
  CC      net/can/j1939/transport.o
  CC      kernel/audit_watch.o
  CC      drivers/clk/actions/owl-reset.o
  AR      drivers/reset/sti/built-in.a
  CC      kernel/audit_fsnotify.o
  CC      drivers/reset/reset-a10sr.o
  AR      drivers/reset/tegra/built-in.a
  CC      net/can/isotp.o
  CC      drivers/acpi/acpica/pswalk.o
  CC      drivers/soc/renesas/rzn1_irqmux.o
  CC      fs/orangefs/orangefs-cache.o
  CC      drivers/clk/actions/owl-s500.o
  CC      drivers/video/fbdev/via/via_aux_vt1636.o
  CC      drivers/vdpa/solidrun/snet_hwmon.o
  CC      drivers/regulator/aat2870-regulator.o
  CC      fs/fuse/poll.o
  CC      drivers/acpi/acpica/psxface.o
  CC      drivers/reset/reset-ath79.o
  CC      net/phonet/sysctl.o
  CC      fs/overlayfs/copy_up.o
  CC      drivers/soc/renesas/rz-sysc.o
  AR      drivers/clk/actions/built-in.a
  AR      drivers/clk/analogbits/built-in.a
  AR      drivers/clk/aspeed/built-in.a
  CC      drivers/clk/bcm/clk-bcm63xx.o
  CC      drivers/acpi/acpica/rsaddr.o
  CC      drivers/regulator/ad5398.o
  CC      kernel/audit_tree.o
  CC      fs/orangefs/orangefs-utils.o
  CC      drivers/reset/reset-axs10x.o
  CC      drivers/video/fbdev/via/via_aux_vt1632.o
  CC      fs/fuse/notify.o
  AR      drivers/soc/renesas/built-in.a
  CC      kernel/gcov/base.o
  CC      drivers/soc/rockchip/grf.o
  CC      lib/zstd/compress/zstd_opt.o
  CC      drivers/clk/bcm/clk-bcm63268-timer.o
  CC      drivers/acpi/acpica/rscalc.o
  AR      drivers/vdpa/solidrun/built-in.a
  AR      drivers/vdpa/built-in.a
  AR      net/can/j1939/built-in.a
  CC      drivers/acpi/acpica/rscreate.o
  CC      drivers/video/fbdev/via/via_aux_vt1631.o
  CC      drivers/reset/reset-bcm6345.o
  AR      net/can/built-in.a
  CC      drivers/reset/reset-berlin.o
  CC      net/phonet/af_phonet.o
  CC      kernel/gcov/fs.o
  CC      drivers/soc/rockchip/io-domain.o
  CC      drivers/clk/bcm/clk-kona.o
  CC      fs/overlayfs/export.o
  CC      drivers/regulator/adp5055-regulator.o
  CC      lib/xz/xz_dec_syms.o
  CC      drivers/acpi/acpica/rsdumpinfo.o
  CC      lib/zstd/compress/zstd_preSplit.o
  CC      kernel/gcov/gcc_base.o
  CC      fs/orangefs/xattr.o
  CC      fs/fuse/iomode.o
  CC      drivers/regulator/scmi-regulator.o
  CC      drivers/reset/reset-brcmstb.o
  CC      drivers/reset/reset-brcmstb-rescal.o
  CC      drivers/video/fbdev/via/via_aux_vt1625.o
  CC      lib/xz/xz_dec_stream.o
  CC      drivers/acpi/acpica/rsinfo.o
  CC      drivers/clk/eswin/clk.o
  CC      lib/zstd/zstd_decompress_module.o
  CC      kernel/gcov/gcc_4_7.o
  CC      drivers/clk/bcm/clk-kona-setup.o
  AR      drivers/soc/rockchip/built-in.a
  CC      drivers/clk/eswin/clk-eic7700.o
  CC      drivers/soc/sophgo/cv1800-rtcsys.o
  CC      fs/overlayfs/params.o
  CC      drivers/reset/reset-eic7700.o
  CC      net/phonet/pep.o
  CC      drivers/acpi/acpica/rsio.o
  CC      drivers/acpi/acpi_memhotplug.o
  AR      fs/fuse/built-in.a
  CC      lib/xz/xz_dec_lzma2.o
  AR      drivers/soc/sunxi/built-in.a
  CC      fs/orangefs/dcache.o
  CC      drivers/regulator/as3722-regulator.o
  CC      lib/zstd/decompress/huf_decompress.o
  AR      net/wireless/tests/built-in.a
  AR      net/wireless/built-in.a
  CC      lib/xz/xz_dec_bcj.o
  AR      drivers/soc/sophgo/built-in.a
  CC      fs/overlayfs/xattrs.o
  AR      drivers/clk/eswin/built-in.a
  AR      drivers/soc/ti/built-in.a
  CC      drivers/clk/bcm/clk-bcm281xx.o
  CC      drivers/acpi/acpica/rsirq.o
  CC      drivers/video/fbdev/via/via_aux_vt1622.o
  CC      drivers/soc/versatile/soc-integrator.o
  CC      drivers/acpi/acpica/rslist.o
  AR      kernel/gcov/built-in.a
  CC      drivers/reset/reset-eyeq.o
  CC      kernel/hung_task.o
  CC      kernel/watchdog.o
  CC      lib/audit.o
  CC      drivers/tty/tty_io.o
  CC      drivers/acpi/acpica/rsmemory.o
  CC      lib/xz/xz_dec_test.o
  AR      drivers/soc/versatile/built-in.a
  CC      drivers/clk/bcm/clk-bcm21664.o
  AR      drivers/soc/vt8500/built-in.a
  AR      drivers/soc/xilinx/built-in.a
  CC      drivers/tty/n_tty.o
  AR      drivers/soc/built-in.a
  CC      drivers/regulator/aw37503-regulator.o
  CC      fs/orangefs/inode.o
  AR      fs/hostfs/built-in.a
  CC      drivers/char/mem.o
  CC      drivers/reset/reset-imx7.o
  AR      fs/overlayfs/built-in.a
  CC      drivers/video/fbdev/via/via_aux_vt1621.o
  CC      drivers/iommu/arm/arm-smmu/arm-smmu.o
  CC      drivers/acpi/acpica/rsmisc.o
  CC      drivers/iommu/arm/arm-smmu/arm-smmu-impl.o
  CC      drivers/clk/bcm/clk-iproc-armpll.o
  AR      drivers/iommu/iommufd/built-in.a
  CC      drivers/iommu/arm/arm-smmu/arm-smmu-nvidia.o
  CC      kernel/relay.o
  AR      lib/xz/built-in.a
  CC      kernel/taskstats.o
  CC      net/phonet/pep-gprs.o
  CC      drivers/reset/reset-intel-gw.o
  CC      lib/zstd/decompress/zstd_ddict.o
  CC      drivers/acpi/acpica/rsserial.o
  CC      drivers/regulator/bd9576-regulator.o
  CC      lib/zstd/decompress/zstd_decompress.o
  CC      drivers/clk/bcm/clk-iproc-pll.o
  CC      drivers/char/random.o
  CC      drivers/video/fbdev/via/via_aux_sii164.o
  CC      lib/zstd/decompress/zstd_decompress_block.o
  CC      drivers/char/misc.o
  CC      drivers/reset/reset-k210.o
  CC      drivers/reset/reset-k230.o
  CC      fs/orangefs/orangefs-sysfs.o
  CC      drivers/acpi/acpica/rsutils.o
  CC      drivers/tty/tty_ioctl.o
  CC      drivers/reset/reset-lantiq.o
  CC      fs/debugfs/inode.o
  CC      drivers/clk/bcm/clk-iproc-asiu.o
  CC      kernel/tsacct.o
  CC      drivers/video/fbdev/tdfxfb.o
  CC      drivers/regulator/bq257xx-regulator.o
  AR      net/phonet/built-in.a
  CC      net/rfkill/core.o
  CC      drivers/acpi/acpica/rsxface.o
  CC      net/rfkill/input.o
  CC      drivers/video/fbdev/via/via_aux_ch7301.o
  CC      drivers/video/fbdev/imsttfb.o
  CC      drivers/reset/reset-microchip-sparx5.o
  AR      drivers/iommu/arm/arm-smmu/built-in.a
  AR      drivers/iommu/arm/arm-smmu-v3/built-in.a
  AR      drivers/iommu/arm/built-in.a
  CC      drivers/iommu/generic_pt/fmt/iommu_amdv1.o
  CC      drivers/clk/bcm/clk-bcm2835.o
  CC      drivers/tty/tty_ldisc.o
  CC      kernel/tracepoint.o
  CC      drivers/acpi/acpica/tbdata.o
  CC      fs/orangefs/orangefs-mod.o
  CC      drivers/reset/reset-qcom-aoss.o
  CC      drivers/char/sonypi.o
  CC      lib/fault-inject.o
  CC      drivers/regulator/bd96801-regulator.o
  CC      fs/debugfs/file.o
  AR      drivers/video/fbdev/via/built-in.a
  CC      net/rfkill/rfkill-gpio.o
  CC      drivers/regulator/da9052-regulator.o
  CC      drivers/acpi/acpica/tbfadt.o
  CC      fs/tracefs/inode.o
  CC      drivers/reset/reset-rzv2h-usb2phy.o
  CC      drivers/video/fbdev/vt8623fb.o
  CC      kernel/trace/trace_clock.o
  CC      drivers/tty/tty_buffer.o
  CC      drivers/clk/bcm/clk-bcm2835-aux.o
  CC      drivers/iommu/generic_pt/fmt/iommu_riscv64.o
  CC      fs/orangefs/super.o
  CC      fs/efivarfs/inode.o
  AR      net/rfkill/built-in.a
  CC      net/dcb/dcbnl.o
  CC      drivers/acpi/acpica/tbfind.o
  CC      net/dcb/dcbevent.o
  CC      kernel/trace/ring_buffer.o
  CC      drivers/reset/reset-scmi.o
  CC      drivers/char/nvram.o
  CC      drivers/clk/bcm/clk-raspberrypi.o
  CC      drivers/regulator/da9062-regulator.o
  CC      lib/zstd/zstd_common_module.o
  CC      drivers/acpi/acpica/tbinstal.o
  CC      fs/tracefs/event_inode.o
  CC      drivers/tty/tty_port.o
  AR      fs/debugfs/built-in.a
  CC      drivers/reset/reset-th1520.o
  CC      drivers/regulator/da9063-regulator.o
  CC      fs/efivarfs/file.o
  CC      drivers/video/fbdev/tridentfb.o
  CC      lib/zstd/common/debug.o
  CC      drivers/acpi/acpica/tbprint.o
  CC      drivers/clk/bcm/clk-cygnus.o
  CC      drivers/char/toshiba.o
  CC      lib/zstd/common/entropy_common.o
  CC      drivers/clk/imgtec/clk-boston.o
  CC      fs/orangefs/devorangefs-req.o
  CC      drivers/iommu/generic_pt/fmt/iommu_x86_64.o
  CC      drivers/reset/reset-ti-syscon.o
  CC      drivers/reset/reset-tps380x.o
  CC      lib/zstd/common/error_private.o
  CC      fs/efivarfs/super.o
  CC      drivers/acpi/acpica/tbutils.o
  CC      lib/zstd/common/fse_decompress.o
  CC      drivers/tty/tty_mutex.o
  CC      drivers/clk/bcm/clk-hr2.o
  AR      drivers/clk/imgtec/built-in.a
  AR      net/dcb/built-in.a
  CC      drivers/clk/bcm/clk-nsp.o
  CC      drivers/regulator/da9121-regulator.o
  CC      net/batman-adv/bat_algo.o
  CC      fs/efivarfs/vars.o
  AR      fs/tracefs/built-in.a
  CC      fs/orangefs/namei.o
  CC      drivers/char/hw_random/core.o
  CC      drivers/reset/reset-tn48m.o
  CC      lib/zstd/common/zstd_common.o
  CC      drivers/acpi/acpica/tbxface.o
  AR      lib/zstd/built-in.a
  CC      lib/fault-inject-usercopy.o
  CC      drivers/char/hw_random/timeriomem-rng.o
  CC      drivers/clk/bcm/clk-sr.o
  CC      lib/notifier-error-inject.o
  CC      drivers/tty/tty_ldsem.o
  CC      drivers/video/fbdev/s3fb.o
  AR      drivers/iommu/generic_pt/fmt/built-in.a
  CC      drivers/acpi/acpica/tbxfload.o
  CC      drivers/reset/reset-uniphier.o
  CC      drivers/video/fbdev/arkfb.o
  CC      drivers/iommu/iommu.o
  CC      drivers/tty/tty_baudrate.o
  AR      fs/efivarfs/built-in.a
  CC      drivers/clk/imx/clk.o
  CC      net/batman-adv/bat_iv_ogm.o
  CC      drivers/char/hw_random/intel-rng.o
  AR      drivers/clk/bcm/built-in.a
  CC      drivers/regulator/da9210-regulator.o
  CC      kernel/trace/ring_buffer_benchmark.o
  CC      drivers/char/nsc_gpio.o
  CC      fs/orangefs/symlink.o
  CC      lib/syscall.o
  CC      drivers/acpi/acpica/tbxfroot.o
  CC      drivers/acpi/acpica/utaddress.o
  CC      drivers/reset/reset-zynq.o
  CC      lib/dynamic_debug.o
  CC      drivers/tty/tty_jobctrl.o
  CC      drivers/clk/imx/clk-busy.o
  CC      net/batman-adv/bitarray.o
  CC      drivers/acpi/acpica/utalloc.o
  AR      drivers/reset/built-in.a
  CC      drivers/acpi/acpica/utascii.o
  CC      drivers/char/hw_random/amd-rng.o
  CC      drivers/char/tlclk.o
  CC      kernel/trace/trace.o
  CC      drivers/acpi/ioapic.o
  CC      net/nfc/core.o
  CC      drivers/video/fbdev/hecubafb.o
  CC      drivers/clk/imx/clk-composite-7ulp.o
  CC      drivers/regulator/da9211-regulator.o
  CC      fs/orangefs/dir.o
  CC      drivers/iommu/iommu-pages.o
  CC      drivers/tty/n_null.o
  CC      drivers/acpi/acpica/utbuffer.o
  CC      drivers/clk/imx/clk-composite-8m.o
  CC      drivers/char/hw_random/atmel-rng.o
  CC      drivers/acpi/acpica/utcksum.o
  CC      drivers/video/fbdev/n411.o
  CC      net/batman-adv/fragmentation.o
  CC      drivers/iommu/iommu-traces.o
  CC      drivers/video/fbdev/atmel_lcdfb.o
  CC      kernel/irq_work.o
  CC      lib/errname.o
  CC      drivers/tty/pty.o
  CC      lib/nlattr.o
  CC      drivers/clk/imx/clk-composite-93.o
  CC      drivers/regulator/gpio-regulator.o
  CC      kernel/trace/trace_output.o
  CC      fs/orangefs/orangefs-bufmap.o
  CC      drivers/acpi/acpica/utcopy.o
  CC      lib/atomic64_test.o
  CC      drivers/char/hw_random/ba431-rng.o
  CC      net/nfc/netlink.o
  CC      lib/dynamic_queue_limits.o
  CC      drivers/clk/imx/clk-fracn-gppll.o
  CC      drivers/acpi/acpica/utexcep.o
  CC      drivers/video/fbdev/pvr2fb.o
  CC      drivers/char/hw_random/geode-rng.o
  CC      drivers/regulator/hi6421-regulator.o
  CC      net/batman-adv/gateway_client.o
  CC      drivers/char/hw_random/exynos-trng.o
  CC      drivers/iommu/iommu-sysfs.o
  CC      drivers/tty/tty_audit.o
  CC      drivers/acpi/acpica/utdebug.o
  CC      drivers/clk/imx/clk-cpu.o
  CC      fs/orangefs/orangefs-debugfs.o
  CC      drivers/acpi/acpica/utdecode.o
  CC      net/nfc/af_nfc.o
  CC      drivers/gpu/host1x/bus.o
  CC      drivers/char/hw_random/virtio-rng.o
  CC      net/nfc/rawsock.o
  CC      drivers/clk/imx/clk-divider-gate.o
  CC      drivers/acpi/acpica/utdelete.o
  CC      drivers/video/fbdev/sstfb.o
  CC      drivers/regulator/hi6421v530-regulator.o
  CC      drivers/iommu/dma-iommu.o
  CC      drivers/tty/vt/vt_ioctl.o
  CC      drivers/gpu/drm/drm_panel_orientation_quirks.o
  CC      drivers/tty/vt/vc_screen.o
  CC      kernel/trace/trace_seq.o
  CC      drivers/clk/imx/clk-fixup-div.o
  CC      drivers/acpi/acpica/uterror.o
  CC      drivers/char/hw_random/imx-rngc.o
  CC      net/batman-adv/gateway_common.o
  CC      fs/orangefs/waitqueue.o
  CC      drivers/gpu/host1x/syncpt.o
  CC      drivers/tty/serial/serial_core.o
  AR      drivers/gpu/drm/tests/built-in.a
  CC      drivers/regulator/hi655x-regulator.o
  AR      drivers/gpu/drm/arm/built-in.a
  AR      drivers/gpu/drm/clients/built-in.a
  AR      drivers/gpu/drm/display/built-in.a
  AR      drivers/gpu/drm/renesas/rcar-du/built-in.a
  AR      drivers/gpu/drm/renesas/rz-du/built-in.a
  CC      drivers/clk/imx/clk-fixup-mux.o
  CC      drivers/acpi/acpica/uteval.o
  AR      drivers/gpu/drm/renesas/built-in.a
  CC      lib/glob.o
  CC      kernel/trace/trace_stat.o
  AR      drivers/gpu/drm/omapdrm/built-in.a
  AR      drivers/gpu/drm/tilcdc/built-in.a
  AR      drivers/gpu/drm/imx/built-in.a
  CC      drivers/clk/ingenic/cgu.o
  CC      net/nfc/llcp_core.o
  AR      drivers/gpu/drm/panel/built-in.a
  AR      drivers/gpu/drm/bridge/analogix/built-in.a
  AR      drivers/gpu/drm/bridge/cadence/built-in.a
  CC      drivers/video/fbdev/gbefb.o
  AR      drivers/gpu/drm/bridge/imx/built-in.a
  AR      drivers/gpu/drm/bridge/synopsys/built-in.a
  AR      drivers/gpu/drm/bridge/built-in.a
  CC      drivers/char/hw_random/ingenic-trng.o
  CC      drivers/tty/vt/selection.o
  AR      drivers/gpu/drm/hisilicon/built-in.a
  AR      drivers/gpu/drm/mxsfb/built-in.a
  AR      drivers/gpu/drm/sysfb/built-in.a
  AR      drivers/gpu/drm/tiny/built-in.a
  AR      drivers/gpu/drm/xlnx/built-in.a
  AR      drivers/gpu/drm/gud/built-in.a
  AR      drivers/gpu/drm/sitronix/built-in.a
  AR      drivers/gpu/drm/solomon/built-in.a
  CC      drivers/clk/imx/clk-frac-pll.o
  CC      drivers/acpi/acpica/utglobal.o
  AR      drivers/gpu/drm/built-in.a
  CC      drivers/clk/ingenic/pm.o
  CC      lib/dim/dim.o
  CC      drivers/iommu/io-pgtable.o
  CC      drivers/gpu/host1x/dev.o
  CC      net/batman-adv/hard-interface.o
  AR      fs/orangefs/built-in.a
  AR      fs/built-in.a
  CC      drivers/char/hw_random/hisi-rng.o
  CC      drivers/regulator/isl6271a-regulator.o
  CC      drivers/char/hw_random/histb-rng.o
  CC      net/batman-adv/hash.o
  CC      drivers/acpi/acpica/uthex.o
  CC      drivers/clk/ingenic/jz4740-cgu.o
  CC      drivers/clk/imx/clk-gate2.o
  CC      kernel/trace/trace_printk.o
  CC      lib/dim/net_dim.o
  CC      drivers/tty/vt/keyboard.o
  CC      drivers/clk/imx/clk-gate-93.o
  CC      drivers/video/fbdev/cirrusfb.o
  CC      drivers/char/hw_random/bcm2835-rng.o
  CC      drivers/iommu/io-pgtable-arm-v7s.o
  CC      drivers/acpi/acpica/utids.o
  CC      drivers/clk/ingenic/jz4755-cgu.o
  CC      drivers/acpi/acpica/utinit.o
  CC      drivers/tty/serial/serial_base_bus.o
  CC      drivers/regulator/isl9305.o
  CC      net/nfc/llcp_commands.o
  CC      drivers/clk/imx/clk-gate-exclusive.o
  CC      drivers/acpi/acpica/utlock.o
  CC      drivers/char/hw_random/bcm74110-rng.o
  CC      drivers/regulator/lm363x-regulator.o
  CC      drivers/clk/ingenic/jz4725b-cgu.o
  CC      kernel/trace/trace_pid.o
  CC      drivers/char/hw_random/st-rng.o
  CC      lib/dim/rdma_dim.o
  CC      net/batman-adv/main.o
  CC      drivers/acpi/acpica/utmath.o
  CC      drivers/clk/imx/clk-pfd.o
  CC      drivers/iommu/io-pgtable-arm.o
  CC      drivers/gpu/host1x/intr.o
  CC      drivers/regulator/lp3972.o
  CC      drivers/tty/serial/serial_ctrl.o
  CC      drivers/clk/ingenic/jz4770-cgu.o
  AR      drivers/gpu/vga/built-in.a
  CC      drivers/tty/vt/vt.o
  COPY    drivers/tty/vt/defkeymap.c
  CC      drivers/clk/ingenic/jz4780-cgu.o
  CC      drivers/char/hw_random/xgene-rng.o
  AR      lib/dim/built-in.a
  CC      drivers/video/fbdev/asiliantfb.o
  CC      lib/strncpy_from_user.o
  CC      drivers/acpi/acpica/utmisc.o
  CC      drivers/acpi/acpica/utmutex.o
  CC      drivers/clk/imx/clk-pfdv2.o
  CC      kernel/bpf/core.o
  CC      kernel/trace/trace_snapshot.o
  AR      drivers/clk/ingenic/built-in.a
  CC      kernel/bpf/syscall.o
  CC      drivers/tty/serial/serial_port.o
  CC      net/nfc/llcp_sock.o
  CC      drivers/gpu/host1x/cdma.o
  AR      drivers/char/agp/built-in.a
  CC      net/batman-adv/mesh-interface.o
  CC      drivers/acpi/acpica/utnonansi.o
  CC      drivers/char/hw_random/pic32-rng.o
  CC      drivers/regulator/lp873x-regulator.o
  CC      lib/strnlen_user.o
  CC      drivers/clk/imx/clk-pllv1.o
  CC      drivers/iommu/iova.o
  CC      lib/net_utils.o
  CC      drivers/video/fbdev/pxa168fb.o
  CC      drivers/acpi/acpica/utobject.o
  CC      drivers/char/hw_random/mtk-rng.o
  CC      drivers/clk/imx/clk-pllv2.o
  CC      drivers/tty/serial/earlycon.o
  CC      drivers/acpi/acpica/utosi.o
  CC      kernel/trace/pid_list.o
  CC      drivers/gpu/host1x/channel.o
  CC      drivers/regulator/lp8755.o
  CC      drivers/iommu/of_iommu.o
  CC      lib/sg_split.o
  CC      drivers/regulator/ltc3589.o
  CC      drivers/char/hw_random/ks-sa-rng.o
  CC      drivers/clk/imx/clk-pllv3.o
  CC      drivers/acpi/acpica/utownerid.o
  CC      net/nfc/nci/core.o
  CC      net/batman-adv/netlink.o
  CC      drivers/tty/vt/consolemap.o
  CC      drivers/tty/serial/8250/8250_core.o
  CC      drivers/video/fbdev/mmp/core.o
  CC      drivers/char/hw_random/npcm-rng.o
  CC      lib/stmp_device.o
  CC      drivers/clk/imx/clk-pllv4.o
  CC      drivers/acpi/acpica/utpredef.o
  CC      drivers/gpu/host1x/job.o
  CC      kernel/trace/tracing_map.o
  CC      drivers/iommu/mtk_iommu.o
  CC      lib/irq_poll.o
  CC      net/nfc/nci/data.o
  CC      drivers/regulator/ltc3676.o
  CC      drivers/char/hw_random/cctrng.o
  CC      drivers/acpi/acpica/utresdecode.o
  CC      drivers/clk/imx/clk-pll14xx.o
  AR      drivers/video/fbdev/mmp/hw/built-in.a
  HOSTCC  drivers/tty/vt/conmakehash
  CC      drivers/video/fbdev/mmp/panel/tpo_tj032md01bw.o
  COPY    drivers/tty/vt/ucs_width_table.h
  CC      drivers/gpu/host1x/debug.o
  COPY    drivers/tty/vt/ucs_recompose_table.h
  COPY    drivers/tty/vt/ucs_fallback_table.h
  CC      drivers/tty/vt/defkeymap.o
  CC      drivers/acpi/acpica/utresrc.o
  CC      drivers/tty/serial/8250/8250_platform.o
  CC      net/batman-adv/originator.o
  CC      lib/stackdepot.o
  AR      drivers/gpu/tests/built-in.a
  CC      net/batman-adv/routing.o
  CC      drivers/acpi/bgrt.o
  CONMK   drivers/tty/vt/consolemap_deftbl.c
  CC      drivers/tty/vt/ucs.o
  CC      drivers/char/hw_random/rockchip-rng.o
  CC      drivers/clk/imx/clk-sscg-pll.o
  CC      kernel/trace/trace_sched_switch.o
  CC      drivers/iommu/rockchip-iommu.o
  CC      drivers/regulator/max14577-regulator.o
  CC      drivers/tty/vt/consolemap_deftbl.o
  AR      drivers/tty/vt/built-in.a
  CC      drivers/acpi/acpica/utstate.o
  CC      drivers/regulator/max1586.o
  CC      net/nfc/nci/lib.o
  CC      kernel/bpf/verifier.o
  AR      drivers/video/fbdev/mmp/panel/built-in.a
  CC      drivers/video/fbdev/mmp/fb/mmpfb.o
  CC      drivers/gpu/host1x/mipi.o
  CC      drivers/char/hw_random/xilinx-trng.o
  CC      drivers/iommu/exynos-iommu.o
  CC      drivers/tty/serial/8250/8250_pnp.o
  CC      drivers/acpi/acpica/utstring.o
  CC      lib/ref_tracker.o
  CC      drivers/clk/imx/clk-gpr-mux.o
  CC      drivers/gpu/host1x/tegra114-mipi.o
  CC      drivers/iommu/virtio-iommu.o
  CC      kernel/static_call.o
  CC      net/nfc/nci/ntf.o
  AR      drivers/char/hw_random/built-in.a
  CC      kernel/trace/trace_preemptirq.o
  CC      drivers/regulator/max77503-regulator.o
  CC      drivers/video/fbdev/wm8505fb.o
  CC      drivers/acpi/acpica/utstrsuppt.o
  CC      drivers/char/hangcheck-timer.o
  CC      net/batman-adv/send.o
  CC      drivers/clk/imx/clk-imx8mq.o
  CC      drivers/tty/serial/8250/8250_port.o
  AR      drivers/video/fbdev/mmp/fb/built-in.a
  AR      drivers/video/fbdev/mmp/built-in.a
  CC      kernel/bpf/inode.o
  CC      lib/bootconfig.o
  CC      drivers/gpu/trace/trace_gpu_mem.o
  CC      drivers/acpi/acpica/utstrtoul64.o
  CC      drivers/gpu/host1x/fence.o
  CC      net/psample/psample.o
  CC      drivers/char/tpm/tpm-chip.o
  CC      drivers/regulator/max77541-regulator.o
  CC      drivers/clk/imx/clk-imx93.o
  CC      drivers/video/fbdev/metronomefb.o
  CC      drivers/iommu/sprd-iommu.o
  CC      kernel/trace/trace_irqsoff.o
  CC      drivers/acpi/acpica/utxface.o
  CC      net/nfc/nci/rsp.o
  CC      net/batman-adv/tp_meter.o
  CC      lib/rbtree_test.o
  CC      drivers/gpu/host1x/hw/host1x01.o
  AR      drivers/gpu/trace/built-in.a
  CC      lib/asn1_decoder.o
  CC      drivers/acpi/acpica/utxfinit.o
  CC      drivers/clk/imx/clk-imx8ulp.o
  CC      drivers/char/tpm/tpm-dev-common.o
  CC      kernel/bpf/helpers.o
  CC      drivers/regulator/max77620-regulator.o
  CC      drivers/iommu/vsi-iommu.o
  CC      drivers/tty/serial/8250/8250_dwlib.o
  AR      net/psample/built-in.a
  CC      drivers/regulator/max77650-regulator.o
  CC      kernel/trace/trace_sched_wakeup.o
  CC      drivers/acpi/acpica/utxferror.o
  CC      drivers/connector/cn_queue.o
  CC      drivers/video/fbdev/imxfb.o
  CC      lib/fonts/fonts.o
  CC      drivers/clk/imx/clk-imx8ulp-sim-lpav.o
  CC      drivers/gpu/host1x/hw/host1x02.o
  CC      drivers/char/tpm/tpm-dev.o
  CC      drivers/acpi/acpica/utxfmutex.o
  CC      net/nfc/nci/hci.o
  CC      lib/fonts/font_8x16.o
  AR      drivers/iommu/built-in.a
  CC      drivers/clk/keystone/pll.o
  CC      drivers/tty/serial/8250/8250_pcilib.o
  CC      drivers/gpu/host1x/hw/host1x04.o
  CC      net/batman-adv/translation-table.o
  CC      drivers/regulator/max77675-regulator.o
  CC      drivers/clk/imx/clk-imxrt1050.o
  AR      drivers/acpi/acpica/built-in.a
  CC      kernel/trace/trace_hwlat.o
  CC      drivers/acpi/spcr.o
  AR      lib/fonts/built-in.a
  CC      drivers/connector/connector.o
  GEN     lib/oid_registry_data.c
  CC      drivers/char/tpm/tpm-interface.o
  CC      drivers/video/fbdev/gxt4500.o
  CC      drivers/clk/keystone/gate.o
  CC      drivers/tty/serial/8250/8250_early.o
  CC      lib/ucs2_string.o
  AR      drivers/clk/imx/built-in.a
  CC      net/batman-adv/tvlv.o
  CC      drivers/acpi/acpi_configfs.o
  AR      net/nfc/nci/built-in.a
  CC      net/nfc/hci/core.o
  CC      drivers/regulator/max8649.o
  CC      drivers/clk/keystone/syscon-clk.o
  CC      drivers/gpu/host1x/hw/host1x05.o
  CC      kernel/trace/trace_osnoise.o
  CC      net/nfc/hci/hcp.o
  CC      drivers/char/tpm/tpm1-cmd.o
  CC      net/batman-adv/version.o
  CC      drivers/tty/serial/8250/8250_exar.o
  AR      drivers/connector/built-in.a
  CC      net/nfc/hci/command.o
  AR      drivers/video/fbdev/omap/built-in.a
  AR      drivers/video/fbdev/omap2/omapfb/dss/built-in.a
  AR      drivers/video/fbdev/omap2/omapfb/displays/built-in.a
  AR      drivers/video/fbdev/omap2/omapfb/built-in.a
  AR      drivers/video/fbdev/omap2/built-in.a
  CC      drivers/video/fbdev/carminefb.o
  AR      drivers/clk/keystone/built-in.a
  CC      drivers/clk/mediatek/clk-mtk.o
  CC      kernel/trace/trace_nop.o
  CC      drivers/acpi/pmic/tps68470_pmic.o
  CC      drivers/char/tpm/tpm2-cmd.o
  CC      drivers/regulator/max8893.o
  CC      drivers/regulator/max8952.o
  AR      net/batman-adv/built-in.a
  CC      kernel/events/core.o
  CC      lib/parman.o
  CC      drivers/gpu/host1x/hw/host1x06.o
  CC      kernel/bpf/tnum.o
  CC      net/nfc/hci/llc.o
  CC      net/nfc/hci/llc_nop.o
  CC      drivers/clk/mediatek/clk-pll.o
  CC      drivers/tty/serial/8250/8250_lpss.o
  AR      drivers/acpi/pmic/built-in.a
  AR      drivers/acpi/dptf/built-in.a
  CC      drivers/acpi/viot.o
  CC      drivers/video/fbdev/ocfb.o
  CC      drivers/tty/serial/8250/8250_mid.o
  CC      drivers/tty/serial/serial_mctrl_gpio.o
  CC      kernel/events/ring_buffer.o
  CC      drivers/char/tpm/tpmrm-dev.o
  CC      drivers/regulator/max8997-regulator.o
  CC      drivers/clk/mediatek/clk-gate.o
  CC      kernel/trace/trace_mmiotrace.o
  CC      drivers/tty/serdev/core.o
  CC      drivers/gpu/host1x/hw/host1x07.o
  CC      net/nfc/hci/llc_shdlc.o
  AR      drivers/clk/microchip/built-in.a
  CC      drivers/clk/mediatek/clk-apmixed.o
  CC      drivers/acpi/x86/apple.o
  CC      drivers/tty/serial/8250/8250_pci.o
  CC      kernel/bpf/cnum.o
  CC      lib/group_cpus.o
  CC      drivers/video/fbdev/uvesafb.o
  CC      lib/objagg.o
  CC      drivers/char/tpm/tpm2-space.o
  CC      kernel/bpf/log.o
  CC      drivers/clk/mediatek/clk-cpumux.o
  CC      drivers/tty/serdev/serdev-ttyport.o
  CC      drivers/gpu/host1x/hw/host1x08.o
  CC      drivers/acpi/x86/cmos_rtc.o
  CC      net/ife/ife.o
  CC      kernel/trace/trace_branch.o
  AR      net/nfc/hci/built-in.a
  AR      net/nfc/built-in.a
  CC      drivers/regulator/max20086-regulator.o
  CC      kernel/bpf/token.o
  CC      kernel/bpf/liveness.o
  CC      drivers/clk/mediatek/reset.o
  CC      drivers/char/tpm/tpm-sysfs.o
  AR      drivers/tty/serdev/built-in.a
  CC      drivers/acpi/x86/lpss.o
  CC      drivers/tty/serial/8250/8250_pericom.o
  CC      lib/pldmfw/pldmfw.o
  CC      drivers/clk/mediatek/clk-mux.o
  CC      kernel/trace/trace_events.o
  CC      drivers/gpu/host1x/context.o
  CC      drivers/regulator/max77686-regulator.o
  CC      lib/fw_table.o
  CC      drivers/video/fbdev/efifb.o
  AR      net/ife/built-in.a
  CC      kernel/events/callchain.o
  CC      net/vmw_vsock/af_vsock.o
  CC      drivers/clk/mstar/clk-msc313-cpupll.o
  CC      drivers/char/tpm/eventlog/common.o
  CC      drivers/tty/serial/8250/8250_tegra.o
  AR      lib/pldmfw/built-in.a
  CC      drivers/acpi/x86/s2idle.o
  CC      drivers/clk/mediatek/clk-fhctl.o
  CC      drivers/clk/mstar/clk-msc313-mpll.o
  CC      net/vmw_vsock/af_vsock_tap.o
  CC      drivers/gpu/host1x/context_bus.o
  CC      drivers/video/fbdev/ssd1307fb.o
  CC      drivers/clk/mediatek/clk-pllfh.o
  CC      drivers/regulator/max77693-regulator.o
  AR      drivers/clk/mstar/built-in.a
  CC      drivers/char/tpm/eventlog/tpm1.o
  CC      kernel/trace/trace_export.o
  CC      drivers/char/xillybus/xillybus_class.o
  CC      kernel/bpf/const_fold.o
  CC      drivers/acpi/x86/utils.o
  CC      drivers/base/component.o
  AR      drivers/gpu/host1x/built-in.a
  AR      drivers/tty/serial/8250/built-in.a
  AR      drivers/gpu/built-in.a
  AR      drivers/tty/serial/built-in.a
  CC      drivers/char/xillybus/xillybus_core.o
  AR      drivers/tty/ipwireless/built-in.a
  AR      drivers/tty/built-in.a
  CC      net/mpls/mpls_gso.o
  CC      drivers/clk/mediatek/clk-mt6779.o
  CC      drivers/base/core.o
  CC      lib/test_context-analysis.o
  CC      drivers/regulator/max77802-regulator.o
  CC      drivers/video/fbdev/simplefb.o
  CC      kernel/events/hw_breakpoint.o
  CC      net/vmw_vsock/vsock_addr.o
  CC      kernel/trace/trace_event_perf.o
  AR      drivers/clk/mvebu/built-in.a
  CC      kernel/trace/trace_events_filter.o
  CC      drivers/clk/mediatek/clk-mt6779-mm.o
  CC      drivers/acpi/x86/blacklist.o
  CC      drivers/char/tpm/eventlog/tpm2.o
  CC      drivers/clk/mediatek/clk-mt6779-img.o
  CC      kernel/bpf/bpf_iter.o
  AR      net/mpls/built-in.a
  CC      net/nsh/nsh.o
  CC      drivers/clk/mediatek/clk-mt6779-ipe.o
  AR      drivers/acpi/x86/built-in.a
  TEST    lib/test_fortify/read_overflow-memchr.log
  AR      drivers/acpi/built-in.a
  CC      drivers/char/tpm/tpm-buf.o
  CC      drivers/char/xillybus/xillybus_of.o
  CC      drivers/regulator/max77826-regulator.o
  CC      drivers/char/tpm/tpm2-sessions.o
  CC      drivers/video/fbdev/vfb.o
  CC      drivers/char/tpm/tpm_ppi.o
  CC      kernel/jump_label.o
  CC      net/vmw_vsock/vsock_bpf.o
  TEST    lib/test_fortify/read_overflow-memchr_inv.log
  CC      kernel/trace/trace_events_trigger.o
  CC      drivers/clk/mediatek/clk-mt6779-vdec.o
  CC      kernel/events/uprobes.o
  CC      kernel/bpf/map_iter.o
  AR      drivers/char/xillybus/built-in.a
  TEST    lib/test_fortify/read_overflow-memcmp.log
  CC      drivers/base/bus.o
  CC      net/hsr/hsr_main.o
  CC      drivers/regulator/max77857-regulator.o
  CC      drivers/clk/mediatek/clk-mt6779-venc.o
  AR      net/nsh/built-in.a
  CC      kernel/context_tracking.o
  CC      drivers/base/dd.o
  CC      net/qrtr/af_qrtr.o
  AR      drivers/video/fbdev/built-in.a
  CC      drivers/char/tpm/eventlog/acpi.o
  AR      drivers/video/built-in.a
  TEST    lib/test_fortify/read_overflow-memscan.log
  CC      drivers/base/syscore.o
  CC      drivers/clk/ralink/clk-mtmips.o
  CC      drivers/clk/mediatek/clk-mt6779-mfg.o
  CC      kernel/trace/trace_events_synth.o
  TEST    lib/test_fortify/read_overflow2-memcmp.log
  CC      net/hsr/hsr_framereg.o
  CC      net/vmw_vsock/diag.o
  TEST    lib/test_fortify/read_overflow2-memcpy.log
  TEST    lib/test_fortify/read_overflow2-memmove.log
  CC      kernel/bpf/task_iter.o
  AR      drivers/clk/ralink/built-in.a
  CC      drivers/char/tpm/eventlog/efi.o
  CC      drivers/regulator/mc13783-regulator.o
  CC      net/xdp/xsk.o
  AR      lib/lib.a
  CC      drivers/clk/mediatek/clk-mt6779-aud.o
  CC      net/qrtr/ns.o
  CC      kernel/bpf/prog_iter.o
  CC      drivers/base/driver.o
  CC      lib/oid_registry.o
  TEST    lib/test_fortify/read_overflow2_field-memcpy.log
  CC      kernel/trace/trace_events_hist.o
  AR      kernel/events/built-in.a
  CC      net/vmw_vsock/vmci_transport.o
  CC      drivers/clk/mediatek/clk-mt6795-apmixedsys.o
  CC      net/vmw_vsock/vmci_transport_notify.o
  TEST    lib/test_fortify/read_overflow2_field-memmove.log
  CC      drivers/base/class.o
  CC      kernel/trace/bpf_trace.o
  CC      drivers/char/tpm/eventlog/of.o
  CC      drivers/regulator/mc13892-regulator.o
  AR      drivers/clk/renesas/built-in.a
  CC      drivers/char/tpm/tpm_tis_core.o
  CC      net/hsr/hsr_device.o
  CC      drivers/char/tpm/tpm_tis.o
  CC      drivers/clk/mediatek/clk-mt6795-infracfg.o
  CC      drivers/regulator/mc13xxx-regulator-core.o
  TEST    lib/test_fortify/write_overflow-memcpy.log
  CC      kernel/bpf/link_iter.o
  CC      drivers/base/platform.o
  CC      drivers/clk/mediatek/clk-mt6795-pericfg.o
  AR      drivers/block/built-in.a
  TEST    lib/test_fortify/write_overflow-memmove.log
  CC      drivers/clk/mediatek/clk-mt6795-topckgen.o
  CC      net/qrtr/tun.o
  CC      drivers/base/cpu.o
  CC      net/xdp/xdp_umem.o
  CC      net/vmw_vsock/vmci_transport_notify_qstate.o
  CC      drivers/clk/samsung/clk.o
  CC      drivers/regulator/mcp16502.o
  TEST    lib/test_fortify/write_overflow-memset.log
  CC      drivers/char/tpm/tpm_tis_i2c_cr50.o
  AR      drivers/clk/sifive/built-in.a
  AR      lib/built-in.a
  CC      drivers/char/tpm/tpm_tis_i2c.o
  CC      kernel/trace/error_report-traces.o
  CC      drivers/clk/mediatek/clk-mt6795-mfg.o
  CC      net/hsr/hsr_netlink.o
  CC      kernel/bpf/hashtab.o
  CC      kernel/torture.o
  TEST    lib/test_fortify/write_overflow-strcpy-lit.log
  AR      net/qrtr/built-in.a
  CC      drivers/clk/samsung/clk-pll.o
  CC      net/hsr/hsr_slave.o
  CC      drivers/clk/mediatek/clk-mt7622-apmixedsys.o
  CC      drivers/base/firmware.o
  CC      drivers/regulator/mp5416.o
  TEST    lib/test_fortify/write_overflow-strcpy.log
  CC      kernel/bpf/arraymap.o
  CC      net/xdp/xsk_queue.o
  CC      net/vmw_vsock/virtio_transport.o
  CC      kernel/bpf/percpu_freelist.o
  CC      kernel/trace/power-traces.o
  CC      kernel/bpf/bpf_lru_list.o
  CC      drivers/char/tpm/tpm_i2c_atmel.o
  CC      drivers/base/init.o
  CC      drivers/clk/mediatek/clk-mt7622.o
  TEST    lib/test_fortify/write_overflow-strscpy.log
  CC      kernel/trace/trace_dynevent.o
  CC      kernel/trace/trace_probe.o
  CC      drivers/base/map.o
  CC      drivers/clk/samsung/clk-cpu.o
  TEST    lib/test_fortify/write_overflow_field-memcpy.log
  CC      net/hsr/hsr_forward.o
  CC      drivers/clk/mediatek/clk-mt7622-infracfg.o
  CC      drivers/regulator/mp8859.o
  AR      drivers/clk/socfpga/built-in.a
  CC      drivers/misc/ibmasm/module.o
  CC      drivers/misc/ibmasm/ibmasmfs.o
  CC      drivers/base/devres.o
  CC      drivers/char/tpm/tpm_i2c_nuvoton.o
  CC      drivers/clk/samsung/clk-exynos4.o
  CC      net/xdp/xskmap.o
  TEST    lib/test_fortify/write_overflow_field-memmove.log
  CC      net/vmw_vsock/virtio_transport_common.o
  CC      kernel/trace/trace_uprobe.o
  CC      drivers/clk/mediatek/clk-mt7622-eth.o
  TEST    lib/test_fortify/write_overflow_field-memset.log
  CC      net/hsr/hsr_debugfs.o
  CC      drivers/regulator/mpq7920.o
  CC      drivers/mfd/88pm860x-core.o
  CC      drivers/mfd/88pm860x-i2c.o
  CC      drivers/clk/samsung/clk-exynos4412-isp.o
  CC      kernel/bpf/lpm_trie.o
  CAT     lib/test_fortify/test_fortify.log
  CC      drivers/base/attribute_container.o
  CC      drivers/misc/atmel-ssc.o
  CC      drivers/clk/mediatek/clk-mt7622-hif.o
  CC      kernel/bpf/map_in_map.o
  CC      drivers/misc/ibmasm/event.o
  CC      drivers/clk/mediatek/clk-mt7622-aud.o
  CC      drivers/char/tpm/tpm_nsc.o
  CC      drivers/clk/samsung/clk-exynos5260.o
  CC      drivers/clk/sophgo/clk-cv1800.o
  CC      drivers/clk/spacemit/ccu_common.o
  CC      drivers/base/transport_class.o
  CC      net/xdp/xsk_buff_pool.o
  CC      drivers/clk/mediatek/clk-mt7629.o
  CC      drivers/regulator/mt6323-regulator.o
  AR      net/hsr/built-in.a
  CC      drivers/clk/mediatek/clk-mt7981-apmixed.o
  CC      drivers/clk/sprd/common.o
  CC      drivers/mfd/88pm800.o
  CC      drivers/misc/ibmasm/command.o
  CC      drivers/regulator/mt6331-regulator.o
  CC      drivers/clk/samsung/clk-exynos5410.o
  CC      drivers/clk/sophgo/clk-cv18xx-common.o
  CC      drivers/base/topology.o
  CC      drivers/clk/spacemit/ccu_pll.o
  CC      drivers/char/tpm/st33zp24/st33zp24.o
  CC      drivers/char/tpm/st33zp24/spi.o
  CC      kernel/trace/rv/rv.o
  CC      drivers/clk/mediatek/clk-mt7981-topckgen.o
  CC      net/vmw_vsock/vsock_loopback.o
  CC      kernel/bpf/bloom_filter.o
  CC      drivers/clk/sprd/gate.o
  CC      drivers/clk/samsung/clk-exynos5420.o
  CC      drivers/regulator/mt6357-regulator.o
  CC      drivers/clk/sophgo/clk-cv18xx-ip.o
  CC      drivers/misc/ibmasm/remote.o
  CC      drivers/clk/spacemit/ccu_mix.o
  CC      drivers/clk/mediatek/clk-mt7981-infracfg.o
  CC      drivers/clk/sprd/mux.o
  CC      drivers/base/container.o
  CC      drivers/mfd/88pm80x.o
  CC      kernel/trace/rv/monitors/rtapp/rtapp.o
  CC      drivers/clk/samsung/clk-exynos5-subcmu.o
  CC      drivers/clk/spacemit/ccu_ddn.o
  AR      drivers/char/tpm/st33zp24/built-in.a
  CC      drivers/char/tpm/tpm_vtpm_proxy.o
  CC      net/xdp/xsk_diag.o
  CC      drivers/clk/sprd/div.o
  CC      drivers/clk/sprd/composite.o
  CC      drivers/clk/sophgo/clk-cv18xx-pll.o
  CC      drivers/clk/mediatek/clk-mt7986-apmixed.o
  CC      kernel/bpf/local_storage.o
  CC      drivers/base/property.o
  AR      drivers/clk/starfive/built-in.a
  CC      drivers/misc/dummy-irq.o
  CC      drivers/regulator/mt6359-regulator.o
  AR      net/vmw_vsock/built-in.a
  CC      kernel/bpf/queue_stack_maps.o
  CC      drivers/misc/ibmasm/heartbeat.o
  CC      drivers/clk/spacemit/ccu-k1.o
  CC      drivers/clk/samsung/clk-s3c64xx.o
  CC      kernel/iomem.o
  CC      drivers/clk/sprd/pll.o
  CC      kernel/trace/rv/monitors/pagefault/pagefault.o
  CC      drivers/mfd/sm501.o
  CC      drivers/clk/mediatek/clk-mt7986-topckgen.o
  CC      drivers/clk/sprd/sc9860-clk.o
  CC      drivers/clk/sophgo/clk-sg2044.o
  AR      drivers/char/tpm/built-in.a
  AR      drivers/char/built-in.a
  AR      drivers/clk/samsung/built-in.a
  CC      kernel/trace/rv/monitors/stall/stall.o
  CC      drivers/clk/spacemit/ccu-k3.o
  CC      drivers/misc/ibmasm/r_heartbeat.o
  CC      kernel/trace/rv/monitors/deadline/deadline.o
  CC      drivers/clk/mediatek/clk-mt7986-infracfg.o
  CC      drivers/regulator/mt6363-regulator.o
  CC      kernel/trace/trace_remote.o
  CC      drivers/regulator/mt6370-regulator.o
  AR      net/xdp/built-in.a
  CC      drivers/nfc/fdp/fdp.o
  AR      net/built-in.a
  CC      kernel/bpf/ringbuf.o
  AR      drivers/clk/sophgo/built-in.a
  CC      drivers/nfc/pn544/pn544.o
  CC      drivers/nfc/fdp/i2c.o
  CC      drivers/base/cacheinfo.o
  CC      drivers/clk/sprd/sc9863a-clk.o
  CC      drivers/clk/mediatek/clk-mt7988-apmixed.o
  AR      drivers/clk/spacemit/built-in.a
  CC      drivers/base/swnode.o
  CC      drivers/clk/sprd/ums512-clk.o
  CC      drivers/mfd/bq257xx.o
  CC      drivers/misc/ibmasm/dot_command.o
  CC      drivers/mfd/exynos-lpass.o
  CC      kernel/trace/rv/monitors/nomiss/nomiss.o
  CC      drivers/clk/mediatek/clk-mt7988-topckgen.o
  CC      drivers/clk/mediatek/clk-mt7988-infracfg.o
  CC      drivers/mfd/gateworks-gsc.o
  CC      drivers/regulator/mt6397-regulator.o
  CC      kernel/trace/simple_ring_buffer.o
  AR      drivers/clk/sprd/built-in.a
  CC      drivers/clk/mediatek/clk-mt7988-eth.o
  CC      drivers/nfc/mei_phy.o
  CC      kernel/scftorture.o
  CC      drivers/nfc/pn544/mei.o
  AR      drivers/dax/hmem/built-in.a
  CC      drivers/dax/super.o
  AR      drivers/nfc/fdp/built-in.a
  CC      drivers/dax/bus.o
  CC      drivers/base/faux.o
  CC      drivers/misc/ibmasm/lowlevel.o
  CC      drivers/misc/ics932s401.o
  CC      kernel/trace/rv/rv_reactors.o
  CC      drivers/clk/sunxi-ng/ccu_common.o
  CC      kernel/bpf/bpf_insn_array.o
  CC      drivers/clk/mediatek/clk-mt7988-xfipll.o
  CC      kernel/trace/rv/reactor_printk.o
  GZIP    kernel/config_data.gz
  CC      drivers/base/auxiliary.o
  CC      drivers/regulator/qcom-labibb-regulator.o
  CC      drivers/base/power/clock_ops.o
  CC      drivers/mfd/lp873x.o
  CC      drivers/dma-buf/dma-buf.o
  CC      drivers/clk/sunxi-ng/ccu_mmc_timing.o
  AR      drivers/nfc/pn544/built-in.a
  CC      drivers/misc/ibmasm/uart.o
  CC      drivers/nfc/st-nci/ndlc.o
  CC      drivers/dma-buf/dma-fence.o
  CC      drivers/clk/mediatek/clk-mt8135-apmixedsys.o
  CC      drivers/clk/tenstorrent/atlantis-prcm.o
  AR      drivers/base/power/built-in.a
  CC      kernel/trace/rv/reactor_panic.o
  CC      drivers/clk/sunxi-ng/ccu_reset.o
  CC      kernel/bpf/bpf_local_storage.o
  CC      drivers/cxl/core/port.o
  AR      drivers/dax/built-in.a
  CC      drivers/base/isa.o
  CC      drivers/regulator/qcom-refgen-regulator.o
  CC      drivers/dma-buf/dma-fence-array.o
  CC      drivers/clk/ti/adpll.o
  CC      drivers/clk/sunxi-ng/ccu_div.o
  CC      drivers/clk/mediatek/clk-mt8135.o
  AR      drivers/misc/ibmasm/built-in.a
  CC      kernel/configs.o
  CC      drivers/misc/lkdtm/core.o
  CC      drivers/mfd/ti_am335x_tscadc.o
  CC      drivers/nfc/st-nci/core.o
  AR      drivers/clk/tenstorrent/built-in.a
  CC      drivers/misc/lkdtm/bugs.o
  AR      kernel/trace/rv/built-in.a
  CC      kernel/trace/remote_test.o
  CC      drivers/mfd/stmpe.o
  CC      drivers/base/firmware_loader/main.o
  CC      drivers/clk/sunxi-ng/ccu_frac.o
  AR      drivers/clk/ti/built-in.a
  CC      drivers/misc/lkdtm/heap.o
  CC      drivers/clk/mediatek/clk-mt8167-apmixedsys.o
  CC      drivers/regulator/qcom-rpmh-regulator.o
  CC      drivers/base/firmware_loader/sysfs.o
  AR      drivers/macintosh/built-in.a
  CC      drivers/mfd/stmpe-i2c.o
  AR      drivers/scsi/pcmcia/built-in.a
  AR      drivers/scsi/built-in.a
  CC      drivers/misc/lkdtm/perms.o
  CC      drivers/misc/ti_fpc202.o
  CC      drivers/clk/sunxi-ng/ccu_gate.o
  CC      drivers/dma-buf/dma-fence-chain.o
  CC      drivers/nfc/st-nci/se.o
  CC      drivers/cxl/core/pmem.o
  CC      drivers/clk/mediatek/clk-mt8167.o
  CC      kernel/bpf/bpf_task_storage.o
  CC      drivers/clk/sunxi-ng/ccu_mux.o
  CC      drivers/clk/sunxi-ng/ccu_mult.o
  CC      kernel/trace/undefsyms_base.o
  CC      drivers/base/firmware_loader/sysfs_upload.o
  AR      kernel/trace/built-in.a
  NM      kernel/trace/simple_ring_buffer.o
  AR      drivers/nvme/common/built-in.a
  AR      drivers/nvme/host/built-in.a
  CC      drivers/mfd/stmpe-spi.o
  CC      drivers/base/firmware_loader/builtin/main.o
  AR      drivers/nvme/target/built-in.a
  AR      drivers/nvme/built-in.a
  CC      drivers/mtd/mtdcore.o
  CC      drivers/clk/mediatek/clk-mt8167-mm.o
  CC      drivers/dma-buf/dma-fence-unwrap.o
  CC      drivers/regulator/qcom_spmi-regulator.o
  CC      drivers/clk/uniphier/clk-uniphier-core.o
  CC      drivers/misc/lkdtm/refcount.o
  CC      drivers/cxl/core/regs.o
  CC      drivers/cxl/port.o
  CC      drivers/clk/sunxi-ng/ccu_phase.o
  CC      drivers/misc/lkdtm/rodata.o
  CC      drivers/mtd/mtdsuper.o
  CC      drivers/nfc/st-nci/vendor_cmds.o
  AR      drivers/base/firmware_loader/builtin/built-in.a
  CC      drivers/misc/lkdtm/usercopy.o
  CC      drivers/misc/lkdtm/kstack_erase.o
  CC      drivers/dma-buf/dma-resv.o
  AR      drivers/base/firmware_loader/built-in.a
  CC      drivers/base/auxiliary_sysfs.o
  CC      drivers/clk/mediatek/clk-mt8173-apmixedsys.o
  CC      drivers/clk/uniphier/clk-uniphier-cpugear.o
  CC      drivers/clk/mediatek/clk-mt8173-infracfg.o
  CC      drivers/clk/sunxi-ng/ccu_sdm.o
  CC      drivers/spi/spi.o
  CC      drivers/mfd/tc3589x.o
  CC      kernel/bpf/fixups.o
  CC      drivers/clk/sunxi-ng/ccu_nk.o
  CC      drivers/base/regmap/regmap.o
  CC      drivers/cxl/core/memdev.o
  CC      drivers/spi/spi-mem.o
  CC      drivers/regulator/pca9450-regulator.o
  CC      drivers/clk/uniphier/clk-uniphier-fixed-factor.o
  CC      drivers/misc/lkdtm/cfi.o
  CC      drivers/clk/mediatek/clk-mt8173-pericfg.o
  CC      drivers/spi/spi-mux.o
  CC      drivers/base/soc.o
  CC      drivers/misc/lkdtm/fortify.o
  CC      drivers/dma-buf/dma-buf-mapping.o
  CC      drivers/mtd/mtdconcat.o
  CC      drivers/clk/sunxi-ng/ccu_nkm.o
  CC      drivers/nfc/st-nci/i2c.o
  CC      drivers/clk/uniphier/clk-uniphier-fixed-rate.o
  CC      drivers/clk/mediatek/clk-mt8173-topckgen.o
  CC      drivers/mfd/tqmx86.o
  OBJCOPY drivers/misc/lkdtm/rodata_objcopy.o
  CC      drivers/dma-buf/sync_file.o
  AR      drivers/misc/lkdtm/built-in.a
  CC      drivers/misc/tifm_core.o
  CC      drivers/clk/sunxi-ng/ccu_nkmp.o
  CC      drivers/clk/sunxi-ng/ccu_nm.o
  CC      drivers/clk/uniphier/clk-uniphier-gate.o
  CC      drivers/regulator/pf0900-regulator.o
  CC      drivers/cxl/mem.o
  CC      drivers/clk/mediatek/clk-mt8173-img.o
  CC      drivers/cxl/core/mbox.o
  CC      drivers/mtd/mtdpart.o
  CC      drivers/nfc/st-nci/spi.o
  CC      drivers/mfd/arizona-core.o
  CC      drivers/clk/sunxi-ng/ccu_mp.o
  CC      drivers/spi/spi-offload.o
  CC      drivers/clk/uniphier/clk-uniphier-mux.o
  AR      drivers/dma-buf/built-in.a
  CC      drivers/base/pinctrl.o
  CC      drivers/misc/tifm_7xx1.o
  CC      drivers/spi/spidev.o
  CC      drivers/clk/mediatek/clk-mt8173-vdecsys.o
  CC      kernel/bpf/cfg.o
  CC      drivers/clk/sunxi-ng/ccu-suniv-f1c100s.o
  CC      drivers/regulator/pf530x-regulator.o
  CC      drivers/mtd/mtdchar.o
  CC      drivers/clk/uniphier/clk-uniphier-sys.o
  AR      drivers/clk/versatile/built-in.a
  CC      drivers/cxl/core/pci.o
  CC      drivers/nfc/s3fwrn5/core.o
  CC      drivers/clk/uniphier/clk-uniphier-mio.o
  CC      drivers/clk/mediatek/clk-mt8173-vencsys.o
  CC      drivers/clk/uniphier/clk-uniphier-peri.o
  CC      drivers/base/regmap/regcache.o
  AR      drivers/clk/uniphier/built-in.a
  CC      drivers/clk/x86/clk-cgu.o
  AR      drivers/nfc/st-nci/built-in.a
  CC      drivers/clk/x86/clk-cgu-pll.o
  CC      drivers/nfc/s3fwrn5/firmware.o
  CC      drivers/misc/phantom.o
  CC      drivers/base/regmap/regcache-rbtree.o
  CC      drivers/mfd/arizona-irq.o
  CC      drivers/clk/sunxi-ng/ccu-sun20i-d1-r.o
  CC      drivers/spi/spi-airoha-snfi.o
  CC      drivers/spmi/spmi.o
  CC      drivers/clk/mediatek/clk-mt8186-apmixedsys.o
  CC      drivers/regulator/pv88060-regulator.o
  CC      drivers/spmi/spmi-devres.o
  CC      drivers/clk/x86/clk-lgm.o
  CC      drivers/clk/sunxi-ng/ccu-sun50i-a64.o
  CC      drivers/mfd/wm5110-tables.o
  CC      kernel/bpf/states.o
  CC      drivers/cxl/core/hdm.o
  CC      drivers/spmi/hisi-spmi-controller.o
  CC      drivers/mtd/parsers/bcm63xxpart.o
  CC      drivers/clk/mediatek/clk-mt8186-topckgen.o
  CC      drivers/base/regmap/regcache-flat.o
  CC      drivers/nfc/s3fwrn5/nci.o
  CC      drivers/misc/qcom-coincell.o
  CC      drivers/mtd/parsers/brcm_u-boot.o
  CC      drivers/mtd/mtdoops.o
  AR      drivers/clk/x86/built-in.a
  CC      kernel/bpf/backtrack.o
  CC      drivers/clk/sunxi-ng/ccu-sun50i-a100.o
  CC      drivers/spi/spi-apple.o
  CC      drivers/regulator/pv88080-regulator.o
  CC      drivers/clk/mediatek/clk-mt8186-infra_ao.o
  CC      drivers/misc/fastrpc.o
  CC      drivers/mtd/chips/chipreg.o
  CC      drivers/spmi/spmi-pmic-arb.o
  CC      drivers/base/regmap/regcache-maple.o
  CC      drivers/misc/smpro-errmon.o
  CC      drivers/mfd/wm8997-tables.o
  CC      drivers/mtd/parsers/cmdlinepart.o
  CC      drivers/mtd/parsers/ofpart_core.o
  CC      drivers/clk/sunxi-ng/ccu-sun50i-a100-r.o
  CC      drivers/nfc/s3fwrn5/phy_common.o
  CC      drivers/cxl/core/pmu.o
  CC      drivers/clk/mediatek/clk-mt8186-cam.o
  CC      drivers/mtd/chips/cfi_probe.o
  CC      drivers/regulator/pbias-regulator.o
  CC      drivers/mtd/parsers/parser_imagetag.o
  CC      drivers/misc/cs5535-mfgpt.o
  CC      drivers/spi/spi-aspeed-smc.o
  CC      drivers/clk/sunxi-ng/ccu-sun50i-h6.o
  CC      drivers/base/regmap/regmap-debugfs.o
  CC      drivers/cxl/core/cdat.o
  CC      drivers/clk/xilinx/xlnx_vcu.o
  CC      kernel/bpf/check_btf.o
  CC      drivers/mfd/wm8998-tables.o
  CC      drivers/clk/mediatek/clk-mt8186-img.o
  CC      drivers/mtd/chips/cfi_util.o
  CC      drivers/nfc/s3fwrn5/uart.o
  CC      drivers/nfc/virtual_ncidev.o
  CC      drivers/mtd/parsers/tplink_safeloader.o
  CC      drivers/clk/sunxi-ng/ccu-sun50i-h6-r.o
  CC      drivers/clk/xilinx/clk-xlnx-clock-wizard.o
  AR      drivers/spmi/built-in.a
  CC      drivers/mtd/chips/cfi_cmdset_0002.o
  CC      drivers/regulator/raa215300.o
  CC      drivers/clk/mediatek/clk-mt8186-imp_iic_wrap.o
  CC      drivers/misc/gehc-achc.o
  CC      drivers/cxl/core/trace.o
  CC      drivers/base/regmap/regmap-i2c.o
  CC      drivers/cxl/core/features.o
  CC      drivers/mtd/parsers/sharpslpart.o
  CC      drivers/mfd/arizona-i2c.o
  CC      drivers/clk/sunxi-ng/ccu-sun50i-h616.o
  CC      drivers/spi/spi-atcspi200.o
  CC      drivers/clk/mediatek/clk-mt8186-ipe.o
  CC      drivers/mfd/arizona-spi.o
  CC      drivers/base/regmap/regmap-slimbus.o
  CC      kernel/bpf/disasm.o
  AR      drivers/clk/xilinx/built-in.a
  AR      drivers/nfc/s3fwrn5/built-in.a
  AR      drivers/nfc/built-in.a
  CC      kernel/bpf/mprog.o
  CC      kernel/bpf/btf.o
  CC      drivers/regulator/rpi-panel-attiny-regulator.o
  CC      drivers/mtd/parsers/redboot.o
  CC      drivers/misc/hpilo.o
  CC      drivers/clk/sunxi-ng/ccu-sun55i-a523-mcu.o
  CC      drivers/clk/mediatek/clk-mt8186-mdp.o
  CC      drivers/mtd/chips/cfi_cmdset_0001.o
  CC      drivers/mtd/lpddr/qinfo_probe.o
  CC      drivers/base/platform-msi.o
  CC      drivers/base/regmap/regmap-spi.o
  CC      drivers/clk/sunxi-ng/ccu-sun6i-a31.o
  CC      drivers/spi/spi-atmel.o
  CC      drivers/cxl/pci.o
  CC      drivers/mfd/wcd934x.o
  CC      drivers/clk/mediatek/clk-mt8186-mfg.o
  CC      drivers/regulator/rpi-panel-v2-regulator.o
  AR      drivers/mtd/parsers/built-in.a
  CC      drivers/mtd/chips/gen_probe.o
  AR      drivers/clk/zynqmp/built-in.a
  CC      drivers/misc/apds9802als.o
  CC      drivers/slimbus/core.o
  CC      drivers/base/regmap/regmap-spmi.o
  CC      drivers/mtd/lpddr/lpddr_cmds.o
  CC      drivers/clk/sunxi-ng/ccu-sun8i-a23.o
  CC      drivers/mfd/wm8350-core.o
  CC      drivers/clk/mediatek/clk-mt8186-mm.o
  CC      drivers/mtd/chips/map_ram.o
  CC      drivers/spi/spi-at91-usart.o
  CC      kernel/bpf/memalloc.o
  CC      drivers/mtd/maps/map_funcs.o
  CC      drivers/clk/sunxi-ng/ccu-sun8i-a83t.o
  CC      drivers/base/regmap/regmap-mmio.o
  CC      drivers/slimbus/messaging.o
  CC      drivers/regulator/rn5t618-regulator.o
  AR      drivers/cxl/core/built-in.a
  CC      drivers/base/physical_location.o
  AR      drivers/cxl/built-in.a
  CC      drivers/clk/sunxi-ng/ccu-sun8i-h3.o
  CC      drivers/misc/isl29003.o
  CC      drivers/clk/mediatek/clk-mt8186-vdec.o
  AR      drivers/mtd/lpddr/built-in.a
  CC      drivers/clk/mediatek/clk-mt8186-wpe.o
  CC      drivers/mtd/chips/map_absent.o
  CC      drivers/net/mii.o
  CC      drivers/mfd/wm8350-regmap.o
  CC      drivers/mtd/maps/physmap-core.o
  CC      drivers/net/mdio.o
  CC      drivers/slimbus/sched.o
  CC      kernel/bpf/rqspinlock.o
  CC      drivers/spi/spi-axi-spi-engine.o
  CC      drivers/clk/sunxi-ng/ccu-sun8i-r.o
  AR      drivers/message/fusion/built-in.a
  AR      drivers/message/built-in.a
  CC      drivers/base/regmap/regmap-irq.o
  CC      drivers/regulator/rohm-regulator.o
  AR      drivers/mtd/chips/built-in.a
  CC      drivers/clk/mediatek/clk-mt8188-apmixedsys.o
  CC      drivers/clk/mediatek/clk-mt8188-topckgen.o
  CC      drivers/mfd/wm8350-gpio.o
  CC      drivers/mtd/maps/pcmciamtd.o
  CC      drivers/net/loopback.o
  CC      drivers/misc/isl29020.o
  CC      drivers/slimbus/stream.o
  CC      drivers/mtd/maps/pci.o
  AR      drivers/base/test/built-in.a
  CC      drivers/clk/sunxi-ng/ccu-sun9i-a80.o
  CC      drivers/mtd/maps/plat-ram.o
  CC      drivers/clk/mediatek/clk-mt8188-peri_ao.o
  CC      drivers/clk/sunxi-ng/ccu-sun9i-a80-de.o
  CC      drivers/regulator/rt4801-regulator.o
  CC      drivers/spi/spi-bcm2835.o
  CC      drivers/clk/sunxi-ng/ccu-sun9i-a80-usb.o
  CC      drivers/base/regmap/regmap-w1.o
  AR      drivers/slimbus/built-in.a
  CC      drivers/mfd/wm8350-irq.o
  CC      drivers/mfd/wm8350-i2c.o
  CC      drivers/misc/tsl2550.o
  CC      drivers/clk/mediatek/clk-mt8188-infra_ao.o
  CC      drivers/mfd/madera-core.o
  CC      drivers/base/trace.o
  CC      drivers/mfd/cs47l35-tables.o
  CC      drivers/mtd/devices/slram.o
  AR      drivers/mtd/maps/built-in.a
  CC      drivers/regulator/rt4803.o
  CC      drivers/mtd/devices/pmc551.o
  AR      drivers/clk/sunxi-ng/built-in.a
  CC      drivers/clk/mediatek/clk-mt8188-imp_iic_wrap.o
  CC      kernel/bpf/stream.o
  CC      drivers/net/phy/stubs.o
  AR      drivers/base/regmap/built-in.a
  CC      drivers/net/pse-pd/pse_core.o
  CC      drivers/net/phy/mdio_bus.o
  CC      kernel/bpf/devmap.o
  CC      drivers/net/pse-pd/pd692x0.o
  CC      drivers/net/pse-pd/tps23881.o
  CC      drivers/clk/mediatek/clk-mt8188-mfg.o
  CC      drivers/spi/spi-bcmbca-hsspi.o
  CC      drivers/misc/c2port/core.o
  CC      kernel/bpf/cpumap.o
  CC      drivers/mtd/devices/mtd_dataflash.o
  CC      drivers/mfd/cs47l85-tables.o
  CC      drivers/regulator/rt5120-regulator.o
  AR      drivers/base/built-in.a
  CC      drivers/mfd/cs47l90-tables.o
  CC      kernel/bpf/offload.o
  CC      drivers/spi/spi-iproc-qspi.o
  CC      drivers/clk/mediatek/clk-mt8188-vdo0.o
  CC      drivers/misc/c2port/c2port-duramar2150.o
  CC      drivers/net/mdio/acpi_mdio.o
  CC      drivers/net/phy/phylink.o
  CC      drivers/net/mdio/fwnode_mdio.o
  CC      drivers/net/mdio/of_mdio.o
  CC      drivers/mtd/devices/mchp23k256.o
  CC      drivers/spi/spi-brcmstb-qspi.o
  CC      drivers/clk/mediatek/clk-mt8188-vdo1.o
  CC      drivers/regulator/rt5759-regulator.o
  CC      drivers/mfd/cs47l92-tables.o
  AR      drivers/misc/c2port/built-in.a
  CC      drivers/misc/eeprom/at24.o
  CC      drivers/net/phy/phy.o
  CC      drivers/regulator/rt6190-regulator.o
  AR      drivers/net/pse-pd/built-in.a
  CC      drivers/misc/eeprom/at25.o
  CC      drivers/regulator/rt6245-regulator.o
  CC      drivers/clk/mediatek/clk-mt8196-apmixedsys.o
  CC      drivers/spi/spi-bcm-qspi.o
  CC      drivers/net/mdio/mdio-airoha.o
  CC      drivers/mtd/nand/core.o
  CC      drivers/mtd/devices/mchp48l640.o
  CC      kernel/bpf/net_namespace.o
  CC      drivers/mtd/nand/bbt.o
  CC      drivers/clk/mediatek/clk-mt8196-topckgen.o
  CC      drivers/mfd/madera-i2c.o
  AR      drivers/mtd/tests/built-in.a
  CC      drivers/misc/eeprom/max6875.o
  CC      drivers/net/pcs/pcs-lynx.o
  CC      drivers/net/pcs/pcs-rzn1-miic.o
  CC      drivers/spi/spi-bitbang.o
  CC      drivers/regulator/rtmv20-regulator.o
  CC      drivers/mfd/madera-spi.o
  CC      drivers/misc/cb710/core.o
  CC      drivers/clk/mediatek/clk-mt8196-topckgen2.o
  CC      drivers/mtd/nand/ecc.o
  CC      drivers/mtd/devices/spear_smi.o
  CC      drivers/misc/cb710/sgbuf2.o
  CC      drivers/net/mdio/mdio-aspeed.o
  CC      drivers/net/mdio/mdio-bcm-iproc.o
  CC      drivers/net/mdio/mdio-bcm-unimac.o
  CC      drivers/misc/eeprom/eeprom_93cx6.o
  CC      drivers/net/phy/phy-c45.o
  CC      drivers/spi/spi-cadence.o
  CC      drivers/clk/mediatek/clk-mt8196-vlpckgen.o
  CC      drivers/mfd/cs40l50-core.o
  CC      kernel/bpf/tcx.o
  CC      drivers/mtd/nand/ecc-sw-hamming.o
  CC      drivers/spi/spi-cadence-quadspi.o
  CC      drivers/regulator/rtq6752-regulator.o
  CC      drivers/net/can/vxcan.o
  CC      drivers/mtd/devices/sst25l.o
  AR      drivers/net/pcs/built-in.a
  CC      drivers/mtd/spi-nor/core.o
  AR      drivers/misc/cb710/built-in.a
  CC      drivers/misc/eeprom/eeprom_93xx46.o
  CC      drivers/mtd/spi-nor/sfdp.o
  CC      drivers/clk/mediatek/clk-mt8196-peri_ao.o
  CC      drivers/mtd/nand/ecc-mtk.o
  CC      drivers/net/mdio/mdio-bitbang.o
  CC      drivers/net/phy/phy-core.o
  CC      drivers/net/phy/phy_device.o
  CC      drivers/spi/spi-davinci.o
  CC      drivers/mfd/cs40l50-i2c.o
  CC      drivers/clk/mediatek/clk-mt8196-imp_iic_wrap.o
  CC      drivers/regulator/rtq2208-regulator.o
  CC      drivers/mtd/devices/mtd_intel_dg.o
  CC      kernel/bpf/stackmap.o
  CC      drivers/misc/eeprom/m24lr.o
  CC      drivers/net/can/dev/skb.o
  CC      drivers/firewire/core-trace.o
  CC      drivers/firewire/core-card.o
  CC      drivers/clk/mediatek/clk-mt8196-mcu.o
  CC      drivers/mtd/nand/qpic_common.o
  CC      drivers/firewire/core-cdev.o
  CC      drivers/mfd/cs40l50-spi.o
  CC      drivers/net/mdio/mdio-cavium.o
  CC      drivers/spi/spi-dw-core.o
  CC      drivers/net/can/dev/calc_bittiming.o
  CC      drivers/clk/mediatek/clk-mt8196-mdpsys.o
  AR      drivers/mtd/devices/built-in.a
  CC      drivers/regulator/s2dos05-regulator.o
  CC      drivers/net/mdio/mdio-gpio.o
  CC      drivers/mtd/spi-nor/swp.o
  AR      drivers/misc/eeprom/built-in.a
  CC      drivers/misc/pch_phub.o
  CC      drivers/mfd/tps6105x.o
  CC      kernel/bpf/cgroup_iter.o
  CC      drivers/clk/mediatek/clk-mt8196-pextp.o
  CC      drivers/mtd/nand/onenand/onenand_base.o
  CC      drivers/clk/mediatek/clk-mt8196-ufs_ao.o
  CC      drivers/mtd/nand/onenand/onenand_bbt.o
  CC      drivers/mtd/nand/onenand/generic.o
  CC      drivers/net/phy/linkmode.o
  CC      drivers/spi/spi-dw-mmio.o
  CC      drivers/regulator/s2mpa01.o
  CC      drivers/mtd/spi-nor/otp.o
  AR      drivers/net/can/esd/built-in.a
  CC      drivers/misc/lis3lv02d/lis3lv02d.o
  CC      drivers/net/mdio/mdio-i2c.o
  CC      drivers/mfd/tps6507x.o
  AR      drivers/clk/mediatek/built-in.a
  CC      drivers/net/can/dev/bittiming.o
  AR      drivers/clk/built-in.a
  CC      drivers/mtd/nand/raw/nand_base.o
  CC      drivers/uio/uio.o
  CC      drivers/vfio/vfio_main.o
  CC      drivers/vfio/group.o
  CC      kernel/bpf/bpf_cgrp_storage.o
  CC      drivers/regulator/s5m8767.o
  CC      drivers/firewire/core-device.o
  CC      drivers/spi/spi-dw-pci.o
  CC      drivers/net/phy/phy_link_topology.o
  CC      drivers/regulator/sgm3804-regulator.o
  CC      drivers/mtd/nand/onenand/onenand_samsung.o
  CC      drivers/mtd/spi-nor/sysfs.o
  CC      drivers/mfd/tps65219.o
  CC      drivers/net/mdio/mdio-ipq8064.o
  CC      drivers/uio/uio_pdrv_genirq.o
  CC      drivers/misc/lis3lv02d/lis3lv02d_i2c.o
  CC      drivers/net/can/dev/dev.o
  CC      drivers/mtd/nand/spi/core.o
  CC      drivers/mtd/nand/raw/nand_legacy.o
  CC      drivers/spi/spi-fsl-dspi.o
  CC      kernel/bpf/crypto.o
  CC      drivers/regulator/sky81452-regulator.o
  CC      drivers/vfio/container.o
  CC      drivers/firewire/core-iso.o
  CC      drivers/mtd/spi-nor/atmel.o
  AR      drivers/mtd/nand/onenand/built-in.a
  AR      drivers/cdrom/built-in.a
  CC      drivers/net/can/rcar/rcar_canfd.o
  CC      drivers/net/phy/phy_caps.o
  CC      drivers/mfd/tps65912-core.o
  CC      drivers/uio/uio_pci_generic.o
  AR      drivers/misc/lis3lv02d/built-in.a
  CC      drivers/net/mdio/mdio-moxart.o
  AR      drivers/auxdisplay/built-in.a
  CC      drivers/misc/altera-stapl/altera-jtag.o
  CC      drivers/net/ethernet/3com/3c509.o
  CC      drivers/mfd/tps65912-spi.o
  CC      drivers/regulator/spacemit-p1.o
  CC      drivers/mtd/nand/raw/nand_bbt.o
  CC      drivers/spi/spi-fsl-lib.o
  CC      drivers/mtd/spi-nor/eon.o
  CC      drivers/vfio/virqfd.o
  CC      drivers/net/can/dev/length.o
  CC      drivers/mtd/nand/spi/otp.o
  CC      drivers/firewire/core-topology.o
  CC      kernel/bpf/relo_core.o
  CC      drivers/uio/uio_netx.o
  CC      drivers/net/phy/mdio_bus_provider.o
  CC      drivers/misc/altera-stapl/altera-comp.o
  CC      drivers/mfd/tps6594-core.o
  CC      drivers/net/mdio/mdio-mscc-miim.o
  CC      drivers/regulator/stm32-booster.o
  CC      drivers/misc/altera-stapl/altera.o
  CC      drivers/mtd/spi-nor/esmt.o
  CC      drivers/vfio/debugfs.o
  CC      drivers/mtd/nand/raw/nand_timings.o
  CC      drivers/spi/spi-fsl-lpspi.o
  AR      drivers/uio/built-in.a
  CC      drivers/mtd/nand/spi/alliancememory.o
  AR      drivers/net/can/rcar/built-in.a
  CC      drivers/mfd/tps6594-i2c.o
  CC      drivers/net/mdio/mdio-octeon.o
  CC      drivers/net/ethernet/3com/typhoon.o
  CC      drivers/firewire/core-transaction.o
  CC      drivers/net/can/dev/netlink.o
  CC      drivers/vfio/vfio_iommu_type1.o
  CC      drivers/mtd/nand/raw/nand_ids.o
  CC      drivers/spi/spi-fsl-qspi.o
  CC      kernel/bpf/btf_iter.o
  CC      drivers/mtd/spi-nor/everspin.o
  CC      drivers/net/phy/phy_port.o
  CC      drivers/regulator/stm32-vrefbuf.o
  CC      drivers/mtd/nand/spi/ato.o
  CC      drivers/mtd/nand/spi/dosilicon.o
  CC      drivers/spi/spi-fsl-spi.o
  CC      drivers/mtd/nand/raw/nand_onfi.o
  CC      drivers/mfd/twl-core.o
  CC      drivers/net/mdio/mdio-pic64hpsc.o
  CC      drivers/misc/altera-stapl/altera-lpt.o
  AR      drivers/misc/altera-stapl/built-in.a
  CC      drivers/misc/mei/init.o
  CC      drivers/mtd/spi-nor/gigadevice.o
  CC      drivers/misc/mei/hbm.o
  CC      kernel/bpf/btf_relocate.o
  CC      drivers/firewire/nosy.o
  CC      drivers/regulator/sy7636a-regulator.o
  CC      kernel/bpf/kmem_cache_iter.o
  CC      drivers/net/can/dev/rx-offload.o
  CC      drivers/mtd/nand/spi/esmt.o
  CC      drivers/mtd/nand/raw/nand_jedec.o
  CC      drivers/net/phy/mdio_device.o
  CC      drivers/spi/spi-gpio.o
  AR      drivers/net/ethernet/3com/built-in.a
  AR      drivers/net/ethernet/adi/built-in.a
  CC      drivers/net/ethernet/agere/et131x.o
  CC      drivers/mfd/twl4030-irq.o
  CC      drivers/mtd/spi-nor/intel.o
  CC      drivers/net/ethernet/altera/altera_tse_main.o
  CC      drivers/net/mdio/mdio-regmap.o
  CC      drivers/vfio/pci/vfio_pci_core.o
  CC      drivers/misc/mei/interrupt.o
  AR      drivers/firewire/built-in.a
  CC      drivers/regulator/sy8106a-regulator.o
  CC      drivers/misc/mei/client.o
  CC      drivers/mtd/nand/raw/nand_amd.o
  CC      drivers/mtd/nand/spi/fmsh.o
  CC      kernel/bpf/dmabuf_iter.o
  CC      drivers/net/can/rockchip/rockchip_canfd-core.o
  AR      drivers/net/can/dev/built-in.a
  CC      drivers/spi/spi-hisi-kunpeng.o
  CC      drivers/spi/spi-hisi-sfc-v3xx.o
  CC      drivers/mfd/twl6030-irq.o
  CC      drivers/mtd/spi-nor/issi.o
  CC      drivers/mtd/nand/raw/nand_esmt.o
  CC      drivers/net/phy/swphy.o
  CC      drivers/mtd/nand/spi/foresee.o
  CC      drivers/regulator/sy8827n.o
  CC      drivers/spi/spi-img-spfi.o
  CC      drivers/net/mdio/mdio-xgene.o
  AR      kernel/bpf/built-in.a
  CC      drivers/mtd/nand/raw/nand_hynix.o
  AR      kernel/built-in.a
  CC      drivers/mfd/twl4030-audio.o
  AR      drivers/net/ethernet/amd/built-in.a
  CC      drivers/net/fddi/skfp/skfddi.o
  CC      drivers/vfio/pci/vfio_pci_intrs.o
  CC      drivers/mtd/spi-nor/macronix.o
  CC      drivers/misc/vmw_vmci/vmci_context.o
  CC      drivers/net/ethernet/altera/altera_tse_ethtool.o
  CC      drivers/spi/spi-ingenic.o
  CC      drivers/misc/mei/main.o
  AR      drivers/net/ethernet/agere/built-in.a
  CC      drivers/vfio/platform/vfio_platform_common.o
  CC      drivers/net/phy/phy_led_triggers.o
  CC      drivers/mtd/nand/spi/gigadevice.o
  CC      drivers/net/can/rockchip/rockchip_canfd-ethtool.o
  CC      drivers/regulator/tps6287x-regulator.o
  CC      drivers/mtd/nand/raw/nand_macronix.o
  CC      drivers/mtd/nand/spi/macronix.o
  CC      drivers/mfd/fsl-imx25-tsadc.o
  CC      drivers/mtd/spi-nor/micron-st.o
  CC      drivers/net/mdio/mdio-mux.o
  CC      drivers/misc/vmw_vmci/vmci_datagram.o
  CC      drivers/spi/spi-intel.o
  CC      drivers/vfio/pci/vfio_pci_rdwr.o
  CC      drivers/misc/mei/dma-ring.o
  CC      drivers/mtd/nand/raw/nand_micron.o
  CC      drivers/vfio/platform/vfio_platform_irq.o
  CC      drivers/net/ethernet/altera/altera_msgdma.o
  CC      drivers/net/fddi/skfp/hwmtm.o
  CC      drivers/vfio/fsl-mc/vfio_fsl_mc.o
  CC      drivers/net/phy/open_alliance_helpers.o
  CC      drivers/mfd/mc13xxx-core.o
  CC      drivers/regulator/tps65023-regulator.o
  CC      drivers/mtd/nand/spi/micron.o
  CC      drivers/misc/vmw_vmci/vmci_doorbell.o
  CC      drivers/mtd/spi-nor/spansion.o
  CC      drivers/net/can/rockchip/rockchip_canfd-rx.o
  CC      drivers/mtd/nand/raw/nand_sandisk.o
  CC      drivers/misc/mei/bus.o
  CC      drivers/net/mdio/mdio-mux-gpio.o
  CC      drivers/vfio/pci/vfio_pci_config.o
  AR      drivers/vfio/platform/reset/built-in.a
  CC      drivers/vfio/platform/vfio_amba.o
  CC      drivers/mfd/mc13xxx-i2c.o
  CC      drivers/misc/vmw_vmci/vmci_driver.o
  CC      drivers/spi/spi-intel-pci.o
  CC      drivers/regulator/tps6507x-regulator.o
  CC      drivers/vfio/fsl-mc/vfio_fsl_mc_intr.o
  CC      drivers/mtd/nand/spi/paragon.o
  CC      drivers/mtd/nand/raw/nand_samsung.o
  CC      drivers/net/phy/mdio_devres.o
  CC      drivers/net/ethernet/altera/altera_sgdma.o
  CC      drivers/misc/vmw_vmci/vmci_event.o
  CC      drivers/mtd/spi-nor/sst.o
  CC      drivers/net/fddi/skfp/fplustm.o
  CC      drivers/mtd/nand/raw/nand_toshiba.o
  CC      drivers/spi/spi-intel-platform.o
  CC      drivers/net/can/rockchip/rockchip_canfd-timestamp.o
  AR      drivers/vfio/platform/built-in.a
  CC      drivers/net/phy/phy_package.o
  CC      drivers/mfd/mfd-core.o
  CC      drivers/net/mdio/mdio-mux-meson-g12a.o
  AR      drivers/vfio/fsl-mc/built-in.a
  CC      drivers/regulator/tps65090-regulator.o
  CC      drivers/misc/mei/bus-fixup.o
  CC      drivers/misc/vmw_vmci/vmci_guest.o
  CC      drivers/net/ppp/ppp_generic.o
  CC      drivers/mtd/nand/spi/skyhigh.o
  CC      drivers/vfio/pci/vfio_pci.o
  CC      drivers/spi/spi-lantiq-ssc.o
  CC      drivers/mtd/spi-nor/winbond.o
  CC      drivers/mtd/nand/raw/sm_common.o
  CC      drivers/spi/spi-jcore.o
  CC      drivers/net/ethernet/altera/altera_utils.o
  CC      drivers/mfd/motorola-cpcap.o
  CC      drivers/misc/mei/debugfs.o
  CC      drivers/mtd/nand/spi/toshiba.o
  CC      drivers/net/can/rockchip/rockchip_canfd-tx.o
  CC      drivers/net/phy/mii_timestamper.o
  CC      drivers/regulator/tps65185.o
  CC      drivers/misc/vmw_vmci/vmci_handle_array.o
  CC      drivers/net/mdio/mdio-mux-meson-gxl.o
  CC      drivers/mtd/nand/raw/denali.o
  CC      drivers/net/fddi/skfp/smt.o
  CC      drivers/vfio/pci/vfio_pci_igd.o
  CC      drivers/mtd/spi-nor/xmc.o
  CC      drivers/misc/lattice-ecp3-config.o
  CC      drivers/spi/spi-loongson-core.o
  CC      drivers/misc/vmw_vmci/vmci_host.o
  CC      drivers/misc/mei/mei-trace.o
  CC      drivers/mfd/da903x.o
  AR      drivers/net/ethernet/altera/built-in.a
  CC      drivers/net/ethernet/apm/xgene/xgene_enet_hw.o
  CC      drivers/mtd/nand/spi/winbond.o
  CC      drivers/regulator/tps65219-regulator.o
  CC      drivers/mtd/spi-nor/debugfs.o
  CC      drivers/net/phy/sfp.o
  CC      drivers/net/mdio/mdio-mux-mmioreg.o
  AR      drivers/vfio/pci/built-in.a
  CC      drivers/vfio/cdx/main.o
  AR      drivers/net/ethernet/arc/built-in.a
  CC      drivers/net/ethernet/apm/xgene/xgene_enet_sgmac.o
  AR      drivers/net/can/rockchip/built-in.a
  CC      drivers/spi/spi-loongson-plat.o
  CC      drivers/net/can/spi/hi311x.o
  CC      drivers/mtd/nand/raw/denali_pci.o
  CC      drivers/net/ppp/bsd_comp.o
  CC      drivers/misc/vmw_vmci/vmci_queue_pair.o
  CC      drivers/net/fddi/skfp/cfm.o
  CC      drivers/spi/spi-meson-spifc.o
  CC      drivers/mtd/nand/spi/xtx.o
  CC      drivers/mfd/da9052-irq.o
  CC      drivers/misc/mei/pci-me.o
  CC      drivers/regulator/tps6524x-regulator.o
  CC      drivers/vfio/cdx/intr.o
  CC      drivers/mtd/spi-nor/controllers/nxp-spifi.o
  CC      drivers/net/mdio/mdio-mux-multiplexer.o
  CC      drivers/mtd/nand/raw/denali_dt.o
  CC      drivers/net/can/spi/mcp251x.o
  CC      drivers/mfd/da9052-core.o
  CC      drivers/net/ppp/ppp_deflate.o
  CC      drivers/spi/spi-microchip-core-qspi.o
  AR      drivers/mtd/nand/spi/built-in.a
  CC      drivers/net/ethernet/apm/xgene-v2/main.o
  CC      drivers/net/ppp/ppp_mppe.o
  CC      drivers/net/ethernet/apm/xgene/xgene_enet_xgmac.o
  CC      drivers/misc/mei/hw-me.o
  CC      drivers/net/fddi/skfp/ecm.o
  CC      drivers/regulator/tps65912-regulator.o
  CC      drivers/mtd/nand/raw/diskonchip.o
  AR      drivers/vfio/cdx/built-in.a
  AR      drivers/vfio/built-in.a
  CC      drivers/pcmcia/cs.o
  CC      drivers/net/phy/sfp-bus.o
  CC      drivers/misc/vmw_vmci/vmci_resource.o
  AR      drivers/mtd/spi-nor/controllers/built-in.a
  AR      drivers/mtd/spi-nor/built-in.a
  CC      drivers/misc/vmw_vmci/vmci_route.o
  CC      drivers/mfd/da9052-i2c.o
  AR      drivers/net/mdio/built-in.a
  CC      drivers/misc/mei/gsc-me.o
  CC      drivers/mfd/axp20x.o
  AR      drivers/misc/vmw_vmci/built-in.a
  CC      drivers/mfd/axp20x-i2c.o
  CC      drivers/net/phy/adin1100.o
  CC      drivers/spi/spi-mt65xx.o
  CC      drivers/net/ppp/pppox.o
  CC      drivers/regulator/tps6594-regulator.o
  CC      drivers/mtd/nand/raw/fsmc_nand.o
  CC      drivers/net/fddi/skfp/pcmplc.o
  CC      drivers/mtd/nand/raw/sharpsl.o
  CC      drivers/pcmcia/socket_sysfs.o
  CC      drivers/misc/mei/pci-csc.o
  AR      drivers/net/can/spi/mcp251xfd/built-in.a
  AR      drivers/net/can/spi/built-in.a
  CC      drivers/misc/mei/pci-txe.o
  AR      drivers/net/can/usb/built-in.a
  AR      drivers/net/can/softing/built-in.a
  CC      drivers/net/can/at91_can.o
  CC      drivers/net/ethernet/apm/xgene-v2/mac.o
  CC      drivers/net/ethernet/apm/xgene/xgene_enet_main.o
  CC      drivers/net/ppp/pppoe.o
  CC      drivers/mfd/lp3943.o
  CC      drivers/net/slip/slhc.o
  CC      drivers/net/phy/air_an8801.o
  AR      drivers/usb/built-in.a
  CC      drivers/misc/sram.o
  CC      drivers/spi/spi-mt7621.o
  CC      drivers/regulator/tps65132-regulator.o
  CC      drivers/pcmcia/cardbus.o
  CC      drivers/net/can/c_can/c_can_ethtool.o
  CC      drivers/net/ethernet/asix/ax88796c_main.o
  CC      drivers/misc/mei/hw-txe.o
  CC      drivers/mtd/nand/raw/nandsim.o
  CC      drivers/mfd/ti-lmu.o
  CC      drivers/misc/mei/hdcp/mei_hdcp.o
  CC      drivers/net/fddi/skfp/pmf.o
  AR      drivers/net/slip/built-in.a
  CC      drivers/net/ethernet/apm/xgene-v2/enet.o
  CC      drivers/net/ethernet/apm/xgene/xgene_enet_ring2.o
  CC      drivers/pcmcia/ds.o
  CC      drivers/spi/spi-mtk-nor.o
  CC      drivers/regulator/tps68470-regulator.o
  CC      drivers/net/phy/air_en8811h.o
  AR      drivers/net/ppp/built-in.a
  CC      drivers/input/serio/serio.o
  CC      drivers/net/ethernet/apm/xgene-v2/ring.o
  CC      drivers/input/serio/i8042.o
  CC      drivers/net/can/c_can/c_can_main.o
  CC      drivers/mfd/da9055-core.o
  AR      drivers/misc/mei/hdcp/built-in.a
  CC      drivers/misc/mei/pxp/mei_pxp.o
  CC      drivers/pcmcia/pcmcia_resource.o
  CC      drivers/mtd/nand/raw/ndfc.o
  CC      drivers/regulator/twl-regulator.o
  CC      drivers/net/ethernet/asix/ax88796c_ioctl.o
  CC      drivers/spi/spi-mtk-snfi.o
  CC      drivers/mfd/da9055-i2c.o
  CC      drivers/net/can/c_can/c_can_platform.o
  CC      drivers/net/fddi/skfp/queue.o
  CC      drivers/spi/spi-wpcm-fiu.o
  CC      drivers/net/ethernet/apm/xgene/xgene_enet_ethtool.o
  CC      drivers/net/ethernet/apm/xgene-v2/mdio.o
  CC      drivers/mtd/nand/raw/gpio.o
  CC      drivers/net/phy/air_phy_lib.o
  AR      drivers/misc/mei/pxp/built-in.a
  CC      drivers/misc/mei/gsc_proxy/mei_gsc_proxy.o
  CC      drivers/net/ethernet/apm/xgene-v2/ethtool.o
  CC      drivers/input/serio/serport.o
  CC      drivers/regulator/twl6030-regulator.o
  CC      drivers/net/can/c_can/c_can_pci.o
  CC      drivers/mfd/da9062-core.o
  CC      drivers/pcmcia/cistpl.o
  CC      drivers/net/ethernet/apm/xgene/xgene_enet_cle.o
  CC      drivers/mtd/nand/raw/omap2.o
  CC      drivers/net/ethernet/asix/ax88796c_spi.o
  CC      drivers/net/fddi/skfp/rmt.o
  CC      drivers/spi/spi-npcm-fiu.o
  CC      drivers/regulator/uniphier-regulator.o
  AR      drivers/misc/mei/gsc_proxy/built-in.a
  CC      drivers/misc/mei/mei_lb.o
  CC      drivers/input/serio/pcips2.o
  CC      drivers/net/phy/amd.o
  CC      drivers/net/phy/as21xxx.o
  CC      drivers/input/serio/ps2mult.o
  AR      drivers/net/ethernet/cadence/built-in.a
  CC      drivers/input/serio/libps2.o
  CC      drivers/mfd/da9063-core.o
  AR      drivers/net/ethernet/apm/xgene-v2/built-in.a
  CC      drivers/net/fddi/skfp/smtdef.o
  AR      drivers/net/ethernet/asix/built-in.a
  CC      drivers/net/ethernet/broadcom/b44.o
  CC      drivers/regulator/renesas-usb-vbus-regulator.o
  AR      drivers/net/can/c_can/built-in.a
  CC      drivers/net/can/ctucanfd/ctucanfd_base.o
  CC      drivers/misc/mei/vsc-tp.o
  CC      drivers/spi/spi-npcm-pspi.o
  CC      drivers/input/serio/serio_raw.o
  CC      drivers/misc/dw-xdata-pcie.o
  CC      drivers/pcmcia/pcmcia_cis.o
  CC      drivers/mtd/nand/raw/omap_elm.o
  CC      drivers/net/fddi/skfp/smtinit.o
  CC      drivers/pcmcia/rsrc_mgr.o
  AR      drivers/net/ethernet/apm/xgene/built-in.a
  AR      drivers/net/ethernet/apm/built-in.a
  CC      drivers/pcmcia/rsrc_nonstatic.o
  CC      drivers/misc/pci_endpoint_test.o
  CC      drivers/mfd/da9063-irq.o
  CC      drivers/net/phy/bcm7xxx.o
  CC      drivers/mtd/nand/raw/marvell_nand.o
  CC      drivers/regulator/wm8350-regulator.o
  CC      drivers/net/fddi/skfp/smttimer.o
  CC      drivers/input/serio/altera_ps2.o
  CC      drivers/spi/spi-nxp-fspi.o
  CC      drivers/spi/spi-omap2-mcspi.o
  CC      drivers/mfd/da9063-i2c.o
  CC      drivers/misc/mei/vsc-fw-loader.o
  CC      drivers/net/ethernet/broadcom/genet/bcmgenet.o
  CC      drivers/net/can/dummy_can.o
  CC      drivers/net/ethernet/brocade/bna/bnad.o
  CC      drivers/pcmcia/yenta_socket.o
  CC      drivers/net/ethernet/brocade/bna/bnad_ethtool.o
  CC      drivers/input/serio/arc_ps2.o
  CC      drivers/net/phy/bcm84881.o
  CC      drivers/net/can/ctucanfd/ctucanfd_pci.o
  AR      drivers/misc/mei/built-in.a
  CC      drivers/misc/bcm-vk/bcm_vk_dev.o
  CC      drivers/net/ethernet/chelsio/cxgb4/cxgb4_main.o
  CC      drivers/net/ethernet/ec_bhf.o
  CC      drivers/mfd/da9150-core.o
  AR      drivers/regulator/built-in.a
  CC      drivers/net/ethernet/broadcom/genet/bcmmii.o
  CC      drivers/net/fddi/skfp/srf.o
  CC      drivers/spi/spi-orion.o
  CC      drivers/mtd/nand/raw/plat_nand.o
  CC      drivers/input/serio/ps2-gpio.o
  CC      drivers/input/serio/userio.o
  CC      drivers/pcmcia/pd6729.o
  CC      drivers/mtd/nand/raw/lpc32xx_slc.o
  CC      drivers/net/phy/bcm87xx.o
  CC      drivers/mfd/max14577.o
  CC      drivers/net/can/ctucanfd/ctucanfd_platform.o
  CC      drivers/misc/bcm-vk/bcm_vk_msg.o
  CC      drivers/spi/spi-pic32.o
  CC      drivers/net/fddi/skfp/hwt.o
  CC      drivers/spi/spi-pic32-sqi.o
  CC      drivers/net/sungem_phy.o
  CC      drivers/net/ethernet/chelsio/cxgb4/l2t.o
  AR      drivers/input/serio/built-in.a
  CC      drivers/input/gameport/gameport.o
  CC      drivers/net/ethernet/dlink/dl2k.o
  CC      drivers/net/ethernet/broadcom/genet/bcmgenet_wol.o
  AR      drivers/pcmcia/built-in.a
  AR      drivers/net/ethernet/chelsio/inline_crypto/built-in.a
  CC      drivers/net/can/flexcan/flexcan-core.o
  CC      drivers/mtd/nand/raw/sh_flctl.o
  CC      drivers/mfd/max7360.o
  CC      drivers/net/ethernet/brocade/bna/bnad_debugfs.o
  CC      drivers/net/phy/bcm-cygnus.o
  CC      drivers/input/gameport/emu10k1-gp.o
  CC      drivers/net/ethernet/brocade/bna/bna_enet.o
  CC      drivers/spi/spi-pl022.o
  AR      drivers/net/can/ctucanfd/built-in.a
  CC      drivers/mtd/nand/raw/r852.o
  CC      drivers/net/fddi/skfp/drvfbi.o
  CC      drivers/misc/bcm-vk/bcm_vk_sg.o
  AR      drivers/mtd/nand/raw/ingenic/built-in.a
  CC      drivers/misc/cardreader/alcor_pci.o
  CC      drivers/mfd/max77541.o
  CC      drivers/input/gameport/fm801-gp.o
  AR      drivers/net/ethernet/broadcom/genet/built-in.a
  CC      drivers/net/ethernet/broadcom/bnx2x/bnx2x_main.o
  CC      drivers/net/ethernet/chelsio/cxgb4/smt.o
  CC      drivers/net/ethernet/broadcom/bnx2x/bnx2x_link.o
  AR      drivers/net/ethernet/dlink/built-in.a
  CC      drivers/net/ethernet/broadcom/bgmac.o
  CC      drivers/spi/spi-pxa2xx.o
  AR      drivers/misc/bcm-vk/built-in.a
  CC      drivers/net/phy/bcm-phy-lib.o
  CC      drivers/net/ethernet/chelsio/cxgb4/t4_hw.o
  CC      drivers/mtd/nand/raw/sunxi_nand.o
  CC      drivers/net/fddi/skfp/ess.o
  CC      drivers/misc/ntsync.o
  CC      drivers/misc/cardreader/rtsx_pcr.o
  CC      drivers/net/phy/bcm-phy-ptp.o
  CC      drivers/net/can/flexcan/flexcan-ethtool.o
  CC      drivers/net/ethernet/brocade/bna/bna_tx_rx.o
  CC      drivers/mfd/max77620.o
  AR      drivers/input/gameport/built-in.a
  CC      drivers/input/input.o
  CC      drivers/spi/spi-pxa2xx-dma.o
  CC      drivers/net/can/grcan.o
  AR      drivers/net/fddi/skfp/built-in.a
  CC      drivers/net/can/ifi_canfd/ifi_canfd.o
  AR      drivers/net/fddi/built-in.a
  CC      drivers/net/ethernet/broadcom/bnx2x/bnx2x_cmn.o
  CC      drivers/net/can/kvaser_pciefd/kvaser_pciefd_core.o
  CC      drivers/mtd/nand/raw/hisi504_nand.o
  CC      drivers/misc/cardreader/rts5209.o
  AR      drivers/net/can/flexcan/built-in.a
  CC      drivers/mfd/max77686.o
  CC      drivers/rtc/lib.o
  CC      drivers/i2c/i2c-boardinfo.o
  CC      drivers/net/phy/broadcom.o
  CC      drivers/spi/spi-pxa2xx-platform.o
  CC      drivers/input/input-compat.o
  CC      drivers/misc/cardreader/rts5229.o
  CC      drivers/rtc/class.o
  CC      drivers/net/ethernet/brocade/bna/bfa_msgq.o
  CC      drivers/mtd/nand/raw/brcmnand/iproc_nand.o
  CC      drivers/mfd/max77843.o
  CC      drivers/i2c/i2c-core-base.o
  AR      drivers/net/can/ifi_canfd/built-in.a
  CC      drivers/misc/hi6421v600-irq.o
  CC      drivers/input/input-mt.o
  CC      drivers/spi/spi-pxa2xx-pci.o
  CC      drivers/mtd/nand/raw/qcom_nandc.o
  CC      drivers/mtd/nand/raw/brcmnand/brcmstb_nand.o
  CC      drivers/misc/cardreader/rtl8411.o
  CC      drivers/rtc/interface.o
  CC      drivers/net/phy/cicada.o
  CC      drivers/net/can/kvaser_pciefd/kvaser_pciefd_devlink.o
  CC      drivers/mfd/max8907.o
  CC      drivers/net/ethernet/chelsio/cxgb4/sge.o
  CC      drivers/misc/cardreader/rts5227.o
  CC      drivers/mtd/nand/raw/brcmnand/brcmnand.o
  CC      drivers/net/ethernet/brocade/bna/bfa_ioc.o
  CC      drivers/input/input-poller.o
  CC      drivers/spi/spi-geni-qcom.o
  CC      drivers/net/ethernet/freescale/fec_main.o
  CC      drivers/net/phy/cortina.o
  CC      drivers/input/ff-core.o
  CC      drivers/mfd/max8997.o
  CC      drivers/input/touchscreen.o
  CC      drivers/misc/cardreader/rts5249.o
  AR      drivers/net/can/kvaser_pciefd/built-in.a
  CC      drivers/i2c/i2c-core-smbus.o
  CC      drivers/net/can/m_can/m_can.o
  CC      drivers/rtc/dev.o
  AR      drivers/mtd/nand/raw/brcmnand/built-in.a
  CC      drivers/net/can/m_can/m_can_pci.o
  CC      drivers/mtd/nand/raw/tegra_nand.o
  CC      drivers/input/touch-overlay.o
  CC      drivers/net/ethernet/brocade/bna/bfa_ioc_ct.o
  CC      drivers/net/phy/davicom.o
  CC      drivers/input/ff-memless.o
  CC      drivers/spi/spi-qcom-qspi.o
  CC      drivers/misc/mchp_pci1xxxx/mchp_pci1xxxx_gp.o
  CC      drivers/mfd/max8997-irq.o
  CC      drivers/misc/cardreader/rts5260.o
  CC      drivers/rtc/rtc-mc146818-lib.o
  CC      drivers/mfd/max8998.o
  CC      drivers/i2c/i2c-core-acpi.o
  CC      drivers/misc/mchp_pci1xxxx/mchp_pci1xxxx_gpio.o
  CC      drivers/mtd/nand/raw/meson_nand.o
  CC      drivers/input/sparse-keymap.o
  CC      drivers/rtc/rtc-abx80x.o
  CC      drivers/misc/cardreader/rts5261.o
  CC      drivers/spi/spi-qpic-snand.o
  CC      drivers/net/ethernet/brocade/bna/bfa_cee.o
  CC      drivers/net/wan/hdlc.o
  CC      drivers/net/ethernet/brocade/bna/cna_fwimg.o
  CC      drivers/net/phy/dp83867.o
  CC      drivers/net/ethernet/chelsio/cxgb4/clip_tbl.o
  CC      drivers/net/can/m_can/tcan4x5x-core.o
  CC      drivers/mfd/max8998-irq.o
  CC      drivers/input/matrix-keymap.o
  CC      drivers/i2c/i2c-core-slave.o
  CC      drivers/net/ethernet/freescale/fec_ptp.o
  CC      drivers/misc/mchp_pci1xxxx/mchp_pci1xxxx_otpe2p.o
  CC      drivers/misc/cardreader/rts5228.o
  CC      drivers/rtc/rtc-amlogic-a4.o
  CC      drivers/net/ethernet/freescale/fsl_pq_mdio.o
  CC      drivers/mtd/nand/raw/arasan-nand-controller.o
  CC      drivers/net/wan/hdlc_raw.o
  CC      drivers/mfd/mp2629.o
  CC      drivers/net/ethernet/broadcom/bnx2x/bnx2x_ethtool.o
  CC      drivers/input/vivaldi-fmap.o
  CC      drivers/net/phy/dp83869.o
  AR      drivers/net/ethernet/brocade/bna/built-in.a
  AR      drivers/misc/mchp_pci1xxxx/built-in.a
  AR      drivers/net/ethernet/brocade/built-in.a
  CC      drivers/mfd/mt6370.o
  CC      drivers/spi/spi-rockchip.o
  CC      drivers/mfd/mt6397-core.o
  CC      drivers/net/can/m_can/tcan4x5x-regmap.o
  CC      drivers/net/ethernet/chelsio/cxgb4/cxgb4_ethtool.o
  CC      drivers/misc/cardreader/rts5264.o
  CC      drivers/rtc/rtc-at91rm9200.o
  CC      drivers/i2c/i2c-core-of.o
  CC      drivers/input/mousedev.o
  CC      drivers/i2c/i2c-core-of-prober.o
  CC      drivers/net/can/peak_canfd/peak_pciefd_main.o
  CC      drivers/net/can/sja1000/ems_pcmcia.o
  CC      drivers/net/wan/hdlc_cisco.o
  CC      drivers/net/ethernet/freescale/xgmac_mdio.o
  CC      drivers/mfd/mt6397-irq.o
  CC      drivers/mtd/nand/raw/intel-nand-controller.o
  CC      drivers/spi/spi-rockchip-sfc.o
  AR      drivers/misc/cardreader/built-in.a
  CC      drivers/misc/vcpu_stall_detector.o
  CC      drivers/net/phy/dp83tc811.o
  CC      drivers/net/phy/dp83td510.o
  CC      drivers/input/joydev.o
  CC      drivers/i2c/i2c-smbus.o
  AR      drivers/net/can/m_can/built-in.a
  CC      drivers/net/can/peak_canfd/peak_canfd.o
  CC      drivers/rtc/rtc-at91sam9.o
  CC      drivers/mfd/mt6358-irq.o
  CC      drivers/mtd/nand/raw/renesas-nand-controller.o
  AR      drivers/net/wireless/admtek/built-in.a
  AR      drivers/net/wireless/ath/built-in.a
  CC      drivers/net/can/sja1000/f81601.o
  CC      drivers/misc/tps6594-esm.o
  AR      drivers/net/wireless/marvell/built-in.a
  AR      drivers/net/wireless/purelifi/built-in.a
  AR      drivers/net/wireless/ralink/built-in.a
  AR      drivers/net/wireless/realtek/built-in.a
  CC      drivers/net/wan/hdlc_fr.o
  AR      drivers/net/wireless/zydas/built-in.a
  AR      drivers/net/wireless/virtual/built-in.a
  AR      drivers/net/wireless/built-in.a
  CC      drivers/misc/tps6594-pfsm.o
  CC      drivers/net/ethernet/freescale/gianfar.o
  CC      drivers/spi/spi-rb4xx.o
  CC      drivers/input/keyboard/adp5520-keys.o
  CC      drivers/input/joystick/adc-joystick.o
  CC      drivers/net/ethernet/chelsio/cxgb4/cxgb4_uld.o
  CC      drivers/net/ethernet/broadcom/bnx2x/bnx2x_stats.o
  CC      drivers/i2c/i2c-dev.o
  CC      drivers/net/can/sja1000/kvaser_pci.o
  CC      drivers/mfd/rz-mtu3.o
  CC      drivers/rtc/rtc-nxp-bbnsm.o
  CC      drivers/net/phy/dp83tg720.o
  AR      drivers/net/can/peak_canfd/built-in.a
  CC      drivers/misc/lan966x_pci.o
  CC      drivers/mfd/timberdale.o
  CC      drivers/spi/spi-realtek-rtl-snand.o
  CC      drivers/mfd/adp5520.o
  CC      drivers/input/keyboard/atkbd.o
  CC      drivers/input/joystick/adi.o
  CC      drivers/net/can/sun4i_can.o
  CC      drivers/rtc/rtc-bd70528.o
  CC      drivers/net/wan/hdlc_ppp.o
  CC      drivers/i2c/i2c-mux.o
  DTC     drivers/misc/lan966x_pci.dtbo
  CC      drivers/misc/keba/cp500.o
  CC      drivers/net/can/sja1000/plx_pci.o
  CC      drivers/mtd/nand/raw/loongson-nand-controller.o
  CC      drivers/net/phy/fixed_phy.o
  CC      drivers/spi/spi-rspi.o
  CC      drivers/net/can/ti_hecc.o
  CC      drivers/input/joystick/cobra.o
  CC      drivers/mfd/adp5585.o
  CC      drivers/net/ethernet/chelsio/cxgb4/srq.o
  CC      drivers/input/keyboard/bcm-keypad.o
  CC      drivers/rtc/rtc-bq32k.o
  CC      drivers/net/ethernet/freescale/gianfar_ethtool.o
  CC      drivers/i2c/i2c-atr.o
  CC      drivers/misc/keba/lan9252.o
  AR      drivers/net/wan/framer/built-in.a
  CC      drivers/net/wan/n2.o
  CC      drivers/net/net_failover.o
  CC      drivers/net/ethernet/broadcom/bnx2x/bnx2x_dcb.o
  CC      drivers/input/joystick/fsia6b.o
  CC      drivers/net/can/sja1000/sja1000.o
  AR      drivers/mtd/nand/raw/built-in.a
  AR      drivers/mtd/nand/built-in.a
  CC      drivers/net/phy/icplus.o
  AR      drivers/mtd/built-in.a
  CC      drivers/spi/spi-rzv2m-csi.o
  CC      drivers/net/can/xilinx_can.o
  CC      drivers/input/keyboard/cap11xx.o
  CC      drivers/input/keyboard/charlieplex_keypad.o
  CC      drivers/rtc/rtc-bq4802.o
  CC      drivers/mfd/lpc_sch.o
  CC      drivers/input/joystick/gf2k.o
  AR      drivers/misc/keba/built-in.a
  CC      drivers/misc/amd-sbi/rmi-i2c.o
  CC      drivers/i2c/algos/i2c-algo-bit.o
  CC      drivers/net/ethernet/chelsio/cxgb4/sched.o
  CC      drivers/net/ethernet/freescale/fman/fman_muram.o
  CC      drivers/spi/spi-s3c64xx.o
  CC      drivers/i2c/algos/i2c-algo-pcf.o
  CC      drivers/rtc/rtc-brcmstb-waketimer.o
  CC      drivers/net/phy/intel-xway.o
  CC      drivers/input/keyboard/clps711x-keypad.o
  M68KAS  drivers/net/wan/wanxlfw.o
/bin/sh: line 1: m68k-linux-gnu-gcc: command not found
make[8]: *** [/home/benni/git/linux/drivers/net/wan/Makefile:63: drivers/net/wan/wanxlfw.o] Error 127
make[7]: *** [/home/benni/git/linux/scripts/Makefile.build:549: drivers/net/wan] Error 2
make[7]: *** Waiting for unfinished jobs....
  CC      drivers/rtc/rtc-cadence.o
  CC      drivers/mfd/rdc321x-southbridge.o
  CC      drivers/net/can/sja1000/sja1000_isa.o
  CC      drivers/net/ethernet/broadcom/bnx2x/bnx2x_sp.o
  CC      drivers/net/ethernet/freescale/fman/fman.o
  CC      drivers/input/joystick/grip_mp.o
  CC      drivers/misc/amd-sbi/rmi-core.o
  CC      drivers/input/joystick/iforce/iforce-ff.o
  CC      drivers/net/ethernet/chelsio/cxgb4/cxgb4_filter.o
  CC      drivers/input/keyboard/cypress-sf.o
  CC      drivers/mfd/tps6586x.o
  CC      drivers/net/ethernet/broadcom/bnx2x/bnx2x_self_test.o
  CC      drivers/i2c/algos/i2c-algo-pca.o
  CC      drivers/input/keyboard/dlink-dir685-touchkeys.o
  CC      drivers/spi/spi-sc18is602.o
  CC      drivers/misc/amd-sbi/rmi-hwmon.o
  CC      drivers/rtc/rtc-cv1800.o
  CC      drivers/net/phy/et1011c.o
  CC      drivers/net/can/sja1000/tscan1.o
  CC      drivers/net/phy/marvell.o
  CC      drivers/net/ethernet/freescale/fman/fman_sp.o
  CC      drivers/input/joystick/iforce/iforce-main.o
  WRAP    drivers/misc/lan966x_pci.dtbo.S
  CC      drivers/input/keyboard/goldfish_events.o
  CC      drivers/net/phy/marvell-88q2xxx.o
  AR      drivers/i3c/built-in.a
  AR      drivers/i2c/algos/built-in.a
  CC      drivers/net/ethernet/broadcom/bnx2x/bnx2x_vfpf.o
  CC      drivers/mfd/vx855.o
  CC      drivers/i2c/busses/i2c-ccgx-ucsi.o
  CC      drivers/rtc/rtc-da9052.o
  CC      drivers/net/ethernet/freescale/fman/fman_keygen.o
  AR      drivers/misc/amd-sbi/built-in.a
  CC      drivers/spi/spi-sn-f-ospi.o
  AS      drivers/misc/lan966x_pci.dtbo.o
  AR      drivers/misc/built-in.a
  CC      drivers/i2c/busses/i2c-ali1535.o
  CC      drivers/rtc/rtc-ds1286.o
  CC      drivers/input/joystick/iforce/iforce-packets.o
  CC      drivers/input/keyboard/gpio_keys.o
  CC      drivers/input/keyboard/gpio_keys_polled.o
  AR      drivers/net/can/sja1000/built-in.a
  CC      drivers/net/ethernet/freescale/fman/fman_port.o
  AR      drivers/net/can/built-in.a
  AR      drivers/net/ethernet/fungible/built-in.a
  CC      drivers/input/joystick/interact.o
  CC      drivers/mfd/si476x-cmd.o
  CC      drivers/input/touchscreen/88pm860x-ts.o
  CC      drivers/net/ethernet/chelsio/cxgb4/cxgb4_tc_u32.o
  CC      drivers/input/touchscreen/ad7877.o
  CC      drivers/input/joystick/iforce/iforce-serio.o
  CC      drivers/rtc/rtc-ds1302.o
  CC      drivers/spi/spi-sg2044-nor.o
  CC      drivers/input/touchscreen/ad7879.o
  CC      drivers/net/phy/marvell-88x2222.o
  CC      drivers/net/phy/mxl-gpy.o
  CC      drivers/i2c/busses/i2c-ali1563.o
  CC      drivers/input/keyboard/lkkbd.o
  CC      drivers/net/phy/mxl-86110.o
  CC      drivers/net/ethernet/freescale/dpaa2/dpaa2-eth.o
  CC      drivers/net/ethernet/freescale/fman/mac.o
  AR      drivers/input/joystick/iforce/built-in.a
  CC      drivers/input/joystick/psxpad-spi.o
  CC      drivers/i2c/busses/i2c-ali15x3.o
  CC      drivers/rtc/rtc-ds1347.o
  CC      drivers/mfd/si476x-prop.o
  CC      drivers/net/ethernet/freescale/fman/fman_dtsec.o
  CC      drivers/net/ethernet/broadcom/bnx2x/bnx2x_sriov.o
  CC      drivers/input/touchscreen/ad7879-i2c.o
  CC      drivers/spi/spi-spacemit-k1.o
  CC      drivers/input/keyboard/lm8323.o
  CC      drivers/net/ethernet/broadcom/bgmac-platform.o
  CC      drivers/spi/spi-sprd.o
  CC      drivers/net/ethernet/chelsio/cxgb4/cxgb4_ptp.o
  CC      drivers/input/rmi4/rmi_bus.o
  CC      drivers/input/rmi4/rmi_driver.o
  CC      drivers/rtc/rtc-ds1374.o
  CC      drivers/input/joystick/qwiic-joystick.o
  CC      drivers/i2c/busses/i2c-amd756.o
  CC      drivers/net/phy/mediatek/mtk-2p5ge.o
  CC      drivers/mfd/si476x-i2c.o
  CC      drivers/input/touchscreen/ads7846.o
  CC      drivers/net/phy/mediatek/mtk-ge-soc.o
  CC      drivers/input/keyboard/lpc32xx-keys.o
  CC      drivers/net/ethernet/freescale/dpaa2/dpaa2-ethtool.o
  CC      drivers/net/ethernet/freescale/fman/fman_memac.o
  CC      drivers/input/keyboard/mpr121_touchkey.o
  CC      drivers/spi/spi-sprd-adi.o
  CC      drivers/input/joystick/adafruit-seesaw.o
  CC      drivers/rtc/rtc-ds1511.o
  CC      drivers/input/rmi4/rmi_f01.o
  CC      drivers/i2c/busses/i2c-i801.o
  CC      drivers/input/keyboard/mt6779-keypad.o
  CC      drivers/mfd/cs5535-mfd.o
  CC      drivers/net/ethernet/freescale/enetc/enetc.o
  CC      drivers/net/ethernet/chelsio/cxgb4/cxgb4_tc_flower.o
  CC      drivers/input/touchscreen/apple_z2.o
  CC      drivers/rtc/rtc-ds1742.o
  CC      drivers/spi/spi-stm32-qspi.o
  CC      drivers/net/ethernet/chelsio/cxgb4/cxgb4_cudbg.o
  CC      drivers/input/joystick/sensehat-joystick.o
  AR      drivers/net/ethernet/broadcom/bnx2x/built-in.a
  CC      drivers/net/ethernet/broadcom/bcmsysport.o
  CC      drivers/input/rmi4/rmi_2d_sensor.o
  CC      drivers/input/keyboard/mtk-pmic-keys.o
  CC      drivers/mfd/qcom-pm8xxx.o
  CC      drivers/net/ethernet/freescale/enetc/enetc_cbdr.o
  CC      drivers/net/phy/mediatek/mtk-phy-lib.o
  CC      drivers/net/ethernet/freescale/fman/fman_tgec.o
  CC      drivers/i2c/busses/i2c-ismt.o
  CC      drivers/net/ethernet/freescale/dpaa2/dpni.o
  CC      drivers/input/touchscreen/atmel_mxt_ts.o
  CC      drivers/rtc/rtc-ds3232.o
  CC      drivers/input/rmi4/rmi_f03.o
  CC      drivers/input/joystick/sidewinder.o
  CC      drivers/input/keyboard/omap4-keypad.o
  CC      drivers/spi/spi-sun4i.o
  CC      drivers/mfd/ssbi.o
  CC      drivers/net/ethernet/freescale/dpaa2/dpaa2-eth-devlink.o
  CC      drivers/i2c/busses/i2c-nvidia-gpu.o
  CC      drivers/spi/spi-synquacer.o
  AR      drivers/net/phy/mediatek/built-in.a
  CC      drivers/rtc/rtc-fm3130.o
  CC      drivers/net/phy/micrel.o
  CC      drivers/input/rmi4/rmi_f11.o
  CC      drivers/mfd/qcom-spmi-pmic.o
  CC      drivers/net/ethernet/chelsio/cxgb4/cxgb4_mps.o
  CC      drivers/net/ethernet/chelsio/cxgb4/cudbg_common.o
  AR      drivers/net/ethernet/freescale/fman/built-in.a
  CC      drivers/spi/spi-tegra114.o
  CC      drivers/input/keyboard/opencores-kbd.o
  CC      drivers/input/joystick/spaceball.o
  CC      drivers/mfd/tps65090.o
  CC      drivers/net/ethernet/broadcom/bnge/bnge_core.o
  CC      drivers/input/touchscreen/auo-pixcir-ts.o
  CC      drivers/input/touchscreen/bu21029_ts.o
  CC      drivers/net/ethernet/freescale/enetc/enetc_ethtool.o
  CC      drivers/i2c/busses/i2c-piix4.o
  CC      drivers/net/ethernet/freescale/enetc/enetc_pf_common.o
  CC      drivers/net/ethernet/freescale/dpaa2/dpaa2-xsk.o
  CC      drivers/input/rmi4/rmi_f12.o
  CC      drivers/input/keyboard/pinephone-keyboard.o
  CC      drivers/input/joystick/tmdc.o
  CC      drivers/rtc/rtc-fsl-ftm-alarm.o
  CC      drivers/mfd/aat2870-core.o
  CC      drivers/spi/spi-tegra20-sflash.o
  CC      drivers/mfd/at91-usart.o
  CC      drivers/net/ethernet/freescale/enetc/enetc_msg.o
  CC      drivers/net/ethernet/chelsio/cxgb4/cudbg_lib.o
  CC      drivers/input/touchscreen/chipone_icn8505.o
  CC      drivers/net/ethernet/broadcom/bnge/bnge_devlink.o
  CC      drivers/input/rmi4/rmi_f1a.o
  CC      drivers/rtc/rtc-ftrtc010.o
  CC      drivers/input/joystick/twidjoy.o
  CC      drivers/input/keyboard/pmic8xxx-keypad.o
  CC      drivers/i2c/busses/i2c-sis630.o
  CC      drivers/net/phy/microchip.o
  CC      drivers/mfd/atmel-flexcom.o
  CC      drivers/spi/spi-tle62x0.o
  CC      drivers/input/touchscreen/cy8ctma140.o
  CC      drivers/net/ethernet/hisilicon/hix5hd2_gmac.o
  CC      drivers/net/ethernet/freescale/dpaa2/dpaa2-eth-debugfs.o
  AR      drivers/media/i2c/built-in.a
  CC      drivers/input/rmi4/rmi_f21.o
  AR      drivers/media/tuners/built-in.a
  CC      drivers/input/joystick/warrior.o
  CC      drivers/rtc/rtc-generic.o
  CC      drivers/media/rc/keymaps/rc-adstech-dvb-t-pci.o
  CC      drivers/media/rc/rc-main.o
  CC      drivers/input/keyboard/qt1050.o
  CC      drivers/mfd/atmel-smc.o
  CC      drivers/net/ethernet/broadcom/bnge/bnge_hwrm.o
  CC      drivers/i2c/busses/i2c-sis96x.o
  CC      drivers/net/ethernet/freescale/enetc/ntmp.o
  CC      drivers/input/rmi4/rmi_f30.o
  CC      drivers/spi/spi-topcliff-pch.o
  CC      drivers/media/rc/keymaps/rc-alink-dtu-m.o
  CC      drivers/net/phy/microchip_rds_ptp.o
  CC      drivers/rtc/rtc-goldfish.o
  AR      drivers/input/joystick/built-in.a
  CC      drivers/net/ethernet/hisilicon/hns_mdio.o
  CC      drivers/input/touchscreen/cy8ctmg110_ts.o
  CC      drivers/mfd/intel-lpss.o
  CC      drivers/input/keyboard/qt1070.o
  CC      drivers/i2c/muxes/i2c-arb-gpio-challenge.o
  CC      drivers/net/ethernet/freescale/dpaa2/dpaa2-mac.o
  CC      drivers/media/rc/keymaps/rc-anysee.o
  CC      drivers/input/rmi4/rmi_f34.o
  CC      drivers/i2c/busses/i2c-via.o
  CC      drivers/media/rc/rc-ir-raw.o
  CC      drivers/rtc/rtc-hym8563.o
  CC      drivers/mfd/intel-lpss-acpi.o
  CC      drivers/net/ethernet/chelsio/cxgb4/cudbg_zlib.o
  CC      drivers/input/touchscreen/cyttsp5.o
  CC      drivers/net/ethernet/broadcom/bnge/bnge_hwrm_lib.o
  CC      drivers/net/ethernet/freescale/enetc/enetc_pf.o
  CC      drivers/spi/spi-uniphier.o
  CC      drivers/media/rc/keymaps/rc-apac-viewcomp.o
  CC      drivers/net/ethernet/hisilicon/hns/hnae.o
  CC      drivers/input/keyboard/qt2160.o
  CC      drivers/mfd/intel_pmc_bxt.o
  CC      drivers/i2c/muxes/i2c-demux-pinctrl.o
  CC      drivers/net/phy/microchip_t1.o
  CC      drivers/input/rmi4/rmi_f34v7.o
  CC      drivers/i2c/busses/i2c-viai2c-zhaoxin.o
  CC      drivers/net/ethernet/hisilicon/hns/hns_ae_adapt.o
  CC      drivers/rtc/rtc-imxdi.o
  CC      drivers/media/rc/keymaps/rc-astrometa-t2hybrid.o
  CC      drivers/net/ethernet/freescale/dpaa2/dpmac.o
  CC      drivers/input/touchscreen/da9052_tsi.o
  CC      drivers/mfd/ntxec.o
  CC      drivers/spi/spi-xcomm.o
  CC      drivers/input/keyboard/samsung-keypad.o
  CC      drivers/net/ethernet/chelsio/cxgb4/cxgb4_tc_mqprio.o
  CC      drivers/i2c/muxes/i2c-mux-gpio.o
  CC      drivers/input/rmi4/rmi_f3a.o
  CC      drivers/media/rc/keymaps/rc-asus-pc39.o
  AR      drivers/net/ethernet/freescale/dpaa2/built-in.a
  CC      drivers/net/ethernet/freescale/enetc/enetc4_pf.o
  CC      drivers/net/ethernet/intel/libeth/rx.o
  CC      drivers/net/ethernet/intel/libie/rx.o
  CC      drivers/i2c/busses/i2c-viai2c-common.o
  CC      drivers/net/ethernet/broadcom/bnge/bnge_rmem.o
  CC      drivers/rtc/rtc-isl1208.o
  CC      drivers/input/touchscreen/dynapro.o
  CC      drivers/net/phy/mscc/mscc_main.o
  CC      drivers/mfd/rc5t583.o
  CC      drivers/input/keyboard/snvs_pwrkey.o
  CC      drivers/media/rc/keymaps/rc-asus-ps3-100.o
  CC      drivers/spi/spi-xilinx.o
  CC      drivers/net/ethernet/hisilicon/hns/hns_dsaf_gmac.o
  CC      drivers/input/rmi4/rmi_f55.o
  CC      drivers/i2c/muxes/i2c-mux-gpmux.o
  CC      drivers/input/touchscreen/edt-ft5x06.o
  CC      drivers/i2c/busses/i2c-altera.o
  CC      drivers/net/ethernet/intel/libie/adminq.o
  CC      drivers/rtc/rtc-loongson.o
  CC      drivers/media/rc/keymaps/rc-ati-tv-wonder-hd-600.o
  CC      drivers/net/ethernet/intel/libeth/tx.o
  CC      drivers/input/keyboard/stmpe-keypad.o
  CC      drivers/net/ethernet/broadcom/bnge/bnge_resc.o
  CC      drivers/input/rmi4/rmi_spi.o
  CC      drivers/mfd/rc5t583-irq.o
  CC      drivers/net/ethernet/freescale/enetc/enetc4_debugfs.o
  CC      drivers/net/ethernet/intel/libie/fwlog.o
  CC      drivers/spi/spi-xlp.o
  CC      drivers/net/ethernet/chelsio/cxgb4/cxgb4_tc_matchall.o
  CC      drivers/i2c/muxes/i2c-mux-mlxcpld.o
  CC      drivers/media/rc/keymaps/rc-ati-x10.o
  CC      drivers/net/phy/mscc/mscc_serdes.o
  CC      drivers/i2c/busses/i2c-amd-mp2-pci.o
  CC      drivers/net/ethernet/hisilicon/hns/hns_dsaf_mac.o
  CC      drivers/input/keyboard/sunkbd.o
  CC      drivers/rtc/rtc-lpc24xx.o
  CC      drivers/mfd/rk8xx-core.o
  CC      drivers/input/touchscreen/hycon-hy46xx.o
  CC      drivers/input/rmi4/rmi_smbus.o
  CC      drivers/spi/spi-zynq-qspi.o
  CC      drivers/net/ethernet/intel/libeth/xdp.o
  CC      drivers/media/rc/keymaps/rc-avermedia-a16d.o
  AR      drivers/net/ethernet/intel/libie/built-in.a
  CC      drivers/spi/spi-amd.o
  CC      drivers/i2c/muxes/i2c-mux-pca954x.o
  CC      drivers/net/ethernet/broadcom/bnge/bnge_netdev.o
  CC      drivers/net/ethernet/freescale/enetc/enetc_vf.o
  CC      drivers/input/keyboard/tc3589x-keypad.o
  CC      drivers/rtc/rtc-lpc32xx.o
  CC      drivers/i2c/busses/i2c-amd-mp2-plat.o
  CC      drivers/mfd/rk8xx-i2c.o
  CC      drivers/net/phy/mscc/mscc_ptp.o
  CC      drivers/media/rc/keymaps/rc-avermedia-cardbus.o
  CC      drivers/net/ethernet/chelsio/cxgb4/cxgb4_dcb.o
  CC      drivers/input/touchscreen/gunze.o
  AR      drivers/input/rmi4/built-in.a
  CC      drivers/net/phy/nxp-cbtx.o
  CC      drivers/i2c/i2c-slave-testunit.o
  CC      drivers/net/ethernet/hisilicon/hns/hns_dsaf_misc.o
  CC      drivers/spi/spi-amd-pci.o
  CC      drivers/i2c/muxes/i2c-mux-pinctrl.o
  CC      drivers/rtc/rtc-m41t80.o
  CC      drivers/media/rc/keymaps/rc-avermedia-dvbt.o
  CC      drivers/net/ethernet/intel/libeth/xsk.o
  CC      drivers/input/keyboard/tm2-touchkey.o
  CC      drivers/i2c/busses/i2c-amd-asf-plat.o
  CC      drivers/mfd/rk8xx-spi.o
  CC      drivers/input/touchscreen/eeti_ts.o
  CC      drivers/net/ethernet/freescale/enetc/enetc_ierb.o
  CC      drivers/net/ethernet/intel/e100.o
  CC      drivers/spi/spi-offload-trigger-adi-util-sigma-delta.o
  CC      drivers/mfd/rn5t618.o
  CC      drivers/media/rc/keymaps/rc-avermedia-m135a.o
  AR      drivers/i2c/muxes/built-in.a
  CC      drivers/media/rc/lirc_dev.o
  AR      drivers/net/phy/mscc/built-in.a
  CC      drivers/rtc/rtc-m41t93.o
  CC      drivers/net/phy/qcom/qcom-phy-lib.o
  CC      drivers/net/ethernet/hisilicon/hns/hns_dsaf_main.o
  CC      drivers/input/keyboard/twl4030_keypad.o
  AR      drivers/spi/built-in.a
  CC      drivers/i2c/busses/i2c-aspeed.o
  CC      drivers/net/ethernet/freescale/enetc/enetc_pci_mdio.o
  CC      drivers/rtc/rtc-m48t35.o
  CC      drivers/input/touchscreen/ektf2127.o
  CC      drivers/net/ethernet/chelsio/cxgb4/cxgb4_debugfs.o
  CC      drivers/media/rc/keymaps/rc-avermedia-m733a-rm-k6.o
  AR      drivers/net/ethernet/intel/libeth/built-in.a
  CC      drivers/net/ethernet/broadcom/bnge/bnge_ethtool.o
  CC      drivers/media/cec/core/cec-core.o
  CC      drivers/media/cec/i2c/tda9950.o
  CC      drivers/mfd/sec-common.o
  CC      drivers/input/keyboard/xtkbd.o
  CC      drivers/media/cec/platform/cec-gpio/cec-gpio.o
  CC      drivers/rtc/rtc-m48t59.o
  CC      drivers/media/cec/platform/meson/ao-cec.o
  CC      drivers/media/rc/keymaps/rc-avermedia.o
  CC      drivers/input/touchscreen/elants_i2c.o
  CC      drivers/mfd/sec-irq.o
  CC      drivers/i2c/busses/i2c-at91-core.o
  CC      drivers/media/cec/core/cec-adap.o
  CC      drivers/net/phy/qcom/qca83xx.o
  CC      drivers/net/ethernet/intel/e1000e/82571.o
  CC      drivers/net/ethernet/freescale/enetc/enetc_mdio.o
  AR      drivers/input/keyboard/built-in.a
  AR      drivers/media/cec/platform/cec-gpio/built-in.a
  CC      drivers/media/rc/keymaps/rc-cec.o
  AR      drivers/net/ethernet/i825xx/built-in.a
  CC      drivers/media/rc/keymaps/rc-avermedia-rm-ks.o
  CC      drivers/media/rc/bpf-lirc.o
  AR      drivers/media/cec/i2c/built-in.a
  AR      drivers/net/ethernet/microsoft/built-in.a
  CC      drivers/mfd/sec-i2c.o
  CC      drivers/net/ethernet/broadcom/bnge/bnge_auxr.o
  CC      drivers/rtc/rtc-m48t86.o
  CC      drivers/media/cec/platform/meson/ao-cec-g12a.o
  CC      drivers/media/rc/ir-jvc-decoder.o
  CC      drivers/net/ethernet/hisilicon/hns/hns_dsaf_ppe.o
  CC      drivers/net/ethernet/marvell/mvmdio.o
  CC      drivers/i2c/busses/i2c-at91-master.o
  CC      drivers/media/rc/keymaps/rc-avertv-303.o
  CC      drivers/input/touchscreen/elo.o
  CC      drivers/net/phy/qcom/qca808x.o
  CC      drivers/rtc/rtc-max6900.o
  CC      drivers/net/ethernet/marvell/mvneta.o
  CC      drivers/mfd/syscon.o
  CC      drivers/net/ethernet/freescale/enetc/netc_blk_ctrl.o
  CC      drivers/media/rc/keymaps/rc-azurewave-ad-tu700.o
  AR      drivers/ptp/built-in.a
  CC      drivers/w1/w1.o
  AR      drivers/media/cec/platform/meson/built-in.a
  CC      drivers/media/cec/core/cec-api.o
  CC      drivers/net/ethernet/intel/e1000e/ich8lan.o
  CC      drivers/media/cec/platform/s5p/s5p_cec.o
  CC      drivers/net/ethernet/broadcom/bnge/bnge_txrx.o
  CC      drivers/input/touchscreen/exc3000.o
  CC      drivers/mfd/retu-mfd.o
  CC      drivers/i2c/busses/i2c-at91-slave.o
  CC      drivers/input/touchscreen/fujitsu_ts.o
  CC      drivers/rtc/rtc-max6902.o
  CC      drivers/net/ethernet/hisilicon/hns/hns_dsaf_rcb.o
  CC      drivers/media/rc/keymaps/rc-beelink-gs1.o
  CC      drivers/net/phy/qcom/qca807x.o
  CC      drivers/media/cec/platform/s5p/exynos_hdmi_cecctrl.o
  CC      drivers/net/ethernet/chelsio/cxgb4/cxgb4_thermal.o
  CC      drivers/media/cec/core/cec-notifier.o
  AR      drivers/net/ethernet/freescale/enetc/built-in.a
  AR      drivers/net/ethernet/freescale/built-in.a
  CC      drivers/net/ethernet/broadcom/bnge/bnge_link.o
  CC      drivers/media/cec/core/cec-pin.o
  CC      drivers/i2c/busses/i2c-bcm2835.o
  CC      drivers/mfd/as3722.o
  CC      drivers/media/rc/keymaps/rc-beelink-mxiii.o
  CC      drivers/input/touchscreen/goodix.o
  CC      drivers/rtc/rtc-max6916.o
  CC      drivers/w1/w1_int.o
  AR      drivers/media/cec/platform/s5p/built-in.a
  AR      drivers/media/cec/platform/built-in.a
  AR      drivers/media/common/b2c2/built-in.a
  AR      drivers/media/common/saa7146/built-in.a
  AR      drivers/media/common/siano/built-in.a
  AR      drivers/media/common/v4l2-tpg/built-in.a
  AR      drivers/media/common/videobuf2/built-in.a
  AR      drivers/media/common/built-in.a
  CC      drivers/net/ethernet/intel/igbvf/vf.o
  CC      drivers/net/ethernet/hisilicon/hns/hns_dsaf_xgmac.o
  CC      drivers/media/rc/keymaps/rc-behold-columbus.o
  CC      drivers/media/rc/keymaps/rc-behold.o
  AR      drivers/net/phy/qcom/built-in.a
  CC      drivers/net/ethernet/hisilicon/hns/hns_enet.o
  CC      drivers/mfd/hi6421-pmic-core.o
  CC      drivers/net/phy/realtek/realtek_main.o
  CC      drivers/net/ethernet/intel/e1000e/80003es2lan.o
  AR      drivers/media/cec/core/built-in.a
  CC      drivers/i2c/busses/i2c-bcm-iproc.o
  AR      drivers/media/cec/usb/built-in.a
  CC      drivers/rtc/rtc-max8997.o
  AR      drivers/media/cec/built-in.a
  CC      drivers/net/phy/realtek/realtek_hwmon.o
  AR      drivers/net/ethernet/chelsio/cxgb4/built-in.a
  AR      drivers/net/ethernet/chelsio/built-in.a
  AR      drivers/net/ethernet/broadcom/bnge/built-in.a
  CC      drivers/net/ethernet/intel/ixgbe/ixgbe_main.o
  AR      drivers/net/ethernet/broadcom/built-in.a
  CC      drivers/media/rc/ir-mce_kbd-decoder.o
  CC      drivers/input/touchscreen/goodix_fwupload.o
  CC      drivers/net/ethernet/intel/ixgbe/ixgbe_common.o
  CC      drivers/media/rc/keymaps/rc-budget-ci-old.o
  CC      drivers/mfd/hi655x-pmic.o
  CC      drivers/w1/w1_family.o
  CC      drivers/net/ethernet/marvell/mvpp2/mvpp2_main.o
  CC      drivers/net/ethernet/intel/igbvf/mbx.o
  CC      drivers/mfd/rt5033.o
  CC      drivers/net/ethernet/marvell/mvpp2/mvpp2_prs.o
  CC      drivers/rtc/rtc-max8998.o
  CC      drivers/media/rc/keymaps/rc-cinergy-1400.o
  CC      drivers/net/ethernet/intel/ixgbe/ixgbe_ethtool.o
  CC      drivers/w1/w1_netlink.o
  CC      drivers/i2c/busses/i2c-cadence.o
  CC      drivers/net/ethernet/marvell/skge.o
  CC      drivers/input/touchscreen/goodix_berlin_core.o
  CC      drivers/net/ethernet/intel/e1000e/mac.o
  CC      drivers/net/ethernet/intel/igbvf/ethtool.o
  CC      drivers/media/rc/keymaps/rc-cinergy.o
  AR      drivers/net/phy/realtek/built-in.a
  CC      drivers/net/phy/uPD60620.o
  CC      drivers/mfd/rt5120.o
  CC      drivers/rtc/rtc-meson-vrtc.o
  CC      drivers/net/ethernet/hisilicon/hns/hns_ethtool.o
  CC      drivers/i2c/busses/i2c-cbus-gpio.o
  CC      drivers/input/touchscreen/goodix_berlin_i2c.o
  CC      drivers/media/rc/keymaps/rc-ct-90405.o
  CC      drivers/w1/w1_io.o
  AR      drivers/media/platform/allegro-dvt/built-in.a
  AR      drivers/media/platform/amd/isp4/built-in.a
  AR      drivers/media/platform/amd/built-in.a
  AR      drivers/media/platform/amlogic/c3/isp/built-in.a
  AR      drivers/media/platform/amlogic/c3/mipi-adapter/built-in.a
  AR      drivers/media/platform/amlogic/c3/mipi-csi2/built-in.a
  AR      drivers/media/platform/amlogic/c3/built-in.a
  CC      drivers/rtc/rtc-mc13xxx.o
  AR      drivers/media/platform/amlogic/meson-ge2d/built-in.a
  AR      drivers/media/platform/amlogic/built-in.a
  AR      drivers/media/platform/amphion/built-in.a
  CC      drivers/mfd/sky81452.o
  AR      drivers/media/platform/arm/mali-c55/built-in.a
  AR      drivers/media/platform/arm/built-in.a
  CC      drivers/net/ethernet/intel/e1000e/manage.o
  AR      drivers/media/platform/aspeed/built-in.a
  AR      drivers/media/platform/atmel/built-in.a
  CC      drivers/net/phy/smsc.o
  AR      drivers/media/platform/broadcom/built-in.a
  AR      drivers/media/platform/cadence/built-in.a
  AR      drivers/media/platform/chips-media/coda/built-in.a
  AR      drivers/media/platform/chips-media/wave5/built-in.a
  AR      drivers/media/platform/imagination/built-in.a
  AR      drivers/media/platform/chips-media/built-in.a
  CC      drivers/net/ethernet/intel/igbvf/netdev.o
  CC      drivers/net/ethernet/hisilicon/hns3/hnae3.o
  CC      drivers/media/rc/keymaps/rc-d680-dmb.o
  CC      drivers/w1/masters/ds2482.o
  AR      drivers/media/platform/intel/built-in.a
  AR      drivers/media/platform/marvell/built-in.a
  AR      drivers/media/platform/mediatek/jpeg/built-in.a
  AR      drivers/media/platform/mediatek/mdp/built-in.a
  AR      drivers/media/platform/mediatek/vcodec/common/built-in.a
  AR      drivers/media/platform/mediatek/vcodec/encoder/built-in.a
  AR      drivers/media/platform/mediatek/vcodec/decoder/built-in.a
  AR      drivers/media/platform/mediatek/vcodec/built-in.a
  CC      drivers/i2c/busses/i2c-davinci.o
  CC      drivers/input/touchscreen/goodix_berlin_spi.o
  AR      drivers/media/platform/mediatek/vpu/built-in.a
  AR      drivers/media/platform/mediatek/mdp3/built-in.a
  AR      drivers/media/platform/mediatek/built-in.a
  AR      drivers/media/platform/microchip/built-in.a
  AR      drivers/media/platform/nuvoton/built-in.a
  AR      drivers/media/platform/nvidia/tegra-vde/built-in.a
  AR      drivers/media/platform/nvidia/built-in.a
  CC      drivers/rtc/rtc-mcp795.o
  AR      drivers/media/platform/nxp/dw100/built-in.a
  AR      drivers/media/platform/nxp/imx-jpeg/built-in.a
  CC      drivers/w1/slaves/w1_smem.o
  AR      drivers/media/platform/nxp/imx8-isi/built-in.a
  AR      drivers/media/platform/nxp/built-in.a
  AR      drivers/media/platform/qcom/camss/built-in.a
  AR      drivers/media/platform/qcom/iris/built-in.a
  AR      drivers/net/ethernet/hisilicon/hns/built-in.a
  AR      drivers/media/platform/qcom/venus/built-in.a
  CC      drivers/net/ethernet/hisilicon/hns3/hns3vf/hclgevf_main.o
  AR      drivers/media/platform/qcom/built-in.a
  CC      drivers/i2c/busses/i2c-digicolor.o
  AR      drivers/media/platform/raspberrypi/pisp_be/built-in.a
  CC      drivers/media/rc/keymaps/rc-delock-61959.o
  AR      drivers/media/platform/raspberrypi/rp1-cfe/built-in.a
  AR      drivers/media/platform/raspberrypi/built-in.a
  CC      drivers/mfd/intel_soc_pmic_crc.o
  AR      drivers/media/platform/renesas/rcar-isp/built-in.a
  AR      drivers/media/platform/renesas/rcar-vin/built-in.a
  AR      drivers/media/platform/renesas/rzg2l-cru/built-in.a
  AR      drivers/media/platform/renesas/rzv2h-ivc/built-in.a
  AR      drivers/media/platform/renesas/vsp1/built-in.a
  AR      drivers/media/platform/renesas/built-in.a
  AR      drivers/media/platform/rockchip/rga/built-in.a
  CC      drivers/w1/masters/mxc_w1.o
  CC      drivers/w1/slaves/w1_ds2408.o
  AR      drivers/media/platform/rockchip/rkcif/built-in.a
  AR      drivers/media/platform/rockchip/rkisp1/built-in.a
  CC      drivers/net/ethernet/intel/e1000e/nvm.o
  AR      drivers/media/platform/rockchip/rkvdec/built-in.a
  AR      drivers/media/platform/rockchip/built-in.a
  AR      drivers/media/platform/samsung/exynos-gsc/built-in.a
  AR      drivers/media/platform/samsung/exynos4-is/built-in.a
  CC      drivers/input/touchscreen/ili210x.o
  AR      drivers/media/platform/samsung/s3c-camif/built-in.a
  CC      drivers/net/phy/vitesse.o
  AR      drivers/media/platform/samsung/s5p-g2d/built-in.a
  AR      drivers/media/platform/samsung/s5p-jpeg/built-in.a
  AR      drivers/media/platform/samsung/s5p-mfc/built-in.a
  AR      drivers/media/platform/samsung/built-in.a
  AR      drivers/media/platform/st/sti/bdisp/built-in.a
  CC      drivers/media/rc/keymaps/rc-dib0700-nec.o
  AR      drivers/media/platform/st/sti/delta/built-in.a
  AR      drivers/media/platform/st/sti/hva/built-in.a
  AR      drivers/net/ethernet/meta/built-in.a
  AR      drivers/media/platform/st/stm32/built-in.a
  AR      drivers/media/platform/st/built-in.a
  CC      drivers/i2c/busses/i2c-eg20t.o
  AR      drivers/media/platform/sunxi/sun4i-csi/built-in.a
  AR      drivers/media/platform/sunxi/sun6i-csi/built-in.a
  AR      drivers/media/platform/sunxi/sun6i-mipi-csi2/built-in.a
  AR      drivers/media/platform/sunxi/sun8i-a83t-mipi-csi2/built-in.a
  CC      drivers/w1/slaves/w1_ds2413.o
  AR      drivers/media/platform/sunxi/sun8i-di/built-in.a
  AR      drivers/media/platform/sunxi/sun8i-rotate/built-in.a
  AR      drivers/media/platform/sunxi/built-in.a
  AR      drivers/media/platform/synopsys/hdmirx/built-in.a
  AR      drivers/media/platform/synopsys/built-in.a
  CC      drivers/rtc/rtc-moxart.o
  CC      drivers/rtc/rtc-msc313.o
  AR      drivers/media/platform/ti/am437x/built-in.a
  AR      drivers/media/platform/ti/cal/built-in.a
  AR      drivers/media/platform/ti/vpe/built-in.a
  AR      drivers/media/platform/ti/davinci/built-in.a
  AR      drivers/media/platform/ti/j721e-csi2rx/built-in.a
  AR      drivers/media/platform/ti/omap/built-in.a
  AR      drivers/media/platform/ti/omap3isp/built-in.a
  AR      drivers/media/platform/ti/built-in.a
  CC      drivers/net/ethernet/marvell/mvpp2/mvpp2_cls.o
  AR      drivers/media/platform/verisilicon/built-in.a
  CC      drivers/w1/masters/w1-gpio.o
  AR      drivers/media/platform/via/built-in.a
  CC      drivers/net/ethernet/hisilicon/hisi_femac.o
  CC      drivers/mfd/altera-sysmgr.o
  AR      drivers/media/platform/xilinx/built-in.a
  AR      drivers/media/platform/built-in.a
  CC      drivers/power/reset/as3722-poweroff.o
  CC      drivers/media/rc/keymaps/rc-dib0700-rc5.o
  AR      drivers/net/ethernet/intel/igbvf/built-in.a
  CC      drivers/power/reset/atc260x-poweroff.o
  CC      drivers/w1/slaves/w1_ds2406.o
  CC      drivers/power/reset/brcm-kona-reset.o
  CC      drivers/media/rc/ir-nec-decoder.o
  CC      drivers/input/touchscreen/ilitek_ts_i2c.o
  CC      drivers/net/phy/xilinx_gmii2rgmii.o
  CC      drivers/net/ethernet/intel/e1000e/phy.o
  CC      drivers/net/ethernet/intel/ixgbe/ixgbe_82599.o
  CC      drivers/w1/masters/w1-uart.o
  CC      drivers/rtc/rtc-mt2712.o
  CC      drivers/mfd/stpmic1.o
  CC      drivers/i2c/busses/i2c-emev2.o
  CC      drivers/media/rc/keymaps/rc-digitalnow-tinytwin.o
  CC      drivers/media/rc/keymaps/rc-digittrade.o
  CC      drivers/w1/slaves/w1_ds2423.o
  CC      drivers/net/ethernet/hisilicon/hns3/hns3vf/hclgevf_mbx.o
  CC      drivers/power/reset/ep93xx-restart.o
  AR      drivers/w1/masters/built-in.a
  CC      drivers/net/ethernet/intel/i40e/i40e_main.o
  CC      drivers/power/reset/gpio-poweroff.o
  CC      drivers/power/reset/linkstation-poweroff.o
  CC      drivers/rtc/rtc-nct3018y.o
  CC      drivers/media/rc/keymaps/rc-dm1105-nec.o
  CC      drivers/net/ethernet/marvell/mvpp2/mvpp2_debugfs.o
  CC      drivers/w1/slaves/w1_ds2430.o
  CC      drivers/mfd/stm32-lptimer.o
  AR      drivers/media/pci/ttpci/built-in.a
  AR      drivers/media/pci/b2c2/built-in.a
  CC      drivers/media/rc/keymaps/rc-dntv-live-dvb-t.o
  AR      drivers/media/pci/pluto2/built-in.a
  CC      drivers/i2c/busses/i2c-exynos5.o
  AR      drivers/media/pci/dm1105/built-in.a
  CC      drivers/input/touchscreen/imagis.o
  AR      drivers/media/pci/pt1/built-in.a
  AR      drivers/net/phy/built-in.a
  AR      drivers/media/pci/pt3/built-in.a
  AR      drivers/media/pci/mantis/built-in.a
  CC      drivers/net/ethernet/intel/ice/ice_main.o
  AR      drivers/media/pci/ngene/built-in.a
  AR      drivers/media/pci/ddbridge/built-in.a
  AR      drivers/media/pci/saa7146/built-in.a
  AR      drivers/media/pci/smipcie/built-in.a
  AR      drivers/media/pci/netup_unidvb/built-in.a
  CC      drivers/net/ethernet/marvell/sky2.o
  AR      drivers/media/pci/intel/ipu3/built-in.a
  AR      drivers/media/pci/intel/ivsc/built-in.a
  AR      drivers/media/pci/intel/built-in.a
  AR      drivers/media/pci/built-in.a
  CC      drivers/net/ethernet/intel/ice/ice_controlq.o
  CC      drivers/w1/slaves/w1_ds2438.o
  CC      drivers/mfd/stm32-timers.o
  CC      drivers/w1/slaves/w1_ds2780.o
  CC      drivers/net/ethernet/intel/ixgbe/ixgbe_82598.o
  CC      drivers/media/rc/keymaps/rc-dntv-live-dvbt-pro.o
  CC      drivers/net/ethernet/intel/e1000e/param.o
  CC      drivers/rtc/rtc-ntxec.o
  CC      drivers/power/reset/mt6323-poweroff.o
  CC      drivers/media/rc/keymaps/rc-dreambox.o
  CC      drivers/i2c/busses/i2c-gpio.o
  CC      drivers/w1/slaves/w1_ds2781.o
  CC      drivers/net/ethernet/hisilicon/hns3/hns3vf/hclgevf_devlink.o
  CC      drivers/input/touchscreen/imx6ul_tsc.o
  AR      drivers/net/ethernet/marvell/mvpp2/built-in.a
  CC      drivers/net/ethernet/intel/i40e/i40e_ethtool.o
  CC      drivers/net/ethernet/intel/i40e/i40e_adminq.o
  CC      drivers/mfd/mxs-lradc.o
  CC      drivers/rtc/rtc-pcf2123.o
  CC      drivers/w1/slaves/w1_ds28e04.o
  CC      drivers/power/reset/odroid-go-ultra-poweroff.o
  CC      drivers/media/rc/keymaps/rc-dtt200u.o
  CC      drivers/mfd/sprd-sc27xx-spi.o
  CC      drivers/input/touchscreen/inexio.o
  CC      drivers/i2c/busses/i2c-highlander.o
  CC      drivers/net/ethernet/intel/ixgbe/ixgbe_phy.o
  CC      drivers/net/ethernet/intel/e1000e/ethtool.o
  CC      drivers/input/touchscreen/bcm_iproc_tsc.o
  CC      drivers/w1/slaves/w1_ds28e17.o
  CC      drivers/media/rc/keymaps/rc-dvbsky.o
  CC      drivers/net/ethernet/hisilicon/hns3/hns3vf/hclgevf_regs.o
  CC      drivers/rtc/rtc-pcf8523.o
  CC      drivers/power/reset/restart-poweroff.o
  CC      drivers/power/reset/spacemit-p1-reboot.o
  CC      drivers/net/ethernet/micrel/ks8851_common.o
  CC      drivers/mfd/rave-sp.o
  CC      drivers/input/touchscreen/max11801_ts.o
  CC      drivers/i2c/busses/i2c-hix5hd2.o
  AR      drivers/net/ethernet/marvell/octeon_ep/built-in.a
  CC      drivers/media/rc/keymaps/rc-dvico-mce.o
  AR      drivers/net/ethernet/marvell/octeon_ep_vf/built-in.a
  AR      drivers/net/ethernet/marvell/octeontx2/built-in.a
  AR      drivers/net/ethernet/marvell/prestera/built-in.a
  AR      drivers/net/ethernet/marvell/built-in.a
  CC      drivers/media/rc/ir-rc5-decoder.o
  CC      drivers/input/touchscreen/mxs-lradc-ts.o
  CC      drivers/power/reset/th1520-aon-reboot.o
  AR      drivers/w1/slaves/built-in.a
  AR      drivers/w1/built-in.a
  CC      drivers/power/sequencing/core.o
  CC      drivers/rtc/rtc-pcf85363.o
  CC      drivers/mfd/rohm-bd71828.o
  CC      drivers/net/ethernet/hisilicon/hns3/hns3_common/hclge_comm_cmd.o
  CC      drivers/power/reset/tdx-ec-poweroff.o
  CC      drivers/media/rc/keymaps/rc-dvico-portable.o
  CC      drivers/net/ethernet/intel/ixgbe/ixgbe_sriov.o
  CC      drivers/media/rc/keymaps/rc-em-terratec.o
  CC      drivers/power/sequencing/pwrseq-pcie-m2.o
  CC      drivers/i2c/busses/i2c-img-scb.o
  CC      drivers/input/touchscreen/fsl-imx25-tcq.o
  CC      drivers/net/ethernet/intel/e1000e/netdev.o
  CC      drivers/net/ethernet/micrel/ks8851_spi.o
  CC      drivers/net/ethernet/intel/e1000e/ptp.o
  CC      drivers/net/ethernet/intel/i40e/i40e_common.o
  CC      drivers/net/ethernet/microchip/enc28j60.o
  CC      drivers/rtc/rtc-pcf8563.o
  CC      drivers/power/reset/keystone-reset.o
  CC      drivers/media/rc/keymaps/rc-encore-enltv2.o
  CC      drivers/mfd/rohm-bd718x7.o
  CC      drivers/input/touchscreen/mc13783_ts.o
  AR      drivers/power/sequencing/built-in.a
  CC      drivers/net/ethernet/microchip/lan743x_main.o
  CC      drivers/i2c/busses/i2c-iop3xx.o
  CC      drivers/net/ethernet/hisilicon/hns3/hns3_common/hclge_comm_rss.o
  CC      drivers/net/ethernet/intel/ice/ice_common.o
  CC      drivers/power/reset/rmobile-reset.o
  CC      drivers/media/rc/keymaps/rc-encore-enltv-fm53.o
  CC      drivers/net/ethernet/micrel/ks8851_par.o
  CC      drivers/input/touchscreen/novatek-nvt-ts.o
  CC      drivers/input/touchscreen/htcpen.o
  CC      drivers/rtc/rtc-pic32.o
  CC      drivers/net/ethernet/intel/ixgbe/ixgbe_mbx.o
  CC      drivers/mfd/rohm-bd9576.o
  CC      drivers/power/reset/pwr-mlxbf.o
  CC      drivers/media/rc/keymaps/rc-encore-enltv.o
  CC      drivers/i2c/busses/i2c-k1.o
  CC      drivers/hwmon/hwmon.o
  CC      drivers/net/ethernet/hisilicon/hns3/hns3_common/hclge_comm_tqp_stats.o
  CC      drivers/power/reset/qemu-virt-ctrl.o
  CC      drivers/net/ethernet/mucse/rnpgbe/rnpgbe_main.o
  CC      drivers/net/ethernet/intel/ixgbe/ixgbe_x540.o
  CC      drivers/rtc/rtc-pm8xxx.o
  CC      drivers/input/touchscreen/penmount.o
  CC      drivers/mfd/rohm-bd96801.o
  CC      drivers/net/ethernet/micrel/ksz884x.o
  CC      drivers/media/rc/keymaps/rc-evga-indtube.o
  AR      drivers/power/reset/built-in.a
  CC      drivers/power/supply/power_supply_core.o
  CC      drivers/hwmon/hwmon-vid.o
  CC      drivers/net/ethernet/intel/i40e/i40e_hmc.o
  CC      drivers/net/ethernet/microchip/lan743x_ethtool.o
  CC      drivers/i2c/busses/i2c-keba.o
  CC      drivers/rtc/rtc-r7301.o
  CC      drivers/input/touchscreen/pixcir_i2c_ts.o
  CC      drivers/net/ethernet/intel/i40e/i40e_lan_hmc.o
  CC      drivers/media/rc/keymaps/rc-eztv.o
  CC      drivers/net/ethernet/microchip/lan743x_ptp.o
  CC      drivers/net/ethernet/mucse/rnpgbe/rnpgbe_chip.o
  AR      drivers/net/ethernet/intel/e1000e/built-in.a
  CC      drivers/net/ethernet/hisilicon/hns3/hns3pf/hclge_main.o
  CC      drivers/thermal/thermal_core.o
  CC      drivers/mfd/acer-ec-a500.o
  CC      drivers/hwmon/asus_atk0110.o
  CC      drivers/net/ethernet/intel/ixgbe/ixgbe_x550.o
  CC      drivers/net/ethernet/intel/i40e/i40e_nvm.o
  CC      drivers/media/rc/keymaps/rc-flydvb.o
  CC      drivers/power/supply/power_supply_sysfs.o
  CC      drivers/rtc/rtc-r9701.o
  CC      drivers/i2c/busses/i2c-ls2x-v2.o
  CC      drivers/input/touchscreen/raydium_i2c_ts.o
  CC      drivers/i2c/busses/i2c-meson.o
  CC      drivers/mfd/simple-mfd-i2c.o
  CC      drivers/net/ethernet/mucse/rnpgbe/rnpgbe_mbx.o
  CC      drivers/hwmon/asus-ec-sensors.o
  CC      drivers/power/supply/power_supply_leds.o
  CC      drivers/media/rc/keymaps/rc-flyvideo.o
  CC      drivers/net/ethernet/microchip/lan865x/lan865x.o
  CC      drivers/rtc/rtc-rc5t583.o
  CC      drivers/net/ethernet/mucse/rnpgbe/rnpgbe_mbx_fw.o
  AR      drivers/net/ethernet/micrel/built-in.a
  CC      drivers/net/ethernet/intel/ixgbe/ixgbe_lib.o
  CC      drivers/power/supply/adc-battery-helper.o
  CC      drivers/rtc/rtc-rc5t619.o
  CC      drivers/hwmon/asus_wmi_sensors.o
  CC      drivers/thermal/thermal_sysfs.o
  CC      drivers/net/ethernet/intel/i40e/i40e_debugfs.o
  CC      drivers/media/rc/keymaps/rc-fusionhdtv-mce.o
  CC      drivers/mfd/atc260x-core.o
  CC      drivers/input/touchscreen/s6sy761.o
  CC      drivers/i2c/busses/i2c-microchip-corei2c.o
  CC      drivers/net/ethernet/intel/ice/ice_nvm.o
  CC      drivers/net/ethernet/intel/ice/ice_switch.o
  CC      drivers/power/supply/generic-adc-battery.o
  CC      drivers/hwmon/hp-wmi-sensors.o
  AR      drivers/net/ethernet/mucse/rnpgbe/built-in.a
  AR      drivers/net/ethernet/mucse/built-in.a
  CC      drivers/rtc/rtc-rk808.o
  CC      drivers/mfd/atc260x-i2c.o
  AR      drivers/net/ethernet/microchip/lan865x/built-in.a
  CC      drivers/net/ethernet/fealnx.o
  CC      drivers/media/rc/keymaps/rc-gadmei-rm008z.o
  CC      drivers/net/ethernet/microchip/fdma/fdma_api.o
  CC      drivers/thermal/thermal_trip.o
  CC      drivers/power/supply/ip5xxx_power.o
  CC      drivers/i2c/busses/i2c-mt65xx.o
  CC      drivers/input/touchscreen/silead.o
  CC      drivers/net/ethernet/intel/ixgbe/ixgbe_ptp.o
  CC      drivers/thermal/thermal_helpers.o
  CC      drivers/media/rc/keymaps/rc-geekbox.o
  CC      drivers/mfd/upboard-fpga.o
  CC      drivers/rtc/rtc-rp5c01.o
  CC      drivers/hwmon/asb100.o
  AR      drivers/net/ethernet/microchip/fdma/built-in.a
  CC      drivers/thermal/thermal_thresholds.o
  AR      drivers/net/ethernet/microchip/built-in.a
  CC      drivers/net/ethernet/ni/nixge.o
  CC      drivers/media/rc/keymaps/rc-genius-tvgo-a11mce.o
  CC      drivers/rtc/rtc-rs5c348.o
  CC      drivers/net/ethernet/intel/i40e/i40e_diag.o
  CC      drivers/power/supply/wm8350_power.o
  CC      drivers/net/ethernet/hisilicon/hns3/hns3pf/hclge_mdio.o
  AR      drivers/mfd/built-in.a
  CC      drivers/i2c/busses/i2c-mt7621.o
  CC      drivers/input/touchscreen/st1232.o
  CC      drivers/watchdog/watchdog_core.o
  CC      drivers/input/touchscreen/stmpe-ts.o
  CC      drivers/thermal/thermal_hwmon.o
  CC      drivers/net/ethernet/intel/ixgbe/ixgbe_xsk.o
  CC      drivers/media/rc/keymaps/rc-gotview7135.o
  CC      drivers/hwmon/w83792d.o
  AR      drivers/media/usb/b2c2/built-in.a
  AR      drivers/media/usb/dvb-usb/built-in.a
  CC      drivers/rtc/rtc-rtd119x.o
  AR      drivers/media/usb/dvb-usb-v2/built-in.a
  AR      drivers/media/usb/s2255/built-in.a
  AR      drivers/media/usb/siano/built-in.a
  AR      drivers/media/usb/ttusb-budget/built-in.a
  CC      drivers/power/supply/88pm860x_battery.o
  CC      drivers/thermal/gov_fair_share.o
  AR      drivers/media/usb/ttusb-dec/built-in.a
  AR      drivers/media/usb/built-in.a
  CC      drivers/power/supply/cpcap-battery.o
  CC      drivers/i2c/busses/i2c-nomadik.o
  CC      drivers/net/ethernet/intel/i40e/i40e_txrx.o
  CC      drivers/thermal/gov_bang_bang.o
  CC      drivers/input/touchscreen/sun4i-ts.o
  CC      drivers/media/rc/keymaps/rc-hauppauge.o
  CC      drivers/net/ethernet/intel/ice/ice_sched.o
  CC      drivers/watchdog/watchdog_dev.o
  AR      drivers/net/ethernet/ni/built-in.a
  AR      drivers/accessibility/braille/built-in.a
  AR      drivers/accessibility/built-in.a
  CC      drivers/net/ethernet/hisilicon/hns3/hns3pf/hclge_tm.o
  GEN     drivers/eisa/devlist.h
  CC      drivers/eisa/pci_eisa.o
  CC      drivers/media/rc/ir-rcmm-decoder.o
  CC      drivers/rtc/rtc-rv3028.o
  CC      drivers/net/ethernet/intel/i40e/i40e_ptp.o
  CC      drivers/thermal/gov_step_wise.o
  CC      drivers/power/supply/cw2015_battery.o
  CC      drivers/media/rc/keymaps/rc-hisi-poplar.o
  CC      drivers/hwmon/w83793.o
  CC      drivers/input/touchscreen/surface3_spi.o
  CC      drivers/net/ethernet/intel/ixgbe/ixgbe_e610.o
  CC      drivers/i2c/busses/i2c-npcm7xx.o
  CC      drivers/thermal/pcie_cooling.o
  CC      drivers/eisa/virtual_root.o
  CC      drivers/media/rc/ir-sanyo-decoder.o
  CC      drivers/watchdog/watchdog_pretimeout.o
  CC      drivers/media/rc/keymaps/rc-hisi-tv-demo.o
  CC      drivers/rtc/rtc-rv8803.o
  CC      drivers/power/supply/ds2780_battery.o
  CC      drivers/input/touchscreen/ti_am335x_tsc.o
  CC      drivers/eisa/eisa-bus.o
  CC      drivers/watchdog/watchdog_hrtimer_pretimeout.o
  CC      drivers/thermal/broadcom/brcmstb_thermal.o
  CC      drivers/power/supply/ds2782_battery.o
  CC      drivers/media/rc/keymaps/rc-imon-mce.o
  CC      drivers/net/ethernet/hisilicon/hns3/hns3pf/hclge_regs.o
  CC      drivers/net/ethernet/hisilicon/hns3/hns3pf/hclge_mbx.o
  CC      drivers/watchdog/pretimeout_noop.o
  CC      drivers/hwmon/w83781d.o
  CC      drivers/i2c/busses/i2c-ocores.o
  CC      drivers/net/ethernet/intel/i40e/i40e_ddp.o
  AR      drivers/eisa/built-in.a
  AR      drivers/media/mmc/siano/built-in.a
  AR      drivers/media/mmc/built-in.a
  CC      drivers/net/ethernet/nxp/lpc_eth.o
  CC      drivers/net/ethernet/intel/ixgbe/devlink/devlink.o
  AR      drivers/thermal/broadcom/built-in.a
  CC      drivers/rtc/rtc-rx4581.o
  CC      drivers/thermal/airoha_thermal.o
  CC      drivers/input/touchscreen/touchit213.o
  CC      drivers/watchdog/pretimeout_panic.o
  CC      drivers/media/rc/keymaps/rc-imon-pad.o
  CC      drivers/power/supply/lego_ev3_battery.o
  CC      drivers/media/rc/ir-xmp-decoder.o
  CC      drivers/net/ethernet/hisilicon/hns3/hns3pf/hclge_err.o
  CC      drivers/watchdog/pcwd.o
  CC      drivers/thermal/spear_thermal.o
  CC      drivers/power/supply/samsung-sdi-battery.o
  CC      drivers/media/rc/keymaps/rc-imon-rsc.o
  CC      drivers/i2c/busses/i2c-omap.o
  CC      drivers/input/touchscreen/touchright.o
  CC      drivers/rtc/rtc-rx6110.o
  CC      drivers/net/ethernet/hisilicon/hns3/hns3pf/hclge_debugfs.o
  CC      drivers/hwmon/w83791d.o
  CC      drivers/power/supply/s2mu005-battery.o
  CC      drivers/media/rc/fintek-cir.o
  CC      drivers/thermal/sun8i_thermal.o
  CC      drivers/net/ethernet/intel/ixgbe/ixgbe_fw_update.o
  AR      drivers/net/ethernet/nxp/built-in.a
  CC      drivers/i2c/busses/i2c-owl.o
  CC      drivers/net/ethernet/intel/i40e/i40e_client.o
  CC      drivers/watchdog/wdt.o
  CC      drivers/media/rc/keymaps/rc-iodata-bctv7e.o
  CC      drivers/input/touchscreen/ts4800-ts.o
  CC      drivers/net/ethernet/intel/ice/ice_base.o
  CC      drivers/rtc/rtc-rx8010.o
  CC      drivers/thermal/rockchip_thermal.o
  AR      drivers/media/firewire/built-in.a
  CC      drivers/i2c/busses/i2c-pasemi-core.o
  CC      drivers/net/ethernet/intel/ixgbe/devlink/region.o
  CC      drivers/media/rc/keymaps/rc-it913x-v1.o
  CC      drivers/power/supply/sbs-battery.o
  CC      drivers/watchdog/pcwd_pci.o
  CC      drivers/media/rc/keymaps/rc-it913x-v2.o
  CC      drivers/input/touchscreen/tsc40.o
  CC      drivers/media/rc/keymaps/rc-kaiomy.o
  CC      drivers/hwmon/abituguru.o
  CC      drivers/media/rc/keymaps/rc-khadas.o
  CC      drivers/net/ethernet/ethoc.o
  CC      drivers/thermal/renesas/rcar_thermal.o
  CC      drivers/rtc/rtc-rx8581.o
  CC      drivers/thermal/renesas/rzg2l_thermal.o
  CC      drivers/net/ethernet/intel/i40e/i40e_virtchnl_pf.o
  CC      drivers/i2c/busses/i2c-pasemi-platform.o
  CC      drivers/input/touchscreen/tsc2007_core.o
  CC      drivers/watchdog/wdt_pci.o
  CC      drivers/watchdog/armada_37xx_wdt.o
  CC      drivers/net/ethernet/hisilicon/hns3/hns3pf/hclge_ptp.o
  CC      drivers/media/rc/keymaps/rc-khamsin.o
  CC      drivers/power/supply/sbs-charger.o
  CC      drivers/net/ethernet/intel/ixgbe/ixgbe_dcb.o
  CC      drivers/hwmon/ad7314.o
  AR      drivers/media/spi/built-in.a
  CC      drivers/net/ethernet/intel/ixgbe/ixgbe_dcb_82598.o
  CC      drivers/net/ethernet/intel/ice/ice_lib.o
  CC      drivers/thermal/renesas/rzg3e_thermal.o
  CC      drivers/opp/core.o
  CC      drivers/rtc/rtc-rzn1.o
  CC      drivers/i2c/busses/i2c-pca-platform.o
  CC      drivers/media/rc/keymaps/rc-kworld-315u.o
  CC      drivers/watchdog/asm9260_wdt.o
  CC      drivers/input/touchscreen/tsc2007_iio.o
  CC      drivers/hwmon/ad7414.o
  AR      drivers/thermal/renesas/built-in.a
  CC      drivers/power/supply/bq27xxx_battery.o
  AR      drivers/thermal/samsung/built-in.a
  CC      drivers/thermal/dove_thermal.o
  AR      drivers/mmc/built-in.a
  CC      drivers/thermal/armada_thermal.o
  CC      drivers/media/rc/keymaps/rc-kworld-pc150u.o
  CC      drivers/rtc/rtc-s32g.o
  CC      drivers/media/rc/gpio-ir-recv.o
  CC      drivers/watchdog/at91rm9200_wdt.o
  CC      drivers/net/ethernet/intel/ixgbe/ixgbe_dcb_82599.o
  CC      drivers/net/ethernet/hisilicon/hns3/hns3pf/hclge_devlink.o
  CC      drivers/i2c/busses/i2c-pxa.o
  CC      drivers/net/ethernet/intel/i40e/i40e_xsk.o
  CC      drivers/thermal/imx_thermal.o
  CC      drivers/power/supply/bq27xxx_battery_i2c.o
  CC      drivers/input/touchscreen/wacom_w8001.o
  CC      drivers/hwmon/ad7418.o
  CC      drivers/media/rc/keymaps/rc-kworld-plus-tv-analog.o
  CC      drivers/opp/cpu.o
  CC      drivers/watchdog/cadence_wdt.o
  CC      drivers/rtc/rtc-s35390a.o
  CC      drivers/i2c/busses/i2c-pxa-pci.o
  CC      drivers/thermal/imx8mm_thermal.o
  CC      drivers/media/rc/keymaps/rc-leadtek-y04g0051.o
  CC      drivers/opp/of.o
  CC      drivers/net/ethernet/hisilicon/hns3/hns3pf/hclge_fd.o
  CC      drivers/input/touchscreen/wacom_i2c.o
  CC      drivers/power/supply/da9030_battery.o
  CC      drivers/net/ethernet/intel/ixgbe/ixgbe_dcb_nl.o
  CC      drivers/net/ethernet/qlogic/qlcnic/qlcnic_hw.o
  CC      drivers/hwmon/adcxx.o
  CC      drivers/watchdog/omap_wdt.o
  CC      drivers/power/supply/da9052-battery.o
  CC      drivers/net/ethernet/qlogic/netxen/netxen_nic_hw.o
  CC      drivers/i2c/busses/i2c-qcom-geni.o
  CC      drivers/media/rc/keymaps/rc-lme2510.o
  CC      drivers/rtc/rtc-s5m.o
  CC      drivers/net/ethernet/qlogic/netxen/netxen_nic_main.o
  CC      drivers/net/ethernet/intel/i40e/i40e_devlink.o
  CC      drivers/thermal/imx91_thermal.o
  CC      drivers/input/touchscreen/wacom_w9000.o
  CC      drivers/watchdog/ftwdt010_wdt.o
  CC      drivers/hwmon/adm1026.o
  CC      drivers/power/supply/da9150-fg.o
  CC      drivers/opp/debugfs.o
  CC      drivers/media/rc/keymaps/rc-manli.o
  CC      drivers/watchdog/sama5d4_wdt.o
  CC      drivers/thermal/da9062-thermal.o
  CC      drivers/net/ethernet/intel/ixgbe/ixgbe_debugfs.o
  CC      drivers/rtc/rtc-sc27xx.o
  CC      drivers/i2c/busses/i2c-qup.o
  AR      drivers/opp/built-in.a
  CC      drivers/power/supply/max17040_battery.o
  CC      drivers/media/rc/keymaps/rc-mecool-kiii-pro.o
  CC      drivers/net/ethernet/qlogic/qlcnic/qlcnic_main.o
  CC      drivers/input/touchscreen/wdt87xx_i2c.o
  CC      drivers/media/rc/keymaps/rc-mecool-kii-pro.o
  CC      drivers/net/ethernet/qlogic/qlcnic/qlcnic_init.o
  AR      drivers/net/ethernet/hisilicon/hns3/built-in.a
  CC      drivers/thermal/intel/intel_pch_thermal.o
  AR      drivers/net/ethernet/hisilicon/built-in.a
  CC      drivers/media/rc/keymaps/rc-medion-x10-digitainer.o
  CC      drivers/watchdog/dw_wdt.o
  CC      drivers/hwmon/adm1029.o
  CC      drivers/power/supply/max17042_battery.o
  CC      drivers/rtc/rtc-sd2405al.o
  CC      drivers/net/ethernet/intel/i40e/i40e_dcb.o
  CC      drivers/net/ethernet/qlogic/qed/qed_chain.o
  CC      drivers/rtc/rtc-spacemit-p1.o
  CC      drivers/media/rc/keymaps/rc-medion-x10.o
  AR      drivers/net/ethernet/intel/ixgbe/built-in.a
  CC      drivers/net/ethernet/qlogic/qed/qed_cxt.o
  CC      drivers/net/ethernet/qlogic/netxen/netxen_nic_init.o
  CC      drivers/i2c/busses/i2c-riic.o
  CC      drivers/watchdog/ep93xx_wdt.o
  CC      drivers/input/touchscreen/sx8654.o
  AR      drivers/thermal/intel/built-in.a
  CC      drivers/thermal/ti-soc-thermal/ti-bandgap.o
  CC      drivers/hwmon/adm1031.o
  CC      drivers/thermal/ti-soc-thermal/dra752-thermal-data.o
  CC      drivers/media/rc/keymaps/rc-medion-x10-or2x.o
  CC      drivers/power/supply/max1721x_battery.o
  CC      drivers/rtc/rtc-spear.o
  CC      drivers/watchdog/davinci_wdt.o
  CC      drivers/net/ethernet/qlogic/qlcnic/qlcnic_ethtool.o
  CC      drivers/net/ethernet/intel/i40e/i40e_dcb_nl.o
  CC      drivers/net/ethernet/intel/ice/ice_txrx_lib.o
  CC      drivers/i2c/busses/i2c-rzv2m.o
  CC      drivers/net/ethernet/qlogic/qlcnic/qlcnic_ctx.o
  CC      drivers/power/supply/rt5033_battery.o
  CC      drivers/media/rc/keymaps/rc-minix-neo.o
  CC      drivers/thermal/ti-soc-thermal/omap4-thermal-data.o
  CC      drivers/watchdog/sunxi_wdt.o
  CC      drivers/input/touchscreen/raspberrypi-ts.o
  CC      drivers/input/touchscreen/iqs7211.o
  CC      drivers/rtc/rtc-stk17ta8.o
  CC      drivers/hwmon/adm9240.o
  CC      drivers/net/ethernet/qlogic/netxen/netxen_nic_ethtool.o
  AR      drivers/thermal/ti-soc-thermal/built-in.a
  AR      drivers/thermal/st/built-in.a
  CC      drivers/watchdog/npcm_wdt.o
  CC      drivers/thermal/qcom/tsens.o
  CC      drivers/net/ethernet/qlogic/qed/qed_dcbx.o
  CC      drivers/media/rc/keymaps/rc-msi-digivox-iii.o
  CC      drivers/thermal/qcom/tsens-v2.o
  CC      drivers/i2c/busses/i2c-simtec.o
  CC      drivers/power/supply/rt5033_charger.o
  CC      drivers/rtc/rtc-sun6i.o
  CC      drivers/net/ethernet/qlogic/netxen/netxen_nic_ctx.o
  CC      drivers/watchdog/stmp3xxx_rtc_wdt.o
  CC      drivers/media/rc/keymaps/rc-msi-digivox-ii.o
  CC      drivers/i2c/busses/i2c-st.o
  CC      drivers/media/rc/keymaps/rc-msi-tvanywhere.o
  CC      drivers/hwmon/ads7828.o
  CC      drivers/net/ethernet/qlogic/qlcnic/qlcnic_io.o
  CC      drivers/input/touchscreen/zinitix.o
  AR      drivers/net/ethernet/intel/i40e/built-in.a
  CC      drivers/i2c/busses/i2c-stm32f4.o
  CC      drivers/power/supply/rt9455_charger.o
  CC      drivers/net/ethernet/intel/ice/ice_txrx.o
  CC      drivers/hwmon/ads7871.o
  CC      drivers/watchdog/ts4800_wdt.o
  CC      drivers/thermal/qcom/tsens-v1.o
  CC      drivers/hwmon/adt7x10.o
  CC      drivers/rtc/rtc-tegra.o
  CC      drivers/i2c/busses/i2c-stm32f7.o
  CC      drivers/media/rc/keymaps/rc-msi-tvanywhere-plus.o
  CC      drivers/watchdog/imx2_wdt.o
  CC      drivers/thermal/qcom/tsens-v0_1.o
  CC      drivers/media/rc/ir-hix5hd2.o
  AR      drivers/media/test-drivers/built-in.a
  CC      drivers/thermal/tegra/tegra30-tsensor.o
  CC      drivers/input/touchscreen/himax_hx83112b.o
  AR      drivers/net/ethernet/qlogic/netxen/built-in.a
  CC      drivers/net/ethernet/qlogic/qlcnic/qlcnic_sysfs.o
  CC      drivers/net/ethernet/qlogic/qlcnic/qlcnic_minidump.o
  CC      drivers/hwmon/adt7310.o
  AR      drivers/ufs/built-in.a
  CC      drivers/net/ethernet/qlogic/qed/qed_debug.o
  CC      drivers/power/supply/rt9467-charger.o
  CC      drivers/net/ethernet/intel/ice/ice_fltr.o
  CC      drivers/rtc/rtc-test.o
  CC      drivers/media/rc/keymaps/rc-mygica-utv3.o
  CC      drivers/thermal/qcom/tsens-8960.o
  CC      drivers/watchdog/s32g_wdt.o
  AR      drivers/thermal/tegra/built-in.a
  CC      drivers/i2c/busses/i2c-stm32.o
  CC      drivers/thermal/qcom/qcom-spmi-adc-tm5.o
  CC      drivers/media/rc/keymaps/rc-nebula.o
  CC      drivers/net/ethernet/intel/ice/ice_irq.o
  CC      drivers/hwmon/adt7410.o
  CC      drivers/net/ethernet/renesas/sh_eth.o
  CC      drivers/net/ethernet/renesas/ravb_main.o
  AR      drivers/input/touchscreen/built-in.a
  CC      drivers/rtc/rtc-ti-k3.o
  AR      drivers/input/built-in.a
  CC      drivers/net/ethernet/renesas/ravb_ptp.o
  CC      drivers/watchdog/retu_wdt.o
  CC      drivers/power/supply/twl4030_madc_battery.o
  CC      drivers/i2c/busses/i2c-sun6i-p2wi.o
  CC      drivers/media/rc/keymaps/rc-nec-terratec-cinergy-xs.o
  CC      drivers/thermal/qcom/qcom-spmi-temp-alarm.o
  CC      drivers/net/ethernet/qlogic/qlcnic/qlcnic_83xx_hw.o
  AR      drivers/thermal/mediatek/built-in.a
  CC      drivers/hwmon/adt7470.o
  CC      drivers/media/rc/img-ir/img-ir-core.o
  CC      drivers/watchdog/bcm2835_wdt.o
  CC      drivers/power/supply/88pm860x_charger.o
  CC      drivers/i2c/busses/i2c-synquacer.o
  CC      drivers/net/ethernet/qlogic/qlcnic/qlcnic_83xx_init.o
  CC      drivers/rtc/rtc-tps6594.o
  CC      drivers/media/rc/keymaps/rc-norwood.o
  CC      drivers/i2c/busses/i2c-versatile.o
  AR      drivers/thermal/qcom/built-in.a
  AR      drivers/thermal/spacemit/built-in.a
  CC      drivers/thermal/sprd_thermal.o
  CC      drivers/hwmon/adt7475.o
  CC      drivers/watchdog/moxart_wdt.o
  CC      drivers/net/ethernet/intel/ice/ice_pf_vsi_vlan_ops.o
  CC      drivers/media/rc/img-ir/img-ir-raw.o
  CC      drivers/power/supply/rx51_battery.o
  CC      drivers/rtc/rtc-twl.o
  CC      drivers/net/ethernet/qlogic/qed/qed_dev.o
  CC      drivers/media/rc/keymaps/rc-npgtech.o
  CC      drivers/net/ethernet/rdc/r6040.o
  CC      drivers/thermal/loongson2_thermal.o
  CC      drivers/watchdog/qcom-wdt.o
  AR      drivers/net/ethernet/rocker/built-in.a
  CC      drivers/thermal/testing/command.o
  CC      drivers/power/supply/cpcap-charger.o
  AR      drivers/net/ethernet/renesas/built-in.a
  CC      drivers/media/rc/meson-ir.o
  CC      drivers/thermal/testing/zone.o
  CC      drivers/i2c/busses/i2c-xlp9xx.o
  CC      drivers/media/rc/img-ir/img-ir-hw.o
  CC      drivers/rtc/rtc-vt8500.o
  CC      drivers/media/rc/keymaps/rc-odroid.o
  CC      drivers/media/rc/img-ir/img-ir-jvc.o
  CC      drivers/watchdog/meson_wdt.o
  CC      drivers/hwmon/scpi-hwmon.o
  CC      drivers/power/supply/twl4030_charger.o
  CC      drivers/memstick/core/memstick.o
  AR      drivers/thermal/testing/built-in.a
  AR      drivers/thermal/built-in.a
  CC      drivers/net/ethernet/silan/sc92031.o
  CC      drivers/memstick/host/tifm_ms.o
  CC      drivers/net/ethernet/intel/ice/ice_vsi_vlan_ops.o
  CC      drivers/memstick/host/jmb38x_ms.o
  CC      drivers/net/ethernet/qlogic/qed/qed_devlink.o
  CC      drivers/net/ethernet/qlogic/qlcnic/qlcnic_83xx_vnic.o
  CC      drivers/media/rc/keymaps/rc-pctv-sedna.o
  CC      drivers/media/rc/img-ir/img-ir-rc6.o
  CC      drivers/rtc/rtc-wm8350.o
  CC      drivers/hwmon/asc7621.o
  CC      drivers/i2c/busses/i2c-rcar.o
  CC      drivers/watchdog/renesas_wdt.o
  AR      drivers/net/ethernet/rdc/built-in.a
  CC      drivers/net/ethernet/socionext/sni_ave.o
  AR      drivers/memstick/core/built-in.a
  CC      drivers/net/ethernet/sun/sunhme.o
  AR      drivers/media/rc/img-ir/built-in.a
  CC      drivers/media/rc/keymaps/rc-pine64.o
  CC      drivers/firmware/arm_scpi.o
  CC      drivers/watchdog/renesas_wwdt.o
  CC      drivers/power/supply/twl6030_charger.o
  CC      drivers/net/ethernet/intel/ice/ice_vsi_vlan_lib.o
  CC      drivers/memstick/host/r592.o
  CC      drivers/rtc/rtc-zynqmp.o
  CC      drivers/net/ethernet/qlogic/qed/qed_hw.o
  CC      drivers/watchdog/rza_wdt.o
  CC      drivers/net/ethernet/qlogic/qlcnic/qlcnic_sriov_common.o
  CC      drivers/i2c/busses/i2c-mchp-pci1xxxx.o
  CC      drivers/hwmon/aspeed-pwm-tacho.o
  CC      drivers/media/rc/keymaps/rc-pinnacle-color.o
  AR      drivers/net/ethernet/silan/built-in.a
  CC      drivers/net/ethernet/socionext/netsec.o
  CC      drivers/net/ethernet/intel/ice/ice_fdir.o
  CC      drivers/firmware/memmap.o
  CC      drivers/hwmon/axi-fan-control.o
  CC      drivers/power/supply/lp8727_charger.o
  CC      drivers/watchdog/rzn1_wdt.o
  AR      drivers/rtc/built-in.a
  CC      drivers/net/ethernet/intel/ice/ice_ethtool_fdir.o
  AR      drivers/memstick/host/built-in.a
  CC      drivers/hwmon/coretemp.o
  AR      drivers/memstick/built-in.a
  CC      drivers/net/ethernet/intel/ice/ice_vlan_mode.o
  CC      drivers/net/ethernet/sun/sungem.o
  CC      drivers/media/rc/keymaps/rc-pinnacle-grey.o
  CC      drivers/net/ethernet/qlogic/qed/qed_init_fw_funcs.o
  CC      drivers/i2c/busses/i2c-brcmstb.o
  CC      drivers/i2c/busses/i2c-elektor.o
  CC      drivers/firmware/sysfb.o
  CC      drivers/watchdog/rzg2l_wdt.o
  CC      drivers/net/ethernet/sunplus/spl2sw_driver.o
  CC      drivers/media/rc/keymaps/rc-pinnacle-pctv-hd.o
  CC      drivers/hwmon/corsair-cpro.o
  CC      drivers/power/supply/charger-manager.o
  CC      drivers/media/rc/mtk-cir.o
  CC      drivers/watchdog/rzv2h_wdt.o
  AR      drivers/net/ethernet/qlogic/qlcnic/built-in.a
  CC      drivers/power/supply/lt3651-charger.o
  CC      drivers/media/rc/keymaps/rc-pixelview-002t.o
  CC      drivers/hwmon/da9055-hwmon.o
  CC      drivers/power/supply/max14656_charger_detector.o
  CC      drivers/firmware/sysfb_simplefb.o
  CC      drivers/i2c/busses/i2c-mlxcpld.o
  CC      drivers/firmware/thead,th1520-aon.o
  CC      drivers/i2c/busses/i2c-pca-isa.o
  AR      drivers/net/ethernet/socionext/built-in.a
  CC      drivers/net/ethernet/sunplus/spl2sw_int.o
  CC      drivers/watchdog/stm32_iwdg.o
  CC      drivers/net/ethernet/qlogic/qed/qed_init_ops.o
  CC      drivers/watchdog/rtd119x_wdt.o
  CC      drivers/fwctl/main.o
  CC      drivers/media/rc/keymaps/rc-pixelview-mk12.o
  CC      drivers/watchdog/sprd_wdt.o
  CC      drivers/hwmon/ds1621.o
  CC      drivers/net/ethernet/intel/ice/ice_flex_pipe.o
  AR      drivers/net/ethernet/sun/built-in.a
  CC      drivers/media/rc/nuvoton-cir.o
  CC      drivers/net/ethernet/intel/ice/ice_flow.o
  CC      drivers/i2c/busses/i2c-fsi.o
  AR      drivers/firmware/arm_ffa/built-in.a
  CC      drivers/firmware/arm_scmi/transports/virtio.o
  CC      drivers/power/supply/max77976_charger.o
  CC      drivers/firmware/arm_scmi/vendors/imx/imx-sm-bbm.o
  CC      drivers/firmware/arm_scmi/vendors/imx/imx-sm-lmm.o
  AR      drivers/net/ethernet/vertexcom/built-in.a
  AR      drivers/crypto/allwinner/built-in.a
  CC      drivers/crypto/atmel-aes.o
  CC      drivers/watchdog/pm8916_wdt.o
  CC      drivers/media/rc/keymaps/rc-pixelview-new.o
  CC      drivers/media/rc/serial_ir.o
  AR      drivers/fwctl/built-in.a
  CC      drivers/clocksource/timer-of.o
  CC      drivers/hwmon/emc2103.o
  CC      drivers/net/ethernet/intel/ice/ice_parser.o
  CC      drivers/clocksource/timer-probe.o
  AR      drivers/firmware/arm_scmi/vendors/imx/built-in.a
  CC      drivers/net/ethernet/sunplus/spl2sw_desc.o
  CC      drivers/clocksource/timer-cs5535.o
  CC      drivers/watchdog/visconti_wdt.o
  CC      drivers/media/rc/keymaps/rc-pixelview.o
  CC      drivers/power/supply/max8971_charger.o
  CC      drivers/net/ethernet/qlogic/qed/qed_int.o
  CC      drivers/i2c/busses/i2c-virtio.o
  AR      drivers/firmware/arm_scmi/transports/built-in.a
  CC      drivers/firmware/arm_scmi/bus.o
  CC      drivers/net/ethernet/wangxun/libwx/wx_hw.o
  CC      drivers/net/ethernet/wangxun/libwx/wx_lib.o
  CC      drivers/hid/hid-core.o
  CC      drivers/clocksource/renesas-ostm.o
  CC      drivers/watchdog/apple_wdt.o
  CC      drivers/media/rc/keymaps/rc-powercolor-real-angel.o
  CC      drivers/hwmon/emc6w201.o
  CC      drivers/crypto/atmel-sha.o
  CC      drivers/firmware/arm_scmi/driver.o
  CC      drivers/net/ethernet/sunplus/spl2sw_mac.o
  CC      drivers/media/rc/sunxi-cir.o
  CC      drivers/power/supply/max8997_charger.o
  AR      drivers/i2c/busses/built-in.a
  CC      drivers/clocksource/sh_tmu.o
  CC      drivers/watchdog/sunplus_wdt.o
  AR      drivers/i2c/built-in.a
  CC      drivers/hid/hid-input.o
  CC      drivers/firmware/broadcom/tee_bnxt_fw.o
  CC      drivers/media/rc/keymaps/rc-proteus-2309.o
  CC      drivers/hwmon/f71805f.o
  CC      drivers/watchdog/acquirewdt.o
  CC      drivers/watchdog/advantechwdt.o
  AR      drivers/firmware/broadcom/built-in.a
  AR      drivers/net/ethernet/wangxun/txgbevf/built-in.a
  CC      drivers/media/rc/keymaps/rc-purpletv.o
  CC      drivers/clocksource/em_sti.o
  CC      drivers/net/ethernet/qlogic/qed/qed_l2.o
  CC      drivers/net/ethernet/wiznet/w5100.o
  CC      drivers/power/supply/mt6370-charger.o
  CC      drivers/crypto/atmel-tdes.o
  CC      drivers/net/ethernet/synopsys/dwc-xlgmac-net.o
  CC      drivers/net/ethernet/sunplus/spl2sw_mdio.o
  CC      drivers/net/ethernet/synopsys/dwc-xlgmac-desc.o
  CC      drivers/media/rc/keymaps/rc-pv951.o
  CC      drivers/watchdog/advantech_ec_wdt.o
  CC      drivers/clocksource/i8253.o
  CC      drivers/watchdog/alim1535_wdt.o
  CC      drivers/hwmon/f75375s.o
  CC      drivers/net/ethernet/intel/ice/ice_parser_rt.o
  CC      drivers/net/ethernet/wangxun/libwx/wx_ethtool.o
  CC      drivers/clocksource/mmio.o
  CC      drivers/power/supply/pm8916_lbc.o
  CC      drivers/crypto/atmel-i2c.o
  CC      drivers/media/rc/keymaps/rc-rc6-mce.o
  CC      drivers/of/base.o
  CC      drivers/net/ethernet/wiznet/w5100-spi.o
  CC      drivers/firmware/arm_scmi/notify.o
  CC      drivers/watchdog/alim7101_wdt.o
  CC      drivers/net/ethernet/sunplus/spl2sw_phy.o
  CC      drivers/hid/hid-quirks.o
  CC      drivers/clocksource/timer-digicolor.o
  CC      drivers/power/supply/bq2415x_charger.o
  CC      drivers/hwmon/fschmd.o
  CC      drivers/media/rc/keymaps/rc-real-audio-220-32-keys.o
  CC      drivers/ssb/main.o
  CC      drivers/net/ethernet/synopsys/dwc-xlgmac-hw.o
  CC      drivers/net/ethernet/qlogic/qed/qed_main.o
  CC      drivers/crypto/atmel-ecc.o
  CC      drivers/clocksource/timer-econet-en751221.o
  CC      drivers/watchdog/ebc-c384_wdt.o
  CC      drivers/of/cpu.o
  CC      drivers/media/rc/keymaps/rc-reddo.o
  AR      drivers/net/ethernet/wiznet/built-in.a
  CC      drivers/net/ethernet/qlogic/qed/qed_mcp.o
  CC      drivers/hid/hid-debug.o
  CC      drivers/net/ethernet/wangxun/libwx/wx_ptp.o
  CC      drivers/net/ethernet/intel/ice/ice_idc.o
  AR      drivers/net/ethernet/sunplus/built-in.a
  CC      drivers/firmware/arm_scmi/quirks.o
  CC      drivers/crypto/atmel-sha204a.o
  CC      drivers/watchdog/exar_wdt.o
  CC      drivers/clocksource/timer-ti-dm.o
  CC      drivers/power/supply/bq24190_charger.o
  CC      drivers/ssb/scan.o
  CC      drivers/of/device.o
  CC      drivers/hwmon/ftsteutates.o
  CC      drivers/media/rc/keymaps/rc-siemens-gigaset-rc20.o
  CC      drivers/ssb/sprom.o
  CC      drivers/firmware/arm_scmi/base.o
  CC      drivers/watchdog/sp5100_tco.o
  CC      drivers/hid/hid-generic.o
  CC      drivers/crypto/ccree/cc_driver.o
  CC      drivers/net/ethernet/synopsys/dwc-xlgmac-common.o
  CC      drivers/clocksource/dw_apb_timer.o
  CC      drivers/of/module.o
  CC      drivers/media/rc/keymaps/rc-snapstream-firefly.o
  CC      drivers/vhost/vringh.o
  CC      drivers/firmware/arm_scmi/clock.o
  CC      drivers/ssb/pci.o
  CC      drivers/hwmon/g760a.o
  CC      drivers/power/supply/bq24257_charger.o
  CC      drivers/net/ethernet/wangxun/libwx/wx_mbx.o
  CC      drivers/net/ethernet/qlogic/qed/qed_mng_tlv.o
  CC      drivers/of/platform.o
  CC      drivers/watchdog/sbc_fitpc2_wdt.o
  CC      drivers/net/ethernet/intel/ice/devlink/devlink.o
  CC      drivers/media/rc/keymaps/rc-streamzap.o
  CC      drivers/clocksource/timer-fttmr010.o
  CC      drivers/hid/hid-a4tech.o
  CC      drivers/firmware/arm_scmi/perf.o
  CC      drivers/net/ethernet/synopsys/dwc-xlgmac-ethtool.o
  CC      drivers/crypto/ccree/cc_buffer_mgr.o
  CC      drivers/hwmon/g762.o
  CC      drivers/watchdog/eurotechwdt.o
  CC      drivers/vhost/iotlb.o
  CC      drivers/clocksource/timer-ixp4xx.o
  CC      drivers/media/rc/rc-loopback.o
  CC      drivers/media/rc/keymaps/rc-su3000.o
  CC      drivers/ssb/pcihost_wrapper.o
  CC      drivers/power/supply/bq24735-charger.o
  CC      drivers/of/property.o
  CC      drivers/hid/hid-alps.o
  CC      drivers/net/ethernet/wangxun/libwx/wx_sriov.o
  CC      drivers/net/ethernet/qlogic/qed/qed_ptp.o
  AR      drivers/vhost/built-in.a
  CC      drivers/media/rc/keymaps/rc-tanix-tx3mini.o
  CC      drivers/ssb/driver_chipcommon.o
  CC      drivers/watchdog/ibmasr.o
  CC      drivers/watchdog/i6300esb.o
  CC      drivers/clocksource/clksrc-dbx500-prcmu.o
  CC      drivers/firmware/arm_scmi/power.o
  CC      drivers/firmware/arm_scmi/reset.o
  CC      drivers/hwmon/gl518sm.o
  AR      drivers/net/ethernet/synopsys/built-in.a
  CC      drivers/net/ethernet/wangxun/ngbe/ngbe_main.o
  CC      drivers/power/supply/bq2515x_charger.o
  CC      drivers/net/ethernet/intel/ice/devlink/health.o
  CC      drivers/clocksource/clps711x-timer.o
  CC      drivers/media/rc/keymaps/rc-tanix-tx5max.o
  CC      drivers/crypto/ccree/cc_request_mgr.o
  CC      drivers/of/kobj.o
  CC      drivers/firmware/arm_scmi/sensors.o
  CC      drivers/hid/hid-appletb-bl.o
  CC      drivers/crypto/chelsio/chcr_core.o
  CC      drivers/watchdog/ie6xx_wdt.o
  CC      drivers/crypto/chelsio/chcr_algo.o
  CC      drivers/ssb/driver_chipcommon_pmu.o
  CC      drivers/clocksource/timer-sun4i.o
  CC      drivers/net/ethernet/qlogic/qed/qed_selftest.o
  CC      drivers/of/dynamic.o
  CC      drivers/media/rc/keymaps/rc-tbs-nec.o
  CC      drivers/hwmon/gl520sm.o
  CC      drivers/power/supply/bq257xx_charger.o
  CC      drivers/watchdog/iTCO_wdt.o
  CC      drivers/net/ethernet/wangxun/libwx/wx_vf.o
  CC      drivers/firmware/arm_scmi/system.o
  CC      drivers/hid/hid-aureal.o
  CC      drivers/clocksource/timer-sun5i.o
  CC      drivers/crypto/ccree/cc_cipher.o
  CC      drivers/ssb/driver_pcicore.o
  CC      drivers/net/ethernet/wangxun/ngbe/ngbe_hw.o
  CC      drivers/media/rc/keymaps/rc-technisat-ts35.o
  CC      drivers/net/ethernet/intel/ice/devlink/port.o
  CC      drivers/of/fdt.o
  CC      drivers/firmware/arm_scmi/voltage.o
  CC      drivers/net/ethernet/qlogic/qed/qed_sp_commands.o
  CC      drivers/crypto/ccree/cc_hash.o
  CC      drivers/watchdog/lenovo_se30_wdt.o
  CC      drivers/clocksource/timer-meson6.o
  CC      drivers/media/rc/keymaps/rc-technisat-usb2.o
  CC      drivers/hwmon/gpio-fan.o
  CC      drivers/power/supply/bq25890_charger.o
  CC      drivers/hid/hid-cherry.o
  AR      drivers/ssb/built-in.a
  CC      drivers/power/supply/bq25980_charger.o
  CC      drivers/firmware/arm_scmi/powercap.o
  CC      drivers/net/ethernet/wangxun/libwx/wx_vf_lib.o
  CC      drivers/clocksource/timer-tegra.o
  CC      drivers/net/ethernet/wangxun/ngbe/ngbe_mdio.o
  CC      drivers/media/rc/keymaps/rc-terratec-cinergy-c-pci.o
  CC      drivers/watchdog/it8712f_wdt.o
  CC      drivers/power/supply/bq256xx_charger.o
  DTC     drivers/of/empty_root.dtb
  CC      drivers/of/fdt_address.o
  CC      drivers/hwmon/hih6130.o
  CC      drivers/hid/hid-cmedia.o
  CC      drivers/net/ethernet/qlogic/qed/qed_spq.o
  AR      drivers/crypto/chelsio/built-in.a
  CC      drivers/clocksource/timer-tegra186.o
  CC      drivers/firmware/arm_scmi/pinctrl.o
  CC      drivers/hwmon/htu31.o
  CC      drivers/hwmon/i5500_temp.o
  CC      drivers/net/ethernet/qlogic/qed/qed_sriov.o
  CC      drivers/media/rc/keymaps/rc-terratec-cinergy-s2-hd.o
  CC      drivers/net/ethernet/intel/ice/ice_sf_eth.o
  CC      drivers/of/address.o
  CC      drivers/watchdog/it87_wdt.o
  CC      drivers/crypto/ccree/cc_aead.o
  CC      drivers/power/supply/rk817_charger.o
  CC      drivers/clocksource/bcm_kona_timer.o
  CC      drivers/net/ethernet/intel/ice/ice_sf_vsi_vlan_ops.o
  CC      drivers/net/ethernet/wangxun/ngbe/ngbe_ethtool.o
  CC      drivers/watchdog/hpwdt.o
  CC      drivers/media/rc/keymaps/rc-terratec-cinergy-xs.o
  CC      drivers/net/ethernet/wangxun/libwx/wx_vf_common.o
  CC      drivers/hid/hid-ezkey.o
  CC      drivers/firmware/arm_scmi/msg.o
  CC      drivers/net/ethernet/qlogic/qed/qed_vf.o
  CC      drivers/hwmon/iio_hwmon.o
  CC      drivers/of/irq.o
  CC      drivers/clocksource/timer-cadence-ttc.o
  AR      drivers/firmware/arm_scmi/built-in.a
  CC      drivers/firmware/cirrus/cs_dsp.o
  CC      drivers/media/rc/keymaps/rc-terratec-slim-2.o
  CC      drivers/watchdog/pc87413_wdt.o
  CC      drivers/hwmon/ina2xx.o
  CC      drivers/net/ethernet/intel/ice/ice_ddp.o
  CC      drivers/hid/hid-gembird.o
  CC      drivers/power/supply/smb347-charger.o
  CC      drivers/media/rc/keymaps/rc-terratec-slim.o
  CC      drivers/of/of_reserved_mem.o
  CC      drivers/clocksource/timer-stm32-lp.o
  AR      drivers/net/ethernet/wangxun/ngbe/built-in.a
  CC      drivers/clocksource/timer-fsl-ftm.o
  CC      drivers/net/ethernet/oa_tc6.o
  AR      drivers/net/ethernet/wangxun/libwx/built-in.a
  CC      drivers/watchdog/nv_tco.o
  CC      drivers/net/ethernet/wangxun/ngbevf/ngbevf_main.o
  CC      drivers/watchdog/sch311x_wdt.o
  CC      drivers/media/rc/keymaps/rc-tevii-nec.o
  CC      drivers/hwmon/ina238.o
  CC      drivers/crypto/ccree/cc_sram_mgr.o
  CC      drivers/hid/hid-gfrm.o
  CC      drivers/greybus/core.o
  AR      drivers/firmware/meson/built-in.a
  CC      drivers/clocksource/timer-nxp-pit.o
  AR      drivers/firmware/cirrus/test/built-in.a
  CC      drivers/of/resolver.o
  CC      drivers/power/supply/tps65090-charger.o
  AR      drivers/firmware/microchip/built-in.a
  CC      drivers/power/supply/axp288_fuel_gauge.o
  AR      drivers/firmware/cirrus/built-in.a
  CC      drivers/media/rc/st_rc.o
  CC      drivers/firmware/efi/efi-bgrt.o
  CC      drivers/media/rc/keymaps/rc-tivo.o
  CC      drivers/watchdog/smsc37b787_wdt.o
  AR      drivers/net/ethernet/qlogic/qed/built-in.a
  AR      drivers/net/ethernet/qlogic/built-in.a
  CC      drivers/firmware/efi/efi.o
  CC      drivers/of/overlay.o
  CC      drivers/clocksource/timer-mediatek-cpux.o
  AR      drivers/net/ethernet/wangxun/ngbevf/built-in.a
  CC      drivers/hid/hid-google-stadiaff.o
  AR      drivers/net/ethernet/wangxun/built-in.a
  CC      drivers/crypto/ccree/cc_fips.o
  CC      drivers/hwmon/ina3221.o
  CC      drivers/clocksource/timer-pistachio.o
  CC      drivers/firmware/imx/imx-dsp.o
  CC      drivers/net/ethernet/intel/ice/ice_fw_update.o
  CC      drivers/net/ethernet/intel/ice/ice_lag.o
  CC      drivers/media/rc/keymaps/rc-total-media-in-hand-02.o
  CC      drivers/firmware/imx/sm-cpu.o
  CC      drivers/power/supply/sc2731_charger.o
  CC      drivers/hwmon/isl28022.o
  CC      drivers/watchdog/tqmx86_wdt.o
  CC      drivers/hwmon/it87.o
  CC      drivers/clocksource/timer-owl.o
  CC      drivers/hwmon/jc42.o
  WRAP    drivers/of/empty_root.dtb.S
  AS      drivers/of/empty_root.dtb.o
  AR      drivers/of/built-in.a
  CC      drivers/greybus/debugfs.o
  AR      drivers/firmware/psci/built-in.a
  CC      drivers/crypto/ccree/cc_debugfs.o
  CC      drivers/firmware/imx/sm-misc.o
  CC      drivers/media/rc/keymaps/rc-total-media-in-hand.o
  CC      drivers/watchdog/via_wdt.o
  CC      drivers/hid/hid-icade.o
  CC      drivers/firmware/efi/vars.o
  CC      drivers/power/supply/sc27xx_fuel_gauge.o
  CC      drivers/hid/hid-ite.o
  CC      drivers/comedi/comedi_pci.o
  CC      drivers/clocksource/timer-npcm7xx.o
  CC      drivers/crypto/geode-aes.o
  CC      drivers/greybus/hd.o
  CC      drivers/firmware/imx/sm-lmm.o
  CC      drivers/media/rc/keymaps/rc-trekstor.o
  CC      drivers/firmware/efi/reboot.o
  CC      drivers/watchdog/w83627hf_wdt.o
  CC      drivers/firmware/qcom/qcom_scm.o
  CC      drivers/hid/hid-kensington.o
  AR      drivers/crypto/ccree/built-in.a
  CC      drivers/power/supply/ucs1002_power.o
  CC      drivers/clocksource/armv7m_systick.o
  CC      drivers/clocksource/timer-imx-sysctr.o
  CC      drivers/comedi/comedi_fops.o
  CC      drivers/hwmon/k8temp.o
  CC      drivers/comedi/range.o
  AR      drivers/firmware/imx/built-in.a
  CC      drivers/crypto/img-hash.o
  AR      drivers/firmware/samsung/built-in.a
  CC      drivers/crypto/padlock-aes.o
  CC      drivers/greybus/manifest.o
  CC      drivers/clocksource/ingenic-timer.o
  CC      drivers/media/rc/keymaps/rc-tt-1500.o
  CC      drivers/net/ethernet/intel/ice/ice_ethtool.o
  CC      drivers/watchdog/w83877f_wdt.o
  CC      drivers/firmware/efi/memattr.o
  CC      drivers/firmware/qcom/qcom_scm-smc.o
  CC      drivers/power/supply/bd71828-power.o
  CC      drivers/hid/hid-keytouch.o
  CC      drivers/net/ethernet/intel/ice/ice_repr.o
  CC      drivers/greybus/module.o
  CC      drivers/hwmon/kbatt.o
  CC      drivers/media/rc/keymaps/rc-twinhan1027.o
  AR      drivers/firmware/smccc/built-in.a
  CC      drivers/clocksource/timer-loongson1-pwm.o
  AR      drivers/firmware/tegra/built-in.a
  CC      drivers/watchdog/w83977f_wdt.o
  CC      drivers/firmware/efi/tpm.o
  CC      drivers/net/ethernet/intel/ice/ice_tc_lib.o
  CC      drivers/crypto/padlock-sha.o
  CC      drivers/media/rc/keymaps/rc-twinhan-dtv-cab-ci.o
  CC      drivers/firmware/qcom/qcom_scm-legacy.o
  CC      drivers/firmware/qcom/qcom_tzmem.o
  CC      drivers/hwmon/lenovo-ec-sensors.o
  AR      drivers/clocksource/built-in.a
  CC      drivers/comedi/drivers.o
  CC      drivers/greybus/interface.o
  CC      drivers/media/rc/keymaps/rc-vega-s9x.o
  CC      drivers/hid/hid-kye.o
  CC      drivers/power/supply/rn5t618_power.o
  CC      drivers/media/rc/keymaps/rc-videomate-m1f.o
  CC      drivers/watchdog/sbc_epx_c3.o
  CC      drivers/power/supply/acer_a500_battery.o
  CC      drivers/firmware/efi/memmap.o
  CC      drivers/crypto/sa2ul.o
  CC      drivers/hwmon/lm70.o
  CC      drivers/comedi/comedi_buf.o
  CC      drivers/firmware/qcom/qcom_qseecom.o
  CC      drivers/comedi/kcomedilib/kcomedilib_main.o
  CC      drivers/platform/x86/wmi-bmof.o
  CC      drivers/power/supply/surface-rt-ec.o
  CC      drivers/media/rc/keymaps/rc-videomate-s350.o
  CC      drivers/greybus/bundle.o
  CC      drivers/mailbox/mailbox.o
  CC      drivers/platform/x86/mxm-wmi.o
  CC      drivers/watchdog/mei_wdt.o
  CC      drivers/hid/hid-lcpower.o
  CC      drivers/firmware/efi/capsule.o
  CC      drivers/hwmon/lm75.o
  CC      drivers/mailbox/arm_mhuv3.o
  CC      drivers/firmware/qcom/qcom_qseecom_uefisecapp.o
  CC      drivers/media/rc/keymaps/rc-videomate-tv-pvr.o
  AR      drivers/comedi/kcomedilib/built-in.a
  CC      drivers/comedi/drivers/comedi_8254.o
  AR      drivers/crypto/stm32/built-in.a
  CC      drivers/platform/x86/nvidia-wmi-ec-backlight.o
  CC      drivers/remoteproc/remoteproc_core.o
  CC      drivers/platform/mellanox/mlx-platform.o
  CC      drivers/greybus/connection.o
  CC      drivers/power/supply/ug3105_battery.o
  CC      drivers/watchdog/nic7018_wdt.o
  CC      drivers/hid/hid-lenovo.o
  CC      drivers/net/ethernet/intel/ice/ice_debugfs.o
  CC      drivers/crypto/inside-secure/safexcel.o
  AR      drivers/platform/goldfish/built-in.a
  CC      drivers/net/ethernet/intel/ice/ice_adapter.o
  CC      drivers/media/rc/keymaps/rc-videostrong-kii-pro.o
  CC      drivers/platform/x86/gigabyte-wmi.o
  CC      drivers/firmware/efi/esrt.o
  CC      drivers/comedi/drivers/comedi_isadma.o
  CC      drivers/mailbox/ast2700-mailbox.o
  AR      drivers/firmware/qcom/built-in.a
  CC      drivers/hwmon/lm77.o
  CC      drivers/watchdog/mlx_wdt.o
  CC      drivers/platform/x86/acerhdf.o
  CC      drivers/greybus/control.o
  CC      drivers/power/supply/qcom_smbx.o
  CC      drivers/media/rc/keymaps/rc-wetek-hub.o
  CC      drivers/greybus/svc.o
  CC      drivers/remoteproc/remoteproc_coredump.o
  AR      drivers/platform/mellanox/built-in.a
  CC      drivers/mailbox/cv1800-mailbox.o
  CC      drivers/power/supply/mm8013.o
  CC      drivers/watchdog/of_xilinx_wdt.o
  CC      drivers/hid/hid-macally.o
  CC      drivers/platform/x86/acer-wmi.o
  CC      drivers/firmware/efi/runtime-wrappers.o
  CC      drivers/comedi/drivers/comedi_bond.o
  CC      drivers/crypto/inside-secure/safexcel_ring.o
  AR      drivers/platform/x86/amd/built-in.a
  CC      drivers/greybus/svc_watchdog.o
  CC      drivers/hwmon/lm78.o
  CC      drivers/crypto/xilinx/zynqmp-sha.o
  CC      drivers/media/rc/keymaps/rc-wetek-play2.o
  CC      drivers/hwmon/lm83.o
  CC      drivers/mailbox/exynos-mailbox.o
  CC      drivers/watchdog/xilinx_wwdt.o
  CC      drivers/net/ethernet/intel/ice/ice_sriov.o
  CC      drivers/remoteproc/remoteproc_debugfs.o
  CC      drivers/hid/hid-maltron.o
  CC      drivers/net/ethernet/intel/ice/virt/allowlist.o
  AR      drivers/power/supply/built-in.a
  AR      drivers/power/built-in.a
  CC      drivers/comedi/drivers/comedi_parport.o
  CC      drivers/watchdog/bcm47xx_wdt.o
  CC      drivers/media/rc/keymaps/rc-winfast.o
  CC      drivers/crypto/inside-secure/safexcel_cipher.o
  CC      drivers/firmware/efi/efibc.o
  CC      drivers/greybus/operation.o
  CC      drivers/platform/chrome/chromeos_acpi.o
  CC      drivers/mailbox/imx-mailbox.o
  AR      drivers/crypto/xilinx/built-in.a
  CC      drivers/platform/chrome/chromeos_of_hw_prober.o
  CC      drivers/platform/x86/apple-gmux.o
  CC      drivers/mailbox/armada-37xx-rwtm-mailbox.o
  CC      drivers/hwmon/lm85.o
  CC      drivers/watchdog/jz4740_wdt.o
  CC      drivers/media/rc/keymaps/rc-winfast-usbii-deluxe.o
  CC      drivers/remoteproc/remoteproc_sysfs.o
  CC      drivers/firmware/efi/test/efi_test.o
  CC      drivers/comedi/drivers/amplc_dio200.o
  CC      drivers/hid/hid-mf.o
  CC      drivers/mailbox/platform_mhu.o
  CC      drivers/platform/chrome/chromeos_pstore.o
  CC      drivers/watchdog/loongson1_wdt.o
  CC      drivers/platform/chrome/chromeos_tbmc.o
  CC      drivers/greybus/gb-beagleplay.o
  CC      drivers/media/rc/keymaps/rc-x96max.o
  CC      drivers/comedi/drivers/amplc_pc236.o
  CC      drivers/mailbox/rockchip-mailbox.o
  AR      drivers/crypto/hisilicon/built-in.a
  CC      drivers/platform/cznic/turris-omnia-mcu-base.o
  CC      drivers/remoteproc/remoteproc_virtio.o
  CC      drivers/platform/x86/asus-laptop.o
  CC      drivers/platform/raspberrypi/vchiq-interface/vchiq_core.o
  CC      drivers/crypto/inside-secure/safexcel_hash.o
  AR      drivers/firmware/xilinx/built-in.a
  CC      drivers/watchdog/mt7621_wdt.o
  CC      drivers/platform/raspberrypi/vchiq-interface/vchiq_arm.o
  CC      drivers/hid/hid-microsoft.o
  CC      drivers/hwmon/lm90.o
  CC      drivers/net/ethernet/intel/ice/virt/fdir.o
  AR      drivers/firmware/efi/test/built-in.a
  CC      drivers/firmware/efi/dev-path-parser.o
  CC      drivers/platform/chrome/cros_kbd_led_backlight.o
  CC      drivers/mailbox/mailbox-altera.o
  CC      drivers/media/rc/keymaps/rc-xbox-360.o
  CC      drivers/comedi/drivers/pcl711.o
  AR      drivers/greybus/built-in.a
  CC      drivers/watchdog/pic32-wdt.o
  CC      drivers/net/ethernet/intel/ice/virt/queues.o
  CC      drivers/remoteproc/remoteproc_elf_loader.o
  CC      drivers/platform/cznic/turris-omnia-mcu-gpio.o
  CC      drivers/mailbox/ti-msgmgr.o
  AR      drivers/platform/chrome/built-in.a
  CC      drivers/media/rc/keymaps/rc-xbox-dvd.o
  CC      drivers/platform/x86/asus-wireless.o
  CC      drivers/crypto/amlogic/amlogic-gxl-core.o
  CC      drivers/hid/hid-multitouch.o
  CC      drivers/watchdog/pic32-dmt.o
  CC      drivers/crypto/amlogic/amlogic-gxl-cipher.o
  CC      drivers/firmware/efi/apple-properties.o
  CC      drivers/comedi/drivers/pcl724.o
  CC      drivers/crypto/inside-secure/eip93/eip93-main.o
  CC      drivers/remoteproc/mtk_scp.o
  CC      drivers/platform/raspberrypi/vchiq-interface/vchiq_bus.o
  CC      drivers/media/rc/keymaps/rc-zx-irdec.o
  CC      drivers/hwmon/lm92.o
  CC      drivers/watchdog/mena21_wdt.o
  CC      drivers/mailbox/hi3660-mailbox.o
  CC      drivers/platform/x86/asus-tf103c-dock.o
  CC      drivers/platform/raspberrypi/vchiq-interface/vchiq_debugfs.o
  CC      drivers/firmware/efi/ovmf-debug-log.o
  AR      drivers/crypto/amlogic/built-in.a
  CC      drivers/comedi/drivers/pcl726.o
  CC      drivers/crypto/inside-secure/eip93/eip93-common.o
  CC      drivers/platform/cznic/turris-omnia-mcu-trng.o
  AR      drivers/media/rc/keymaps/built-in.a
  CC      drivers/watchdog/starfive-wdt.o
  AR      drivers/media/rc/built-in.a
  CC      drivers/mailbox/hi6220-mailbox.o
  CC      drivers/firmware/efi/sysfb_efi.o
  AR      drivers/media/built-in.a
  CC      drivers/platform/wmi/core.o
  CC      drivers/net/ethernet/intel/ice/virt/virtchnl.o
  CC      drivers/hid/hid-nintendo.o
  CC      drivers/platform/wmi/marshalling.o
  CC      drivers/platform/x86/amilo-rfkill.o
  CC      drivers/hwmon/lm93.o
  CC      drivers/platform/raspberrypi/vchiq-interface/vchiq_dev.o
  CC      drivers/hwmon/lm95234.o
  CC      drivers/remoteproc/mtk_scp_ipi.o
  CC      drivers/comedi/drivers/pcl730.o
  CC      drivers/platform/wmi/string.o
  CC      drivers/mailbox/bcm-pdc-mailbox.o
  CC      drivers/watchdog/bd9576_wdt.o
  AR      drivers/platform/cznic/built-in.a
  CC      drivers/watchdog/bd96801_wdt.o
  CC      drivers/mailbox/mtk-vcp-mailbox.o
  AR      drivers/platform/x86/hp/built-in.a
  CC      drivers/platform/x86/ibm_rtl.o
  CC      drivers/firmware/efi/capsule-loader.o
  CC      drivers/crypto/inside-secure/eip93/eip93-cipher.o
  CC      drivers/hwmon/lm95245.o
  AR      drivers/platform/wmi/tests/built-in.a
  AR      drivers/platform/wmi/built-in.a
  CC      drivers/mailbox/sun6i-msgbox.o
  CC      drivers/crypto/intel/keembay/keembay-ocs-aes-core.o
  CC      drivers/remoteproc/stm32_rproc.o
  CC      drivers/comedi/drivers/pcl812.o
  CC      drivers/crypto/intel/keembay/ocs-aes.o
  CC      drivers/platform/raspberrypi/vchiq-mmal/mmal-vchiq.o
  CC      drivers/platform/x86/hdaps.o
  CC      drivers/hid/hid-ortek.o
  CC      drivers/crypto/intel/keembay/keembay-ocs-ecc.o
  CC      drivers/firmware/efi/earlycon.o
  CC      drivers/watchdog/da9055_wdt.o
  CC      drivers/crypto/inside-secure/eip93/eip93-aead.o
  CC      drivers/hwmon/ltc2990.o
  CC      drivers/mailbox/sprd-mailbox.o
  CC      drivers/firmware/efi/libstub/alignedmem.o
  CC      drivers/crypto/inside-secure/eip93/eip93-hash.o
  CC      drivers/net/ethernet/intel/ice/virt/rss.o
  AR      drivers/remoteproc/built-in.a
  CC      drivers/platform/x86/lenovo/wmi-hotkey-utilities.o
  CC      drivers/comedi/drivers/pcl816.o
  AR      drivers/crypto/intel/ixp4xx/built-in.a
  CC      drivers/hwmon/ltc2991.o
  CC      drivers/hid/hid-petalynx.o
  CC      drivers/crypto/intel/qat/qat_common/adf_accel_engine.o
  CC      drivers/watchdog/da9062_wdt.o
  CC      drivers/watchdog/da9063_wdt.o
  CC      drivers/crypto/intel/keembay/keembay-ocs-hcu-core.o
  CC      drivers/mailbox/bcm74110-mailbox.o
  AR      drivers/platform/raspberrypi/vchiq-mmal/built-in.a
  AR      drivers/platform/raspberrypi/built-in.a
  CC      drivers/comedi/drivers/pcl818.o
  CC      drivers/firmware/efi/libstub/efi-stub-helper.o
  CC      drivers/platform/x86/intel/atomisp2/led.o
  CC      drivers/watchdog/wdat_wdt.o
  CC      drivers/crypto/starfive/jh7110-cryp.o
  CC      drivers/platform/x86/lenovo/yogabook.o
  AR      drivers/crypto/inside-secure/eip93/built-in.a
  CC      drivers/crypto/intel/qat/qat_common/adf_admin.o
  CC      drivers/hwmon/ltc2992.o
  CC      drivers/crypto/starfive/jh7110-hash.o
  AR      drivers/crypto/inside-secure/built-in.a
  CC      drivers/crypto/intel/keembay/ocs-hcu.o
  CC      drivers/hid/hid-picolcd_core.o
  CC      drivers/crypto/intel/qat/qat_c62x/adf_drv.o
  AR      drivers/firmware/efi/built-in.a
  AR      drivers/platform/x86/intel/atomisp2/built-in.a
  CC      drivers/rpmsg/rpmsg_core.o
  CC      drivers/platform/x86/intel/int1092/intel_sar.o
  AR      drivers/mailbox/built-in.a
  CC      drivers/watchdog/max63xx_wdt.o
  CC      drivers/platform/x86/quickstart.o
  CC      drivers/firmware/efi/libstub/file.o
  CC      drivers/platform/x86/lenovo/yoga-tab2-pro-1380-fastcharger.o
  CC      drivers/comedi/drivers/pcm3724.o
  CC      drivers/platform/x86/lenovo/wmi-camera.o
  CC      drivers/platform/x86/meegopad_anx7428.o
  CC      drivers/watchdog/max77620_wdt.o
  AR      drivers/platform/x86/intel/int1092/built-in.a
  CC      drivers/net/ethernet/intel/ice/ice_vf_mbx.o
  CC      drivers/platform/x86/intel/int3472/discrete.o
  AR      drivers/crypto/intel/keembay/built-in.a
  CC      drivers/crypto/starfive/jh7110-rsa.o
  AR      drivers/crypto/cavium/built-in.a
  CC      drivers/crypto/intel/qat/qat_common/adf_aer.o
  CC      drivers/rpmsg/rpmsg_ctrl.o
  CC      drivers/net/ethernet/intel/ice/ice_vf_vsi_vlan_ops.o
  CC      drivers/crypto/intel/qat/qat_c62x/adf_c62x_hw_data.o
  CC      drivers/firmware/efi/libstub/gop.o
  CC      drivers/platform/x86/intel/pmt/class.o
  CC      drivers/hwmon/ltc4215.o
  CC      drivers/hid/hid-picolcd_fb.o
  CC      drivers/crypto/intel/qat/qat_4xxx/adf_drv.o
  AR      drivers/platform/x86/lenovo/built-in.a
  CC      drivers/comedi/drivers/rti800.o
  CC      drivers/comedi/drivers/rti802.o
  CC      drivers/watchdog/softdog.o
  CC      drivers/crypto/starfive/jh7110-aes.o
  AR      drivers/crypto/intel/qat/qat_c62x/built-in.a
  CC      drivers/crypto/intel/qat/qat_common/adf_anti_rb.o
  CC      drivers/platform/x86/intel/int3472/discrete_quirks.o
  CC      drivers/firmware/efi/libstub/lib-cmdline.o
  CC      drivers/firmware/efi/libstub/lib-ctype.o
  CC      drivers/rpmsg/rpmsg_ns.o
  CC      drivers/platform/x86/intel/pmt/discovery.o
  CC      drivers/platform/x86/intel/speed_select_if/isst_if_common.o
  CC      drivers/firmware/efi/libstub/mem.o
  CC      drivers/platform/x86/intel/speed_select_if/isst_if_mmio.o
  CC      drivers/crypto/intel/qat/qat_4xxx/adf_4xxx_hw_data.o
  CC      drivers/platform/x86/intel/pmt/features.o
  CC      drivers/comedi/drivers/das16m1.o
  CC      drivers/watchdog/menf21bmc_wdt.o
  CC      drivers/hwmon/ltc4245.o
  CC      drivers/net/ethernet/intel/ice/ice_vf_lib.o
  CC      drivers/hid/hid-picolcd_cir.o
  CC      drivers/virt/vboxguest/vboxguest_linux.o
  CC      drivers/crypto/intel/qat/qat_420xx/adf_drv.o
  CC      drivers/crypto/intel/qat/qat_common/adf_bank_state.o
  CC      drivers/platform/x86/intel/int3472/clk_and_regulator.o
  CC      drivers/rpmsg/mtk_rpmsg.o
  CC      drivers/firmware/efi/libstub/pci.o
  AR      drivers/crypto/starfive/built-in.a
  CC      drivers/platform/x86/intel/int3472/led.o
  CC      drivers/crypto/intel/qat/qat_common/adf_cfg.o
  AR      drivers/platform/x86/intel/pmt/built-in.a
  CC      drivers/comedi/drivers/das08_isa.o
  CC      drivers/crypto/intel/qat/qat_420xx/adf_420xx_hw_data.o
  AR      drivers/crypto/intel/qat/qat_4xxx/built-in.a
  CC      drivers/crypto/intel/qat/qat_common/adf_cfg_services.o
  CC      drivers/watchdog/rave-sp-wdt.o
  CC      drivers/platform/x86/intel/speed_select_if/isst_if_mbox_pci.o
  CC      drivers/hwmon/ltc4260.o
  CC      drivers/hid/hid-picolcd_debugfs.o
  CC      drivers/firmware/efi/libstub/printk.o
  CC      drivers/platform/x86/intel/speed_select_if/isst_if_mbox_msr.o
  AR      drivers/virt/coco/built-in.a
  CC      drivers/virt/vboxguest/vboxguest_core.o
  CC      drivers/devfreq/devfreq.o
  CC      drivers/rpmsg/qcom_glink_native.o
  CC      drivers/devfreq/devfreq-event.o
  CC      drivers/watchdog/sl28cpld_wdt.o
  CC      drivers/comedi/drivers/das1800.o
  CC      drivers/platform/x86/intel/int3472/tps68470.o
  AR      drivers/crypto/intel/qat/qat_420xx/built-in.a
  CC      drivers/devfreq/governor_simpleondemand.o
  CC      drivers/net/ethernet/intel/ice/ice_dcb.o
  CC      drivers/crypto/intel/qat/qat_common/adf_clock.o
  CC      drivers/devfreq/governor_performance.o
  CC      drivers/hwmon/ltc4261.o
  CC      drivers/devfreq/governor_powersave.o
  AR      drivers/watchdog/built-in.a
  CC      drivers/firmware/efi/libstub/random.o
  CC      drivers/devfreq/governor_userspace.o
  CC      drivers/net/ethernet/intel/ice/ice_dcb_nl.o
  AR      drivers/platform/x86/intel/speed_select_if/built-in.a
  CC      drivers/hid/hid-plantronics.o
  CC      drivers/net/ethernet/intel/ice/ice_dcb_lib.o
  CC      drivers/rpmsg/qcom_glink_ssr.o
  CC      drivers/virt/vboxguest/vboxguest_utils.o
  CC      drivers/net/ethernet/intel/ice/ice_xsk.o
  CC      drivers/platform/x86/intel/int3472/tps68470_board_data.o
  CC      drivers/comedi/drivers/das6402.o
  CC      drivers/crypto/intel/qat/qat_common/adf_dc.o
  CC      drivers/platform/x86/intel/int3472/common.o
  CC      drivers/firmware/efi/libstub/randomalloc.o
  CC      drivers/platform/x86/intel/vbtn.o
  CC      drivers/hwmon/ltc4282.o
  CC      drivers/devfreq/governor_passive.o
  CC      drivers/hwmon/ltc4283.o
  CC      drivers/hid/hid-playstation.o
  CC      drivers/crypto/intel/qat/qat_common/adf_dev_mgr.o
  CC      drivers/crypto/ti/dthev2-common.o
  CC      drivers/firmware/efi/libstub/secureboot.o
  CC      drivers/comedi/drivers/dt2814.o
  AR      drivers/virt/vboxguest/built-in.a
  AR      drivers/virt/built-in.a
  AR      drivers/platform/x86/intel/int3472/built-in.a
  CC      drivers/comedi/drivers/dt2815.o
  CC      drivers/platform/x86/msi-laptop.o
  CC      drivers/crypto/intel/qat/qat_c3xxxvf/adf_drv.o
  CC      drivers/devfreq/exynos-bus.o
  CC      drivers/platform/x86/intel/oaktrail.o
  CC      drivers/crypto/intel/qat/qat_c3xxxvf/adf_c3xxxvf_hw_data.o
  CC      drivers/firmware/efi/libstub/skip_spaces.o
  CC      drivers/platform/x86/intel/vsec.o
  CC      drivers/crypto/ti/dthev2-aes.o
  CC      drivers/firmware/efi/libstub/smbios.o
  CC      drivers/rpmsg/qcom_glink_rpm.o
  CC      drivers/crypto/intel/qat/qat_common/adf_gen2_config.o
  CC      drivers/hid/hid-primax.o
  CC      drivers/platform/x86/msi-wmi.o
  CC      drivers/comedi/drivers/dmm32at.o
  CC      drivers/hwmon/max1111.o
  CC      drivers/devfreq/mtk-cci-devfreq.o
  CC      drivers/devfreq/sun8i-a33-mbus.o
  CC      drivers/net/ethernet/intel/ice/ice_gnss.o
  CC      drivers/firmware/efi/libstub/tpm.o
  CC      drivers/rpmsg/virtio_rpmsg_bus.o
  AR      drivers/crypto/intel/qat/qat_c3xxxvf/built-in.a
  CC      drivers/extcon/extcon.o
  CC      drivers/comedi/drivers/aio_aio12_8.o
  CC      drivers/crypto/intel/qat/qat_common/adf_gen2_hw_csr_data.o
  CC      drivers/platform/x86/xo15-ebook.o
  CC      drivers/devfreq/tegra30-devfreq.o
  CC      drivers/platform/x86/intel/bytcrc_pwrsrc.o
  CC      drivers/hid/hid-rakk.o
  CC      drivers/extcon/devres.o
  CC      drivers/memory/jedec_ddr_data.o
  CC      drivers/memory/of_memory.o
  CC      drivers/hwmon/max127.o
  AR      drivers/crypto/ti/built-in.a
  CC      drivers/platform/x86/intel/smartconnect.o
  CC      drivers/extcon/extcon-adc-jack.o
  CC      drivers/memory/atmel-ebi.o
  CC      drivers/firmware/efi/libstub/vsprintf.o
  CC      drivers/hid/hid-rapoo.o
  CC      drivers/firmware/efi/libstub/x86-stub.o
  CC      drivers/comedi/drivers/c6xdigio.o
  AR      drivers/rpmsg/built-in.a
  CC      drivers/crypto/intel/qat/qat_common/adf_gen2_hw_data.o
  CC      drivers/memory/brcmstb_dpfe.o
  CC      drivers/memory/brcmstb_memc.o
  CC      drivers/iio/industrialio-core.o
  CC      drivers/comedi/drivers/mpc624.o
  CC      drivers/extcon/extcon-fsa9480.o
  AR      drivers/platform/x86/intel/built-in.a
  CC      drivers/platform/x86/xo1-rfkill.o
  CC      drivers/devfreq/event/exynos-ppmu.o
  CC      drivers/devfreq/event/rockchip-dfi.o
  CC      drivers/iio/industrialio-event.o
  STUBCPY drivers/firmware/efi/libstub/alignedmem.stub.o
  CC      drivers/memory/ti-aemif.o
  AR      drivers/net/ethernet/intel/ice/built-in.a
  CC      drivers/hwmon/max1619.o
  AR      drivers/net/ethernet/intel/built-in.a
  AR      drivers/net/ethernet/built-in.a
  CC      drivers/crypto/intel/qat/qat_common/adf_gen4_config.o
make[6]: *** [/home/benni/git/linux/scripts/Makefile.build:549: drivers/net] Error 2
make[6]: *** Waiting for unfinished jobs....
  CC      drivers/extcon/extcon-gpio.o
  CC      drivers/comedi/drivers/adq12b.o
  CC      drivers/platform/x86/pcengines-apuv2.o
  CC      drivers/hid/hid-razer.o
  STUBCPY drivers/firmware/efi/libstub/efi-stub-helper.stub.o
  CC      drivers/iio/inkern.o
  CC      drivers/iio/industrialio-buffer.o
  STUBCPY drivers/firmware/efi/libstub/file.stub.o
  STUBCPY drivers/firmware/efi/libstub/gop.stub.o
  STUBCPY drivers/firmware/efi/libstub/lib-cmdline.stub.o
  CC      drivers/iio/industrialio-trigger.o
  STUBCPY drivers/firmware/efi/libstub/lib-ctype.stub.o
  STUBCPY drivers/firmware/efi/libstub/mem.stub.o
  STUBCPY drivers/firmware/efi/libstub/pci.stub.o
  STUBCPY drivers/firmware/efi/libstub/printk.stub.o
  STUBCPY drivers/firmware/efi/libstub/random.stub.o
  STUBCPY drivers/firmware/efi/libstub/randomalloc.stub.o
  CC      drivers/memory/omap-gpmc.o
  STUBCPY drivers/firmware/efi/libstub/secureboot.stub.o
  STUBCPY drivers/firmware/efi/libstub/skip_spaces.stub.o
  STUBCPY drivers/firmware/efi/libstub/smbios.stub.o
  CC      drivers/iio/industrialio-acpi.o
  STUBCPY drivers/firmware/efi/libstub/tpm.stub.o
  STUBCPY drivers/firmware/efi/libstub/vsprintf.stub.o
  STUBCPY drivers/firmware/efi/libstub/x86-stub.stub.o
  AR      drivers/firmware/efi/libstub/lib.a
  CC      drivers/platform/x86/portwell-ec.o
  CC      drivers/iio/industrialio-configfs.o
  AR      drivers/firmware/built-in.a
  CC      drivers/extcon/extcon-intel-int3496.o
  CC      drivers/hwmon/max1668.o
  CC      drivers/comedi/drivers/ni_at_a2150.o
  CC      drivers/crypto/intel/qat/qat_common/adf_gen4_hw_csr_data.o
  CC      drivers/hid/hid-rmi.o
  CC      drivers/crypto/intel/qat/qat_common/adf_gen4_hw_data.o
  CC      drivers/memory/fsl-corenet-cf.o
  AR      drivers/devfreq/event/built-in.a
  AR      drivers/devfreq/built-in.a
  CC      drivers/platform/x86/toshiba_bluetooth.o
  CC      drivers/comedi/drivers/ni_at_ao.o
  CC      drivers/extcon/extcon-max14577.o
  CC      drivers/hwmon/max197.o
  CC      drivers/platform/x86/toshiba-wmi.o
  CC      drivers/crypto/intel/qat/qat_common/adf_gen4_pm.o
  CC      drivers/memory/mvebu-devbus.o
  CC      drivers/extcon/extcon-max3355.o
  CC      drivers/hid/hid-sjoy.o
  CC      drivers/memory/jz4780-nemc.o
  CC      drivers/comedi/drivers/ni_atmio.o
  AR      drivers/platform/x86/uniwill/built-in.a
  CC      drivers/crypto/intel/qat/qat_common/adf_gen4_ras.o
  CC      drivers/platform/x86/dasharo-acpi.o
  CC      drivers/platform/x86/classmate-laptop.o
  CC      drivers/hwmon/max31722.o
  CC      drivers/iio/industrialio-gts-helper.o
  CC      drivers/hid/hid-sunplus.o
  CC      drivers/extcon/extcon-max77843.o
  CC      drivers/platform/x86/compal-laptop.o
  CC      drivers/platform/x86/panasonic-laptop.o
  CC      drivers/hwmon/max6620.o
  CC      drivers/extcon/extcon-max8997.o
  CC      drivers/iio/industrialio-sw-device.o
  CC      drivers/comedi/drivers/ni_labpc.o
  CC      drivers/memory/mtk-smi.o
  CC      drivers/platform/x86/sony-laptop.o
  CC      drivers/hwmon/max6639.o
  CC      drivers/iio/industrialio-triggered-event.o
  CC      drivers/crypto/intel/qat/qat_common/adf_gen4_vf_mig.o
  CC      drivers/extcon/extcon-max14526.o
  CC      drivers/memory/da8xx-ddrctl.o
  CC      drivers/platform/x86/serial-multi-instantiate.o
  CC      drivers/platform/x86/wireless-hotkey.o
  CC      drivers/hid/hid-gaff.o
  CC      drivers/iio/industrialio-backend.o
  CC      drivers/extcon/extcon-ptn5150.o
  CC      drivers/comedi/drivers/pcmad.o
  CC      drivers/crypto/intel/qat/qat_common/adf_gen6_ras.o
  CC      drivers/hwmon/max31790.o
  CC      drivers/hid/hid-udraw-ps3.o
  CC      drivers/memory/renesas-rpc-if.o
  CC      drivers/platform/x86/intel_ips.o
  CC      drivers/memory/stm32_omm.o
  CC      drivers/hid/hid-led.o
  CC      drivers/memory/samsung/exynos-srom.o
  CC      drivers/crypto/intel/qat/qat_common/adf_gen6_shared.o
  CC      drivers/hwmon/max31827.o
  CC      drivers/hid/hid-xiaomi.o
  CC      drivers/comedi/drivers/pcmuio.o
  CC      drivers/crypto/intel/qat/qat_common/adf_hw_arbiter.o
  CC      drivers/iio/accel/adis16209.o
  CC      drivers/extcon/extcon-sm5502.o
  CC      drivers/iio/adc/industrialio-adc.o
  CC      drivers/iio/addac/ad74115.o
  CC      drivers/comedi/drivers/multiq3.o
  AR      drivers/iio/afe/built-in.a
  CC      drivers/platform/x86/p2sb.o
  CC      drivers/iio/amplifiers/ad8366.o
  CC      drivers/iio/addac/ad74413r.o
  AR      drivers/memory/samsung/built-in.a
  CC      drivers/memory/tegra/mc.o
  CC      drivers/crypto/intel/qat/qat_common/adf_init.o
  CC      drivers/iio/adc/ad_sigma_delta.o
  CC      drivers/memory/tegra/tegra-emc-common.o
  CC      drivers/hid/hid-viewsonic.o
  CC      drivers/comedi/drivers/8255_pci.o
  CC      drivers/iio/adc/ad4000.o
  CC      drivers/iio/accel/adxl313_core.o
  CC      drivers/iio/addac/stx104.o
  CC      drivers/hwmon/mc13783-adc.o
  CC      drivers/hwmon/mc34vr500.o
  CC      drivers/extcon/extcon-usb-gpio.o
  CC      drivers/platform/x86/intel_scu_ipc.o
  CC      drivers/memory/tegra/tegra20-emc.o
  CC      drivers/iio/amplifiers/adl8113.o
  CC      drivers/iio/amplifiers/hmc425a.o
  CC      drivers/iio/buffer/industrialio-buffer-cb.o
  CC      drivers/crypto/intel/qat/qat_common/adf_isr.o
  CC      drivers/iio/cdc/ad7746.o
  CC      drivers/memory/tegra/tegra30-emc.o
  CC      drivers/comedi/drivers/addi_watchdog.o
  CC      drivers/iio/accel/adxl313_i2c.o
  AR      drivers/iio/addac/built-in.a
  CC      drivers/hid/hid-vrc2.o
  CC      drivers/iio/buffer/industrialio-buffer-dma.o
  CC      drivers/iio/chemical/ags02ma.o
  CC      drivers/iio/adc/ad4170-4.o
  AR      drivers/extcon/built-in.a
  CC      drivers/platform/x86/intel_scu_pcidrv.o
  AR      drivers/iio/common/cros_ec_sensors/built-in.a
  AR      drivers/iio/common/hid-sensors/built-in.a
  CC      drivers/iio/common/inv_sensors/inv_sensors_timestamp.o
  CC      drivers/hwmon/mcp3021.o
  CC      drivers/iio/buffer/industrialio-buffer-dmaengine.o
  CC      drivers/crypto/intel/qat/qat_common/adf_kpt.o
  CC      drivers/comedi/drivers/addi_apci_1032.o
  CC      drivers/comedi/drivers/addi_apci_1500.o
  AR      drivers/iio/amplifiers/built-in.a
  CC      drivers/memory/tegra/tegra114-emc.o
  CC      drivers/iio/accel/adxl313_spi.o
  AR      drivers/iio/common/inv_sensors/built-in.a
  CC      drivers/iio/dac/ad3530r.o
  CC      drivers/memory/tegra/tegra124-emc.o
  CC      drivers/platform/x86/intel_scu_pltdrv.o
  CC      drivers/iio/chemical/atlas-ezo-sensor.o
  CC      drivers/iio/common/ms_sensors/ms_sensors_i2c.o
  CC      drivers/hid/hid-waltop.o
  CC      drivers/iio/common/scmi_sensors/scmi_iio.o
  CC      drivers/hwmon/tps23861.o
  CC      drivers/iio/buffer/industrialio-hw-consumer.o
  AR      drivers/iio/cdc/built-in.a
  CC      drivers/iio/dac/ad5360.o
  CC      drivers/crypto/intel/qat/qat_common/adf_module.o
  CC      drivers/crypto/intel/qat/qat_common/adf_mstate_mgr.o
  CC      drivers/comedi/drivers/addi_apci_1516.o
  CC      drivers/platform/x86/silicom-platform.o
  CC      drivers/iio/accel/adxl345_core.o
  CC      drivers/iio/common/ssp_sensors/ssp_dev.o
  CC      drivers/iio/buffer/industrialio-triggered-buffer.o
  AR      drivers/memory/tegra/built-in.a
  CC      drivers/iio/adc/ad4691.o
  AR      drivers/memory/built-in.a
  CC      drivers/hid/hid-wiimote-core.o
  CC      drivers/comedi/drivers/addi_apci_3120.o
  AR      drivers/iio/common/scmi_sensors/built-in.a
  CC      drivers/hwmon/mlxreg-fan.o
  CC      drivers/comedi/drivers/addi_apci_3xxx.o
  CC      drivers/crypto/intel/qat/qat_common/adf_rl_admin.o
  CC      drivers/iio/chemical/ccs811.o
  CC      drivers/platform/x86/tuxedo/nb04/wmi_ab.o
  AR      drivers/iio/common/ms_sensors/built-in.a
  CC      drivers/comedi/drivers/adl_pci7250.o
  CC      drivers/crypto/intel/qat/qat_common/adf_rl.o
  CC      drivers/iio/dac/ad5421.o
  CC      drivers/comedi/drivers/adl_pci7x3x.o
  CC      drivers/iio/buffer/kfifo_buf.o
  CC      drivers/iio/adc/ad7091r-base.o
  CC      drivers/hwmon/nct6683.o
  CC      drivers/iio/common/ssp_sensors/ssp_spi.o
  CC      drivers/iio/accel/adxl345_i2c.o
  CC      drivers/crypto/intel/qat/qat_common/adf_sysfs.o
  CC      drivers/iio/accel/adxl345_spi.o
  CC      drivers/iio/accel/adxl355_core.o
  CC      drivers/hid/hid-wiimote-modules.o
  CC      drivers/iio/chemical/ens160_core.o
  AR      drivers/iio/buffer/built-in.a
  CC      drivers/iio/adc/ad7091r8.o
  CC      drivers/iio/dac/ad5064.o
  CC      drivers/platform/x86/tuxedo/nb04/wmi_util.o
  CC      drivers/comedi/drivers/adl_pci8164.o
  CC      drivers/iio/dac/ad5504.o
  CC      drivers/crypto/intel/qat/qat_common/adf_sysfs_anti_rb.o
  CC      drivers/iio/common/st_sensors/st_sensors_i2c.o
  CC      drivers/iio/dac/ad5446.o
  CC      drivers/hwmon/nct6775-core.o
  CC      drivers/iio/dac/ad5446-spi.o
  CC      drivers/iio/common/ssp_sensors/ssp_iio.o
  CC      drivers/iio/chemical/ens160_i2c.o
  AR      drivers/iio/dummy/built-in.a
  CC      drivers/comedi/drivers/adv_pci1723.o
  CC      drivers/hid/hid-wiimote-debug.o
  CC      drivers/iio/accel/adxl355_i2c.o
  AR      drivers/platform/x86/tuxedo/nb04/built-in.a
  AR      drivers/platform/x86/tuxedo/built-in.a
  CC      drivers/platform/x86/winmate-fm07-keys.o
  CC      drivers/iio/adc/ad7173.o
  CC      drivers/hwmon/nct6775-platform.o
  CC      drivers/crypto/intel/qat/qat_common/adf_sysfs_kpt.o
  CC      drivers/iio/common/st_sensors/st_sensors_spi.o
  AR      drivers/iio/common/ssp_sensors/built-in.a
  CC      drivers/crypto/intel/qat/qat_common/adf_sysfs_ras_counters.o
  CC      drivers/iio/gyro/adis16080.o
  CC      drivers/iio/gyro/adis16130.o
  CC      drivers/iio/accel/adxl355_spi.o
  CC      drivers/iio/dac/ad5449.o
  AR      drivers/platform/x86/built-in.a
  CC      drivers/comedi/drivers/adv_pci1760.o
  AR      drivers/platform/built-in.a
  CC      drivers/iio/chemical/ens160_spi.o
  CC      drivers/hwmon/nct7802.o
  CC      drivers/iio/dac/ad5592r-base.o
  AR      drivers/hid/built-in.a
  AR      drivers/iio/filter/built-in.a
  CC      drivers/iio/adc/ad7191.o
  CC      drivers/comedi/drivers/adv_pci_dio.o
  CC      drivers/iio/chemical/ams-iaq-core.o
  CC      drivers/iio/gyro/adis16136.o
  CC      drivers/crypto/intel/qat/qat_common/adf_sysfs_rl.o
  CC      drivers/hwmon/nct7904.o
  CC      drivers/iio/common/st_sensors/st_sensors_core.o
  CC      drivers/iio/accel/adxl372.o
  CC      drivers/hwmon/npcm750-pwm-fan.o
  CC      drivers/iio/frequency/ad9523.o
  CC      drivers/iio/adc/ad7192.o
  CC      drivers/comedi/drivers/amplc_pci263.o
  CC      drivers/crypto/intel/qat/qat_common/adf_timer.o
  CC      drivers/iio/common/st_sensors/st_sensors_buffer.o
  CC      drivers/iio/dac/ad5592r.o
  CC      drivers/comedi/drivers/amplc_pci224.o
  CC      drivers/iio/adc/ad7280a.o
  CC      drivers/iio/gyro/adis16260.o
  CC      drivers/iio/chemical/mhz19b.o
  CC      drivers/iio/chemical/scd30_core.o
  CC      drivers/comedi/drivers/das08_pci.o
  CC      drivers/comedi/drivers/dt3000.o
  CC      drivers/iio/frequency/adf4350.o
  CC      drivers/iio/accel/adxl372_spi.o
  CC      drivers/hwmon/pc87360.o
  CC      drivers/hwmon/pc87427.o
  CC      drivers/iio/common/st_sensors/st_sensors_trigger.o
  CC      drivers/crypto/intel/qat/qat_common/adf_transport.o
  CC      drivers/iio/health/afe4403.o
  CC      drivers/iio/dac/ad5755.o
  CC      drivers/iio/gyro/adxrs290.o
  CC      drivers/comedi/drivers/icp_multi.o
  CC      drivers/iio/accel/adxl380.o
  CC      drivers/iio/adc/ad7291.o
  CC      drivers/iio/adc/ad7292.o
  CC      drivers/iio/frequency/adf4371.o
  CC      drivers/hwmon/pcf8591.o
  CC      drivers/iio/chemical/scd30_serial.o
  CC      drivers/crypto/intel/qat/qat_common/qat_algs.o
  CC      drivers/iio/chemical/sunrise_co2.o
  AR      drivers/iio/common/st_sensors/built-in.a
  CC      drivers/iio/accel/adxl380_i2c.o
  AR      drivers/iio/common/built-in.a
  CC      drivers/iio/humidity/am2315.o
  CC      drivers/iio/health/afe4404.o
  CC      drivers/iio/dac/ad5761.o
  CC      drivers/iio/adc/ad7298.o
  CC      drivers/iio/chemical/sgp30.o
  CC      drivers/comedi/drivers/daqboard2000.o
  CC      drivers/iio/gyro/bmg160_core.o
  CC      drivers/iio/gyro/bmg160_i2c.o
  CC      drivers/iio/gyro/bmg160_spi.o
  CC      drivers/iio/frequency/adf4377.o
  CC      drivers/hwmon/powr1220.o
  CC      drivers/iio/humidity/dht11.o
  CC      drivers/iio/chemical/sgp40.o
  CC      drivers/iio/accel/adxl380_spi.o
  CC      drivers/iio/humidity/ens210.o
  CC      drivers/iio/frequency/admfm2000.o
  CC      drivers/crypto/intel/qat/qat_common/qat_algs_send.o
  CC      drivers/iio/dac/ad5764.o
  CC      drivers/comedi/drivers/jr3_pci.o
  CC      drivers/iio/health/max30100.o
  CC      drivers/iio/adc/ad7380.o
  CC      drivers/iio/humidity/hdc2010.o
  CC      drivers/iio/gyro/mpu3050-core.o
  CC      drivers/iio/humidity/hdc3020.o
  CC      drivers/iio/accel/bma180.o
  CC      drivers/iio/imu/adis16400.o
  CC      drivers/iio/imu/adis16460.o
  CC      drivers/hwmon/pt5161l.o
  CC      drivers/hwmon/pwm-fan.o
  CC      drivers/iio/chemical/sps30.o
  CC      drivers/iio/frequency/adrf6780.o
  CC      drivers/crypto/intel/qat/qat_common/qat_asym_algs.o
  CC      drivers/iio/imu/adis16475.o
  CC      drivers/iio/dac/ad5686.o
  CC      drivers/comedi/drivers/ke_counter.o
  CC      drivers/iio/health/max30102.o
  CC      drivers/crypto/intel/qat/qat_common/qat_bl.o
  CC      drivers/iio/accel/bma400_core.o
  CC      drivers/iio/gyro/mpu3050-i2c.o
  CC      drivers/hwmon/raspberrypi-hwmon.o
  CC      drivers/iio/humidity/hts221_core.o
  CC      drivers/comedi/drivers/cb_pcidas64.o
  CC      drivers/iio/adc/ad7476.o
  CC      drivers/iio/adc/ad7766.o
  CC      drivers/iio/chemical/sps30_i2c.o
  CC      drivers/comedi/drivers/cb_pcidas.o
  AR      drivers/iio/frequency/built-in.a
  CC      drivers/iio/adc/ad7780.o
  CC      drivers/iio/light/adjd_s311.o
  CC      drivers/iio/dac/ad5686-spi.o
  CC      drivers/hwmon/sch56xx-common.o
  CC      drivers/iio/light/al3000a.o
  CC      drivers/iio/imu/adis16480.o
  CC      drivers/crypto/intel/qat/qat_common/qat_comp_algs.o
  AR      drivers/iio/health/built-in.a
  CC      drivers/iio/dac/ad7293.o
  CC      drivers/iio/gyro/ssp_gyro_sensor.o
  CC      drivers/iio/humidity/hts221_buffer.o
  CC      drivers/hwmon/sch5627.o
  CC      drivers/iio/accel/bma400_i2c.o
  CC      drivers/iio/chemical/vz89x.o
  CC      drivers/iio/light/al3320a.o
  CC      drivers/iio/adc/ad7923.o
  CC      drivers/iio/adc/ad7944.o
  CC      drivers/iio/magnetometer/af8133j.o
  CC      drivers/iio/magnetometer/ak8974.o
  CC      drivers/comedi/drivers/cb_pcidda.o
  CC      drivers/iio/magnetometer/ak8975.o
  CC      drivers/iio/gyro/st_gyro_core.o
  CC      drivers/iio/gyro/st_gyro_buffer.o
  CC      drivers/iio/humidity/hts221_i2c.o
  CC      drivers/crypto/intel/qat/qat_common/qat_compression.o
  CC      drivers/hwmon/sch5636.o
  CC      drivers/iio/imu/adis16550.o
  CC      drivers/iio/accel/bma400_spi.o
  CC      drivers/iio/dac/ad7303.o
  AR      drivers/iio/chemical/built-in.a
  CC      drivers/iio/imu/adis.o
  CC      drivers/iio/light/apds9160.o
  CC      drivers/comedi/drivers/cb_pcimdas.o
  CC      drivers/comedi/drivers/cb_pcimdda.o
  CC      drivers/hwmon/sfctemp.o
  CC      drivers/iio/adc/ad799x.o
  CC      drivers/hwmon/sl28cpld-hwmon.o
  CC      drivers/iio/accel/bmc150-accel-core.o
  CC      drivers/iio/imu/adis_trigger.o
  CC      drivers/iio/gyro/st_gyro_i2c.o
  CC      drivers/crypto/intel/qat/qat_common/qat_comp_zstd_utils.o
  CC      drivers/iio/magnetometer/als31300.o
  CC      drivers/iio/humidity/hts221_spi.o
  CC      drivers/crypto/intel/qat/qat_common/qat_crypto.o
  CC      drivers/iio/imu/adis_buffer.o
  CC      drivers/iio/gyro/st_gyro_spi.o
  CC      drivers/hwmon/sht15.o
  CC      drivers/iio/humidity/htu21.o
  CC      drivers/comedi/drivers/me4000.o
  CC      drivers/iio/light/apds9300.o
  CC      drivers/iio/dac/ad8460.o
  CC      drivers/iio/multiplexer/iio-mux.o
  CC      drivers/iio/magnetometer/bmc150_magn.o
  CC      drivers/iio/adc/ad9467.o
  CC      drivers/iio/accel/bmc150-accel-i2c.o
  CC      drivers/iio/accel/bmc150-accel-spi.o
  CC      drivers/comedi/drivers/me_daq.o
  CC      drivers/crypto/intel/qat/qat_common/qat_hal.o
  AR      drivers/iio/orientation/built-in.a
  CC      drivers/iio/dac/ad8801.o
  CC      drivers/iio/position/iqs624-pos.o
  CC      drivers/iio/imu/bmi160/bmi160_core.o
  AR      drivers/iio/multiplexer/built-in.a
  CC      drivers/iio/imu/bmi160/bmi160_spi.o
  AR      drivers/iio/gyro/built-in.a
  CC      drivers/iio/potentiometer/ad5110.o
  CC      drivers/iio/humidity/si7020.o
  CC      drivers/hwmon/sht21.o
  CC      drivers/iio/light/apds9960.o
  CC      drivers/comedi/drivers/ni_6527.o
  AR      drivers/iio/position/built-in.a
  CC      drivers/iio/adc/adi-axi-adc.o
  CC      drivers/iio/magnetometer/bmc150_magn_i2c.o
  CC      drivers/crypto/intel/qat/qat_common/qat_mig_dev.o
  CC      drivers/iio/adc/aspeed_adc.o
  CC      drivers/iio/imu/bmi270/bmi270_core.o
  CC      drivers/iio/accel/bmi088-accel-core.o
  CC      drivers/iio/magnetometer/mmc35240.o
  CC      drivers/iio/dac/ad9739a.o
  CC      drivers/iio/dac/rohm-bd79703.o
  AR      drivers/iio/imu/bmi160/built-in.a
  CC      drivers/iio/imu/bmi270/bmi270_i2c.o
  CC      drivers/iio/potentiometer/ad5272.o
  AR      drivers/iio/humidity/built-in.a
  CC      drivers/iio/potentiometer/max5432.o
  CC      drivers/iio/potentiometer/max5481.o
  CC      drivers/comedi/drivers/ni_660x.o
  CC      drivers/hwmon/sht3x.o
  AR      drivers/iio/potentiostat/built-in.a
  CC      drivers/iio/imu/bmi323/bmi323_core.o
  CC      drivers/iio/accel/bmi088-accel-i2c.o
  CC      drivers/crypto/intel/qat/qat_common/qat_uclo.o
  CC      drivers/iio/adc/at91_adc.o
  CC      drivers/iio/light/apds9999.o
  CC      drivers/iio/magnetometer/mmc5983.o
  CC      drivers/hwmon/sht4x.o
  CC      drivers/iio/dac/dpot-dac.o
  AR      drivers/iio/imu/bno055/built-in.a
  CC      drivers/iio/imu/bmi270/bmi270_spi.o
  CC      drivers/iio/dac/lpc18xx_dac.o
  CC      drivers/iio/dac/ltc1660.o
  CC      drivers/iio/dac/ltc2664.o
  CC      drivers/comedi/drivers/ni_670x.o
  CC      drivers/iio/potentiometer/mcp4018.o
  CC      drivers/iio/dac/ltc2688.o
  CC      drivers/iio/accel/bmi088-accel-spi.o
  CC      drivers/iio/light/as73211.o
  CC      drivers/iio/adc/at91-sama5d2_adc.o
  CC      drivers/comedi/drivers/ni_labpc_pci.o
  CC      drivers/crypto/intel/qat/qat_common/adf_cnv_dbgfs.o
  CC      drivers/iio/magnetometer/tlv493d.o
  AR      drivers/iio/imu/bmi270/built-in.a
  CC      drivers/hwmon/shtc1.o
  CC      drivers/comedi/drivers/ni_pcidio.o
  CC      drivers/iio/dac/max517.o
  CC      drivers/iio/imu/fxos8700_core.o
  CC      drivers/comedi/drivers/s626.o
  CC      drivers/iio/pressure/abp060mg.o
  CC      drivers/iio/potentiometer/mcp4531.o
  CC      drivers/iio/accel/da280.o
  CC      drivers/iio/imu/bmi323/bmi323_i2c.o
  CC      drivers/iio/pressure/abp2030pa.o
  CC      drivers/crypto/intel/qat/qat_common/adf_dbgfs.o
  CC      drivers/iio/proximity/d3323aa.o
  CC      drivers/iio/light/bh1750.o
  CC      drivers/comedi/drivers/ssv_dnp.o
  CC      drivers/iio/imu/fxos8700_i2c.o
  CC      drivers/hwmon/sis5595.o
  CC      drivers/iio/dac/max5522.o
  CC      drivers/iio/adc/axp288_adc.o
  CC      drivers/iio/magnetometer/hmc5843_core.o
  CC      drivers/iio/pressure/abp2030pa_i2c.o
  CC      drivers/iio/potentiometer/tpl0102.o
  CC      drivers/iio/imu/bmi323/bmi323_spi.o
  CC      drivers/hwmon/smsc47b397.o
  CC      drivers/iio/accel/da311.o
  CC      drivers/iio/light/bh1780.o
  CC      drivers/crypto/intel/qat/qat_common/adf_fw_counters.o
  CC      drivers/iio/imu/fxos8700_spi.o
  CC      drivers/comedi/drivers/mf6x4.o
  CC      drivers/iio/adc/bcm_iproc_adc.o
  CC      drivers/iio/proximity/isl29501.o
  CC      drivers/iio/adc/berlin2-adc.o
  CC      drivers/iio/magnetometer/hmc5843_i2c.o
  CC      drivers/iio/imu/inv_icm42600/inv_icm42600_core.o
  CC      drivers/iio/adc/cpcap-adc.o
  AR      drivers/iio/potentiometer/built-in.a
  CC      drivers/iio/dac/max5821.o
  CC      drivers/iio/dac/mcp4725.o
  CC      drivers/crypto/intel/qat/qat_common/adf_gen4_pm_debugfs.o
  AR      drivers/iio/imu/bmi323/built-in.a
  CC      drivers/iio/imu/inv_icm42600/inv_icm42600_gyro.o
  CC      drivers/iio/adc/da9150-gpadc.o
  CC      drivers/iio/proximity/pulsedlight-lidar-lite-v2.o
  CC      drivers/hwmon/smsc47m192.o
  CC      drivers/iio/light/cm32181.o
  CC      drivers/iio/pressure/abp2030pa_spi.o
  CC      drivers/crypto/intel/qat/qat_common/adf_gen4_tl.o
  CC      drivers/comedi/drivers/mite.o
  CC      drivers/crypto/intel/qat/qat_common/adf_gen6_pm_dbgfs.o
  CC      drivers/iio/magnetometer/hmc5843_spi.o
  CC      drivers/iio/magnetometer/rm3100-core.o
  CC      drivers/iio/adc/ep93xx_adc.o
  CC      drivers/iio/adc/exynos_adc.o
  CC      drivers/iio/accel/dmard06.o
  CC      drivers/iio/accel/dmard09.o
  CC      drivers/iio/dac/mcp47feb02.o
  CC      drivers/iio/pressure/rohm-bm1390.o
  CC      drivers/iio/resolver/ad2s1200.o
  CC      drivers/iio/accel/dmard10.o
  CC      drivers/iio/imu/inv_icm45600/inv_icm45600_core.o
  CC      drivers/iio/imu/inv_icm42600/inv_icm42600_accel.o
  CC      drivers/iio/proximity/rfd77402.o
  CC      drivers/iio/imu/inv_icm42600/inv_icm42600_temp.o
  CC      drivers/hwmon/sparx5-temp.o
  CC      drivers/iio/light/cm3232.o
  CC      drivers/iio/magnetometer/rm3100-i2c.o
  CC      drivers/crypto/intel/qat/qat_common/adf_gen6_tl.o
  CC      drivers/comedi/drivers/ni_tio.o
  CC      drivers/crypto/intel/qat/qat_common/adf_heartbeat_dbgfs.o
  CC      drivers/iio/adc/fsl-imx25-gcq.o
  CC      drivers/iio/dac/mcp4821.o
  CC      drivers/iio/light/cm3323.o
  CC      drivers/hwmon/spd5118.o
  CC      drivers/iio/temperature/iqs620at-temp.o
  CC      drivers/iio/resolver/ad2s1210.o
  CC      drivers/iio/accel/fxls8962af-core.o
  CC      drivers/iio/dac/mcp4922.o
  CC      drivers/iio/pressure/bmp280-core.o
  CC      drivers/iio/proximity/srf04.o
  CC      drivers/iio/light/cm36651.o
  CC      drivers/iio/magnetometer/si7210.o
  CC      drivers/crypto/intel/qat/qat_common/adf_heartbeat.o
  CC      drivers/iio/imu/inv_icm42600/inv_icm42600_buffer.o
  CC      drivers/iio/imu/inv_icm45600/inv_icm45600_buffer.o
  CC      drivers/iio/adc/gehc-pmc-adc.o
  CC      drivers/iio/temperature/ltc2983.o
  CC      drivers/iio/proximity/sx9324.o
  CC      drivers/comedi/drivers/ni_tiocmd.o
  CC      drivers/iio/proximity/sx_common.o
  CC      drivers/iio/magnetometer/yamaha-yas530.o
  CC      drivers/hwmon/stts751.o
  CC      drivers/iio/dac/ti-dac082s085.o
  AR      drivers/iio/resolver/built-in.a
  CC      drivers/hwmon/tc74.o
  CC      drivers/iio/accel/fxls8962af-i2c.o
  CC      drivers/crypto/intel/qat/qat_common/adf_pm_dbgfs.o
  CC      drivers/iio/imu/inv_icm42600/inv_icm42600_i2c.o
  CC      drivers/hwmon/thmc50.o
  CC      drivers/iio/light/gp2ap002.o
  CC      drivers/iio/adc/hi8435.o
  CC      drivers/iio/imu/inv_icm45600/inv_icm45600_gyro.o
  CC      drivers/comedi/drivers/ni_routes.o
  CC      drivers/iio/adc/imx8qxp-adc.o
  CC      drivers/iio/proximity/sx9500.o
  CC      drivers/iio/pressure/bmp280-regmap.o
  CC      drivers/iio/dac/ti-dac7311.o
  CC      drivers/iio/temperature/max30208.o
  CC      drivers/crypto/intel/qat/qat_common/adf_pm_dbgfs_utils.o
  AR      drivers/iio/test/built-in.a
  CC      drivers/comedi/drivers/ni_routing/ni_route_values.o
  CC      drivers/iio/adc/ingenic-adc.o
  CC      drivers/comedi/drivers/ni_routing/ni_route_values/ni_660x.o
  CC      drivers/iio/accel/kionix-kx022a.o
  CC      drivers/crypto/intel/qat/qat_common/adf_telemetry.o
  CC      drivers/iio/imu/inv_icm42600/inv_icm42600_spi.o
  CC      drivers/comedi/drivers/ni_routing/ni_route_values/ni_eseries.o
  CC      drivers/iio/adc/lpc18xx_adc.o
  CC      drivers/hwmon/tmp401.o
  CC      drivers/iio/light/iqs621-als.o
  CC      drivers/comedi/drivers/ni_routing/ni_route_values/ni_mseries.o
  CC      drivers/iio/adc/ltc2471.o
  CC      drivers/iio/imu/inv_icm45600/inv_icm45600_accel.o
  AR      drivers/iio/magnetometer/built-in.a
  CC      drivers/iio/light/isl29028.o
  CC      drivers/comedi/drivers/ni_routing/ni_device_routes.o
  CC      drivers/comedi/drivers/ni_routing/ni_device_routes/pxi-6030e.o
  CC      drivers/comedi/drivers/ni_routing/ni_device_routes/pci-6070e.o
  CC      drivers/iio/pressure/bmp280-i2c.o
  CC      drivers/comedi/drivers/ni_routing/ni_device_routes/pci-6220.o
  CC      drivers/iio/light/isl76682.o
  CC      drivers/iio/dac/ti-dac7612.o
  CC      drivers/comedi/drivers/ni_routing/ni_device_routes/pci-6221.o
  CC      drivers/crypto/intel/qat/qat_common/adf_tl_debugfs.o
  CC      drivers/iio/temperature/max31856.o
  CC      drivers/iio/trigger/stm32-lptimer-trigger.o
  CC      drivers/iio/proximity/vcnl3020.o
  CC      drivers/iio/accel/kionix-kx022a-i2c.o
  CC      drivers/comedi/drivers/ni_routing/ni_device_routes/pxi-6224.o
  CC      drivers/iio/imu/inv_icm45600/inv_icm45600_i2c.o
  AR      drivers/iio/imu/inv_icm42600/built-in.a
  CC      drivers/iio/pressure/bmp280-spi.o
  CC      drivers/comedi/drivers/ni_routing/ni_device_routes/pxi-6225.o
  CC      drivers/crypto/intel/qat/qat_common/adf_transport_debug.o
  CC      drivers/iio/adc/ltc2485.o
  CC      drivers/iio/light/jsa1212.o
  CC      drivers/hwmon/tmp421.o
  CC      drivers/comedi/drivers/ni_routing/ni_device_routes/pci-6229.o
  CC      drivers/iio/pressure/dlhl60d.o
  CC      drivers/comedi/drivers/ni_routing/ni_device_routes/pci-6251.o
  CC      drivers/iio/trigger/stm32-timer-trigger.o
  AR      drivers/iio/dac/built-in.a
  CC      drivers/comedi/drivers/ni_routing/ni_device_routes/pxi-6251.o
  CC      drivers/iio/proximity/vl53l0x-i2c.o
  CC      drivers/iio/trigger/iio-trig-sysfs.o
  CC      drivers/hwmon/tmp513.o
  CC      drivers/comedi/drivers/ni_routing/ni_device_routes/pxie-6251.o
  CC      drivers/iio/temperature/max31865.o
  CC      drivers/iio/accel/kionix-kx022a-spi.o
  CC      drivers/comedi/drivers/ni_routing/ni_device_routes/pci-6254.o
  CC      drivers/crypto/intel/qat/qat_common/adf_gen2_pfvf.o
  CC      drivers/crypto/intel/qat/qat_common/adf_gen4_pfvf.o
  CC      drivers/iio/imu/inv_icm45600/inv_icm45600_spi.o
  CC      drivers/crypto/intel/qat/qat_common/adf_pfvf_pf_msg.o
  CC      drivers/comedi/drivers/ni_routing/ni_device_routes/pci-6259.o
  CC      drivers/iio/proximity/vl53l1x-i2c.o
  CC      drivers/iio/adc/ltc2496.o
  CC      drivers/comedi/drivers/ni_routing/ni_device_routes/pci-6534.o
  CC      drivers/iio/light/ltr501.o
  CC      drivers/iio/temperature/mcp9600.o
  CC      drivers/comedi/drivers/ni_routing/ni_device_routes/pxie-6535.o
  CC      drivers/iio/pressure/hsc030pa.o
  CC      drivers/hwmon/tsc1641.o
  CC      drivers/comedi/drivers/ni_routing/ni_device_routes/pci-6602.o
  AR      drivers/iio/trigger/built-in.a
  CC      drivers/iio/accel/kxcjk-1013.o
  CC      drivers/iio/proximity/aw96103.o
  CC      drivers/iio/adc/ltc2497-core.o
  CC      drivers/comedi/drivers/ni_routing/ni_device_routes/pci-6713.o
  CC      drivers/iio/temperature/mlx90614.o
  CC      drivers/iio/imu/inv_mpu6050/inv_mpu_core.o
  CC      drivers/iio/imu/inv_mpu6050/inv_mpu_ring.o
  CC      drivers/iio/imu/inv_mpu6050/inv_mpu_trigger.o
  CC      drivers/comedi/drivers/ni_routing/ni_device_routes/pci-6723.o
  CC      drivers/crypto/intel/qat/qat_common/adf_pfvf_pf_proto.o
  AR      drivers/iio/imu/inv_icm45600/built-in.a
  CC      drivers/comedi/drivers/ni_routing/ni_device_routes/pci-6733.o
  CC      drivers/iio/pressure/hsc030pa_i2c.o
  CC      drivers/iio/adc/ltc2497.o
  CC      drivers/comedi/drivers/ni_routing/ni_device_routes/pxi-6733.o
  CC      drivers/comedi/drivers/ni_routing/ni_device_routes/pxie-6738.o
  CC      drivers/iio/pressure/hsc030pa_spi.o
  CC      drivers/iio/adc/max1027.o
  CC      drivers/iio/adc/max1118.o
  CC      drivers/hwmon/via686a.o
  CC      drivers/iio/light/lv0104cs.o
  CC      drivers/comedi/drivers/ni_labpc_common.o
  CC      drivers/iio/accel/kxsd9.o
  CC      drivers/iio/imu/inv_mpu6050/inv_mpu_aux.o
  CC      drivers/iio/imu/kmx61.o
  AR      drivers/iio/proximity/built-in.a
  CC      drivers/iio/temperature/mlx90635.o
  CC      drivers/iio/imu/inv_mpu6050/inv_mpu_magn.o
  CC      drivers/iio/imu/smi240.o
  CC      drivers/comedi/drivers/ni_labpc_isadma.o
  CC      drivers/crypto/intel/qat/qat_common/adf_pfvf_utils.o
  CC      drivers/iio/light/max44009.o
  CC      drivers/iio/pressure/mpl115.o
  CC      drivers/iio/light/noa1305.o
  CC      drivers/comedi/drivers/comedi_8255.o
  CC      drivers/iio/adc/max11205.o
  CC      drivers/crypto/intel/qat/qat_common/adf_pfvf_vf_msg.o
  CC      drivers/hwmon/vt8231.o
  CC      drivers/iio/accel/kxsd9-spi.o
  CC      drivers/iio/pressure/mpl115_spi.o
  CC      drivers/iio/adc/max11410.o
  CC      drivers/iio/imu/smi330/smi330_core.o
  CC      drivers/iio/imu/smi330/smi330_i2c.o
  CC      drivers/iio/light/opt3001.o
  CC      drivers/iio/imu/inv_mpu6050/inv_mpu_i2c.o
  CC      drivers/iio/temperature/tmp007.o
  CC      drivers/hwmon/w83627ehf.o
  CC      drivers/iio/pressure/mpl3115.o
  CC      drivers/hwmon/occ/common.o
  CC      drivers/comedi/drivers/8255.o
  CC      drivers/hwmon/pmbus/pmbus_core.o
  CC      drivers/iio/temperature/tmp117.o
  CC      drivers/iio/accel/mc3230.o
  CC      drivers/crypto/intel/qat/qat_common/adf_pfvf_vf_proto.o
  CC      drivers/crypto/intel/qat/qat_common/adf_sriov.o
  CC      drivers/crypto/intel/qat/qat_common/adf_vf_isr.o
  CC      drivers/iio/temperature/tsys02d.o
  CC      drivers/iio/imu/smi330/smi330_spi.o
  CC      drivers/iio/light/opt4001.o
  CC      drivers/iio/imu/inv_mpu6050/inv_mpu_acpi.o
  CC      drivers/hwmon/occ/sysfs.o
  CC      drivers/comedi/drivers/amplc_dio200_common.o
  CC      drivers/iio/pressure/mprls0025pa.o
  CC      drivers/iio/adc/max1241.o
  CC      drivers/iio/accel/mma7455_core.o
  CC      drivers/iio/accel/mma7455_spi.o
  CC      drivers/iio/imu/st_lsm6dsx/st_lsm6dsx_core.o
  CC      drivers/iio/accel/mma7660.o
  AR      drivers/iio/imu/smi330/built-in.a
  CC      drivers/iio/imu/inv_mpu6050/inv_mpu_spi.o
  AR      drivers/iio/temperature/built-in.a
  CC      drivers/iio/adc/max77541-adc.o
  CC      drivers/crypto/intel/qat/qat_common/adf_heartbeat_inject.o
  CC      drivers/hwmon/occ/p8_i2c.o
  CC      drivers/comedi/drivers/amplc_pc236_common.o
  AR      drivers/iio/imu/st_lsm9ds0/built-in.a
  CC      drivers/hwmon/pmbus/acbel-fsg032.o
  CC      drivers/iio/accel/mma8452.o
  CC      drivers/iio/light/opt4060.o
  CC      drivers/iio/imu/st_lsm6dsx/st_lsm6dsx_buffer.o
  CC      drivers/comedi/drivers/das08.o
  CC      drivers/iio/pressure/mprls0025pa_i2c.o
  CC      drivers/iio/adc/max9611.o
  CC      drivers/iio/accel/mma9551_core.o
  CC      drivers/iio/imu/st_lsm6dsx/st_lsm6dsx_shub.o
  CC      drivers/iio/pressure/mprls0025pa_spi.o
  CC      drivers/iio/adc/mcp320x.o
  CC      drivers/iio/light/pa12203001.o
  AR      drivers/crypto/intel/qat/qat_common/built-in.a
  AR      drivers/crypto/intel/qat/built-in.a
  AR      drivers/crypto/intel/built-in.a
  AR      drivers/iio/imu/inv_mpu6050/built-in.a
  AR      drivers/crypto/built-in.a
  CC      drivers/iio/accel/mma9553.o
  CC      drivers/iio/imu/st_lsm6dsx/st_lsm6dsx_fusion.o
  CC      drivers/hwmon/pmbus/adm1275.o
  AR      drivers/hwmon/occ/built-in.a
  CC      drivers/iio/pressure/ms5611_core.o
  CC      drivers/iio/adc/mcp3422.o
  AR      drivers/comedi/drivers/built-in.a
  AR      drivers/comedi/built-in.a
  CC      drivers/iio/adc/mcp3911.o
  CC      drivers/iio/light/si1133.o
  CC      drivers/iio/pressure/ms5611_i2c.o
  CC      drivers/iio/accel/mxc4005.o
  CC      drivers/hwmon/pmbus/adp1050.o
  CC      drivers/iio/light/si1145.o
  CC      drivers/iio/pressure/ms5611_spi.o
  CC      drivers/iio/light/stk3310.o
  CC      drivers/iio/pressure/st_pressure_core.o
  AR      drivers/iio/imu/st_lsm6dsx/built-in.a
  CC      drivers/iio/pressure/st_pressure_buffer.o
  AR      drivers/iio/imu/built-in.a
  CC      drivers/iio/adc/mt6370-adc.o
  CC      drivers/iio/adc/mt6577_auxadc.o
  CC      drivers/hwmon/pmbus/aps-379.o
  CC      drivers/hwmon/pmbus/delta-ahe50dc-fan.o
  CC      drivers/iio/pressure/st_pressure_i2c.o
  CC      drivers/iio/light/tcs3414.o
  CC      drivers/iio/accel/mxc6255.o
  CC      drivers/iio/adc/meson_saradc.o
  CC      drivers/iio/pressure/st_pressure_spi.o
  CC      drivers/iio/adc/mp2629_adc.o
  CC      drivers/iio/accel/stk8ba50.o
  CC      drivers/hwmon/pmbus/ibm-cffps.o
  CC      drivers/iio/accel/ssp_accel_sensor.o
  CC      drivers/iio/pressure/t5403.o
  CC      drivers/iio/light/tcs3472.o
  CC      drivers/iio/adc/mxs-lradc-adc.o
  CC      drivers/iio/light/tsl2563.o
  CC      drivers/iio/adc/npcm_adc.o
  CC      drivers/hwmon/pmbus/dps920ab.o
  CC      drivers/iio/adc/nxp-sar-adc.o
  CC      drivers/iio/light/tsl2772.o
  CC      drivers/iio/pressure/zpa2326.o
  CC      drivers/iio/adc/pac1921.o
  CC      drivers/iio/light/us5182d.o
  CC      drivers/hwmon/pmbus/e50sn12051.o
  CC      drivers/iio/pressure/zpa2326_i2c.o
  AR      drivers/iio/accel/built-in.a
  CC      drivers/iio/pressure/zpa2326_spi.o
  CC      drivers/hwmon/pmbus/ir35221.o
  CC      drivers/iio/light/vcnl4035.o
  CC      drivers/iio/adc/pac1934.o
  CC      drivers/hwmon/pmbus/ir38064.o
  CC      drivers/iio/light/veml3328.o
  CC      drivers/iio/adc/qcom-spmi-adc5.o
  CC      drivers/iio/light/veml6030.o
  CC      drivers/hwmon/pmbus/irps5401.o
  CC      drivers/iio/adc/qcom-spmi-adc5-gen3.o
  CC      drivers/iio/light/veml6040.o
  CC      drivers/hwmon/pmbus/isl68137.o
  CC      drivers/iio/light/veml6046x00.o
  CC      drivers/iio/adc/qcom-spmi-rradc.o
  AR      drivers/iio/pressure/built-in.a
  CC      drivers/iio/light/veml6070.o
  CC      drivers/hwmon/pmbus/lt3074.o
  CC      drivers/iio/adc/qcom-spmi-vadc.o
  CC      drivers/hwmon/pmbus/lt7182s.o
  CC      drivers/iio/light/veml6075.o
  CC      drivers/iio/light/vl6180.o
  CC      drivers/iio/adc/qcom-vadc-common.o
  CC      drivers/iio/light/zopt2201.o
  CC      drivers/iio/adc/rcar-gyroadc.o
  CC      drivers/hwmon/pmbus/ltc2978.o
  CC      drivers/iio/adc/rn5t618-adc.o
  CC      drivers/hwmon/pmbus/ltc3815.o
  CC      drivers/iio/adc/rohm-bd79112.o
  CC      drivers/hwmon/pmbus/lx1308.o
  CC      drivers/iio/adc/rohm-bd79124.o
  CC      drivers/hwmon/pmbus/max15301.o
  CC      drivers/hwmon/pmbus/max16064.o
  CC      drivers/hwmon/pmbus/max16601.o
  CC      drivers/iio/adc/rockchip_saradc.o
  CC      drivers/iio/adc/rzn1-adc.o
  CC      drivers/iio/adc/rzt2h_adc.o
  CC      drivers/hwmon/pmbus/max17616.o
  CC      drivers/hwmon/pmbus/max20730.o
  CC      drivers/iio/adc/sc27xx_adc.o
  CC      drivers/hwmon/pmbus/max20751.o
  AR      drivers/iio/light/built-in.a
  CC      drivers/hwmon/pmbus/max20860a.o
  CC      drivers/hwmon/pmbus/max34440.o
  CC      drivers/iio/adc/sd_adc_modulator.o
  CC      drivers/hwmon/pmbus/max8688.o
  CC      drivers/hwmon/pmbus/mp2856.o
  CC      drivers/iio/adc/sophgo-cv1800b-adc.o
  CC      drivers/hwmon/pmbus/mp2888.o
  CC      drivers/iio/adc/spear_adc.o
  CC      drivers/hwmon/pmbus/mp2891.o
  CC      drivers/iio/adc/stm32-adc-core.o
  CC      drivers/hwmon/pmbus/mp2925.o
  CC      drivers/iio/adc/stm32-dfsdm-core.o
  CC      drivers/hwmon/pmbus/mp29502.o
  CC      drivers/iio/adc/stmpe-adc.o
  CC      drivers/iio/adc/sun20i-gpadc-iio.o
  CC      drivers/hwmon/pmbus/mp2975.o
  CC      drivers/iio/adc/ti-adc0832.o
  CC      drivers/iio/adc/ti-adc084s021.o
  CC      drivers/hwmon/pmbus/mp2993.o
  CC      drivers/iio/adc/ti-adc12138.o
  CC      drivers/iio/adc/ti-adc128s052.o
  CC      drivers/hwmon/pmbus/mp5920.o
  CC      drivers/iio/adc/ti-ads1015.o
  CC      drivers/iio/adc/ti-adc161s626.o
  CC      drivers/hwmon/pmbus/mp9941.o
  CC      drivers/iio/adc/ti-ads1018.o
  CC      drivers/iio/adc/ti-ads1100.o
  CC      drivers/hwmon/pmbus/mpq8785.o
  CC      drivers/hwmon/pmbus/pli1209bc.o
  CC      drivers/iio/adc/ti-ads1119.o
  CC      drivers/hwmon/pmbus/pxe1610.o
  CC      drivers/iio/adc/ti-ads124s08.o
  CC      drivers/hwmon/pmbus/q54sj108a2.o
  CC      drivers/iio/adc/ti-ads1298.o
  CC      drivers/hwmon/pmbus/stef48h28.o
  CC      drivers/iio/adc/ti-ads131m02.o
  CC      drivers/hwmon/pmbus/stpddc60.o
  CC      drivers/iio/adc/ti-ads7138.o
  CC      drivers/hwmon/pmbus/tps25990.o
  CC      drivers/iio/adc/ti-ads7924.o
  CC      drivers/hwmon/pmbus/tps40422.o
  CC      drivers/iio/adc/ti-ads8344.o
  CC      drivers/hwmon/pmbus/tps53679.o
  CC      drivers/hwmon/pmbus/tps546d24.o
  CC      drivers/iio/adc/ti-ads8688.o
  CC      drivers/iio/adc/ti-lmp92064.o
  CC      drivers/iio/adc/ti-tlc4541.o
  CC      drivers/hwmon/pmbus/ucd9000.o
  CC      drivers/hwmon/pmbus/xdp710.o
  CC      drivers/iio/adc/twl4030-madc.o
  CC      drivers/hwmon/pmbus/xdpe12284.o
  CC      drivers/iio/adc/vf610_adc.o
  CC      drivers/hwmon/pmbus/zl6100.o
  CC      drivers/iio/adc/xilinx-ams.o
  CC      drivers/hwmon/pmbus/pim4328.o
  CC      drivers/iio/adc/xilinx-xadc-core.o
  CC      drivers/hwmon/pmbus/crps.o
  CC      drivers/iio/adc/xilinx-xadc-events.o
  CC      drivers/hwmon/pmbus/d1u74t.o
  AR      drivers/hwmon/pmbus/built-in.a
  AR      drivers/hwmon/built-in.a
  AR      drivers/iio/adc/built-in.a
  AR      drivers/iio/built-in.a
make[5]: *** [/home/benni/git/linux/scripts/Makefile.build:549: drivers] Error 2
make[4]: *** [/home/benni/git/linux/Makefile:2189: .] Error 2
make[3]: *** [/home/benni/git/linux/Makefile:248: __sub-make] Error 2
make[3]: Leaving directory '/home/benni/git/kernel-test/build/randconfig-i386'
make[2]: *** [Makefile:248: __sub-make] Error 2
make[2]: Leaving directory '/home/benni/git/linux'
