make[2]: Entering directory '/home/benni/git/linux'
make[3]: Entering directory '/home/benni/git/kernel-test/build/randdefconfig-riscv'
*** Default configuration is based on 'defconfig'
#
# configuration written to .config
#
make[3]: Leaving directory '/home/benni/git/kernel-test/build/randdefconfig-riscv'
make[2]: Leaving directory '/home/benni/git/linux'
make[2]: Entering directory '/home/benni/git/linux'
make[3]: Entering directory '/home/benni/git/kernel-test/build/randdefconfig-riscv'
.config:7283:warning: override: reassigning to symbol FB_CFB_FILLRECT
.config:7284:warning: override: reassigning to symbol REGMAP
.config:7285:warning: override: reassigning to symbol RISCV_RPMI_SYSMSI
.config:7286:warning: override: reassigning to symbol XZ_DEC_ARM
.config:7287:warning: override: reassigning to symbol WLAN_VENDOR_INTEL
.config:7288:warning: override: reassigning to symbol VXLAN
.config:7289:warning: override: reassigning to symbol FB_SYS_IMAGEBLIT
.config:7290:warning: override: reassigning to symbol ACPI_REDUCED_HARDWARE_ONLY
.config:7291:warning: override: reassigning to symbol GENERIC_CLOCKEVENTS_BROADCAST
.config:7292:warning: override: reassigning to symbol LD_CAN_USE_KEEP_IN_OVERLAY
.config:7293:warning: override: reassigning to symbol HAVE_VIRT_CPU_ACCOUNTING_GEN
.config:7294:warning: override: reassigning to symbol RISCV_ISA_VENDOR_EXT
.config:7295:warning: override: reassigning to symbol HAVE_ARCH_SOFT_DIRTY
.config:7296:warning: override: reassigning to symbol KVM_GENERIC_HARDWARE_ENABLING
.config:7297:warning: override: reassigning to symbol SOC_STARFIVE
.config:7298:warning: override: reassigning to symbol CPU_FREQ_GOV_USERSPACE
.config:7299:warning: override: reassigning to symbol ARCH_SUPPORTS_KEXEC_PURGATORY
.config:7300:warning: override: reassigning to symbol RISCV_PMU_LEGACY
.config:7301:warning: override: reassigning to symbol DWMAC_SUN55I
.config:7302:warning: override: reassigning to symbol KALLSYMS
.config:7303:warning: override: reassigning to symbol BINARY_PRINTF
.config:7304:warning: override: reassigning to symbol USB_XHCI_HCD
.config:7305:warning: override: reassigning to symbol SUN50I_IOMMU
.config:7306:warning: override: reassigning to symbol INET_DIAG
.config:7307:warning: override: reassigning to symbol RESET_SIMPLE
.config:7308:warning: override: reassigning to symbol RISCV_ISA_V
.config:7309:warning: override: reassigning to symbol ARCH_HAS_FORTIFY_SOURCE
.config:7310:warning: override: reassigning to symbol HAVE_ARCH_MMAP_RND_BITS
.config:7311:warning: override: reassigning to symbol OF_RESERVED_MEM
.config:7312:warning: override: reassigning to symbol POWER_SUPPLY
.config:7313:warning: override: reassigning to symbol NET_VENDOR_BROADCOM
.config:7314:warning: override: reassigning to symbol SPARSEMEM_MANUAL
.config:7315:warning: override: reassigning to symbol CRYPTO_HASH
.config:7316:warning: override: reassigning to symbol DRM_NOUVEAU
.config:7317:warning: override: reassigning to symbol ISO9660_FS
.config:7318:warning: override: reassigning to symbol BLK_ICQ
.config:7319:warning: override: reassigning to symbol RUSTC_HAS_UNNECESSARY_TRANSMUTES
.config:7320:warning: override: reassigning to symbol HAVE_GCC_PLUGINS
.config:7321:warning: override: reassigning to symbol SIFIVE_PLIC
.config:7322:warning: override: reassigning to symbol SND_PCM_TIMER
.config:7323:warning: override: reassigning to symbol SND_SOC_SPDIF
.config:7324:warning: override: reassigning to symbol DECOMPRESS_XZ
.config:7325:warning: override: reassigning to symbol XZ_DEC_X86
.config:7326:warning: override: reassigning to symbol NFS_V4_2_READ_PLUS
.config:7327:warning: override: reassigning to symbol EXT4_USE_FOR_EXT2
.config:7328:warning: override: reassigning to symbol SLAB_MERGE_DEFAULT
.config:7329:warning: override: reassigning to symbol FIXED_PHY
.config:7330:warning: override: reassigning to symbol ARCH_STACKWALK
.config:7331:warning: override: reassigning to symbol PINCTRL
.config:7332:warning: override: reassigning to symbol ARCH_HAS_DEBUG_VM_PGTABLE
.config:7333:warning: override: reassigning to symbol RISCV_ALTERNATIVE
.config:7334:warning: override: reassigning to symbol HAS_IOPORT
.config:7335:warning: override: reassigning to symbol ELF_CORE
.config:7336:warning: override: reassigning to symbol IRQ_DOMAIN
.config:7337:warning: override: reassigning to symbol CONTEXT_TRACKING_IDLE
.config:7338:warning: override: reassigning to symbol DRM_PANEL
.config:7339:warning: override: reassigning to symbol NET_VENDOR_RDC
.config:7340:warning: override: reassigning to symbol OF_IOMMU
.config:7341:warning: override: reassigning to symbol KVM_GENERIC_DIRTYLOG_READ_PROTECT
.config:7342:warning: override: reassigning to symbol NET_VENDOR_DEC
.config:7343:warning: override: reassigning to symbol POLARFIRE_SOC_SYSCONS
.config:7344:warning: override: reassigning to symbol HOTPLUG_CPU
.config:7345:warning: override: reassigning to symbol CPU_FREQ_STAT
.config:7346:warning: override: reassigning to symbol VHOST_MENU
.config:7347:warning: override: reassigning to symbol NF_CONNTRACK_TFTP
.config:7348:warning: override: reassigning to symbol CLKSRC_MMIO
.config:7349:warning: override: reassigning to symbol BLK_DEV
.config:7350:warning: override: reassigning to symbol IOMMU_DEFAULT_DMA_STRICT
.config:7351:warning: override: reassigning to symbol MQ_IOSCHED_DEADLINE
.config:7352:warning: override: reassigning to symbol ARCH_SUPPORTS_PAGE_TABLE_CHECK
.config:7353:warning: override: reassigning to symbol MSDOS_FS
.config:7354:warning: override: reassigning to symbol RD_BZIP2
.config:7355:warning: override: reassigning to symbol BLK_CGROUP
.config:7356:warning: override: reassigning to symbol ARCH_SUPPORTS_DEBUG_PAGEALLOC
.config:7357:warning: override: reassigning to symbol CRYPTO_LIB_BLAKE2B
.config:7358:warning: override: reassigning to symbol SECCOMP_FILTER
.config:7359:warning: override: reassigning to symbol RAID6_PQ
.config:7360:warning: override: reassigning to symbol WLAN_VENDOR_ADMTEK
.config:7361:warning: override: reassigning to symbol NET_VENDOR_STMICRO
.config:7362:warning: override: reassigning to symbol GENERIC_IRQ_ENTRY
.config:7363:warning: override: reassigning to symbol RISCV_PMU
.config:7364:warning: override: reassigning to symbol DRM_SUN8I_DW_HDMI
.config:7365:warning: override: reassigning to symbol ARCH_HAS_DEBUG_VIRTUAL
.config:7366:warning: override: reassigning to symbol CRYPTO_KPP
.config:7367:warning: override: reassigning to symbol NET_VENDOR_FUNGIBLE
.config:7368:warning: override: reassigning to symbol ARCH_HAS_SYNC_DMA_FOR_DEVICE
.config:7369:warning: override: reassigning to symbol DEBUG_MISC
.config:7370:warning: override: reassigning to symbol DRM_CLIENT_SELECTION
.config:7371:warning: override: reassigning to symbol SERIAL_8250_PERICOM
.config:7372:warning: override: reassigning to symbol NET_VENDOR_NVIDIA
.config:7373:warning: override: reassigning to symbol GENERIC_ARCH_TOPOLOGY
.config:7374:warning: override: reassigning to symbol NET_DEVMEM
.config:7375:warning: override: reassigning to symbol USB_DEFAULT_PERSIST
.config:7376:warning: override: reassigning to symbol AUDIT_GENERIC
.config:7377:warning: override: reassigning to symbol HAVE_GENERIC_VDSO
.config:7378:warning: override: reassigning to symbol GENERIC_IRQ_SHOW
.config:7379:warning: override: reassigning to symbol VHOST_ENABLE_FORK_OWNER_CONTROL
.config:7380:warning: override: reassigning to symbol COMPAT_32BIT_TIME
.config:7381:warning: override: reassigning to symbol BUG
.config:7382:warning: override: reassigning to symbol HAVE_PAGE_SIZE_4KB
.config:7383:warning: override: reassigning to symbol RTC_INTF_SYSFS
.config:7384:warning: override: reassigning to symbol PROBE_EVENTS
.config:7385:warning: override: reassigning to symbol NETWORK_SECMARK
.config:7386:warning: override: reassigning to symbol HAVE_IRQ_EXIT_ON_IRQ_STACK
.config:7387:warning: override: reassigning to symbol RISCV_PROBE_UNALIGNED_ACCESS
.config:7388:warning: override: reassigning to symbol CRYPTO_ECHAINIV
.config:7389:warning: override: reassigning to symbol ACPI_DEBUG
.config:7390:warning: override: reassigning to symbol LINEAR_RANGES
.config:7391:warning: override: reassigning to symbol REGMAP_I2C
.config:7392:warning: override: reassigning to symbol ACPI_CPPC_CPUFREQ_FIE
.config:7393:warning: override: reassigning to symbol VIRT_XFER_TO_GUEST_WORK
.config:7394:warning: override: reassigning to symbol ARCH_TENSTORRENT
.config:7395:warning: override: reassigning to symbol UPROBE_EVENTS
.config:7396:warning: override: reassigning to symbol IOMMU_API
.config:7397:warning: override: reassigning to symbol HAVE_PERF_EVENTS
.config:7398:warning: override: reassigning to symbol CRYPTO_AKCIPHER2
.config:7399:warning: override: reassigning to symbol GENERIC_BITREVERSE
.config:7400:warning: override: reassigning to symbol ARCH_HAS_PREPARE_SYNC_CORE_CMD
.config:7401:warning: override: reassigning to symbol STARFIVE_WATCHDOG
.config:7402:warning: override: reassigning to symbol NET_SOCK_MSG
.config:7403:warning: override: reassigning to symbol FB_IOMEM_HELPERS
.config:7404:warning: override: reassigning to symbol USB_OHCI_HCD_PCI
.config:7405:warning: override: reassigning to symbol GPIOLIB_IRQCHIP
.config:7406:warning: override: reassigning to symbol CRYPTO_LIB_GF128HASH
.config:7407:warning: override: reassigning to symbol NET_VENDOR_SPACEMIT
.config:7408:warning: override: reassigning to symbol REGULATOR_FIXED_VOLTAGE
.config:7409:warning: override: reassigning to symbol DRM_SCHED
.config:7410:warning: override: reassigning to symbol CPU_PM
.config:7411:warning: override: reassigning to symbol GENERIC_IDLE_POLL_SETUP
.config:7412:warning: override: reassigning to symbol CRYPTO_CBC
.config:7413:warning: override: reassigning to symbol SCHED_INFO
.config:7414:warning: override: reassigning to symbol SUN4I_TIMER
.config:7415:warning: override: reassigning to symbol BLK_DEV_LOOP
.config:7416:warning: override: reassigning to symbol ARCH_OPTIONAL_KERNEL_RWX
.config:7417:warning: override: reassigning to symbol ARCH_VIRT
.config:7418:warning: override: reassigning to symbol ARCH_HAS_PREEMPT_LAZY
.config:7419:warning: override: reassigning to symbol VIDEO_CADENCE_CSI2RX
.config:7420:warning: override: reassigning to symbol CRYPTO_AES
.config:7421:warning: override: reassigning to symbol ARCH_HAS_CC_CAN_LINK
.config:7422:warning: override: reassigning to symbol MTD_MAP_BANK_WIDTH_1
.config:7423:warning: override: reassigning to symbol IO_URING_ZCRX
.config:7424:warning: override: reassigning to symbol RISCV_ISA_VENDOR_EXT_ANDES
.config:7425:warning: override: reassigning to symbol MTD_CFI_I2
.config:7426:warning: override: reassigning to symbol KERNFS
.config:7427:warning: override: reassigning to symbol PINCTRL_STARFIVE_JH7110
.config:7428:warning: override: reassigning to symbol TIME_NS_VDSO
.config:7429:warning: override: reassigning to symbol FUTEX_PRIVATE_HASH
.config:7430:warning: override: reassigning to symbol REGULATOR_AXP20X
.config:7431:warning: override: reassigning to symbol MOUSE_PS2_LOGIPS2PP
.config:7432:warning: override: reassigning to symbol HAVE_STACKPROTECTOR
.config:7433:warning: override: reassigning to symbol NLATTR
.config:7434:warning: override: reassigning to symbol RPS
.config:7435:warning: override: reassigning to symbol SECURITY_APPARMOR_HASH
.config:7436:warning: override: reassigning to symbol RISCV_ISA_SVPBMT
.config:7437:warning: override: reassigning to symbol COMPAT_BRK
.config:7438:warning: override: reassigning to symbol NFS_V4_2_SSC_HELPER
.config:7439:warning: override: reassigning to symbol RTC_CLASS
.config:7440:warning: override: reassigning to symbol MTD_CFI_ADV_OPTIONS
.config:7441:warning: override: reassigning to symbol NETFILTER_XT_MATCH_CONNTRACK
.config:7442:warning: override: reassigning to symbol SERIAL_8250_DW
.config:7443:warning: override: reassigning to symbol NET_VENDOR_SOLARFLARE
.config:7444:warning: override: reassigning to symbol SYSVIPC_SYSCTL
.config:7445:warning: override: reassigning to symbol PCI_HOST_GENERIC
.config:7446:warning: override: reassigning to symbol TIMER_OF
.config:7447:warning: override: reassigning to symbol NET_VENDOR_GOOGLE
.config:7448:warning: override: reassigning to symbol VLAN_8021Q
.config:7449:warning: override: reassigning to symbol AS_HAS_NON_CONST_ULEB128
.config:7450:warning: override: reassigning to symbol ARCH_ENABLE_SPLIT_PMD_PTLOCK
.config:7451:warning: override: reassigning to symbol PNP_DEBUG_MESSAGES
.config:7452:warning: override: reassigning to symbol NVMEM_SUNXI_SID
.config:7453:warning: override: reassigning to symbol ARCH_HAS_VDSO_ARCH_DATA
.config:7454:warning: override: reassigning to symbol ARCH_HAS_NON_OVERLAPPING_ADDRESS_SPACE
.config:7455:warning: override: reassigning to symbol LZ4_DECOMPRESS
.config:7456:warning: override: reassigning to symbol USB_CONFIGFS_ACM
.config:7457:warning: override: reassigning to symbol SLAB_OBJ_EXT
.config:7458:warning: override: reassigning to symbol CPU_FREQ_DEFAULT_GOV_PERFORMANCE
.config:7459:warning: override: reassigning to symbol CC_CAN_LINK
.config:7460:warning: override: reassigning to symbol I2C_ALGOBIT
.config:7461:warning: override: reassigning to symbol NET_VENDOR_MICROCHIP
.config:7462:warning: override: reassigning to symbol MOUSE_PS2_SYNAPTICS_SMBUS
.config:7463:warning: override: reassigning to symbol VETH
.config:7464:warning: override: reassigning to symbol SECURITY_APPARMOR_EXPORT_BINARY
.config:7465:warning: override: reassigning to symbol XZ_DEC_BCJ
.config:7466:warning: override: reassigning to symbol ERRATA_ANDES
.config:7467:warning: override: reassigning to symbol BFQ_GROUP_IOSCHED
.config:7468:warning: override: reassigning to symbol SND_TIMER
.config:7469:warning: override: reassigning to symbol DRM_SUN6I_DSI
.config:7470:warning: override: reassigning to symbol CRYPTO_AKCIPHER
.config:7471:warning: override: reassigning to symbol NET_VENDOR_EMULEX
.config:7472:warning: override: reassigning to symbol JUMP_LABEL
.config:7473:warning: override: reassigning to symbol CPUSETS
.config:7474:warning: override: reassigning to symbol RESET_K230
.config:7475:warning: override: reassigning to symbol GENERIC_ENTRY
.config:7476:warning: override: reassigning to symbol SND_SOC_GENERIC_DMAENGINE_PCM
.config:7477:warning: override: reassigning to symbol HRTIMER_REARM_DEFERRED
.config:7478:warning: override: reassigning to symbol NET_9P
.config:7479:warning: override: reassigning to symbol VIRTIO_CONSOLE
.config:7480:warning: override: reassigning to symbol DMA_VIRTUAL_CHANNELS
.config:7481:warning: override: reassigning to symbol SECURITY_PATH
.config:7482:warning: override: reassigning to symbol RISCV_ALTERNATIVE_EARLY
.config:7483:warning: override: reassigning to symbol TOOLCHAIN_HAS_ZABHA
.config:7484:warning: override: reassigning to symbol CRC7
.config:7485:warning: override: reassigning to symbol PT_RECLAIM
.config:7486:warning: override: reassigning to symbol NFS_V4_0
.config:7487:warning: override: reassigning to symbol COMMON_CLK
.config:7488:warning: override: reassigning to symbol XFRM_ESP
.config:7489:warning: override: reassigning to symbol HAVE_KERNEL_LZO
.config:7490:warning: override: reassigning to symbol RISCV_APLIC
.config:7491:warning: override: reassigning to symbol PCI_LABEL
.config:7492:warning: override: reassigning to symbol VGA_ARB
.config:7493:warning: override: reassigning to symbol PINCTRL_SOPHGO_COMMON
.config:7494:warning: override: reassigning to symbol HIGH_RES_TIMERS
.config:7495:warning: override: reassigning to symbol ACPI_MDIO
.config:7496:warning: override: reassigning to symbol ARCH_HAS_SYNC_CORE_BEFORE_USERMODE
.config:7497:warning: override: reassigning to symbol GENERIC_GETTIMEOFDAY
.config:7498:warning: override: reassigning to symbol NFS_V4_2
.config:7499:warning: override: reassigning to symbol NET_DEVLINK
.config:7500:warning: override: reassigning to symbol RISCV_ISA_VENDOR_EXT_THEAD
.config:7501:warning: override: reassigning to symbol OID_REGISTRY
.config:7502:warning: override: reassigning to symbol RISCV_ISA_ZBA
.config:7503:warning: override: reassigning to symbol NET_CLS
.config:7504:warning: override: reassigning to symbol RESET_SUNXI
.config:7505:warning: override: reassigning to symbol SERIO
.config:7506:warning: override: reassigning to symbol FW_LOADER
.config:7507:warning: override: reassigning to symbol VIDEO
.config:7508:warning: override: reassigning to symbol 9P_FS
.config:7509:warning: override: reassigning to symbol RISCV_IMSIC
.config:7510:warning: override: reassigning to symbol USB_F_OBEX
.config:7511:warning: override: reassigning to symbol RWSEM_SPIN_ON_OWNER
.config:7512:warning: override: reassigning to symbol VIRTUALIZATION
.config:7513:warning: override: reassigning to symbol BTRFS_FS_POSIX_ACL
.config:7514:warning: override: reassigning to symbol JH71XX_PMU
.config:7515:warning: override: reassigning to symbol NAMESPACES
.config:7516:warning: override: reassigning to symbol FB_CFB_IMAGEBLIT
.config:7517:warning: override: reassigning to symbol RESET_POLARFIRE_SOC
.config:7518:warning: override: reassigning to symbol IP_VS_RR
.config:7519:warning: override: reassigning to symbol PRINTK_TIME
.config:7520:warning: override: reassigning to symbol HAS_IOMEM
.config:7521:warning: override: reassigning to symbol NET_VENDOR_HUAWEI
.config:7522:warning: override: reassigning to symbol IP_MULTICAST
.config:7523:warning: override: reassigning to symbol WLAN_VENDOR_INTERSIL
.config:7524:warning: override: reassigning to symbol USB_CONFIGFS_RNDIS
.config:7525:warning: override: reassigning to symbol ARCH_WANT_OPTIMIZE_HUGETLB_VMEMMAP
.config:7526:warning: override: reassigning to symbol MOUSE_PS2_CYPRESS
.config:7527:warning: override: reassigning to symbol I2C_CHARDEV
.config:7528:warning: override: reassigning to symbol CAN_RAW
.config:7529:warning: override: reassigning to symbol SND_USB
.config:7530:warning: override: reassigning to symbol VIRTIO_NET
.config:7531:warning: override: reassigning to symbol MEDIA_PLATFORM_SUPPORT
.config:7532:warning: override: reassigning to symbol MODULES
.config:7533:warning: override: reassigning to symbol SUN6I_RTC_CCU
.config:7534:warning: override: reassigning to symbol NET_NS
.config:7535:warning: override: reassigning to symbol BLOCK_LEGACY_AUTOLOAD
.config:7536:warning: override: reassigning to symbol POSIX_MQUEUE_SYSCTL
.config:7537:warning: override: reassigning to symbol CDROM
.config:7538:warning: override: reassigning to symbol ARCH_HAS_GIGANTIC_PAGE
.config:7539:warning: override: reassigning to symbol CRYPTO_DEV_VIRTIO
.config:7540:warning: override: reassigning to symbol PINCTRL_TH1520
.config:7541:warning: override: reassigning to symbol DRM_FBDEV_EMULATION
.config:7542:warning: override: reassigning to symbol GENERIC_IRQ_EFFECTIVE_AFF_MASK
.config:7543:warning: override: reassigning to symbol CLK_STARFIVE_JH7110_STG
.config:7544:warning: override: reassigning to symbol XZ_DEC_POWERPC
.config:7545:warning: override: reassigning to symbol DNS_RESOLVER
.config:7546:warning: override: reassigning to symbol HUGETLB_PAGE
.config:7547:warning: override: reassigning to symbol MTD_CFI_I1
.config:7548:warning: override: reassigning to symbol FS_IOMAP
.config:7549:warning: override: reassigning to symbol NET_VENDOR_ADI
.config:7550:warning: override: reassigning to symbol WLAN_VENDOR_ATMEL
.config:7551:warning: override: reassigning to symbol CPU_ISOLATION
.config:7552:warning: override: reassigning to symbol NET_EGRESS
.config:7553:warning: override: reassigning to symbol HAVE_PREEMPT_DYNAMIC_KEY
.config:7554:warning: override: reassigning to symbol PM_GENERIC_DOMAINS_OF
.config:7555:warning: override: reassigning to symbol VIRTIO_PCI_LIB_LEGACY
.config:7556:warning: override: reassigning to symbol ARCH_MHP_MEMMAP_ON_MEMORY_ENABLE
.config:7557:warning: override: reassigning to symbol ACPI_THERMAL
.config:7558:warning: override: reassigning to symbol HAVE_KPROBES
.config:7559:warning: override: reassigning to symbol ACPI_I2C_OPREGION
.config:7560:warning: override: reassigning to symbol JBD2
.config:7561:warning: override: reassigning to symbol USB
.config:7562:warning: override: reassigning to symbol ARCH_THEAD
.config:7563:warning: override: reassigning to symbol HAVE_RSEQ
.config:7564:warning: override: reassigning to symbol IPVLAN
.config:7565:warning: override: reassigning to symbol HAVE_ARCH_TRANSPARENT_HUGEPAGE
.config:7566:warning: override: reassigning to symbol HAVE_ARCH_THREAD_STRUCT_WHITELIST
.config:7567:warning: override: reassigning to symbol NET_9P_VIRTIO
.config:7568:warning: override: reassigning to symbol SOCK_RX_QUEUE_MAPPING
.config:7569:warning: override: reassigning to symbol RISCV_IOMMU
.config:7570:warning: override: reassigning to symbol ARCH_HAS_SYSCALL_WRAPPER
.config:7571:warning: override: reassigning to symbol SPACEMIT_K1_CCU
.config:7572:warning: override: reassigning to symbol QUEUED_SPINLOCKS
.config:7573:warning: override: reassigning to symbol USB_CDNS3_GADGET
.config:7574:warning: override: reassigning to symbol ADVISE_SYSCALLS
.config:7575:warning: override: reassigning to symbol TRACEPOINTS
.config:7576:warning: override: reassigning to symbol NET_VENDOR_NI
.config:7577:warning: override: reassigning to symbol RTC_I2C_AND_SPI
.config:7578:warning: override: reassigning to symbol SUN20I_PPU
.config:7579:warning: override: reassigning to symbol LIBNVDIMM
.config:7580:warning: override: reassigning to symbol CRYPTO_SIG
.config:7581:warning: override: reassigning to symbol CC_HAS_AUTO_VAR_INIT_PATTERN
.config:7582:warning: override: reassigning to symbol CGROUP_SCHED
.config:7596:warning: override: reassigning to symbol PRINTK
.config:7600:warning: override: reassigning to symbol TTY
.config:7603:warning: override: reassigning to symbol BLK_DEV_INITRD
.config:7604:warning: override: reassigning to symbol RD_GZIP
.config:7607:warning: override: reassigning to symbol BINFMT_ELF
.config:7608:warning: override: reassigning to symbol BINFMT_SCRIPT
.config:7611:warning: override: reassigning to symbol TMPFS
.config:7614:warning: override: reassigning to symbol KERNEL_GZIP
.config:7617:warning: override: reassigning to symbol DRM
.config:7618:warning: override: reassigning to symbol SOUND
.config:7619:warning: override: reassigning to symbol STAGING
.config:7620:warning: override: reassigning to symbol INFINIBAND
.config:7621:warning: override: reassigning to symbol MEDIA_SUPPORT
.config:7625:warning: override: reassigning to symbol SERIAL_8250
.config:7626:warning: override: reassigning to symbol SERIAL_8250_CONSOLE
.config:7627:warning: override: reassigning to symbol SERIAL_OF_PLATFORM
.config:7629:warning: override: reassigning to symbol FPU
#
# configuration written to .config
#
make[3]: Leaving directory '/home/benni/git/kernel-test/build/randdefconfig-riscv'
make[2]: Leaving directory '/home/benni/git/linux'
make[2]: Entering directory '/home/benni/git/linux'
make[3]: Entering directory '/home/benni/git/kernel-test/build/randdefconfig-riscv'
  SYNC    include/config/auto.conf
  HOSTCC  scripts/selinux/mdp/mdp
  CC      scripts/mod/empty.o
  CC      scripts/mod/devicetable-offsets.s
  MKELF   scripts/mod/elfconfig.h
  HOSTCC  scripts/mod/modpost.o
  HOSTCC  scripts/mod/sumversion.o
  HOSTCC  scripts/mod/symsearch.o
  HOSTCC  scripts/mod/file2alias.o
  HOSTLD  scripts/mod/modpost
  CC      kernel/bounds.s
  UPD     include/generated/timeconst.h
  CC      arch/riscv/kernel/asm-offsets.s
  UPD     include/generated/asm-offsets.h
  CC      kernel/sched/rq-offsets.s
  UPD     include/generated/rq-offsets.h
  CALL    /home/benni/git/linux/scripts/checksyscalls.sh 
  LDS     arch/riscv/kernel/vdso/vdso.lds
  AS      arch/riscv/kernel/vdso/rt_sigreturn.o
  CC      arch/riscv/kernel/vdso/vgettimeofday.o
  AS      arch/riscv/kernel/vdso/getcpu.o
  AS      arch/riscv/kernel/vdso/flush_icache.o
  CC      arch/riscv/kernel/vdso/hwprobe.o
  AS      arch/riscv/kernel/vdso/sys_hwprobe.o
  CC      arch/riscv/kernel/vdso/getrandom.o
  AS      arch/riscv/kernel/vdso/note.o
  AS      arch/riscv/kernel/vdso/vgetrandom-chacha.o
  VDSOLD  arch/riscv/kernel/vdso/vdso.so.dbg
  VDSOSYM include/generated/vdso-offsets.h
  LDS     arch/riscv/kernel/vdso_cfi/vdso.lds
  AS      arch/riscv/kernel/vdso_cfi/rt_sigreturn.o
  CC      arch/riscv/kernel/vdso_cfi/vgettimeofday.o
  AS      arch/riscv/kernel/vdso_cfi/getcpu.o
  AS      arch/riscv/kernel/vdso_cfi/flush_icache.o
  CC      arch/riscv/kernel/vdso_cfi/hwprobe.o
  AS      arch/riscv/kernel/vdso_cfi/sys_hwprobe.o
  CC      arch/riscv/kernel/vdso_cfi/getrandom.o
  AS      arch/riscv/kernel/vdso_cfi/note.o
  AS      arch/riscv/kernel/vdso_cfi/vgetrandom-chacha.o
  VDSOLD  arch/riscv/kernel/vdso_cfi/vdso-cfi.so.dbg
riscv64-linux-gnu-ld: warning: arch/riscv/kernel/vdso_cfi/rt_sigreturn.o: unsupported GNU_PROPERTY_TYPE (5) type: 0xc0000000
riscv64-linux-gnu-ld: warning: arch/riscv/kernel/vdso_cfi/vgettimeofday.o: unsupported GNU_PROPERTY_TYPE (5) type: 0xc0000000
riscv64-linux-gnu-ld: warning: arch/riscv/kernel/vdso_cfi/getcpu.o: unsupported GNU_PROPERTY_TYPE (5) type: 0xc0000000
riscv64-linux-gnu-ld: warning: arch/riscv/kernel/vdso_cfi/flush_icache.o: unsupported GNU_PROPERTY_TYPE (5) type: 0xc0000000
riscv64-linux-gnu-ld: warning: arch/riscv/kernel/vdso_cfi/hwprobe.o: unsupported GNU_PROPERTY_TYPE (5) type: 0xc0000000
riscv64-linux-gnu-ld: warning: arch/riscv/kernel/vdso_cfi/sys_hwprobe.o: unsupported GNU_PROPERTY_TYPE (5) type: 0xc0000000
riscv64-linux-gnu-ld: warning: arch/riscv/kernel/vdso_cfi/getrandom.o: unsupported GNU_PROPERTY_TYPE (5) type: 0xc0000000
riscv64-linux-gnu-ld: warning: arch/riscv/kernel/vdso_cfi/note.o: unsupported GNU_PROPERTY_TYPE (5) type: 0xc0000000
riscv64-linux-gnu-ld: warning: arch/riscv/kernel/vdso_cfi/vgetrandom-chacha.o: unsupported GNU_PROPERTY_TYPE (5) type: 0xc0000000
riscv64-linux-gnu-objcopy: warning: arch/riscv/kernel/vdso_cfi/vdso-cfi.so.dbg.tmp: unsupported GNU_PROPERTY_TYPE (5) type: 0xc0000000
riscv64-linux-gnu-objcopy: warning: arch/riscv/kernel/vdso_cfi/vdso-cfi.so.dbg.tmp: unsupported GNU_PROPERTY_TYPE (5) type: 0xc0000000
riscv64-linux-gnu-objcopy: warning: arch/riscv/kernel/vdso_cfi/vdso-cfi.so.dbg.tmp: unsupported GNU_PROPERTY_TYPE (5) type: 0xc0000000
riscv64-linux-gnu-objcopy: warning: arch/riscv/kernel/vdso_cfi/vdso-cfi.so.dbg.tmp: unsupported GNU_PROPERTY_TYPE (5) type: 0xc0000000
riscv64-linux-gnu-objcopy: warning: arch/riscv/kernel/vdso_cfi/vdso-cfi.so.dbg.tmp: unsupported GNU_PROPERTY_TYPE (5) type: 0xc0000000
  VDSOSYM include/generated/vdso-cfi-offsets.h
riscv64-linux-gnu-nm: warning: arch/riscv/kernel/vdso_cfi/vdso-cfi.so.dbg: unsupported GNU_PROPERTY_TYPE (5) type: 0xc0000000
riscv64-linux-gnu-nm: warning: arch/riscv/kernel/vdso_cfi/vdso-cfi.so.dbg: unsupported GNU_PROPERTY_TYPE (5) type: 0xc0000000
riscv64-linux-gnu-nm: warning: arch/riscv/kernel/vdso_cfi/vdso-cfi.so.dbg: unsupported GNU_PROPERTY_TYPE (5) type: 0xc0000000
riscv64-linux-gnu-nm: warning: arch/riscv/kernel/vdso_cfi/vdso-cfi.so.dbg: unsupported GNU_PROPERTY_TYPE (5) type: 0xc0000000
riscv64-linux-gnu-nm: warning: arch/riscv/kernel/vdso_cfi/vdso-cfi.so.dbg: unsupported GNU_PROPERTY_TYPE (5) type: 0xc0000000
  LDS     arch/riscv/kernel/compat_vdso/compat_vdso.lds
  VDSOAS  arch/riscv/kernel/compat_vdso/rt_sigreturn.o
  VDSOAS  arch/riscv/kernel/compat_vdso/getcpu.o
  VDSOAS  arch/riscv/kernel/compat_vdso/flush_icache.o
  VDSOAS  arch/riscv/kernel/compat_vdso/note.o
  VDSOLD  arch/riscv/kernel/compat_vdso/compat_vdso.so.dbg
  VDSOSYM include/generated/compat_vdso-offsets.h
  GEN     usr/initramfs_data.cpio
  AS      arch/riscv/lib/clear_page.o
  CC      drivers/cache/sifive_ccache.o
  CC      init/main.o
  COPY    usr/initramfs_inc_data
  CC      ipc/compat.o
  AS      usr/initramfs_data.o
  CC      arch/riscv/mm/init.o
  CC      arch/riscv/lib/csum.o
  CC      drivers/irqchip/irqchip.o
  CC      security/keys/gc.o
  AR      usr/built-in.a
  CC      arch/riscv/lib/delay.o
  CC      block/bdev.o
  AS      arch/riscv/kernel/head.o
  CC      io_uring/io_uring.o
  CC      arch/riscv/kernel/soc.o
  CC      crypto/api.o
  CC      lib/argv_split.o
  CC      fs/open.o
  CC      kernel/fork.o
  CC      mm/filemap.o
  CC      kernel/exec_domain.o
  AS      arch/riscv/lib/memcpy.o
  AS      arch/riscv/lib/memmove.o
  CC      lib/bug.o
  AS      arch/riscv/lib/memset.o
  CC      arch/riscv/kernel/alternative.o
  AS      arch/riscv/lib/strchr.o
  AS      arch/riscv/lib/strcmp.o
  AS      arch/riscv/lib/strlen.o
  AS      arch/riscv/lib/strncmp.o
  CC      drivers/irqchip/irq-msi-lib.o
  AS      arch/riscv/lib/strnlen.o
  AR      drivers/cache/built-in.a
  AS      arch/riscv/lib/strrchr.o
  CC      mm/mempool.o
  AS      arch/riscv/lib/tishift.o
  CC      ipc/util.o
  AS      arch/riscv/lib/uaccess.o
  CC      security/keys/key.o
  AR      arch/riscv/lib/lib.a
  CC      crypto/cipher.o
  CC      lib/buildid.o
  CC      arch/riscv/errata/andes/errata.o
  CC      arch/riscv/mm/extable.o
  CC      block/fops.o
  UPD     init/utsversion-tmp.h
  CC      init/do_mounts.o
  AS      arch/riscv/errata/sifive/errata_cip_453.o
  CC      arch/riscv/kernel/cpu.o
  CC      arch/riscv/errata/sifive/errata.o
  CC      drivers/irqchip/irq-riscv-intc.o
  CC      fs/read_write.o
  CC      arch/riscv/errata/thead/errata.o
  CC      arch/riscv/mm/fault.o
  CC      crypto/algapi.o
  AR      arch/riscv/errata/andes/built-in.a
  CC      fs/file_table.o
  AR      arch/riscv/errata/sifive/built-in.a
  CC      init/do_mounts_initrd.o
  CC      ipc/msgutil.o
  CC      lib/clz_tab.o
  CC      arch/riscv/kernel/cpufeature.o
  CC      lib/cmdline.o
  CC      security/keys/keyring.o
  CC      kernel/exec_state.o
  CC      drivers/irqchip/irq-riscv-aplic-main.o
  CC      lib/cpumask.o
  CC      block/bio.o
  AR      arch/riscv/errata/thead/built-in.a
  AR      arch/riscv/errata/built-in.a
  CC      lib/ctype.o
  CC      io_uring/opdef.o
  CC      init/initramfs.o
  CC      security/commoncap.o
  CC      kernel/panic.o
  CC      mm/oom_kill.o
  CC      ipc/msg.o
  CC      security/lsm_syscalls.o
  CC      arch/riscv/mm/pageattr.o
  CC      lib/dec_and_lock.o
  AS      arch/riscv/kernel/entry.o
  CC      kernel/cpu.o
  CC      arch/riscv/kernel/irq.o
  CC      crypto/scatterwalk.o
  CC      drivers/irqchip/irq-riscv-aplic-direct.o
  CC      lib/decompress.o
  CC      fs/super.o
  CC      lib/decompress_inflate.o
  CC      io_uring/kbuf.o
  CC      security/keys/keyctl.o
  CC      init/calibrate.o
  CC      lib/decompress_unlz4.o
  CC      arch/riscv/mm/pgtable.o
  CC      block/elevator.o
  CC      lib/decompress_unlzma.o
  CC      ipc/sem.o
  CC      arch/riscv/kernel/process.o
  CC      crypto/proc.o
  CC      arch/riscv/kernel/ptrace.o
  CC      init/init_task.o
  CC      drivers/irqchip/irq-riscv-aplic-msi.o
  CC      mm/fadvise.o
  CC      init/version.o
  CC      crypto/aead.o
  CC      io_uring/rsrc.o
  CC      arch/riscv/mm/tlbflush.o
  CC      crypto/geniv.o
  CC      fs/char_dev.o
  CC      lib/decompress_unlzo.o
  CC      security/keys/permission.o
  CC      security/min_addr.o
  CC      kernel/exit.o
  CC      block/blk-core.o
  AR      init/built-in.a
  CC      arch/riscv/purgatory/purgatory.o
  CC      arch/riscv/purgatory/sha256.o
  CC      drivers/irqchip/irq-riscv-imsic-state.o
  CC      arch/riscv/kernel/reset.o
  CC      mm/maccess.o
  CC      ipc/shm.o
  CC      lib/decompress_unxz.o
  CC      arch/riscv/kernel/return_address.o
  CC      io_uring/notif.o
  CC      arch/riscv/mm/cacheflush.o
  CC      security/keys/process_keys.o
  CC      fs/stat.o
  CC      arch/riscv/mm/context.o
  CC      crypto/lskcipher.o
  CC      ipc/syscall.o
  AS      arch/riscv/purgatory/entry.o
  CC      arch/riscv/purgatory/string.o
  CC      lib/decompress_unzstd.o
  CC      crypto/skcipher.o
  CC      drivers/irqchip/irq-riscv-imsic-early.o
  CC      mm/page-writeback.o
  CC      arch/riscv/kernel/setup.o
  CC      arch/riscv/purgatory/ctype.o
  AS      arch/riscv/purgatory/memcpy.o
  AS      arch/riscv/purgatory/memset.o
  AS      arch/riscv/purgatory/strcmp.o
  CC      block/blk-sysfs.o
  AS      arch/riscv/purgatory/strlen.o
  AS      arch/riscv/purgatory/strncmp.o
  AS      arch/riscv/purgatory/strnlen.o
  CC      arch/riscv/mm/pmem.o
  AS      arch/riscv/purgatory/strchr.o
  AS      arch/riscv/purgatory/strrchr.o
  CC      kernel/softirq.o
  CC      security/keys/request_key.o
  LD      arch/riscv/purgatory/purgatory.ro
  LD      arch/riscv/purgatory/purgatory.chk
  AS      arch/riscv/purgatory/kexec-purgatory.o
  AR      arch/riscv/purgatory/built-in.a
  CC      drivers/bus/simple-pm-bus.o
  CC      io_uring/tctx.o
  CC      net/devres.o
  CC      ipc/ipc_sysctl.o
  CC      lib/dump_stack.o
  CC      fs/exec.o
  CC      lib/earlycpio.o
  CC      security/security.o
  CC      drivers/irqchip/irq-riscv-imsic-platform.o
  CC      mm/folio-compat.o
  CC      arch/riscv/kernel/signal.o
  CC      arch/riscv/mm/hugetlbpage.o
  AR      drivers/bus/built-in.a
  CC      crypto/bpf_crypto_skcipher.o
  CC      drivers/phy/phy-core.o
  CC      ipc/mqueue.o
  CC      block/blk-flush.o
  CC      lib/extable.o
  CC      security/keys/request_key_auth.o
  CC      io_uring/filetable.o
  CC      kernel/resource.o
  CC      net/socket.o
  CC      mm/readahead.o
  CC      drivers/irqchip/irq-riscv-rpmi-sysmsi.o
  CC      crypto/seqiv.o
  CC      lib/fdt.o
  CC      net/core/sock.o
  CC      arch/riscv/mm/dma-noncoherent.o
  CC      arch/riscv/kernel/syscall_table.o
  CC      security/keys/user_defined.o
  CC      lib/fdt_addresses.o
  CC      lib/fdt_empty_tree.o
  CC      fs/pipe.o
  CC      drivers/phy/phy-core-mipi-dphy.o
  CC      block/blk-settings.o
  CC      lib/fdt_ro.o
  CC      io_uring/rw.o
  CC      crypto/echainiv.o
  CC      drivers/irqchip/irq-sifive-plic.o
  CC      lib/fdt_rw.o
  CC      kernel/sysctl.o
  CC      arch/riscv/mm/cache-ops.o
  CC      security/keys/compat.o
  CC      ipc/namespace.o
  CC      mm/swap.o
  CC      arch/riscv/kernel/sys_riscv.o
  CC      lib/fdt_strerror.o
  CC      lib/fdt_sw.o
  CC      drivers/phy/allwinner/phy-sun4i-usb.o
  CC      block/blk-ioc.o
  CC      crypto/ahash.o
  CC      lib/fdt_wip.o
  CC      lib/flex_proportions.o
  AR      arch/riscv/mm/built-in.a
  CC      mm/truncate.o
  CC      fs/namei.o
  CC      ipc/mq_sysctl.o
  CC      io_uring/poll.o
  AR      drivers/irqchip/built-in.a
  CC      mm/vmscan.o
  CC      mm/shrinker.o
  CC      security/keys/proc.o
  CC      io_uring/tw.o
  CC      arch/riscv/kernel/sys_hwprobe.o
  CC      kernel/capability.o
  CC      lib/idr.o
  AR      ipc/built-in.a
  CC      lib/iomem_copy.o
  CC      drivers/phy/allwinner/phy-sun6i-mipi-dphy.o
  CC      block/blk-map.o
  CC      net/core/skbuff.o
  CC      crypto/shash.o
  CC      net/compat.o
  CC      lib/irq_regs.o
  CC      security/keys/sysctl.o
  CC      kernel/ptrace.o
  CC      io_uring/wait.o
  CC      security/lsm_notifier.o
  CC      lib/is_single_threaded.o
  CC      lib/klist.o
  CC      arch/riscv/kernel/time.o
  CC      block/blk-merge.o
  AR      drivers/phy/allwinner/built-in.a
  AR      security/keys/built-in.a
  CC      drivers/pinctrl/core.o
  CC      drivers/pinctrl/pinctrl-utils.o
  CC      net/llc/llc_core.o
  CC      drivers/phy/spacemit/phy-k1-pcie.o
  CC      lib/kobject.o
  CC      net/llc/llc_input.o
  CC      crypto/akcipher.o
  CC      security/lsm_init.o
  CC      arch/riscv/kernel/traps.o
  CC      mm/shmem.o
  CC      lib/kobject_uevent.o
  CC      io_uring/eventfd.o
  CC      kernel/user.o
  CC      crypto/sig.o
  CC      net/core/datagram.o
  AR      drivers/phy/spacemit/built-in.a
  CC      net/llc/llc_output.o
  AR      drivers/phy/starfive/built-in.a
  CC      block/blk-timeout.o
  CC      fs/fcntl.o
  CC      drivers/gpio/gpiolib.o
  AR      drivers/phy/built-in.a
  CC      security/inode.o
  CC      drivers/pinctrl/pinmux.o
  CC      mm/util.o
  CC      arch/riscv/kernel/riscv_ksyms.o
  CC      kernel/signal.o
  CC      io_uring/uring_cmd.o
  CC      arch/riscv/kernel/stacktrace.o
  CC      lib/logic_pio.o
  CC      crypto/rsapubkey.asn1.o
  CC      crypto/rsaprivkey.asn1.o
  CC      block/blk-lib.o
  CC      crypto/rsa.o
  CC      net/ethernet/eth.o
  CC      drivers/pinctrl/pinconf.o
  AR      net/llc/built-in.a
  CC      drivers/pinctrl/pinconf-generic.o
  CC      security/selinux/avc.o
  CC      fs/ioctl.o
  CC      arch/riscv/kernel/cacheinfo.o
  CC      lib/maple_tree.o
  CC      mm/mmzone.o
  CC      lib/memcat_p.o
  CC      io_uring/openclose.o
  CC      crypto/rsa_helper.o
  CC      security/selinux/hooks.o
  CC      block/blk-mq.o
  CC      kernel/sys.o
  CC      drivers/pinctrl/pinctrl-generic.o
  CC      crypto/rsa-pkcs1pad.o
  CC      arch/riscv/kernel/patch.o
  CC      drivers/pwm/core.o
  CC      mm/vmstat.o
  CC      drivers/gpio/gpiolib-devres.o
  AR      net/ethernet/built-in.a
  CC      drivers/gpio/gpiolib-legacy.o
  CC      net/core/stream.o
  CC      fs/readdir.o
  CC      io_uring/sqpoll.o
  CC      drivers/pinctrl/devicetree.o
  CC      crypto/rsassa-pkcs1.o
  CC      drivers/gpio/gpiolib-of.o
  CC      arch/riscv/kernel/vendor_extensions.o
  CC      drivers/pci/access.o
  CC      drivers/gpio/gpiolib-cdev.o
  CC      security/lsm_audit.o
  CC      arch/riscv/kernel/vendor_extensions/mips.o
  CC      drivers/pwm/pwm-pxa.o
  CC      drivers/pinctrl/sophgo/pinctrl-sophgo-common.o
  CC      arch/riscv/kernel/vendor_extensions/mips_hwprobe.o
  CC      fs/select.o
  CC      net/core/scm.o
  CC      crypto/algboss.o
  CC      kernel/umh.o
  CC      mm/backing-dev.o
  CC      crypto/testmgr.o
  CC      arch/riscv/kernel/vendor_extensions/sifive.o
  CC      drivers/pci/bus.o
  CC      arch/riscv/kernel/vendor_extensions/sifive_hwprobe.o
  CC      io_uring/xattr.o
  CC      drivers/pinctrl/sophgo/pinctrl-cv18xx.o
  AR      drivers/pwm/built-in.a
  CC      crypto/cmac.o
  AR      arch/riscv/kernel/vendor_extensions/built-in.a
  CC      arch/riscv/kernel/vdso.o
  CC      drivers/gpio/gpiolib-acpi-core.o
  CC      block/blk-mq-tag.o
  OBJCOPY arch/riscv/kernel/vdso/vdso.so
  AS      arch/riscv/kernel/vdso/vdso.o
  CC      block/blk-mq-dma.o
  AR      arch/riscv/kernel/vdso/built-in.a
  CC      drivers/video/cmdline.o
  CC      kernel/workqueue.o
  CC      drivers/video/nomodeset.o
  CC      mm/mm_init.o
  CC      lib/nmi_backtrace.o
  CC      drivers/pci/probe.o
  CC      net/core/gen_stats.o
  CC      crypto/hmac.o
  CC      drivers/pinctrl/sophgo/pinctrl-cv1800b.o
  OBJCOPY arch/riscv/kernel/vdso_cfi/vdso-cfi.so
riscv64-linux-gnu-objcopy: warning: arch/riscv/kernel/vdso_cfi/vdso-cfi.so.dbg: unsupported GNU_PROPERTY_TYPE (5) type: 0xc0000000
riscv64-linux-gnu-objcopy: warning: arch/riscv/kernel/vdso_cfi/vdso-cfi.so.dbg: unsupported GNU_PROPERTY_TYPE (5) type: 0xc0000000
riscv64-linux-gnu-objcopy: warning: arch/riscv/kernel/vdso_cfi/vdso-cfi.so.dbg: unsupported GNU_PROPERTY_TYPE (5) type: 0xc0000000
riscv64-linux-gnu-objcopy: warning: arch/riscv/kernel/vdso_cfi/vdso-cfi.so.dbg: unsupported GNU_PROPERTY_TYPE (5) type: 0xc0000000
riscv64-linux-gnu-objcopy: warning: arch/riscv/kernel/vdso_cfi/vdso-cfi.so.dbg: unsupported GNU_PROPERTY_TYPE (5) type: 0xc0000000
  AS      arch/riscv/kernel/vdso_cfi/vdso-cfi.o
  CC      io_uring/nop.o
  AR      arch/riscv/kernel/vdso_cfi/built-in.a
  CC      arch/riscv/kernel/traps_misaligned.o
  CC      security/selinux/selinuxfs.o
  CC      drivers/gpio/gpiolib-acpi-quirks.o
  CC      drivers/pci/host-bridge.o
  CC      drivers/video/console/dummycon.o
  CC      fs/dcache.o
  CC      block/blk-stat.o
  CC      kernel/pid.o
  CC      lib/objpool.o
  CC      drivers/pinctrl/sophgo/pinctrl-cv1812h.o
  CC      crypto/sha1.o
  CC      io_uring/fs.o
  CC      drivers/gpio/gpiolib-swnode.o
  AR      drivers/video/console/built-in.a
  CC      mm/percpu.o
  CC      drivers/video/backlight/backlight.o
  CC      drivers/pci/remove.o
  CC      arch/riscv/kernel/unaligned_access_speed.o
  CC      net/core/gen_estimator.o
  CC      lib/plist.o
  CC      lib/radix-tree.o
  CC      block/blk-mq-sysfs.o
  CC      drivers/pinctrl/sophgo/pinctrl-sg2000.o
  CC      crypto/sha256.o
  CC      drivers/gpio/gpio-mmio.o
  AS      arch/riscv/kernel/fpu.o
  CC      security/selinux/netlink.o
  CC      io_uring/splice.o
  CC      drivers/pinctrl/sophgo/pinctrl-sg2002.o
  CC      arch/riscv/kernel/kernel_mode_fpu.o
  CC      net/core/net_namespace.o
  AR      drivers/video/backlight/built-in.a
  CC      drivers/pci/pci.o
  CC      drivers/video/fbdev/core/fb_notify.o
  CC      arch/riscv/kernel/smpboot.o
  CC      kernel/task_work.o
  CC      block/blk-mq-cpumap.o
  CC      net/802/psnap.o
  CC      crypto/sha512.o
  CC      fs/inode.o
  CC      lib/ratelimit.o
  CC      mm/slab_common.o
  CC      drivers/gpio/gpio-dwapb.o
  AR      drivers/pinctrl/sophgo/built-in.a
  CC      lib/rbtree.o
  CC      io_uring/sync.o
  CC      drivers/pinctrl/spacemit/pinctrl-k1.o
  CC      security/selinux/nlmsgtab.o
  CC      drivers/video/fbdev/core/fb_info.o
  CC      drivers/pci/pci-driver.o
  CC      arch/riscv/kernel/smp.o
  CC      crypto/ecb.o
  CC      kernel/extable.o
  CC      lib/seq_buf.o
  CC      net/core/secure_seq.o
  CC      block/blk-mq-sched.o
  CC      net/802/stp.o
  CC      drivers/gpio/gpio-sifive.o
  CC      io_uring/msg_ring.o
  CC      crypto/cbc.o
  CC      drivers/video/fbdev/core/fbmem.o
  CC      mm/compaction.o
  CC      lib/siphash.o
  CC      arch/riscv/kernel/cpu_ops.o
  CC      security/selinux/netif.o
  CC      fs/attr.o
  CC      kernel/params.o
  CC      lib/string.o
  CC      io_uring/advise.o
  CC      block/ioctl.o
  CC      drivers/pci/search.o
  AR      net/802/built-in.a
  CC      block/genhd.o
  CC      drivers/gpio/gpio-spacemit-k1.o
  CC      crypto/cts.o
  CC      lib/sys_info.o
  AS      arch/riscv/kernel/suspend_entry.o
  CC      arch/riscv/kernel/suspend.o
  AR      drivers/pinctrl/spacemit/built-in.a
  CC      net/core/flow_dissector.o
  AR      drivers/pinctrl/starfive/built-in.a
  CC      drivers/pinctrl/sunxi/pinctrl-sunxi.o
  CC      net/sched/sch_generic.o
  CC      drivers/video/fbdev/core/fbcmap.o
  CC      io_uring/statx.o
  CC      fs/bad_inode.o
  CC      kernel/kthread.o
  CC      drivers/pci/rebar.o
  CC      crypto/ctr.o
  CC      lib/timerqueue.o
  AR      drivers/gpio/built-in.a
  CC      security/selinux/netnode.o
  CC      security/apparmor/apparmorfs.o
  CC      arch/riscv/kernel/perf_callchain.o
  CC      drivers/pci/rom.o
  CC      lib/vsprintf.o
  CC      mm/show_mem.o
  CC      block/ioprio.o
  CC      fs/file.o
  CC      drivers/video/fbdev/core/modedb.o
  CC      io_uring/timeout.o
  CC      crypto/gcm.o
  CC      fs/filesystems.o
  CC      drivers/pinctrl/sunxi/pinctrl-sunxi-dt.o
  CC      kernel/sys_ni.o
  CC      arch/riscv/kernel/perf_regs.o
  CC      drivers/pci/setup-res.o
  CC      net/sched/sch_mq.o
  CC      security/selinux/netport.o
  CC      mm/interval_tree.o
  CC      block/badblocks.o
  CC      kernel/nsproxy.o
  CC      net/core/sysctl_net_core.o
  CC      drivers/pinctrl/sunxi/pinctrl-sun20i-d1.o
  CC      drivers/video/fbdev/core/fbcvt.o
  CC      crypto/aes.o
  CC      io_uring/cancel.o
  CC      block/partitions/core.o
  CC      arch/riscv/kernel/sbi.o
  CC      drivers/pci/irq.o
  CC      fs/namespace.o
  AR      drivers/pinctrl/sunxi/built-in.a
  CC      drivers/pinctrl/ultrarisc/pinctrl-ultrarisc.o
  CC      security/apparmor/audit.o
  CC      fs/seq_file.o
  CC      mm/list_lru.o
  CC      crypto/camellia_generic.o
  CC      kernel/nstree.o
  CC      drivers/video/fbdev/core/fb_cmdline.o
  CC      net/sched/sch_frag.o
  CC      security/selinux/status.o
  CC      io_uring/waitid.o
  CC      arch/riscv/kernel/sbi_ecall.o
  CC      lib/win_minmax.o
  CC      block/partitions/msdos.o
  CC      net/core/dev.o
  CC      drivers/pci/vpd.o
  CC      drivers/pinctrl/ultrarisc/pinctrl-dp1000.o
  CC      security/selinux/initcalls.o
  CC      net/core/dev_api.o
  CC      lib/xarray.o
  CC      arch/riscv/kernel/sbi-ipi.o
  CC      mm/workingset.o
  CC      drivers/video/fbdev/core/fb_backlight.o
  CC      security/apparmor/capability.o
  AR      drivers/pinctrl/ultrarisc/built-in.a
  AR      drivers/pinctrl/built-in.a
  CC      security/device_cgroup.o
  CC      io_uring/register.o
  CC      crypto/authenc.o
  CC      kernel/nscommon.o
  CC      block/partitions/efi.o
  CC      drivers/pci/setup-bus.o
  CC      net/sched/sch_api.o
  CC      security/selinux/ss/ebitmap.o
  CC      arch/riscv/kernel/cpu_ops_sbi.o
  CC      drivers/video/fbdev/core/fbmon.o
  CC      kernel/notifier.o
  CC      fs/xattr.o
  CC      mm/debug.o
  CC      lib/lockref.o
  AR      block/partitions/built-in.a
  CC      block/blk-rq-qos.o
  CC      crypto/authencesn.o
  CC      net/sched/sch_blackhole.o
  CC      arch/riscv/kernel/cpu-hotplug.o
  CC      security/apparmor/task.o
  CC      net/netlink/af_netlink.o
  CC      lib/bcd.o
  CC      lib/sort.o
  CC      drivers/video/fbdev/core/fb_chrdev.o
  CC      kernel/ksysfs.o
  CC      security/selinux/ss/hashtab.o
  CC      io_uring/truncate.o
  CC      drivers/pci/vc.o
  CC      mm/gup.o
  CC      lib/parser.o
  CC      arch/riscv/kernel/efi.o
  CC      block/disk-events.o
  CC      security/selinux/ss/symtab.o
  CC      kernel/cred.o
  CC      drivers/pci/mmap.o
  CC      crypto/krb5enc.o
  CC      net/sched/cls_api.o
  CC      lib/debug_locks.o
  CC      security/selinux/ss/sidtab.o
  CC      fs/libfs.o
  CC      lib/random32.o
  CC      io_uring/memmap.o
  CC      drivers/video/fbdev/core/fb_procfs.o
  CC      security/apparmor/ipc.o
  CC      drivers/acpi/tables.o
  CC      arch/riscv/kernel/compat_syscall_table.o
  CC      block/blk-ia-ranges.o
  CC      drivers/pci/devres.o
  CC      lib/bust_spinlocks.o
  CC      kernel/reboot.o
  CC      crypto/af_alg.o
  CC      net/netlink/genetlink.o
  CC      drivers/video/fbdev/core/fbsysfs.o
  CC      io_uring/alloc_cache.o
  CC      lib/kasprintf.o
  CC      arch/riscv/kernel/compat_signal.o
  CC      security/selinux/ss/avtab.o
  CC      block/early-lookup.o
  CC      drivers/acpi/osi.o
  CC      mm/mmap_lock.o
  CC      fs/fs-writeback.o
  CC      drivers/pci/msi/pcidev_msi.o
  CC      security/apparmor/lib.o
  CC      lib/bitmap.o
  CC      io_uring/query.o
  CC      drivers/acpi/osl.o
  CC      kernel/async.o
  CC      drivers/video/fbdev/core/fbcon.o
  CC      block/bsg.o
  CC      drivers/pci/msi/api.o
  OBJCOPY arch/riscv/kernel/compat_vdso/compat_vdso.so
  AS      arch/riscv/kernel/compat_vdso/compat_vdso.o
  AR      arch/riscv/kernel/compat_vdso/built-in.a
  CC      net/sched/sch_fifo.o
  CC      arch/riscv/kernel/pi/cmdline_early.o
  CC      crypto/algif_hash.o
  CC      mm/vma_init.o
  CC      net/core/dev_addr_lists.o
  CC      net/netlink/policy.o
  CC      security/selinux/ss/policydb.o
  CC      lib/scatterlist.o
  CC      fs/pnode.o
  CC      kernel/range.o
  CC      io_uring/loop.o
  CC      arch/riscv/kernel/pi/fdt_early.o
  CC      security/apparmor/match.o
  CC      block/kyber-iosched.o
  CC      drivers/pci/msi/msi.o
  CC      kernel/smpboot.o
  CC      arch/riscv/kernel/pi/string.o
  CC      drivers/acpi/utils.o
  CC      arch/riscv/kernel/pi/ctype.o
  CC      arch/riscv/kernel/pi/lib-fdt.o
  CC      mm/highmem.o
  CC      fs/splice.o
  CC      net/sched/cls_cgroup.o
  CC      arch/riscv/kernel/pi/lib-fdt_ro.o
  CC      net/netlink/diag.o
  CC      crypto/krb5/krb5_kdf.o
  CC      kernel/ucount.o
  CC      io_uring/zcrx.o
  CC      lib/list_sort.o
  CC      drivers/video/fbdev/core/bitblit.o
  CC      lib/uuid.o
  CC      net/core/dst.o
  CC      arch/riscv/kernel/pi/archrandom_early.o
  OBJCOPY arch/riscv/kernel/pi/cmdline_early.pi.o
  OBJCOPY arch/riscv/kernel/pi/fdt_early.pi.o
  OBJCOPY arch/riscv/kernel/pi/string.pi.o
  OBJCOPY arch/riscv/kernel/pi/ctype.pi.o
  OBJCOPY arch/riscv/kernel/pi/lib-fdt.pi.o
  OBJCOPY arch/riscv/kernel/pi/lib-fdt_ro.pi.o
  OBJCOPY arch/riscv/kernel/pi/archrandom_early.pi.o
  AR      arch/riscv/kernel/pi/built-in.a
  CC      arch/riscv/kernel/acpi.o
  CC      lib/iov_iter.o
  CC      security/apparmor/path.o
  CC      block/bfq-iosched.o
  CC      drivers/pci/msi/irqdomain.o
  CC      mm/memory.o
  CC      drivers/acpi/reboot.o
  CC      kernel/regset.o
  CC      crypto/krb5/krb5_api.o
  AR      net/sched/built-in.a
  CC      crypto/krb5/rfc3961_simplified.o
  AR      net/netlink/built-in.a
  CC      drivers/video/fbdev/core/softcursor.o
  CC      kernel/ksyms_common.o
  CC      io_uring/io-wq.o
  AR      drivers/pci/msi/built-in.a
  CC      drivers/pci/pcie/portdrv.o
  CC      arch/riscv/kernel/bugs.o
  CC      fs/sync.o
  CC      drivers/acpi/nvs.o
  CC      security/selinux/ss/services.o
  CC      drivers/pnp/core.o
  CC      net/core/netevent.o
  CC      security/apparmor/domain.o
  AR      drivers/video/fbdev/core/built-in.a
  CC      kernel/groups.o
  AR      drivers/video/fbdev/built-in.a
  AR      drivers/video/built-in.a
  CC      arch/riscv/kernel/usercfi.o
  CC      kernel/sched/core.o
  CC      drivers/acpi/wakeup.o
  CC      crypto/krb5/rfc3962_aes.o
  CC      security/apparmor/policy.o
  CC      drivers/pnp/card.o
  CC      drivers/pci/pcie/rcec.o
  CC      lib/clz_ctz.o
  CC      lib/bsearch.o
  CC      fs/utimes.o
  CC      io_uring/futex.o
  CC      net/core/neighbour.o
  CC      block/bfq-wf2q.o
  CC      crypto/krb5/rfc6803_camellia.o
  CC      drivers/acpi/device_sysfs.o
  CC      kernel/locking/mutex.o
  LDS     arch/riscv/kernel/vmlinux.lds
  CC      drivers/pnp/driver.o
  AR      arch/riscv/kernel/built-in.a
  CC      drivers/pci/pcie/bwctrl.o
  AR      arch/riscv/built-in.a
  CC      mm/mincore.o
  CC      lib/find_bit.o
  CC      io_uring/epoll.o
  CC      fs/d_path.o
  CC      crypto/krb5/rfc8009_aes2.o
  CC      lib/llist.o
  CC      drivers/acpi/device_pm.o
  CC      drivers/pnp/resource.o
  CC      block/bfq-cgroup.o
  CC      lib/lwq.o
  CC      drivers/pci/pcie/aspm.o
  CC      security/selinux/ss/conditional.o
  CC      lib/memweight.o
  CC      kernel/locking/semaphore.o
  CC      security/apparmor/policy_unpack.o
  CC      security/integrity/iint.o
  CC      net/bpf/test_run.o
  CC      lib/kfifo.o
  CC      mm/mlock.o
  AR      crypto/krb5/built-in.a
  AR      crypto/built-in.a
  CC      io_uring/napi.o
  CC      net/ethtool/ioctl.o
  CC      fs/stack.o
  CC      block/blk-mq-debugfs.o
  CC      drivers/pnp/manager.o
  CC      kernel/sched/fair.o
  CC      drivers/acpi/bus.o
  CC      kernel/locking/rwsem.o
  CC      security/integrity/integrity_audit.o
  CC      fs/fs_struct.o
  CC      lib/percpu-refcount.o
  CC      drivers/pci/pcie/pme.o
  CC      net/core/rtnetlink.o
  CC      security/selinux/ss/mls.o
  CC      drivers/pnp/support.o
  CC      block/blk-pm.o
  CC      mm/mmap.o
  CC      io_uring/net.o
  CC      kernel/locking/percpu-rwsem.o
  CC      fs/statfs.o
  CC      lib/rhashtable.o
  CC      security/integrity/efi_secureboot.o
  CC      security/apparmor/procattr.o
  CC      drivers/acpi/glue.o
  AR      drivers/pci/pcie/built-in.a
  CC      drivers/pci/pwrctrl/core.o
  AR      net/bpf/built-in.a
  CC      block/holder.o
  CC      drivers/pnp/interface.o
  CC      drivers/pnp/quirks.o
  CC      kernel/locking/spinlock.o
  CC      security/selinux/ss/context.o
  AR      security/integrity/built-in.a
  CC      kernel/locking/osq_lock.o
  CC      net/ethtool/common.o
  CC      drivers/acpi/scan.o
  CC      fs/fs_pin.o
  AR      block/built-in.a
  CC      lib/base64.o
  CC      mm/mmu_gather.o
  CC      drivers/pci/pwrctrl/generic.o
  CC      net/netfilter/core.o
  CC      kernel/sched/build_policy.o
  CC      net/core/utils.o
  CC      lib/once.o
  CC      drivers/pnp/system.o
  CC      kernel/locking/qspinlock.o
  CC      security/apparmor/lsm.o
  CC      fs/nsfs.o
  CC      io_uring/cmd_net.o
  AR      security/selinux/built-in.a
  CC      io_uring/fdinfo.o
  CC      lib/refcount.o
  AR      drivers/pci/pwrctrl/built-in.a
  CC      drivers/pci/proc.o
  CC      drivers/pnp/pnpacpi/core.o
  CC      mm/mprotect.o
  CC      lib/rcuref.o
  CC      kernel/locking/rtmutex_api.o
  CC      net/ethtool/netlink.o
  CC      kernel/power/qos.o
  CC      drivers/acpi/mipi-disco-img.o
  CC      kernel/power/main.o
  CC      lib/usercopy.o
  CC      net/netfilter/nf_log.o
  CC      lib/errseq.o
  CC      drivers/pnp/pnpacpi/rsparser.o
  CC      net/core/link_watch.o
  CC      fs/fs_dirent.o
  CC      fs/fs_context.o
  CC      io_uring/bpf_filter.o
  CC      lib/bucket_locks.o
  CC      drivers/pci/pci-sysfs.o
  CC      net/ipv4/route.o
  CC      kernel/locking/qrwlock.o
  CC      drivers/acpi/resource.o
  CC      drivers/pci/slot.o
  CC      mm/mremap.o
  CC      lib/generic-radix-tree.o
  CC      kernel/power/console.o
  AR      drivers/pnp/pnpacpi/built-in.a
  AR      drivers/pnp/built-in.a
  CC      net/ipv4/inetpeer.o
  CC      net/ethtool/bitset.o
  CC      net/netfilter/nf_queue.o
  CC      fs/fs_parser.o
  AR      kernel/locking/built-in.a
  CC      kernel/power/process.o
  CC      security/apparmor/resource.o
  CC      net/core/filter.o
  CC      lib/bitmap-str.o
  AR      io_uring/built-in.a
  CC      drivers/acpi/acpi_processor.o
  CC      mm/msync.o
  CC      net/xfrm/xfrm_policy.o
  CC      drivers/pci/pci-acpi.o
  CC      net/xfrm/xfrm_state.o
  CC      kernel/sched/build_utility.o
  AR      drivers/amba/built-in.a
  CC      drivers/pci/iomap.o
  CC      fs/fsopen.o
  CC      lib/string_helpers.o
  CC      kernel/power/suspend.o
  CC      drivers/pci/of.o
  CC      net/ethtool/strset.o
  CC      drivers/acpi/processor_core.o
  CC      mm/page_vma_mapped.o
  CC      net/netfilter/nf_sockopt.o
  CC      security/apparmor/secid.o
  CC      net/ipv4/protocol.o
  CC      net/unix/af_unix.o
  CC      net/ipv6/af_inet6.o
  CC      lib/hexdump.o
  CC      fs/init.o
  CC      drivers/pci/quirks.o
  CC      drivers/acpi/pci_root.o
  CC      mm/pagewalk.o
  AR      kernel/power/built-in.a
  CC      lib/kstrtox.o
  CC      kernel/printk/printk.o
  CC      net/ethtool/linkinfo.o
  CC      net/netfilter/utils.o
  CC      lib/math/div64.o
  CC      net/ipv4/ip_input.o
  CC      security/apparmor/file.o
  CC      lib/math/gcd.o
  CC      fs/kernel_read_file.o
  CC      drivers/acpi/pci_link.o
  CC      lib/math/lcm.o
  CC      mm/pgtable-generic.o
  CC      lib/math/int_log.o
  CC      lib/math/int_pow.o
  CC      lib/math/int_sqrt.o
  CC      net/ipv6/anycast.o
  CC      net/ethtool/linkmodes.o
  CC      net/xfrm/xfrm_hash.o
  CC      lib/math/reciprocal_div.o
  CC      net/core/sock_diag.o
  CC      lib/math/rational.o
  CC      fs/mnt_idmapping.o
  CC      drivers/pci/pci-label.o
  CC      net/netfilter/nf_bpf_link.o
  CC      drivers/acpi/pci_irq.o
  CC      kernel/printk/printk_safe.o
  CC      net/unix/garbage.o
  AR      kernel/sched/built-in.a
  CC      mm/rmap.o
  CC      net/netfilter/nf_conntrack_core.o
  CC      net/xfrm/xfrm_input.o
  AR      lib/math/built-in.a
  CC      lib/crc/crc7.o
  CC      security/apparmor/policy_ns.o
  CC      net/ipv4/ip_fragment.o
  CC      fs/remap_range.o
  CC      net/ethtool/rss.o
  CC      drivers/pci/ecam.o
  CC      kernel/printk/nbcon.o
  CC      drivers/acpi/acpi_apd.o
  CC      lib/crc/crc16.o
  CC      net/ipv6/ip6_output.o
  CC      drivers/clk/clk-devres.o
  CC      drivers/dma/dmaengine.o
  CC      net/unix/sysctl_net_unix.o
  CC      lib/crc/crc-itu-t.o
  CC      drivers/pci/vgaarb.o
  CC      kernel/printk/printk_ringbuffer.o
  CC      drivers/acpi/acpi_platform.o
  CC      mm/vmalloc.o
  CC      fs/pidfs.o
  CC      security/apparmor/label.o
  CC      net/core/dev_ioctl.o
  CC      drivers/clk/clk-bulk.o
  CC      net/ipv4/ip_forward.o
  CC      net/xfrm/xfrm_output.o
  CC      lib/crc/crc32-main.o
  CC      net/ethtool/linkstate.o
  CC      net/netfilter/nf_conntrack_standalone.o
  CC      net/unix/unix_bpf.o
  CC      kernel/printk/sysctl.o
  CC      drivers/acpi/acpi_pnp.o
  CC      drivers/dma/virt-dma.o
  CC      drivers/clk/clkdev.o
  CC      lib/crc/riscv/crc32_lsb.o
  CC      drivers/pci/controller/pci-host-common.o
  CC      lib/crc/riscv/crc32_msb.o
  AR      kernel/printk/built-in.a
  CC      kernel/irq/irqdesc.o
  AR      lib/crc/built-in.a
  CC      lib/crypto/hash_info.o
  CC      fs/file_attr.o
  CC      drivers/acpi/power.o
  CC      drivers/clk/clk.o
  CC      net/core/tso.o
  CC      drivers/dma/acpi-dma.o
  CC      net/netfilter/nf_conntrack_expect.o
  CC      net/ethtool/debug.o
  CC      net/ipv4/ip_options.o
  CC      net/xfrm/xfrm_sysctl.o
  CC      drivers/pci/controller/pcie-xilinx.o
  CC      net/ipv6/ip6_input.o
  CC      lib/crypto/memneq.o
  AR      net/unix/built-in.a
  CC      fs/fserror.o
  CC      security/apparmor/mount.o
  CC      kernel/irq/handle.o
  CC      drivers/acpi/event.o
  CC      drivers/dma/of-dma.o
  CC      mm/vma.o
  CC      lib/crypto/utils.o
  CC      drivers/clk/clk-divider.o
  CC      net/ethtool/wol.o
  CC      fs/nullfs.o
  CC      drivers/pci/controller/dwc/pcie-designware.o
  CC      net/core/sock_reuseport.o
  CC      net/netfilter/nf_conntrack_helper.o
  CC      net/xfrm/xfrm_replay.o
  CC      kernel/irq/manage.o
  CC      net/ipv4/ip_output.o
  CC      lib/crypto/aes.o
  CC      drivers/dma/sun6i-dma.o
  CC      drivers/acpi/evged.o
  CC      drivers/dma/dw-axi-dmac/dw-axi-dmac-platform.o
  CC      drivers/clk/clk-fixed-factor.o
  CC      fs/buffer.o
  CC      net/ipv6/addrconf.o
  CC      security/apparmor/net.o
  CC      net/ethtool/features.o
  CC      lib/crypto/blake2b.o
  CC      drivers/acpi/sysfs.o
  CC      drivers/pci/controller/dwc/pcie-designware-host.o
  CC      mm/vma_exec.o
  CC      fs/mpage.o
  CC      drivers/clk/clk-fixed-rate.o
  CC      net/netfilter/nf_conntrack_proto.o
  CC      net/core/fib_notifier.o
  CC      net/xfrm/xfrm_device.o
  CC      kernel/irq/spurious.o
  AR      drivers/dma/dw-axi-dmac/built-in.a
  CC      drivers/dma/mmp_pdma.o
  CC      drivers/acpi/property.o
  CC      lib/crypto/blake2s.o
  CC      net/ethtool/privflags.o
  CC      drivers/clk/clk-gate.o
  CC      mm/process_vm_access.o
  CC      security/apparmor/policy_compat.o
  CC      drivers/pci/controller/dwc/pcie-fu740.o
  CC      kernel/irq/resend.o
  CC      net/core/xdp.o
  CC      kernel/rcu/update.o
  CC      net/ipv4/ip_sockglue.o
  CC      fs/proc_namespace.o
  CC      drivers/clk/clk-multiplier.o
  CC      net/xfrm/xfrm_nat_keepalive.o
  CC      net/netfilter/nf_conntrack_proto_generic.o
  AR      drivers/dma/built-in.a
  CC      lib/crypto/chacha-block-generic.o
  CC      drivers/acpi/debugfs.o
  CC      drivers/soc/microchip/mpfs-irqmux.o
  CC      net/ethtool/rings.o
  CC      kernel/irq/chip.o
  CC      lib/crypto/gf128hash.o
  CC      drivers/pci/controller/dwc/pcie-spacemit-k1.o
  CC      mm/mseal.o
  CC      drivers/clk/clk-mux.o
  CC      fs/direct-io.o
  CC      security/apparmor/af_unix.o
  CC      drivers/acpi/acpi_lpat.o
  CC      kernel/rcu/sync.o
  AR      drivers/soc/microchip/built-in.a
  CC      drivers/soc/sunxi/sunxi_sram.o
  CC      net/netfilter/nf_conntrack_proto_tcp.o
  CC      lib/crypto/sha1.o
  CC      net/core/flow_offload.o
  CC      kernel/rcu/srcutree.o
  CC      drivers/pci/controller/dwc/pcie-ultrarisc.o
  CC      drivers/clk/clk-composite.o
  CC      mm/page_alloc.o
  CC      net/xfrm/xfrm_algo.o
  CC      net/ethtool/channels.o
  CC      net/ipv6/addrlabel.o
  CC      kernel/irq/dummychip.o
  CC      net/ipv4/inet_hashtables.o
  CC      drivers/acpi/irq.o
  AR      drivers/soc/sunxi/built-in.a
  AR      drivers/soc/built-in.a
  CC      net/ipv6/route.o
  CC      lib/crypto/sha256.o
  CC      fs/notify/fsnotify.o
  CC      drivers/clk/clk-fractional-divider.o
  AR      drivers/pci/controller/dwc/built-in.a
  AR      drivers/pci/controller/built-in.a
  AR      drivers/pci/built-in.a
  CC      mm/page_frag_cache.o
  CC      kernel/irq/devres.o
  CC      drivers/acpi/acpi_pcc.o
  CC      kernel/rcu/tree.o
  CC      net/core/gro.o
  AR      security/apparmor/built-in.a
  AR      security/built-in.a
  CC      fs/notify/notification.o
  CC      net/ethtool/coalesce.o
  CC      net/xfrm/xfrm_user.o
  CC      drivers/clk/clk-gpio.o
  CC      net/netfilter/nf_conntrack_proto_udp.o
  CC      lib/crypto/sha512.o
  CC      kernel/rcu/rcu_segcblist.o
  CC      fs/eventpoll.o
  CC      kernel/irq/kexec.o
  CC      drivers/acpi/pci_mcfg.o
  CC      drivers/acpi/acpica/dsargs.o
  CC      fs/notify/group.o
  CC      net/ipv4/inet_timewait_sock.o
  CC      drivers/acpi/acpica/dscontrol.o
  CC      drivers/clk/clk-conf.o
  CC      kernel/irq/irqdomain.o
  CC      lib/crypto/mpi/generic_mpih-lshift.o
  CC      drivers/clk/clk-rpmi.o
  CC      net/ethtool/pause.o
  CC      fs/notify/mark.o
  CC      net/packet/af_packet.o
  CC      net/core/netdev-genl.o
  CC      net/netfilter/nf_conntrack_proto_icmp.o
  CC      drivers/acpi/acpica/dsdebug.o
  CC      mm/init-mm.o
  CC      net/ipv4/inet_connection_sock.o
  CC      lib/crypto/mpi/generic_mpih-mul1.o
  CC      drivers/clk/analogbits/wrpll-cln28hpc.o
  CC      drivers/acpi/acpica/dsfield.o
  CC      mm/memblock.o
  AR      net/xfrm/built-in.a
  CC      drivers/acpi/acpica/dsinit.o
  CC      net/ethtool/eee.o
  CC      fs/notify/fdinfo.o
  CC      kernel/irq/proc.o
  CC      drivers/acpi/ac.o
  AR      kernel/rcu/built-in.a
  CC      net/ipv6/ip6_fib.o
  CC      lib/crypto/mpi/generic_mpih-mul2.o
  CC      net/core/netdev-genl-gen.o
  AR      drivers/pmdomain/starfive/built-in.a
  AR      drivers/clk/analogbits/built-in.a
  CC      drivers/pmdomain/sunxi/sun55i-pck600.o
  CC      drivers/clk/eswin/clk.o
  CC      mm/slub.o
  CC      net/netfilter/nf_conntrack_extend.o
  CC      drivers/acpi/acpica/dsmethod.o
  CC      fs/notify/dnotify/dnotify.o
  CC      net/netfilter/nf_conntrack_acct.o
  CC      lib/crypto/mpi/generic_mpih-mul3.o
  CC      kernel/irq/migration.o
  CC      net/ethtool/tsinfo.o
  CC      drivers/acpi/acpica/dsmthdat.o
  CC      drivers/clk/eswin/clk-eic7700.o
  AR      drivers/pmdomain/sunxi/built-in.a
  CC      kernel/irq/cpuhotplug.o
  CC      drivers/pmdomain/core.o
  CC      net/core/netdev_work.o
  CC      net/netfilter/nf_conntrack_seqadj.o
  CC      lib/vdso/datastore.o
  CC      net/ipv4/tcp.o
  CC      lib/crypto/mpi/generic_mpih-rshift.o
  CC      drivers/acpi/acpica/dsobject.o
  AR      fs/notify/dnotify/built-in.a
  CC      drivers/pmdomain/governor.o
  CC      fs/notify/inotify/inotify_fsnotify.o
  AR      drivers/clk/eswin/built-in.a
  CC      drivers/acpi/acpica/dsopcode.o
  CC      drivers/clk/microchip/clk-mpfs.o
  CC      kernel/irq/pm.o
  CC      net/ipv6/ipv6_sockglue.o
  AR      net/packet/built-in.a
  CC      lib/raid/xor/xor-core.o
  CC      net/netfilter/nf_conntrack_proto_icmpv6.o
  AR      lib/vdso/built-in.a
  CC      fs/notify/inotify/inotify_user.o
  CC      net/core/gso.o
  CC      net/ethtool/cabletest.o
  CC      drivers/acpi/acpica/dspkginit.o
  CC      lib/crypto/mpi/generic_mpih-sub1.o
  CC      lib/raid/xor/xor-8regs.o
  CC      net/ipv6/ndisc.o
  CC      drivers/clk/microchip/clk-mpfs-ccc.o
  CC      drivers/virtio/virtio.o
  CC      lib/iomap_copy.o
  CC      lib/raid/xor/xor-32regs.o
  CC      drivers/acpi/acpica/dsutils.o
  CC      kernel/irq/msi.o
  AR      drivers/pmdomain/built-in.a
  CC      lib/raid/xor/xor-8regs-prefetch.o
  CC      drivers/acpi/acpica/dswexec.o
  CC      lib/crypto/mpi/generic_mpih-add1.o
  CC      lib/raid/xor/xor-32regs-prefetch.o
  AR      fs/notify/inotify/built-in.a
  AR      fs/notify/built-in.a
  CC      kernel/dma/mapping.o
  CC      fs/anon_inodes.o
  AR      drivers/clk/microchip/built-in.a
  CC      drivers/clk/sifive/sifive-prci.o
  AR      lib/raid/xor/built-in.a
  CC      lib/raid/raid6/algos.o
  CC      net/ethtool/tunnels.o
  CC      drivers/acpi/acpica/dswload.o
  CC      net/core/net-sysfs.o
  CC      drivers/virtio/virtio_ring.o
  CC      kernel/dma/direct.o
  CC      net/netfilter/nf_conntrack_proto_sctp.o
  CC      lib/crypto/mpi/mpicoder.o
  CC      drivers/acpi/acpica/dswload2.o
  AR      drivers/clk/sifive/built-in.a
  CC      kernel/irq/ipi.o
  CC      lib/raid/raid6/tables.o
  CC      drivers/clk/sophgo/clk-cv1800.o
  CC      fs/signalfd.o
  CC      net/core/hotdata.o
  CC      lib/raid/raid6/int1.o
  CC      mm/madvise.o
  CC      lib/raid/raid6/int2.o
  CC      lib/crypto/mpi/mpi-add.o
  CC      drivers/acpi/acpica/dswscope.o
  CC      lib/raid/raid6/int4.o
  CC      net/ipv4/tcp_input.o
  CC      kernel/irq/ipi-mux.o
  CC      net/ipv6/udp.o
  CC      kernel/dma/coherent.o
  CC      lib/raid/raid6/int8.o
  CC      net/ethtool/fec.o
  CC      net/netfilter/nf_conntrack_ftp.o
  CC      net/ipv6/raw.o
  CC      lib/raid/raid6/recov.o
  CC      drivers/clk/sophgo/clk-cv18xx-common.o
  CC      drivers/acpi/acpica/dswstate.o
  CC      fs/timerfd.o
  CC      lib/crypto/mpi/mpi-bit.o
  CC      net/core/netdev_config.o
  CC      kernel/irq/affinity.o
  CC      drivers/clk/sophgo/clk-cv18xx-ip.o
  CC      drivers/clk/sophgo/clk-cv18xx-pll.o
  CC      kernel/dma/swiotlb.o
  AR      lib/raid/raid6/built-in.a
  AR      lib/raid/built-in.a
  CC      kernel/dma/pool.o
  CC      drivers/acpi/acpica/evevent.o
  CC      mm/page_io.o
  CC      lib/devres.o
  CC      lib/crypto/mpi/mpi-cmp.o
  CC      drivers/virtio/virtio_anchor.o
  CC      net/ethtool/eeprom.o
  CC      kernel/irq/matrix.o
  CC      fs/eventfd.o
  CC      drivers/acpi/acpica/evgpe.o
  CC      drivers/clk/sophgo/clk-sg2042-clkgen.o
  CC      net/ipv4/tcp_output.o
  CC      net/netfilter/nf_log_syslog.o
  CC      net/core/netdev_rx_queue.o
  CC      drivers/acpi/acpica/evgpeblk.o
  CC      net/ethtool/stats.o
  CC      drivers/virtio/virtio_pci_modern_dev.o
  CC      kernel/dma/remap.o
  CC      lib/crypto/mpi/mpi-sub-ui.o
  CC      mm/swap_state.o
  CC      kernel/entry/common.o
  CC      drivers/clk/sophgo/clk-sg2042-pll.o
  CC      drivers/acpi/acpica/evgpeinit.o
  CC      net/ipv6/icmp.o
  CC      fs/aio.o
  AR      kernel/irq/built-in.a
  CC      drivers/clk/sophgo/clk-sg2042-rpgate.o
  CC      fs/locks.o
  CC      drivers/acpi/acpica/evgpeutil.o
  AR      kernel/dma/built-in.a
  CC      drivers/acpi/acpica/evglock.o
  CC      lib/crypto/mpi/mpi-div.o
  CC      net/core/netdev_queues.o
  CC      drivers/virtio/virtio_pci_legacy_dev.o
  CC      net/netfilter/x_tables.o
  AR      drivers/clk/sophgo/built-in.a
  CC      drivers/clk/spacemit/ccu_common.o
  CC      drivers/acpi/acpica/evhandler.o
  CC      drivers/regulator/core.o
  CC      net/ethtool/phc_vclocks.o
  CC      mm/swapfile.o
  CC      kernel/entry/syscall-common.o
  CC      drivers/reset/core.o
  CC      lib/crypto/mpi/mpi-mod.o
  CC      drivers/acpi/acpica/evmisc.o
  CC      drivers/virtio/virtio_mmio.o
  CC      drivers/clk/spacemit/ccu_pll.o
  CC      net/ipv6/mcast.o
  CC      net/core/page_pool.o
  CC      net/ethtool/mm.o
  CC      drivers/acpi/acpica/evregion.o
  CC      fs/binfmt_script.o
  CC      lib/crypto/mpi/mpi-mul.o
  CC      drivers/acpi/button.o
  CC      net/netfilter/xt_tcpudp.o
  CC      kernel/entry/syscall_user_dispatch.o
  CC      drivers/clk/spacemit/ccu_mix.o
  CC      drivers/reset/spacemit/reset-spacemit-common.o
  CC      drivers/acpi/acpica/evrgnini.o
  CC      drivers/virtio/virtio_pci_modern.o
  CC      drivers/reset/spacemit/reset-spacemit-k3.o
  CC      fs/binfmt_elf.o
  CC      net/ipv4/tcp_timer.o
  CC      lib/crypto/mpi/mpih-cmp.o
  CC      drivers/regulator/dummy.o
  CC      drivers/acpi/acpica/evsci.o
  CC      net/ipv4/tcp_ipv4.o
  CC      net/ethtool/module.o
  AR      kernel/entry/built-in.a
  CC      drivers/clk/spacemit/ccu_ddn.o
  CC      kernel/kcmp.o
  AR      drivers/reset/spacemit/built-in.a
  CC      lib/crypto/mpi/mpih-div.o
  AR      drivers/reset/starfive/built-in.a
  CC      drivers/acpi/acpica/evxface.o
  CC      drivers/reset/reset-eic7700.o
  CC      mm/dmapool.o
  CC      net/bridge/br.o
  CC      net/core/page_pool_user.o
  CC      drivers/virtio/virtio_pci_common.o
  CC      net/netfilter/xt_mark.o
  CC      drivers/regulator/fixed-helper.o
  CC      drivers/clk/spacemit/ccu-k3.o
  CC      drivers/acpi/acpica/evxfevnt.o
  CC      drivers/reset/reset-simple.o
  CC      kernel/freezer.o
  CC      mm/hugetlb.o
  CC      fs/compat_binfmt_elf.o
  CC      lib/crypto/mpi/mpih-mul.o
  CC      net/ethtool/cmis_fw_update.o
  CC      drivers/acpi/acpica/evxfgpe.o
  CC      net/ipv6/reassembly.o
  CC      drivers/regulator/helpers.o
  CC      drivers/tty/tty_io.o
  AR      drivers/clk/spacemit/built-in.a
  AR      drivers/clk/starfive/built-in.a
  CC      net/netfilter/xt_addrtype.o
  CC      drivers/virtio/virtio_pci_legacy.o
  CC      drivers/clk/sunxi-ng/ccu_common.o
  CC      drivers/reset/reset-sunxi.o
  CC      drivers/acpi/acpica/evxfregn.o
  CC      net/bridge/br_device.o
  CC      net/core/net-procfs.o
  CC      kernel/profile.o
  CC      lib/crypto/mpi/mpi-pow.o
  CC      drivers/acpi/acpica/exconcat.o
  CC      drivers/clk/sunxi-ng/ccu_mmc_timing.o
  AR      drivers/reset/built-in.a
  AR      drivers/clk/tenstorrent/built-in.a
  CC      drivers/virtio/virtio_balloon.o
  CC      drivers/regulator/devres.o
  CC      lib/hweight.o
  CC      net/ipv4/tcp_minisocks.o
  CC      net/ethtool/cmis_cdb.o
  CC      drivers/acpi/acpica/exconfig.o
  CC      fs/backing-file.o
  CC      drivers/virtio/virtio_input.o
  CC      kernel/stacktrace.o
  CC      net/ipv6/tcp_ipv6.o
  CC      drivers/clk/sunxi-ng/ccu_reset.o
  CC      lib/crypto/mpi/mpiutil.o
  CC      net/netfilter/xt_ipvs.o
  CC      drivers/tty/n_tty.o
  CC      net/core/selftests.o
  CC      drivers/acpi/acpica/exconvrt.o
  CC      net/bridge/br_fdb.o
  CC      drivers/clk/sunxi-ng/ccu_div.o
  CC      drivers/regulator/irq_helpers.o
  CC      drivers/acpi/acpica/excreate.o
  AR      drivers/virtio/built-in.a
  AR      lib/crypto/mpi/built-in.a
  AR      lib/crypto/built-in.a
  CC      kernel/time/time.o
  CC      lib/assoc_array.o
  CC      drivers/char/mem.o
  CC      fs/mbcache.o
  CC      kernel/time/timer.o
  CC      net/ethtool/pse-pd.o
  CC      drivers/clk/sunxi-ng/ccu_frac.o
  CC      drivers/acpi/acpica/exdebug.o
  CC      mm/hugetlb_sysfs.o
  CC      drivers/regulator/of_regulator.o
  CC      net/netfilter/ipvs/ip_vs_conn.o
  CC      drivers/clk/sunxi-ng/ccu_gate.o
  CC      net/ipv4/tcp_cong.o
  CC      lib/bitrev.o
  CC      drivers/tty/tty_ioctl.o
  CC      fs/posix_acl.o
  CC      drivers/acpi/acpica/exdump.o
  CC      drivers/char/random.o
  CC      net/core/netprio_cgroup.o
  CC      drivers/clk/sunxi-ng/ccu_mux.o
  CC      kernel/futex/core.o
  CC      mm/hugetlb_sysctl.o
  CC      lib/linear_ranges.o
  CC      drivers/acpi/acpica/exfield.o
  CC      net/ethtool/plca.o
  CC      kernel/time/hrtimer.o
  CC      net/ipv6/ping.o
  CC      net/bridge/br_forward.o
  CC      drivers/regulator/gpio-regulator.o
  CC      drivers/clk/sunxi-ng/ccu_mult.o
  CC      drivers/tty/tty_ldisc.o
  CC      drivers/acpi/acpica/exfldio.o
  CC      lib/xxhash.o
  CC      fs/nfs_common/grace.o
  CC      mm/memtest.o
  CC      drivers/clk/sunxi-ng/ccu_phase.o
  CC      net/ipv4/tcp_metrics.o
  CC      net/core/netclassid_cgroup.o
  CC      drivers/acpi/acpica/exmisc.o
  CC      net/ethtool/phy.o
  CC      drivers/char/misc.o
  CC      drivers/regulator/spacemit-p1.o
  CC      kernel/futex/syscalls.o
  CC      net/netfilter/ipvs/ip_vs_core.o
  CC      drivers/clk/sunxi-ng/ccu_sdm.o
  CC      drivers/tty/tty_buffer.o
  CC      lib/genalloc.o
  CC      net/ipv6/exthdrs.o
  CC      kernel/time/sleep_timeout.o
  CC      mm/migrate.o
  CC      drivers/acpi/acpica/exmutex.o
  CC      fs/nfs_common/common.o
  CC      net/bridge/br_if.o
  CC      drivers/char/hw_random/core.o
  CC      drivers/clk/sunxi-ng/ccu_nk.o
  CC      drivers/regulator/sun20i-regulator.o
  CC      drivers/acpi/acpica/exnames.o
  CC      drivers/tty/tty_port.o
  CC      kernel/time/timekeeping.o
  CC      net/core/dst_cache.o
  CC      net/ethtool/tsconfig.o
  CC      kernel/futex/pi.o
  CC      lib/zlib_inflate/inffast.o
  CC      drivers/clk/sunxi-ng/ccu_nkm.o
  AR      fs/nfs_common/built-in.a
  CC      fs/coredump.o
  CC      net/ipv4/tcp_fastopen.o
  CC      drivers/acpi/acpica/exoparg1.o
  CC      lib/zlib_inflate/inflate.o
  CC      drivers/char/hw_random/atmel-rng.o
  CC      drivers/tty/tty_mutex.o
  AR      drivers/regulator/built-in.a
  CC      fs/drop_caches.o
  CC      drivers/clk/sunxi-ng/ccu_nkmp.o
  CC      lib/zlib_inflate/infutil.o
  CC      net/ipv6/datagram.o
  CC      mm/page_counter.o
  CC      drivers/acpi/acpica/exoparg2.o
  CC      net/bridge/br_input.o
  CC      kernel/futex/requeue.o
  CC      net/core/gro_cells.o
  CC      drivers/char/hw_random/virtio-rng.o
  CC      mm/memcontrol.o
  CC      net/netfilter/ipvs/ip_vs_ctl.o
  CC      net/ethtool/mse.o
  CC      lib/zlib_inflate/inftrees.o
  CC      kernel/time/ntp.o
  CC      drivers/clk/sunxi-ng/ccu_nm.o
  CC      drivers/acpi/acpica/exoparg3.o
  CC      drivers/tty/tty_ldsem.o
  CC      lib/zlib_inflate/inflate_syms.o
  CC      drivers/tty/tty_baudrate.o
  CC      kernel/futex/waitwake.o
  CC      drivers/acpi/acpica/exoparg6.o
  CC      drivers/clk/sunxi-ng/ccu_mp.o
  CC      net/ipv4/tcp_recovery.o
  AR      drivers/char/hw_random/built-in.a
  AR      drivers/char/built-in.a
  CC      fs/sysctls.o
  CC      net/ipv6/ip6_flowlabel.o
  AR      lib/zlib_inflate/built-in.a
  CC      lib/zlib_deflate/deflate.o
  CC      net/bridge/br_ioctl.o
  CC      fs/fhandle.o
  CC      kernel/time/clocksource.o
  CC      net/core/failover.o
  CC      drivers/tty/tty_jobctrl.o
  CC      drivers/acpi/acpica/exprep.o
  CC      net/core/skmsg.o
  CC      drivers/tty/n_null.o
  AR      net/ethtool/built-in.a
  CC      kernel/smp.o
  CC      drivers/clk/sunxi-ng/ccu-sun20i-d1.o
  AR      kernel/futex/built-in.a
  CC      drivers/acpi/acpica/exregion.o
  CC      lib/zlib_deflate/deftree.o
  CC      mm/vmpressure.o
  CC      net/netfilter/ipvs/ip_vs_sched.o
  CC      drivers/tty/pty.o
  CC      kernel/time/jiffies.o
  CC      drivers/acpi/acpica/exresnte.o
  CC      drivers/clk/sunxi-ng/ccu-sun20i-d1-r.o
  CC      net/ipv4/tcp_ulp.o
  CC      lib/zlib_deflate/deflate_syms.o
  CC      fs/iomap/trace.o
  CC      fs/iomap/iter.o
  CC      net/ipv6/inet6_connection_sock.o
  CC      net/bridge/br_stp.o
  CC      mm/bpf_memcontrol.o
  CC      drivers/acpi/acpica/exresolv.o
  CC      kernel/time/timer_list.o
  CC      drivers/clk/sunxi-ng/ccu-sun8i-de2.o
  CC      kernel/kallsyms.o
  AR      lib/zlib_deflate/built-in.a
  CC      lib/lzo/lzo1x_compress.o
  CC      drivers/acpi/acpica/exresop.o
  CC      lib/lz4/lz4_decompress.o
  CC      drivers/tty/tty_audit.o
  CC      lib/lzo/lzo1x_compress_safe.o
  CC      fs/iomap/buffered-io.o
  CC      net/netfilter/ipvs/ip_vs_xmit.o
  CC      net/core/sock_map.o
  CC      net/ipv4/tcp_offload.o
  CC      mm/hugetlb_cgroup.o
  AR      drivers/clk/sunxi-ng/built-in.a
  AR      drivers/clk/built-in.a
  CC      drivers/acpi/acpica/exserial.o
  CC      net/bridge/br_stp_bpdu.o
  CC      kernel/time/timeconv.o
  CC      drivers/acpi/fan_core.o
  CC      lib/zstd/zstd_compress_module.o
  CC      net/ipv6/udp_offload.o
  CC      lib/lzo/lzo1x_decompress_safe.o
  CC      drivers/tty/vt/vt_ioctl.o
  CC      net/can/af_can.o
  CC      drivers/acpi/acpica/exstore.o
  CC      net/core/bpf_sk_storage.o
  CC      kernel/time/timecounter.o
  CC      kernel/time/alarmtimer.o
  CC      lib/zstd/compress/fse_compress.o
  CC      drivers/tty/vt/vc_screen.o
  CC      drivers/acpi/acpica/exstoren.o
  CC      mm/early_ioremap.o
  AR      lib/lz4/built-in.a
  CC      kernel/time/posix-timers.o
  AR      lib/lzo/built-in.a
  CC      net/ipv4/tcp_plb.o
  CC      lib/zstd/compress/hist.o
  CC      fs/iomap/direct-io.o
  CC      lib/zstd/compress/huf_compress.o
  CC      drivers/acpi/acpica/exstorob.o
  CC      kernel/time/posix-cpu-timers.o
  CC      net/bridge/br_stp_if.o
  CC      net/netfilter/ipvs/ip_vs_app.o
  CC      net/ipv6/seg6.o
  CC      drivers/iommu/iommu-pages.o
  CC      net/can/proc.o
  CC      net/core/of_net.o
  CC      drivers/tty/vt/selection.o
  CC      mm/balloon.o
  CC      drivers/acpi/acpica/exsystem.o
  CC      mm/secretmem.o
  CC      lib/zstd/compress/zstd_compress.o
  CC      net/sunrpc/clnt.o
  CC      fs/iomap/ioend.o
  CC      drivers/tty/vt/keyboard.o
  CC      drivers/acpi/acpica/extrace.o
  CC      net/ipv4/datagram.o
  AR      drivers/iommu/built-in.a
  CC      net/sunrpc/xprt.o
  CC      kernel/time/posix-clock.o
  CC      net/ipv6/fib6_notifier.o
  CC      net/bridge/br_stp_timer.o
  CC      kernel/compat.o
  CC      net/can/bcm.o
  CC      drivers/acpi/acpica/exutils.o
  CC      lib/xz/xz_dec_syms.o
  CC      net/core/devmem.o
  CC      net/netfilter/ipvs/ip_vs_sync.o
  CC      mm/memfd.o
  CC      drivers/acpi/acpica/hwacpi.o
  CC      fs/iomap/fiemap.o
  CC      lib/xz/xz_dec_stream.o
  CC      kernel/time/itimer.o
  CC      drivers/acpi/acpica/hwesleep.o
  CC      net/ipv4/raw.o
  CC      drivers/tty/vt/vt.o
  CC      net/ipv4/udp.o
  CC      net/ipv6/rpl.o
  CC      lib/xz/xz_dec_lzma2.o
  CC      net/bridge/br_netlink.o
  CC      fs/iomap/seek.o
  CC      net/ipv4/udp_offload.o
  CC      drivers/acpi/acpica/hwgpe.o
  CC      mm/page_reporting.o
  CC      net/sunrpc/socklib.o
  CC      lib/zstd/compress/zstd_compress_literals.o
  AR      net/core/built-in.a
  CC      drivers/acpi/fan_attr.o
  CC      net/can/gw.o
  CC      kernel/time/clockevents.o
  CC      net/netfilter/ipvs/ip_vs_est.o
  CC      lib/zstd/compress/zstd_compress_sequences.o
  CC      drivers/acpi/acpica/hwregs.o
  CC      lib/xz/xz_dec_bcj.o
  CC      lib/zstd/compress/zstd_compress_superblock.o
  CC      fs/iomap/bio.o
  CC      net/ipv6/ioam6.o
  CC      mm/ioremap.o
  CC      drivers/acpi/acpica/hwsleep.o
  CC      lib/zstd/compress/zstd_double_fast.o
  CC      drivers/acpi/acpica/hwvalid.o
  AR      lib/xz/built-in.a
  CC      net/netfilter/ipvs/ip_vs_proto.o
  CC      net/ipv6/sysctl_net_ipv6.o
  CC      net/sunrpc/xprtsock.o
  CC      kernel/time/tick-common.o
  CC      lib/percpu_counter.o
  CC      kernel/time/tick-broadcast.o
  CC      drivers/acpi/acpica/hwxface.o
  CC      net/bridge/br_netlink_tunnel.o
  AR      mm/built-in.a
  CC      fs/iomap/swapfile.o
  CC      fs/proc/task_mmu.o
  AR      net/can/built-in.a
  CC      fs/proc/inode.o
  CC      drivers/tty/vt/defkeymap.o
  CC      fs/proc/root.o
  CC      drivers/acpi/acpica/hwxfsleep.o
  CC      drivers/tty/vt/consolemap.o
  CC      drivers/acpi/acpica/hwpci.o
  CC      drivers/tty/serial/serial_core.o
  CC      drivers/acpi/fan_hwmon.o
  CC      net/sunrpc/sched.o
  AR      fs/iomap/built-in.a
  CC      net/ipv4/arp.o
  CC      net/ipv6/xfrm6_policy.o
  CC      net/netfilter/ipvs/ip_vs_pe.o
  CC      kernel/time/tick-broadcast-hrtimer.o
  CC      drivers/acpi/acpica/nsaccess.o
  CC      drivers/base/component.o
  CC      net/netfilter/ipvs/ip_vs_proto_tcp.o
  CC      lib/zstd/compress/zstd_fast.o
  CC      drivers/base/core.o
  CC      drivers/base/bus.o
  CC      net/bridge/br_arp_nd_proxy.o
  CC      drivers/tty/vt/consolemap_deftbl.o
  CC      drivers/tty/vt/ucs.o
  CC      drivers/acpi/acpica/nsalloc.o
  CC      kernel/time/sched_clock.o
  AR      drivers/tty/vt/built-in.a
  CC      lib/audit.o
  CC      lib/syscall.o
  CC      fs/proc/base.o
  CC      lib/zstd/compress/zstd_lazy.o
  CC      drivers/acpi/acpica/nsarguments.o
  AR      drivers/block/built-in.a
  CC      kernel/cgroup/cgroup.o
  CC      kernel/time/tick-oneshot.o
  CC      net/ipv6/xfrm6_state.o
  CC      drivers/acpi/acpi_video.o
  CC      net/sunrpc/auth.o
  CC      drivers/base/dd.o
  CC      net/ipv6/xfrm6_input.o
  CC      net/netfilter/ipvs/ip_vs_proto_udp.o
  CC      drivers/acpi/acpica/nsconvert.o
  CC      net/ipv4/icmp.o
  CC      drivers/tty/serial/serial_base_bus.o
  CC      net/bridge/br_sysfs_if.o
  CC      kernel/time/tick-sched.o
  CC      net/ipv4/devinet.o
  CC      drivers/acpi/acpica/nsdump.o
  CC      net/ipv6/xfrm6_output.o
  CC      net/bridge/br_sysfs_br.o
  CC      drivers/base/syscore.o
  CC      drivers/tty/serial/serial_ctrl.o
  CC      drivers/acpi/acpica/nseval.o
  CC      kernel/time/timer_migration.o
  CC      fs/proc/generic.o
  CC      net/sunrpc/auth_null.o
  CC      net/bridge/br_nf_core.o
  CC      net/netfilter/ipvs/ip_vs_nfct.o
  CC      drivers/acpi/acpica/nsinit.o
  CC      kernel/cgroup/rstat.o
  CC      drivers/tty/serial/serial_port.o
  CC      net/ipv6/xfrm6_protocol.o
  CC      drivers/base/driver.o
  CC      drivers/acpi/acpica/nsload.o
  CC      drivers/misc/eeprom/eeprom_93cx6.o
  CC      fs/proc/array.o
  CC      lib/errname.o
  CC      drivers/mfd/mfd-core.o
  CC      kernel/time/vsyscall.o
  CC      kernel/utsname.o
  CC      drivers/acpi/acpica/nsnames.o
  CC      drivers/base/class.o
  CC      drivers/tty/serial/earlycon.o
  CC      net/sunrpc/auth_tls.o
  AR      drivers/misc/eeprom/built-in.a
  CC      net/bridge/br_multicast.o
  AR      drivers/misc/built-in.a
  CC      drivers/mfd/axp20x.o
  CC      net/ipv4/af_inet.o
  CC      net/ipv4/igmp.o
  AR      net/netfilter/ipvs/built-in.a
  AR      net/netfilter/built-in.a
  CC      fs/kernfs/mount.o
  CC      kernel/time/timekeeping_debug.o
  CC      kernel/cgroup/namespace.o
  CC      drivers/acpi/acpica/nsobject.o
  CC      net/ipv6/netfilter.o
  CC      fs/sysfs/file.o
  CC      fs/configfs/inode.o
  CC      fs/proc/fd.o
  CC      drivers/acpi/acpica/nsparse.o
  CC      drivers/base/platform.o
  CC      drivers/tty/serial/earlycon-riscv-sbi.o
  CC      drivers/mfd/axp20x-i2c.o
  CC      kernel/time/namespace.o
  CC      fs/kernfs/inode.o
  CC      kernel/cgroup/cgroup-v1.o
  CC      net/sunrpc/auth_unix.o
  CC      drivers/acpi/acpica/nspredef.o
  CC      fs/sysfs/dir.o
  CC      fs/configfs/file.o
  CC      drivers/tty/serial/8250/8250_core.o
  CC      drivers/acpi/acpica/nsprepkg.o
  CC      drivers/tty/serial/sifive.o
  CC      fs/proc/proc_tty.o
  CC      drivers/base/cpu.o
  CC      kernel/time/namespace_vdso.o
  CC      drivers/mfd/syscon.o
  CC      fs/sysfs/symlink.o
  CC      net/ipv4/fib_frontend.o
  CC      net/ipv6/proc.o
  CC      fs/configfs/dir.o
  CC      fs/kernfs/dir.o
  CC      drivers/acpi/acpica/nsrepair.o
  CC      drivers/mfd/simple-mfd-i2c.o
  CC      kernel/cgroup/freezer.o
  CC      net/sunrpc/svc.o
  CC      fs/proc/cmdline.o
  AR      kernel/time/built-in.a
  CC      drivers/acpi/video_detect.o
  CC      drivers/base/firmware.o
  CC      net/sysctl_net.o
  CC      drivers/tty/serial/8250/8250_platform.o
  CC      drivers/acpi/acpica/nsrepair2.o
  CC      fs/sysfs/mount.o
  CC      fs/configfs/symlink.o
  CC      fs/proc/consoles.o
  CC      drivers/base/init.o
  CC      kernel/cgroup/legacy_freezer.o
  CC      net/bridge/br_mdb.o
  AR      drivers/mfd/built-in.a
  CC      net/dns_resolver/dns_key.o
  CC      drivers/acpi/acpica/nssearch.o
  CC      drivers/tty/serial/8250/8250_pnp.o
  CC      net/ipv6/sit.o
  CC      net/ipv6/netfilter/nf_defrag_ipv6_hooks.o
  CC      fs/kernfs/file.o
  CC      fs/sysfs/group.o
  CC      fs/proc/cpuinfo.o
  CC      fs/configfs/mount.o
  CC      net/ipv4/fib_semantics.o
  CC      drivers/acpi/acpica/nsutils.o
  CC      net/sunrpc/svcsock.o
  CC      drivers/base/map.o
  CC      net/dns_resolver/dns_query.o
  CC      net/bridge/br_multicast_eht.o
  CC      drivers/tty/serial/8250/8250_port.o
  CC      kernel/cgroup/pids.o
  CC      drivers/acpi/acpica/nswalk.o
  AR      fs/sysfs/built-in.a
  CC      kernel/user_namespace.o
  CC      fs/proc/devices.o
  CC      drivers/base/devres.o
  CC      fs/kernfs/symlink.o
  CC      fs/configfs/item.o
  CC      lib/zstd/compress/zstd_ldm.o
  CC      net/ipv6/netfilter/nf_conntrack_reasm.o
  AR      net/dns_resolver/built-in.a
  CC      drivers/base/attribute_container.o
  CC      drivers/acpi/acpica/nsxfeval.o
  CC      drivers/tty/serial/serial_mctrl_gpio.o
  AR      kernel/cgroup/built-in.a
  CC      drivers/acpi/processor_driver.o
  CC      lib/zstd/compress/zstd_opt.o
  CC      fs/proc/loadavg.o
  CC      net/sunrpc/svcauth.o
  AR      fs/configfs/built-in.a
  CC      net/l3mdev/l3mdev.o
  CC      drivers/acpi/acpica/nsxfname.o
  AR      fs/kernfs/built-in.a
  CC      net/ipv4/fib_trie.o
  CC      drivers/tty/serial/8250/8250_dma.o
  CC      kernel/pid_namespace.o
  CC      net/ipv6/netfilter/ip6t_ipv6header.o
  CC      net/bridge/br_netfilter_hooks.o
  CC      drivers/dax/super.o
  CC      drivers/base/transport_class.o
  CC      drivers/acpi/processor_thermal.o
  CC      drivers/dax/bus.o
  CC      fs/proc/meminfo.o
  CC      drivers/acpi/acpica/nsxfobj.o
  CC      lib/nlattr.o
  CC      drivers/base/topology.o
  CC      drivers/acpi/acpica/psargs.o
  CC      drivers/tty/serial/8250/8250_pcilib.o
  CC      drivers/base/container.o
  AR      net/l3mdev/built-in.a
  UPD     kernel/config_data
  CC      net/ipv6/addrconf_core.o
  CC      kernel/stop_machine.o
  CC      net/sunrpc/svcauth_unix.o
  CC      fs/devpts/inode.o
  CC      lib/zstd/compress/zstd_preSplit.o
  CC      fs/proc/stat.o
  CC      net/bridge/br_netfilter_ipv6.o
  AR      drivers/dax/built-in.a
  CC      lib/zstd/zstd_decompress_module.o
  CC      drivers/dma-buf/dma-buf.o
  CC      drivers/acpi/acpica/psloop.o
  AR      net/ipv6/netfilter/built-in.a
  CC      drivers/acpi/acpica/psobject.o
  CC      drivers/acpi/acpica/psopcode.o
  CC      drivers/tty/serial/8250/8250_early.o
  CC      drivers/base/property.o
  CC      net/ipv6/exthdrs_core.o
  CC      kernel/audit.o
  CC      net/ipv4/fib_notifier.o
  CC      lib/zstd/decompress/huf_decompress.o
  CC      net/sunrpc/addr.o
  CC      fs/proc/uptime.o
  CC      drivers/acpi/acpica/psopinfo.o
  AR      fs/devpts/built-in.a
  CC      drivers/acpi/processor_idle.o
  CC      kernel/auditfilter.o
  CC      fs/ext4/balloc.o
  CC      net/ipv4/inet_fragment.o
  CC      drivers/tty/serial/8250/8250_exar.o
  CC      drivers/acpi/acpica/psparse.o
  CC      drivers/dma-buf/dma-fence.o
  CC      fs/proc/util.o
  CC      fs/ext4/bitmap.o
  AR      net/bridge/built-in.a
  CC      drivers/tty/serial/8250/8250_of.o
  CC      drivers/base/cacheinfo.o
  CC      drivers/acpi/acpica/psscope.o
  CC      drivers/acpi/processor_perflib.o
  CC      net/ipv6/ip6_checksum.o
  CC      net/ipv4/ping.o
  CC      net/sunrpc/rpcb_clnt.o
  CC      fs/proc/version.o
  CC      drivers/dma-buf/dma-fence-array.o
  CC      drivers/acpi/acpica/pstree.o
  CC      drivers/acpi/container.o
  CC      net/ipv4/ip_tunnel_core.o
  CC      fs/ext4/block_validity.o
  CC      lib/zstd/decompress/zstd_ddict.o
  CC      fs/ext4/dir.o
  CC      drivers/tty/serial/8250/8250_pci.o
  CC      drivers/base/swnode.o
  CC      drivers/base/faux.o
  CC      lib/zstd/decompress/zstd_decompress.o
  CC      kernel/auditsc.o
  CC      drivers/acpi/acpica/psutils.o
  CC      fs/proc/softirqs.o
  CC      lib/checksum.o
  CC      drivers/dma-buf/dma-fence-chain.o
  CC      lib/zstd/decompress/zstd_decompress_block.o
  CC      net/ipv6/ip6_icmp.o
  CC      drivers/acpi/acpica/pswalk.o
  CC      net/sunrpc/timer.o
  CC      net/handshake/alert.o
  CC      net/handshake/genl.o
  CC      drivers/acpi/acpi_memhotplug.o
  CC      net/ipv6/output_core.o
  CC      drivers/dma-buf/dma-fence-unwrap.o
  CC      fs/proc/namespaces.o
  CC      kernel/audit_watch.o
  CC      drivers/acpi/acpica/psxface.o
  CC      drivers/base/auxiliary.o
  CC      fs/ext4/ext4_jbd2.o
  CC      net/ipv4/gre_offload.o
  CC      drivers/base/devtmpfs.o
  AR      drivers/tty/serial/8250/built-in.a
  CC      drivers/acpi/acpica/rsaddr.o
  AR      drivers/tty/serial/built-in.a
  AR      drivers/tty/built-in.a
  CC      drivers/dma-buf/dma-resv.o
  CC      fs/proc/self.o
  CC      fs/proc/thread_self.o
  CC      drivers/base/power/sysfs.o
  CC      drivers/base/power/generic_ops.o
  CC      net/sunrpc/xdr.o
  CC      drivers/base/power/common.o
  CC      drivers/acpi/battery.o
  CC      lib/zstd/zstd_common_module.o
  CC      net/handshake/netlink.o
  CC      drivers/acpi/acpica/rscalc.o
  CC      net/ipv6/protocol.o
  CC      fs/ext4/extents.o
  CC      kernel/audit_fsnotify.o
  CC      drivers/base/power/qos.o
  CC      fs/proc/proc_sysctl.o
  CC      drivers/dma-buf/dma-buf-mapping.o
  CC      net/sunrpc/sunrpc_syms.o
  CC      net/sunrpc/cache.o
  CC      drivers/acpi/acpica/rscreate.o
  CC      net/ipv4/metrics.o
  CC      drivers/scsi/scsi.o
  CC      lib/zstd/common/debug.o
  CC      drivers/acpi/cppc_acpi.o
  CC      lib/zstd/common/entropy_common.o
  CC      lib/zstd/common/error_private.o
  CC      lib/zstd/common/fse_decompress.o
  CC      lib/zstd/common/zstd_common.o
  CC      kernel/audit_tree.o
  CC      drivers/acpi/acpica/rsdumpinfo.o
  CC      drivers/acpi/acpica/rsinfo.o
  CC      net/ipv6/ip6_offload.o
  CC      net/handshake/request.o
  CC      drivers/dma-buf/sync_file.o
  AR      lib/zstd/built-in.a
  CC      lib/dynamic_queue_limits.o
  CC      drivers/base/power/runtime.o
  CC      drivers/scsi/hosts.o
  CC      drivers/acpi/acpica/rsio.o
  CC      drivers/base/firmware_loader/main.o
  CC      drivers/base/firmware_loader/builtin/main.o
  CC      fs/proc/proc_net.o
  CC      fs/jbd2/transaction.o
  CC      net/ipv4/netlink.o
  AR      drivers/dma-buf/built-in.a
  CC      net/handshake/tlshd.o
  CC      fs/jbd2/commit.o
  CC      drivers/acpi/acpica/rsirq.o
  AR      drivers/base/firmware_loader/builtin/built-in.a
  CC      net/ipv6/exthdrs_offload.o
  CC      net/sunrpc/rpc_pipe.o
  CC      lib/glob.o
  CC      kernel/seccomp.o
  CC      drivers/acpi/acpica/rslist.o
  CC      drivers/scsi/scsi_ioctl.o
  CC      drivers/base/power/wakeirq.o
  CC      lib/dim/dim.o
  CC      fs/ext4/extents_status.o
  AR      drivers/base/firmware_loader/built-in.a
  CC      drivers/nvme/host/core.o
  CC      fs/proc/kmsg.o
  CC      drivers/ata/libata-core.o
  CC      drivers/acpi/acpica/rsmemory.o
  CC      drivers/ata/libata-scsi.o
  CC      net/ipv4/nexthop.o
  CC      drivers/nvme/host/ioctl.o
  CC      net/handshake/trace.o
  CC      fs/jbd2/recovery.o
  CC      lib/dim/net_dim.o
  CC      net/ipv6/inet6_hashtables.o
  CC      drivers/base/power/main.o
  CC      drivers/acpi/acpica/rsmisc.o
  CC      fs/proc/page.o
  CC      drivers/scsi/scsicam.o
  CC      net/sunrpc/sysfs.o
  CC      drivers/acpi/acpica/rsserial.o
  CC      kernel/utsname_sysctl.o
  CC      fs/ext4/file.o
  CC      fs/jbd2/checkpoint.o
  CC      drivers/mtd/mtdcore.o
  CC      drivers/acpi/acpica/rsutils.o
  CC      kernel/trace/trace_clock.o
  AR      net/handshake/built-in.a
  CC      drivers/acpi/spcr.o
  CC      lib/dim/rdma_dim.o
  CC      drivers/scsi/scsi_error.o
  AR      fs/proc/built-in.a
  CC      net/sunrpc/svc_xprt.o
  CC      drivers/base/power/wakeup.o
  CC      drivers/acpi/acpica/rsxface.o
  CC      net/ipv6/mcast_snoop.o
  CC      drivers/ata/libata-eh.o
  AR      lib/dim/built-in.a
  CC      lib/strncpy_from_user.o
  AR      kernel/trace/built-in.a
  CC      drivers/acpi/acpica/tbdata.o
  CC      kernel/irq_work.o
  CC      fs/ext4/fsmap.o
  CC      drivers/base/auxiliary_sysfs.o
  CC      fs/jbd2/revoke.o
  CC      drivers/nvme/host/sysfs.o
  CC      fs/jbd2/journal.o
  CC      net/ipv4/udp_tunnel_stub.o
  CC      drivers/scsi/scsi_lib.o
  CC      drivers/mtd/mtdsuper.o
  CC      drivers/acpi/acpica/tbfadt.o
  CC      lib/strnlen_user.o
  CC      net/sunrpc/xprtmultipath.o
  CC      kernel/cpu_pm.o
  CC      drivers/base/power/wakeup_stats.o
  CC      drivers/acpi/acpica/tbfind.o
  CC      net/sunrpc/netlink.o
  AR      net/ipv6/built-in.a
  CC      net/ipv4/ip_tunnel.o
  CC      fs/ext4/fsync.o
  CC      drivers/acpi/acpica/tbinstal.o
  CC      drivers/nvme/host/pr.o
  CC      fs/ramfs/inode.o
  CC      lib/net_utils.o
  CC      drivers/ata/libata-transport.o
  CC      drivers/base/power/clock_ops.o
  CC      kernel/bpf/core.o
  CC      drivers/mtd/mtdconcat.o
  CC      drivers/acpi/acpica/tbprint.o
  CC      net/sunrpc/backchannel_rqst.o
  AR      fs/jbd2/built-in.a
  CC      lib/sg_pool.o
  CC      kernel/bpf/syscall.o
  CC      drivers/scsi/scsi_lib_dma.o
  CC      fs/ext4/hash.o
  CC      drivers/spi/spi.o
  CC      drivers/nvme/host/pci.o
  CC      drivers/acpi/pptt.o
  CC      drivers/acpi/acpica/tbutils.o
  CC      fs/ramfs/file-mmu.o
  CC      drivers/scsi/scsi_scan.o
  AR      drivers/base/power/built-in.a
  CC      drivers/ata/libata-trace.o
  CC      drivers/base/regmap/regmap.o
  CC      drivers/mtd/mtdpart.o
  CC      lib/stackdepot.o
  CC      drivers/acpi/acpica/tbxface.o
  CC      drivers/ata/libata-sata.o
  CC      net/sunrpc/stats.o
  CC      fs/ext4/ialloc.o
  CC      net/ipv4/sysctl_net_ipv4.o
  AR      fs/ramfs/built-in.a
  CC      drivers/base/regmap/regcache.o
  CC      drivers/ata/libata-sff.o
  CC      drivers/base/regmap/regcache-rbtree.o
  CC      drivers/acpi/acpica/tbxfload.o
  CC      drivers/mtd/mtdchar.o
  CC      drivers/scsi/scsi_sysfs.o
  CC      lib/asn1_decoder.o
  CC      drivers/acpi/acpica/tbxfroot.o
  CC      net/ipv4/proc.o
  CC      drivers/net/dummy.o
  CC      drivers/spi/spi-mem.o
  CC      drivers/base/pinctrl.o
  CC      drivers/base/regmap/regcache-flat.o
  AR      drivers/nvme/host/built-in.a
  AR      drivers/nvme/built-in.a
  CC      drivers/base/regmap/regcache-maple.o
  CC      lib/fonts/fonts.o
  CC      drivers/acpi/acpica/utaddress.o
  GEN     lib/oid_registry_data.c
  CC      net/sunrpc/sysctl.o
  CC      fs/ext4/indirect.o
  CC      lib/fonts/font_8x8.o
  CC      drivers/mtd/parsers/ofpart_core.o
  CC      drivers/scsi/scsi_devinfo.o
  CC      kernel/events/core.o
  CC      drivers/acpi/acpica/utalloc.o
  CC      drivers/base/platform-msi.o
  CC      drivers/ata/libata-pmp.o
  CC      kernel/events/ring_buffer.o
  CC      lib/fonts/font_8x16.o
  CC      drivers/base/regmap/regmap-debugfs.o
  CC      drivers/spi/spi-cadence-quadspi.o
  CC      drivers/net/macvlan.o
  CC      drivers/acpi/acpica/utascii.o
  CC      net/ipv4/esp4.o
  AR      drivers/mtd/parsers/built-in.a
  CC      drivers/mtd/mtd_blkdevs.o
  AR      lib/fonts/built-in.a
  CC      net/ipv4/tunnel4.o
  CC      net/sunrpc/auth_gss/auth_gss.o
  CC      fs/ext4/inline.o
  CC      drivers/scsi/scsi_sysctl.o
  CC      drivers/acpi/acpica/utbuffer.o
  CC      fs/hugetlbfs/inode.o
  CC      kernel/bpf/verifier.o
  CC      drivers/base/regmap/regmap-i2c.o
  CC      drivers/ata/libata-acpi.o
  CC      kernel/padata.o
  CC      drivers/acpi/acpica/utcksum.o
  CC      drivers/scsi/scsi_proc.o
  CC      drivers/mtd/mtdblock.o
  CC      drivers/spi/spi-fsl-qspi.o
  CC      drivers/acpi/acpica/utcopy.o
  CC      drivers/acpi/acpica/utexcep.o
  CC      drivers/base/regmap/regmap-mmio.o
  CC      drivers/net/loopback.o
  CC      drivers/ata/libata-pata-timings.o
  AR      fs/hugetlbfs/built-in.a
  CC      fs/ext4/inode.o
  AR      drivers/cdrom/built-in.a
  CC      fs/fat/cache.o
  CC      drivers/net/phy/stubs.o
  CC      net/ipv4/ipconfig.o
  CC      fs/fat/dir.o
  CC      drivers/mtd/chips/chipreg.o
  CC      drivers/acpi/acpica/utdebug.o
  CC      drivers/scsi/scsi_debugfs.o
  CC      net/sunrpc/auth_gss/gss_mech_switch.o
  CC      drivers/acpi/acpica/utdecode.o
  CC      drivers/base/regmap/regmap-irq.o
  CC      drivers/spi/spi-sifive.o
  CC      drivers/ata/ahci.o
  CC      drivers/mtd/chips/cfi_probe.o
  CC      drivers/ata/libahci.o
  CC      drivers/acpi/acpica/utdelete.o
  CC      drivers/net/phy/mdio_bus.o
  CC      drivers/acpi/acpica/uterror.o
  CC      drivers/scsi/scsi_trace.o
  CC      drivers/spi/spi-spacemit-k1.o
  CC      kernel/events/callchain.o
  CC      drivers/acpi/acpica/uteval.o
  CC      drivers/mtd/chips/cfi_util.o
  CC      net/sunrpc/auth_gss/svcauth_gss.o
  AR      drivers/base/regmap/built-in.a
  CC      drivers/base/arch_topology.o
  CC      net/ipv4/netfilter.o
  CC      fs/fat/fatent.o
  CC      drivers/ata/ahci_platform.o
  CC      drivers/scsi/scsi_logging.o
  CC      drivers/acpi/acpica/utglobal.o
  CC      drivers/net/phy/phylink.o
  CC      drivers/acpi/acpica/uthex.o
  CC      drivers/mtd/chips/gen_probe.o
  CC      drivers/net/phy/phy.o
  CC      drivers/spi/spi-sun6i.o
  CC      fs/ext4/ioctl.o
  CC      drivers/base/physical_location.o
  AR      kernel/events/built-in.a
  CC      drivers/acpi/acpica/utids.o
  CC      drivers/net/mdio/acpi_mdio.o
  CC      drivers/usb/common/common.o
  CC      drivers/scsi/scsi_pm.o
  CC      net/ipv4/netfilter/nf_defrag_ipv4.o
  CC      drivers/ata/libahci_platform.o
  CC      fs/fat/file.o
  AR      drivers/mtd/chips/built-in.a
  CC      drivers/acpi/acpica/utinit.o
  CC      net/sunrpc/auth_gss/gss_rpc_upcall.o
  CC      drivers/mtd/spi-nor/core.o
  AR      drivers/base/built-in.a
  CC      drivers/usb/phy/phy.o
  AR      drivers/spi/built-in.a
  CC      drivers/usb/phy/of.o
  CC      lib/ucs2_string.o
  CC      drivers/scsi/scsi_bsg.o
  AR      drivers/usb/common/built-in.a
  CC      drivers/scsi/scsi_common.o
  CC      drivers/acpi/acpica/utlock.o
  CC      drivers/net/mdio/fwnode_mdio.o
  CC      drivers/usb/phy/phy-generic.o
  AR      drivers/ata/built-in.a
  CC      lib/sbitmap.o
  AR      net/ipv4/netfilter/built-in.a
  CC      fs/fat/inode.o
  CC      net/ipv4/tcp_cubic.o
  CC      fs/ext4/mballoc.o
  CC      drivers/net/phy/phy-c45.o
  CC      drivers/acpi/acpica/utmath.o
  CC      kernel/bpf/inode.o
  CC      drivers/input/serio/serio.o
  CC      fs/ext4/migrate.o
  CC      drivers/input/input.o
  CC      drivers/scsi/virtio_scsi.o
  CC      net/sunrpc/auth_gss/gss_rpc_xdr.o
  CC      drivers/acpi/acpica/utmisc.o
  AR      drivers/usb/phy/built-in.a
  CC      drivers/net/mdio/of_mdio.o
  CC      drivers/usb/cdns3/core.o
  CC      lib/group_cpus.o
  CC      drivers/acpi/acpica/utmutex.o
  CC      drivers/mtd/spi-nor/sfdp.o
  CC      drivers/input/serio/serport.o
  CC      drivers/usb/host/pci-quirks.o
  CC      fs/fat/misc.o
  CC      net/ipv4/tcp_bpf.o
  CC      kernel/bpf/helpers.o
  CC      drivers/acpi/acpica/utnonansi.o
  CC      drivers/scsi/sd.o
  CC      drivers/net/phy/phy-core.o
  CC      drivers/usb/cdns3/drd.o
  CC      drivers/input/input-compat.o
  CC      lib/devmem_is_allowed.o
  CC      net/sunrpc/auth_gss/trace.o
  AR      drivers/net/mdio/built-in.a
  CC      drivers/input/input-mt.o
  CC      drivers/acpi/acpica/utobject.o
  CC      drivers/input/serio/libps2.o
  CC      drivers/mtd/spi-nor/swp.o
  AR      drivers/usb/host/built-in.a
  CC      drivers/input/input-poller.o
  CC      fs/fat/nfs.o
  CC      lib/fw_table.o
  CC      drivers/usb/cdns3/cdns3-plat.o
  CC      drivers/acpi/acpica/utosi.o
  CC      drivers/acpi/riscv/rhct.o
  CC      drivers/acpi/riscv/init.o
  CC      drivers/net/phy/phy_device.o
  CC      drivers/input/ff-core.o
  AR      drivers/input/serio/built-in.a
  CC      drivers/acpi/riscv/irq.o
  CC      net/sunrpc/auth_gss/gss_krb5_mech.o
  CC      fs/ext4/mmp.o
  CC      drivers/net/pcs/pcs-xpcs.o
  CC      drivers/acpi/acpica/utownerid.o
  AR      lib/lib.a
  CC      lib/oid_registry.o
  CC      net/ipv4/udp_bpf.o
  CC      drivers/mtd/spi-nor/otp.o
  CC      fs/fat/namei_vfat.o
  CC      drivers/usb/cdns3/cdns3-pci-wrap.o
  CC      drivers/acpi/acpica/utpredef.o
  CC      kernel/context_tracking.o
  CC      fs/nfs/client.o
  CC      drivers/input/touchscreen.o
  AR      lib/built-in.a
  CC      fs/nfs/dir.o
  CC      drivers/acpi/riscv/cpuidle.o
  CC      drivers/acpi/acpica/utresdecode.o
  AR      drivers/scsi/built-in.a
  CC      net/sunrpc/auth_gss/gss_krb5_seal.o
  CC      kernel/bpf/tnum.o
  CC      fs/ext4/move_extent.o
  CC      drivers/mtd/spi-nor/sysfs.o
  CC      kernel/bpf/cnum.o
  CC      drivers/usb/musb/musb_core.o
  CC      drivers/usb/cdns3/cdnsp-pci.o
  CC      drivers/net/pcs/pcs-xpcs-plat.o
  CC      drivers/acpi/acpica/utresrc.o
  CC      fs/ext4/namei.o
  CC      drivers/input/touch-overlay.o
  CC      kernel/bpf/log.o
  AR      fs/fat/built-in.a
  CC      fs/exportfs/expfs.o
  CC      net/ipv4/xfrm4_policy.o
  CC      drivers/net/phy/linkmode.o
  CC      drivers/acpi/riscv/cppc.o
  CC      drivers/acpi/acpica/utstate.o
  CC      drivers/mtd/spi-nor/atmel.o
  CC      drivers/acpi/acpica/utstring.o
  CC      drivers/input/vivaldi-fmap.o
  CC      net/sunrpc/auth_gss/gss_krb5_unseal.o
  AR      drivers/usb/cdns3/built-in.a
  CC      drivers/acpi/riscv/rimt.o
  CC      drivers/net/can/dev/skb.o
  AR      fs/exportfs/built-in.a
  CC      drivers/net/can/dev/calc_bittiming.o
  CC      drivers/net/can/dev/bittiming.o
  CC      drivers/net/pcs/pcs-xpcs-nxp.o
  CC      drivers/acpi/acpica/utstrsuppt.o
  CC      drivers/net/ethernet/cadence/macb_main.o
  CC      drivers/net/phy/phy_link_topology.o
  CC      drivers/mtd/spi-nor/eon.o
  CC      drivers/input/mousedev.o
  CC      drivers/usb/musb/musb_trace.o
  CC      kernel/bpf/token.o
  CC      net/ipv4/xfrm4_state.o
  AR      drivers/acpi/riscv/built-in.a
  CC      kernel/iomem.o
  CC      drivers/acpi/acpica/utstrtoul64.o
  CC      fs/nfs/file.o
  CC      net/sunrpc/auth_gss/gss_krb5_wrap.o
  CC      drivers/net/pcs/pcs-xpcs-wx.o
  CC      drivers/mtd/spi-nor/esmt.o
  CC      drivers/acpi/acpica/utxface.o
  CC      drivers/input/evdev.o
  CC      fs/ext4/page-io.o
  CC      drivers/i2c/i2c-boardinfo.o
  CC      net/sunrpc/auth_gss/gss_krb5_crypto.o
  CC      drivers/net/can/dev/dev.o
  CC      drivers/usb/musb/musb_gadget_ep0.o
  CC      drivers/net/phy/phy_caps.o
  CC      kernel/bpf/liveness.o
  CC      drivers/acpi/acpica/utxfinit.o
  CC      net/ipv4/xfrm4_input.o
  CC      drivers/mtd/spi-nor/everspin.o
  CC      drivers/acpi/acpica/utxferror.o
  CC      drivers/i2c/i2c-core-base.o
  CC      drivers/usb/musb/musb_gadget.o
  CC      kernel/rseq.o
  AR      drivers/net/pcs/built-in.a
  CC      fs/ext4/readpage.o
  CC      fs/lockd/clntlock.o
  CC      fs/nfs/getroot.o
  CC      drivers/input/keyboard/atkbd.o
  CC      drivers/usb/gadget/usbstring.o
  CC      drivers/net/can/dev/length.o
  CC      drivers/net/phy/mdio_bus_provider.o
  AR      net/sunrpc/auth_gss/built-in.a
  AR      net/sunrpc/built-in.a
  CC      drivers/acpi/acpica/utxfmutex.o
  CC      drivers/usb/gadget/config.o
  CC      drivers/mtd/spi-nor/gigadevice.o
  AR      drivers/acpi/acpica/built-in.a
  AR      drivers/acpi/built-in.a
  CC      net/ipv4/xfrm4_output.o
  CC      drivers/power/reset/gpio-restart.o
  CC      drivers/power/reset/spacemit-p1-reboot.o
  CC      fs/ext4/resize.o
  CC      drivers/mtd/spi-nor/intel.o
  CC      drivers/usb/gadget/epautoconf.o
  CC      drivers/hwmon/hwmon.o
  CC      drivers/usb/musb/musb_debugfs.o
  AR      drivers/net/ethernet/cadence/built-in.a
  CC      drivers/input/keyboard/gpio_keys.o
  CC      fs/nfs/inode.o
  CC      fs/lockd/clntproc.o
  CC      drivers/net/ethernet/intel/e1000e/82571.o
  CC      drivers/i2c/i2c-core-smbus.o
  CC      drivers/net/can/dev/netlink.o
  CC      kernel/bpf/const_fold.o
  CC      drivers/net/phy/phy_port.o
  CC      fs/ext4/super.o
  CC      drivers/power/reset/syscon-reboot.o
  CC      drivers/usb/gadget/composite.o
  CC      drivers/mtd/spi-nor/issi.o
  CC      drivers/usb/musb/sunxi.o
  CC      net/ipv4/xfrm4_protocol.o
  CC      drivers/input/keyboard/sun4i-lradc-keys.o
  CC      drivers/power/reset/syscon-poweroff.o
  AR      drivers/hwmon/built-in.a
  CC      drivers/i2c/i2c-core-acpi.o
  AR      drivers/net/wireless/built-in.a
  CC      drivers/input/mouse/psmouse-base.o
  CC      drivers/net/phy/mdio_device.o
  CC      kernel/bpf/bpf_iter.o
  CC      drivers/mtd/spi-nor/macronix.o
  CC      fs/lockd/clntxdr.o
  AR      drivers/net/can/dev/built-in.a
  CC      fs/nls/nls_base.o
  AR      drivers/net/can/built-in.a
  CC      drivers/input/mouse/synaptics.o
  CC      drivers/net/ethernet/intel/e1000e/ich8lan.o
  AR      drivers/power/reset/built-in.a
  CC      drivers/power/sequencing/core.o
  AR      drivers/input/keyboard/built-in.a
  GZIP    kernel/config_data.gz
  CC      kernel/configs.o
  AR      drivers/usb/musb/built-in.a
  CC      fs/nfs/super.o
  AR      net/ipv4/built-in.a
  CC      fs/nls/nls_cp437.o
  AR      net/built-in.a
  CC      drivers/i2c/i2c-core-of.o
  CC      drivers/usb/gadget/functions.o
  CC      drivers/i2c/i2c-mux.o
  CC      drivers/mtd/spi-nor/micron-st.o
  CC      drivers/mtd/spi-nor/spansion.o
  CC      drivers/net/phy/swphy.o
  CC      drivers/input/mouse/focaltech.o
  CC      fs/lockd/host.o
  CC      kernel/bpf/map_iter.o
  AR      drivers/power/sequencing/built-in.a
  CC      drivers/power/supply/power_supply_core.o
  CC      fs/nls/nls_iso8859-1.o
  CC      fs/ext4/symlink.o
  CC      drivers/thermal/thermal_core.o
  CC      drivers/usb/gadget/configfs.o
  CC      drivers/net/net_failover.o
  CC      drivers/net/ethernet/intel/e1000e/80003es2lan.o
  CC      drivers/i2c/busses/i2c-designware-common.o
  CC      drivers/mtd/spi-nor/sst.o
  CC      drivers/usb/roles/class.o
  CC      drivers/input/mouse/alps.o
  CC      drivers/net/phy/mdio_devres.o
  AR      fs/nls/built-in.a
  CC      drivers/i2c/busses/i2c-designware-master.o
  CC      fs/nfs/io.o
  CC      fs/ext4/sysfs.o
  CC      kernel/bpf/task_iter.o
  CC      drivers/power/supply/power_supply_sysfs.o
  CC      fs/lockd/svc.o
  AR      drivers/usb/roles/built-in.a
  CC      fs/ext4/xattr.o
  CC      fs/autofs/init.o
  CC      drivers/mtd/spi-nor/winbond.o
  CC      drivers/usb/gadget/u_f.o
  CC      drivers/thermal/thermal_sysfs.o
  CC      drivers/net/phy/phy_package.o
  CC      drivers/thermal/thermal_trip.o
  CC      fs/autofs/inode.o
  CC      drivers/power/supply/power_supply_hwmon.o
  CC      drivers/net/ethernet/intel/e1000e/mac.o
  CC      drivers/i2c/busses/i2c-designware-platdrv.o
  CC      drivers/input/mouse/byd.o
  CC      fs/nfs/direct.o
  CC      drivers/usb/gadget/udc/core.o
  CC      drivers/watchdog/watchdog_core.o
  CC      drivers/mtd/spi-nor/xmc.o
  CC      drivers/input/mouse/logips2pp.o
  CC      drivers/usb/gadget/function/u_serial.o
  CC      drivers/thermal/thermal_helpers.o
  CC      kernel/bpf/prog_iter.o
  AR      drivers/power/supply/built-in.a
  AR      drivers/power/built-in.a
  CC      drivers/usb/gadget/udc/trace.o
  CC      fs/lockd/svclock.o
  CC      fs/autofs/root.o
  CC      drivers/net/phy/fixed_phy.o
  CC      fs/autofs/symlink.o
  CC      drivers/i2c/busses/i2c-k1.o
  CC      drivers/mtd/spi-nor/debugfs.o
  CC      drivers/thermal/thermal_thresholds.o
  CC      drivers/input/mouse/trackpoint.o
  CC      drivers/watchdog/watchdog_dev.o
  CC      fs/ext4/xattr_hurd.o
  CC      fs/ext4/xattr_trusted.o
  CC      drivers/usb/gadget/function/f_serial.o
  AR      drivers/usb/gadget/udc/built-in.a
  CC      drivers/net/ethernet/intel/e1000e/manage.o
  CC      fs/overlayfs/super.o
  CC      kernel/bpf/link_iter.o
  CC      drivers/thermal/thermal_hwmon.o
  CC      fs/lockd/svcshare.o
  CC      fs/nfs/pagelist.o
  CC      fs/autofs/waitq.o
  CC      drivers/i2c/busses/i2c-mv64xxx.o
  CC      drivers/net/phy/micrel.o
  AR      drivers/mtd/spi-nor/built-in.a
  AR      drivers/mtd/built-in.a
  CC      kernel/bpf/hashtab.o
  CC      drivers/input/mouse/cypress_ps2.o
  CC      drivers/usb/gadget/function/f_obex.o
  CC      fs/overlayfs/namei.o
  CC      fs/nfs/read.o
  CC      fs/ext4/xattr_user.o
  CC      drivers/watchdog/sunxi_wdt.o
  CC      drivers/thermal/thermal_of.o
  CC      drivers/net/ethernet/intel/e1000e/nvm.o
  CC      fs/nfs/symlink.o
  CC      fs/autofs/expire.o
  CC      drivers/usb/gadget/function/u_ether.o
  AR      drivers/watchdog/built-in.a
  CC      fs/nfs/unlink.o
  CC      fs/autofs/dev-ioctl.o
  CC      drivers/input/mouse/psmouse-smbus.o
  CC      fs/lockd/svcproc.o
  CC      fs/ext4/fast_commit.o
  AR      drivers/i2c/busses/built-in.a
  AR      drivers/i2c/built-in.a
  CC      drivers/usb/gadget/function/f_ncm.o
  CC      fs/overlayfs/util.o
  CC      drivers/thermal/gov_step_wise.o
  CC      fs/nfs/write.o
  CC      fs/debugfs/inode.o
  CC      kernel/bpf/arraymap.o
  AR      fs/autofs/built-in.a
  AR      drivers/input/mouse/built-in.a
  CC      drivers/net/ethernet/intel/e1000e/phy.o
  AR      drivers/input/built-in.a
  CC      fs/overlayfs/inode.o
  CC      drivers/net/phy/mscc/mscc_main.o
  CC      drivers/thermal/cpufreq_cooling.o
  CC      kernel/bpf/percpu_freelist.o
  CC      fs/ext4/orphan.o
  CC      kernel/bpf/bpf_lru_list.o
  CC      fs/btrfs/super.o
  CC      fs/lockd/svcsubs.o
  CC      drivers/usb/gadget/function/f_ecm.o
  CC      drivers/md/dm.o
  CC      drivers/md/dm-table.o
  CC      fs/debugfs/file.o
  CC      drivers/opp/core.o
  CC      drivers/thermal/devfreq_cooling.o
  CC      drivers/usb/gadget/function/f_eem.o
  CC      fs/overlayfs/file.o
  CC      fs/ext4/acl.o
  CC      fs/lockd/mon.o
  CC      fs/nfs/namespace.o
  CC      kernel/bpf/lpm_trie.o
  AR      drivers/thermal/built-in.a
  CC      drivers/net/ethernet/intel/e1000e/param.o
  CC      drivers/net/phy/mscc/mscc_serdes.o
  CC      drivers/net/phy/motorcomm.o
  CC      fs/btrfs/ctree.o
  CC      fs/efivarfs/inode.o
  AR      fs/debugfs/built-in.a
  CC      fs/btrfs/extent-tree.o
  CC      fs/btrfs/print-tree.o
  CC      drivers/usb/gadget/function/f_subset.o
  CC      fs/efivarfs/file.o
  CC      drivers/md/dm-target.o
  CC      fs/ext4/xattr_security.o
  CC      fs/overlayfs/dir.o
  CC      drivers/opp/cpu.o
  CC      drivers/cpufreq/cpufreq.o
  CC      fs/lockd/trace.o
  CC      fs/nfs/mount_clnt.o
  CC      drivers/net/ethernet/intel/e1000e/ethtool.o
  AR      drivers/net/phy/mscc/built-in.a
  CC      drivers/cpuidle/cpuidle.o
  CC      fs/efivarfs/super.o
  CC      drivers/cpufreq/freq_table.o
  CC      kernel/bpf/map_in_map.o
  CC      drivers/md/dm-linear.o
  CC      drivers/opp/of.o
  CC      drivers/usb/gadget/function/f_mass_storage.o
  AR      fs/ext4/built-in.a
  CC      drivers/mmc/core/core.o
  CC      fs/overlayfs/readdir.o
  CC      fs/efivarfs/vars.o
  CC      drivers/net/phy/realtek/realtek_main.o
  CC      fs/lockd/netlink.o
  CC      drivers/md/dm-stripe.o
  CC      kernel/bpf/bloom_filter.o
  CC      drivers/usb/gadget/function/storage_common.o
  CC      drivers/cpuidle/driver.o
  CC      fs/nfs/nfstrace.o
  CC      drivers/opp/debugfs.o
  CC      drivers/cpufreq/cpufreq_performance.o
  AR      fs/efivarfs/built-in.a
  CC      fs/btrfs/root-tree.o
  CC      drivers/net/ethernet/intel/e1000e/netdev.o
  CC      drivers/mmc/core/bus.o
  CC      drivers/cpuidle/governor.o
  CC      fs/overlayfs/copy_up.o
  CC      drivers/md/dm-ioctl.o
  CC      drivers/mmc/host/sdhci.o
  CC      fs/lockd/nlm3xdr_gen.o
  AR      drivers/opp/built-in.a
  CC      drivers/mmc/host/mmc_spi.o
  CC      drivers/md/dm-io.o
  CC      fs/nfs/export.o
  CC      kernel/bpf/local_storage.o
  CC      drivers/usb/gadget/function/f_fs.o
  CC      drivers/cpufreq/cpufreq_powersave.o
  CC      drivers/net/ethernet/intel/e1000e/ptp.o
  CC      drivers/cpuidle/sysfs.o
  AR      drivers/net/phy/realtek/built-in.a
  AR      drivers/net/phy/built-in.a
  CC      drivers/cpuidle/governors/menu.o
  CC      drivers/mmc/core/host.o
  CC      drivers/cpufreq/cpufreq_ondemand.o
  CC      fs/btrfs/dir-item.o
  CC      drivers/md/dm-kcopyd.o
  CC      fs/btrfs/file-item.o
  CC      fs/overlayfs/export.o
  AR      drivers/cpuidle/governors/built-in.a
  CC      fs/lockd/clnt4xdr.o
  CC      drivers/firmware/dmi_scan.o
  CC      fs/nfs/sysfs.o
  CC      drivers/cpuidle/dt_idle_states.o
  CC      kernel/bpf/queue_stack_maps.o
  CC      drivers/firmware/dmi-id.o
  CC      fs/lockd/svc4proc.o
  CC      drivers/cpufreq/cpufreq_conservative.o
  CC      drivers/mmc/core/mmc.o
  CC      drivers/mmc/host/of_mmc_spi.o
  CC      drivers/md/dm-sysfs.o
  AR      drivers/usb/gadget/function/built-in.a
  CC      drivers/cpuidle/dt_idle_genpd.o
  AR      drivers/usb/gadget/built-in.a
  CC      fs/overlayfs/params.o
  AR      drivers/usb/built-in.a
  CC      drivers/mmc/core/mmc_ops.o
  CC      kernel/bpf/ringbuf.o
  CC      fs/lockd/nlm4xdr_gen.o
  CC      fs/btrfs/inode-item.o
  CC      fs/nfs/fs_context.o
  CC      drivers/firmware/efi/efi.o
  CC      drivers/cpufreq/cpufreq_governor.o
  CC      drivers/firmware/efi/vars.o
  CC      fs/btrfs/disk-io.o
  CC      drivers/cpuidle/cpuidle-riscv-sbi.o
  CC      drivers/mmc/host/dw_mmc.o
  CC      drivers/md/dm-stats.o
  CC      drivers/mmc/core/sd.o
  AR      drivers/crypto/built-in.a
  AR      drivers/net/ethernet/intel/e1000e/built-in.a
  CC      fs/overlayfs/xattrs.o
  CC      kernel/bpf/bpf_insn_array.o
  AR      drivers/net/ethernet/intel/built-in.a
  CC      drivers/net/ethernet/realtek/r8169_main.o
  CC      kernel/bpf/bpf_local_storage.o
  CC      drivers/cpufreq/cpufreq_governor_attr_set.o
  CC      drivers/net/ethernet/realtek/r8169_firmware.o
  CC      drivers/net/ethernet/realtek/r8169_phy_config.o
  AR      drivers/cpuidle/built-in.a
  CC      drivers/cpufreq/cpufreq-dt.o
  CC      drivers/firmware/efi/reboot.o
  CC      fs/lockd/procfs.o
  CC      drivers/mmc/host/dw_mmc-pltfm.o
  AR      fs/overlayfs/built-in.a
  CC      drivers/md/dm-rq.o
  CC      fs/nfs/nfsroot.o
  CC      kernel/bpf/bpf_task_storage.o
  CC      drivers/mmc/core/sd_ops.o
  CC      drivers/clocksource/timer-of.o
  CC      fs/btrfs/transaction.o
  CC      drivers/clocksource/timer-probe.o
  CC      drivers/firmware/efi/memattr.o
  CC      drivers/clocksource/mmio.o
  CC      drivers/cpufreq/cpufreq-dt-platdev.o
  AR      fs/lockd/built-in.a
  CC      drivers/hid/hid-core.o
  CC      drivers/mmc/host/sunxi-mmc.o
  CC      kernel/bpf/fixups.o
  CC      drivers/md/dm-io-rewind.o
  CC      fs/btrfs/inode.o
  CC      drivers/mmc/core/sdio.o
  CC      fs/btrfs/file.o
  CC      drivers/clocksource/timer-sun4i.o
  CC      fs/nfs/sysctl.o
  CC      drivers/cpufreq/cppc_cpufreq.o
  CC      drivers/firmware/efi/tpm.o
  CC      drivers/md/dm-builtin.o
  CC      drivers/of/base.o
  CC      drivers/of/cpu.o
  CC      drivers/mmc/host/sdhci-pltfm.o
  CC      drivers/md/dm-bufio.o
  CC      drivers/clocksource/dummy_timer.o
  CC      drivers/firmware/efi/memmap.o
  AR      drivers/cpufreq/built-in.a
  CC      drivers/hid/hid-input.o
  CC      drivers/md/dm-bio-prison-v1.o
  CC      fs/nfs/nfs3super.o
  CC      drivers/mmc/core/sdio_ops.o
  CC      drivers/of/device.o
  CC      drivers/mmc/host/sdhci-cadence.o
  CC      fs/btrfs/defrag.o
  AR      drivers/net/ethernet/realtek/built-in.a
  CC      drivers/clocksource/timer-riscv.o
  AR      drivers/net/ethernet/built-in.a
  CC      kernel/bpf/cfg.o
  AR      drivers/net/built-in.a
  CC      drivers/mailbox/mailbox.o
  CC      drivers/md/dm-bio-prison-v2.o
  CC      drivers/firmware/efi/fdtparams.o
  CC      drivers/mailbox/pcc.o
  CC      drivers/firmware/efi/esrt.o
  CC      drivers/mmc/core/sdio_bus.o
  CC      drivers/of/module.o
  CC      drivers/firmware/efi/runtime-wrappers.o
  CC      fs/nfs/nfs3client.o
  CC      drivers/mmc/host/sdhci-of-dwcmshc.o
  CC      drivers/mmc/core/sdio_cis.o
  AR      drivers/clocksource/built-in.a
  CC      drivers/hid/hid-quirks.o
  CC      drivers/md/persistent-data/dm-array.o
  CC      fs/btrfs/extent_map.o
  CC      drivers/mmc/host/sdhci-of-k1.o
  CC      drivers/of/platform.o
  CC      fs/nfs/nfs3proc.o
  CC      kernel/bpf/states.o
  CC      drivers/mailbox/sun6i-msgbox.o
  CC      drivers/mmc/core/sdio_io.o
  CC      drivers/rpmsg/rpmsg_core.o
  CC      drivers/mailbox/riscv-sbi-mpxy-mbox.o
  CC      drivers/firmware/efi/efi-init.o
  CC      drivers/md/dm-thin.o
  CC      drivers/hid/hid-debug.o
  CC      drivers/md/persistent-data/dm-bitset.o
  CC      fs/nfs/nfs3xdr.o
  CC      drivers/of/property.o
  CC      drivers/of/kobj.o
  CC      drivers/rpmsg/rpmsg_char.o
  CC      drivers/firmware/efi/riscv-runtime.o
  CC      drivers/firmware/efi/earlycon.o
  CC      drivers/mmc/core/sdio_irq.o
  CC      kernel/bpf/backtrack.o
  CC      fs/btrfs/sysfs.o
  CC      drivers/md/persistent-data/dm-block-manager.o
  CC      drivers/md/persistent-data/dm-space-map-common.o
  AR      drivers/mailbox/built-in.a
  CC      drivers/md/dm-thin-metadata.o
  CC      fs/nfs/nfs4proc.o
  CC      drivers/hid/hid-generic.o
  CC      drivers/mmc/host/cqhci-core.o
  CC      drivers/rpmsg/rpmsg_ctrl.o
  CC      kernel/bpf/check_btf.o
  CC      drivers/mmc/core/sd_uhs2.o
  CC      drivers/devfreq/devfreq.o
  CC      drivers/of/fdt.o
  CC      drivers/firmware/efi/libstub/alignedmem.o
  AR      drivers/firmware/efi/built-in.a
  CC      drivers/extcon/extcon.o
  CC      drivers/md/persistent-data/dm-space-map-disk.o
  AR      drivers/hid/built-in.a
  CC      fs/btrfs/accessors.o
  CC      drivers/mmc/core/slot-gpio.o
  CC      drivers/rpmsg/rpmsg_ns.o
  CC      fs/nfs/nfs4xdr.o
  CC      drivers/md/persistent-data/dm-space-map-metadata.o
  CC      drivers/md/persistent-data/dm-transaction-manager.o
  AR      drivers/mmc/host/built-in.a
  CC      drivers/firmware/efi/libstub/efi-stub-entry.o
  CC      fs/btrfs/xattr.o
  CC      fs/nfs/nfs4state.o
  CC      drivers/iio/industrialio-core.o
  AR      drivers/devfreq/built-in.a
  CC      kernel/bpf/disasm.o
  CC      drivers/iio/industrialio-event.o
  CC      drivers/md/persistent-data/dm-btree.o
  AS      drivers/of/empty_root.dtb.o
  CC      drivers/rpmsg/virtio_rpmsg_bus.o
  CC      drivers/extcon/devres.o
  CC      drivers/of/fdt_address.o
  CC      drivers/mmc/core/regulator.o
  CC      kernel/bpf/mprog.o
  CC      drivers/firmware/efi/libstub/efi-stub-helper.o
  CC      drivers/of/address.o
  AR      drivers/perf/built-in.a
  CC      drivers/iio/inkern.o
  CC      drivers/firmware/efi/libstub/efi-stub.o
  CC      drivers/iio/industrialio-acpi.o
  AR      drivers/extcon/built-in.a
  CC      drivers/mmc/core/pwrseq.o
  CC      fs/btrfs/ordered-data.o
  CC      kernel/bpf/btf.o
  AR      drivers/rpmsg/built-in.a
  CC      drivers/mmc/core/debugfs.o
  CC      drivers/md/persistent-data/dm-btree-remove.o
  CC      fs/nfs/nfs4renewd.o
  CC      drivers/of/irq.o
  CC      drivers/firmware/efi/libstub/fdt.o
  CC      fs/btrfs/extent_io.o
  CC      drivers/nvmem/core.o
  CC      drivers/mmc/core/pwrseq_simple.o
  CC      kernel/bpf/memalloc.o
  CC      fs/nfs/nfs4super.o
  CC      fs/btrfs/volumes.o
  CC      drivers/md/persistent-data/dm-btree-spine.o
  CC      drivers/firmware/efi/libstub/file.o
  AR      drivers/iio/built-in.a
  CC      fs/nfs/nfs4file.o
  CC      drivers/of/of_reserved_mem.o
  CC      kernel/bpf/rqspinlock.o
  CC      fs/btrfs/async-thread.o
  CC      drivers/nvmem/layouts.o
  CC      drivers/mmc/core/pwrseq_emmc.o
  CC      fs/nfs/delegation.o
  CC      fs/nfs/nfs4idmap.o
  CC      drivers/nvmem/layouts/fixed-layout.o
  AR      drivers/md/persistent-data/built-in.a
  AR      drivers/md/built-in.a
  CC      drivers/firmware/efi/libstub/gop.o
  CC      drivers/mmc/core/block.o
  CC      fs/nfs/callback.o
  AR      drivers/of/built-in.a
  CC      drivers/firmware/efi/libstub/intrinsics.o
  CC      drivers/mmc/core/queue.o
  CC      fs/btrfs/ioctl.o
  CC      kernel/bpf/stream.o
  AR      drivers/nvmem/layouts/built-in.a
  CC      fs/nfs/callback_xdr.o
  AR      drivers/nvmem/built-in.a
  CC      fs/btrfs/locking.o
  CC      kernel/bpf/arena.o
  CC      fs/nfs/callback_proc.o
  CC      drivers/firmware/efi/libstub/kaslr.o
  CC      kernel/bpf/range_tree.o
  CC      fs/btrfs/orphan.o
  CC      fs/nfs/nfs4namespace.o
  CC      drivers/firmware/efi/libstub/lib-cmdline.o
  CC      fs/nfs/nfs4getroot.o
  CC      fs/btrfs/export.o
  CC      drivers/firmware/efi/libstub/lib-ctype.o
  CC      fs/nfs/nfs4client.o
  CC      kernel/bpf/devmap.o
  CC      drivers/firmware/efi/libstub/lib-fdt.o
  AR      drivers/mmc/core/built-in.a
  AR      drivers/mmc/built-in.a
  CC      drivers/firmware/efi/libstub/lib-fdt_empty_tree.o
  CC      kernel/bpf/cpumap.o
  CC      fs/btrfs/tree-log.o
  CC      drivers/firmware/efi/libstub/lib-fdt_ro.o
  CC      kernel/bpf/offload.o
  CC      fs/nfs/nfs4session.o
  CC      fs/btrfs/free-space-cache.o
  CC      drivers/firmware/efi/libstub/lib-fdt_rw.o
  CC      kernel/bpf/net_namespace.o
  CC      fs/btrfs/zlib.o
  CC      drivers/firmware/efi/libstub/lib-fdt_sw.o
  CC      fs/nfs/dns_resolve.o
  CC      kernel/bpf/tcx.o
  CC      drivers/firmware/efi/libstub/lib-fdt_wip.o
  CC      fs/btrfs/lzo.o
  CC      drivers/firmware/efi/libstub/mem.o
  CC      kernel/bpf/stackmap.o
  CC      drivers/firmware/efi/libstub/pci.o
  CC      kernel/bpf/cgroup_iter.o
  CC      fs/btrfs/zstd.o
  CC      kernel/bpf/bpf_cgrp_storage.o
  CC      drivers/firmware/efi/libstub/primary_display.o
  CC      fs/nfs/nfs4trace.o
  CC      kernel/bpf/cgroup.o
  CC      fs/btrfs/compression.o
  CC      drivers/firmware/efi/libstub/printk.o
  CC      kernel/bpf/reuseport_array.o
  CC      fs/nfs/pnfs.o
  CC      drivers/firmware/efi/libstub/random.o
  CC      kernel/bpf/crypto.o
  CC      fs/btrfs/delayed-ref.o
  CC      kernel/bpf/relo_core.o
  CC      fs/btrfs/relocation.o
  CC      fs/nfs/pnfs_dev.o
  CC      drivers/firmware/efi/libstub/randomalloc.o
  CC      fs/btrfs/delayed-inode.o
  CC      fs/nfs/pnfs_nfs.o
  CC      kernel/bpf/btf_iter.o
  CC      kernel/bpf/btf_relocate.o
  CC      kernel/bpf/kmem_cache_iter.o
  CC      fs/nfs/nfs4sysctl.o
  CC      drivers/firmware/efi/libstub/riscv-stub.o
  CC      fs/btrfs/scrub.o
  CC      fs/nfs/filelayout/filelayout.o
  CC      fs/nfs/filelayout/filelayoutdev.o
  CC      kernel/bpf/dmabuf_iter.o
  CC      fs/nfs/blocklayout/blocklayout.o
  CC      fs/nfs/blocklayout/dev.o
  CC      fs/btrfs/backref.o
  CC      fs/nfs/flexfilelayout/flexfilelayout.o
  CC      drivers/firmware/efi/libstub/riscv.o
  CC      fs/nfs/blocklayout/extent_tree.o
  CC      drivers/firmware/efi/libstub/secureboot.o
  CC      drivers/firmware/efi/libstub/skip_spaces.o
  CC      fs/nfs/blocklayout/rpc_pipefs.o
  CC      fs/nfs/flexfilelayout/flexfilelayoutdev.o
  CC      fs/btrfs/ulist.o
  CC      drivers/firmware/efi/libstub/string.o
  AR      kernel/bpf/built-in.a
  AR      kernel/built-in.a
  CC      fs/btrfs/qgroup.o
  CC      drivers/firmware/efi/libstub/systable.o
  CC      drivers/firmware/efi/libstub/tpm.o
  CC      fs/btrfs/send.o
  AR      fs/nfs/filelayout/built-in.a
  CC      drivers/firmware/efi/libstub/vsprintf.o
  STUBCPY drivers/firmware/efi/libstub/alignedmem.stub.o
  CC      fs/btrfs/dev-replace.o
  CC      fs/btrfs/raid56.o
  STUBCPY drivers/firmware/efi/libstub/efi-stub-entry.stub.o
  CC      fs/btrfs/uuid-tree.o
  STUBCPY drivers/firmware/efi/libstub/efi-stub-helper.stub.o
  CC      fs/btrfs/props.o
  STUBCPY drivers/firmware/efi/libstub/efi-stub.stub.o
  STUBCPY drivers/firmware/efi/libstub/fdt.stub.o
  STUBCPY drivers/firmware/efi/libstub/file.stub.o
  CC      fs/btrfs/free-space-tree.o
  CC      fs/btrfs/tree-checker.o
  STUBCPY drivers/firmware/efi/libstub/gop.stub.o
  CC      fs/btrfs/space-info.o
  CC      fs/btrfs/block-rsv.o
  STUBCPY drivers/firmware/efi/libstub/intrinsics.stub.o
  STUBCPY drivers/firmware/efi/libstub/kaslr.stub.o
  STUBCPY drivers/firmware/efi/libstub/lib-cmdline.stub.o
  AR      fs/nfs/blocklayout/built-in.a
  CC      fs/btrfs/delalloc-space.o
  CC      fs/btrfs/block-group.o
  STUBCPY drivers/firmware/efi/libstub/lib-ctype.stub.o
  STUBCPY drivers/firmware/efi/libstub/lib-fdt.stub.o
  STUBCPY drivers/firmware/efi/libstub/lib-fdt_empty_tree.stub.o
  STUBCPY drivers/firmware/efi/libstub/lib-fdt_ro.stub.o
  STUBCPY drivers/firmware/efi/libstub/lib-fdt_rw.stub.o
  STUBCPY drivers/firmware/efi/libstub/lib-fdt_sw.stub.o
  STUBCPY drivers/firmware/efi/libstub/lib-fdt_wip.stub.o
  STUBCPY drivers/firmware/efi/libstub/mem.stub.o
  STUBCPY drivers/firmware/efi/libstub/pci.stub.o
  CC      fs/btrfs/discard.o
  STUBCPY drivers/firmware/efi/libstub/primary_display.stub.o
  STUBCPY drivers/firmware/efi/libstub/printk.stub.o
  STUBCPY drivers/firmware/efi/libstub/random.stub.o
  STUBCPY drivers/firmware/efi/libstub/randomalloc.stub.o
  STUBCPY drivers/firmware/efi/libstub/riscv-stub.stub.o
  STUBCPY drivers/firmware/efi/libstub/riscv.stub.o
  CC      fs/btrfs/reflink.o
  STUBCPY drivers/firmware/efi/libstub/secureboot.stub.o
  STUBCPY drivers/firmware/efi/libstub/skip_spaces.stub.o
  STUBCPY drivers/firmware/efi/libstub/string.stub.o
  STUBCPY drivers/firmware/efi/libstub/systable.stub.o
  STUBCPY drivers/firmware/efi/libstub/tpm.stub.o
  STUBCPY drivers/firmware/efi/libstub/vsprintf.stub.o
  AR      drivers/firmware/efi/libstub/lib.a
  AR      drivers/firmware/built-in.a
  AR      drivers/built-in.a
  AR      fs/nfs/flexfilelayout/built-in.a
  AR      fs/nfs/built-in.a
  CC      fs/btrfs/subpage.o
  CC      fs/btrfs/tree-mod-log.o
  CC      fs/btrfs/extent-io-tree.o
  CC      fs/btrfs/fs.o
  CC      fs/btrfs/messages.o
  CC      fs/btrfs/bio.o
  CC      fs/btrfs/lru_cache.o
  CC      fs/btrfs/raid-stripe-tree.o
  CC      fs/btrfs/fiemap.o
  CC      fs/btrfs/direct-io.o
  AR      fs/btrfs/built-in.a
  AR      fs/built-in.a
  AR      built-in.a
  AR      built-in-fixup.a
  COPY    vmlinux.a
  LD      vmlinux.o
  MODPOST vmlinux.symvers
  CC      .vmlinux.export.o
  UPD     include/generated/utsversion.h
  CC      init/version-timestamp.o
  KSYMS   .tmp_vmlinux0.kallsyms.S
  AS      .tmp_vmlinux0.kallsyms.o
  LD      .tmp_vmlinux1
  NM      .tmp_vmlinux1.syms
  KSYMS   .tmp_vmlinux1.kallsyms.S
  AS      .tmp_vmlinux1.kallsyms.o
  LD      .tmp_vmlinux2
  NM      .tmp_vmlinux2.syms
  KSYMS   .tmp_vmlinux2.kallsyms.S
  AS      .tmp_vmlinux2.kallsyms.o
  LD      vmlinux.unstripped
  NM      System.map
  SORTTAB vmlinux.unstripped
  OBJCOPY vmlinux
  GEN     modules.builtin.modinfo
  GEN     modules.builtin
  OBJCOPY arch/riscv/boot/Image
  Kernel: arch/riscv/boot/Image is ready
make[3]: Leaving directory '/home/benni/git/kernel-test/build/randdefconfig-riscv'
make[2]: Leaving directory '/home/benni/git/linux'
