make[3]: Entering directory '/home/benni/git/linux-stable'
make[4]: Entering directory '/home/benni/git/kernel-test-stable/build/randdefconfig-arm64'
  HOSTCC  scripts/kconfig/conf.o
  HOSTCC  scripts/kconfig/confdata.o
  HOSTLD  scripts/kconfig/conf
*** Default configuration is based on 'defconfig'
#
# configuration written to .config
#
make[4]: Leaving directory '/home/benni/git/kernel-test-stable/build/randdefconfig-arm64'
make[3]: Leaving directory '/home/benni/git/linux-stable'
make[3]: Entering directory '/home/benni/git/linux-stable'
make[4]: Entering directory '/home/benni/git/kernel-test-stable/build/randdefconfig-arm64'
.config:11972:warning: override: reassigning to symbol HNS3_HCLGE
.config:11973:warning: override: reassigning to symbol BNX2X
.config:11974:warning: override: reassigning to symbol CRYPTO_AES_ARM64_CE_BLK
.config:11975:warning: override: reassigning to symbol STACKTRACE_SUPPORT
.config:11976:warning: override: reassigning to symbol CLK_R8A77960
.config:11977:warning: override: reassigning to symbol FSL_ENETC_PTP_CLOCK
.config:11978:warning: override: reassigning to symbol USB_RENESAS_USBHS_HCD
.config:11979:warning: override: reassigning to symbol E1000
.config:11980:warning: override: reassigning to symbol BLK_DEV_SD
.config:11981:warning: override: reassigning to symbol ARCH_HAS_GIGANTIC_PAGE
.config:11982:warning: override: reassigning to symbol PINCTRL_EXYNOS
.config:11983:warning: override: reassigning to symbol MDIO_BUS_MUX_MMIOREG
.config:11984:warning: override: reassigning to symbol PINCTRL_RTD1625
.config:11985:warning: override: reassigning to symbol SND_SOC_QDSP6_ASM
.config:11986:warning: override: reassigning to symbol IR_MESON
.config:11987:warning: override: reassigning to symbol COMMON_CLK_MT8167_AUDSYS
.config:11988:warning: override: reassigning to symbol PCIE_CADENCE_HOST
.config:11989:warning: override: reassigning to symbol MTD_CFI_UTIL
.config:11990:warning: override: reassigning to symbol MMC_CQHCI
.config:11991:warning: override: reassigning to symbol NET_DSA_MSCC_FELIX
.config:11992:warning: override: reassigning to symbol SND_SOC_MT8188_MT6359
.config:11993:warning: override: reassigning to symbol SND_SUN8I_CODEC
.config:11994:warning: override: reassigning to symbol MTK_DEVAPC
.config:11995:warning: override: reassigning to symbol VIDEO_HANTRO_SUNXI
.config:11996:warning: override: reassigning to symbol SUN50I_A100_CCU
.config:11997:warning: override: reassigning to symbol SPRD_TIMER
.config:11998:warning: override: reassigning to symbol SND_PCI
.config:11999:warning: override: reassigning to symbol STACKPROTECTOR_PER_TASK
.config:12000:warning: override: reassigning to symbol LS_SCFG_MSI
.config:12001:warning: override: reassigning to symbol CRYPTO_LIB_SHA512
.config:12002:warning: override: reassigning to symbol REGMAP_SPMI
.config:12003:warning: override: reassigning to symbol MHI_BUS
.config:12004:warning: override: reassigning to symbol SND_JACK_INPUT_DEV
.config:12005:warning: override: reassigning to symbol POSIX_MQUEUE
.config:12006:warning: override: reassigning to symbol CPU_FREQ_STAT
.config:12007:warning: override: reassigning to symbol GENERIC_ARCH_TOPOLOGY
.config:12008:warning: override: reassigning to symbol SM_GCC_8350
.config:12009:warning: override: reassigning to symbol IIO
.config:12010:warning: override: reassigning to symbol V4L2_CCI
.config:12011:warning: override: reassigning to symbol MMC_SDHCI_ESDHC_IMX
.config:12012:warning: override: reassigning to symbol MVEBU_GICP
.config:12013:warning: override: reassigning to symbol SPI_RZV2H_RSPI
.config:12014:warning: override: reassigning to symbol XZ_DEC_SPARC
.config:12015:warning: override: reassigning to symbol GENERIC_IRQ_IPI_MUX
.config:12016:warning: override: reassigning to symbol PINCTRL_LPASS_LPI
.config:12017:warning: override: reassigning to symbol DRM_DW_HDMI_I2S_AUDIO
.config:12018:warning: override: reassigning to symbol ACPI_THERMAL_LIB
.config:12019:warning: override: reassigning to symbol COMMON_CLK_MT8196_VDECSYS
.config:12020:warning: override: reassigning to symbol SYSC_R8A77980
.config:12021:warning: override: reassigning to symbol CAN
.config:12022:warning: override: reassigning to symbol SND_SIMPLE_CARD
.config:12023:warning: override: reassigning to symbol CLONE_BACKWARDS
.config:12024:warning: override: reassigning to symbol COMMON_CLK_BD718XX
.config:12025:warning: override: reassigning to symbol SND_SOC_MAX98390
.config:12026:warning: override: reassigning to symbol MEDIA_SUPPORT
.config:12027:warning: override: reassigning to symbol ARCH_HAVE_NMI_SAFE_CMPXCHG
.config:12028:warning: override: reassigning to symbol MTD_SPI_NOR_SWP_DISABLE_ON_VOLATILE
.config:12029:warning: override: reassigning to symbol ARCH_HAS_DEBUG_WX
.config:12030:warning: override: reassigning to symbol EXT4_FS_POSIX_ACL
.config:12031:warning: override: reassigning to symbol ASN1
.config:12032:warning: override: reassigning to symbol TEGRA186_TIMER
.config:12033:warning: override: reassigning to symbol QCOM_SMEM
.config:12034:warning: override: reassigning to symbol HAVE_ARCH_TRANSPARENT_HUGEPAGE
.config:12035:warning: override: reassigning to symbol CLK_R8A7795
.config:12036:warning: override: reassigning to symbol MFD_SIMPLE_MFD_I2C
.config:12037:warning: override: reassigning to symbol GENERIC_BUG
.config:12038:warning: override: reassigning to symbol GPIO_DAVINCI
.config:12039:warning: override: reassigning to symbol IRQ_MSI_IOMMU
.config:12040:warning: override: reassigning to symbol VIRTIO_PCI_LEGACY
.config:12041:warning: override: reassigning to symbol IIO_BUFFER
.config:12042:warning: override: reassigning to symbol SND_SOC_QDSP6_ADM
.config:12043:warning: override: reassigning to symbol PINCTRL_VISCONTI
.config:12044:warning: override: reassigning to symbol ARCH_ENABLE_THP_MIGRATION
.config:12045:warning: override: reassigning to symbol IMX_AIPSTZ
.config:12046:warning: override: reassigning to symbol CC_NO_ARRAY_BOUNDS
.config:12047:warning: override: reassigning to symbol PINCTRL_MESON_GXL
.config:12048:warning: override: reassigning to symbol SPI_BITBANG
.config:12049:warning: override: reassigning to symbol ARCH_HAS_RESET_CONTROLLER
.config:12050:warning: override: reassigning to symbol COMMON_CLK_MT8183_IPU_CONN
.config:12051:warning: override: reassigning to symbol TICK_ONESHOT
.config:12052:warning: override: reassigning to symbol CRC8
.config:12053:warning: override: reassigning to symbol PINCTRL_MT8167
.config:12054:warning: override: reassigning to symbol SERIAL_8250_OMAP_TTYO_FIXUP
.config:12055:warning: override: reassigning to symbol AHCI_QORIQ
.config:12056:warning: override: reassigning to symbol USB_CONFIGFS_ACM
.config:12057:warning: override: reassigning to symbol NET_VENDOR_MUCSE
.config:12058:warning: override: reassigning to symbol PINCTRL_MT8196
.config:12059:warning: override: reassigning to symbol KVM_GENERIC_HARDWARE_ENABLING
.config:12060:warning: override: reassigning to symbol DRM_GEM_SHMEM_HELPER
.config:12061:warning: override: reassigning to symbol I2C_CHARDEV
.config:12062:warning: override: reassigning to symbol TPS6594_PFSM
.config:12063:warning: override: reassigning to symbol DRM_DISPLAY_HDCP_HELPER
.config:12064:warning: override: reassigning to symbol BRCM_USB_PINMAP
.config:12065:warning: override: reassigning to symbol SND_SOC_LPASS_SC7280
.config:12066:warning: override: reassigning to symbol PCIE_MOBIVEIL_HOST
.config:12067:warning: override: reassigning to symbol XZ_DEC_X86
.config:12068:warning: override: reassigning to symbol EXYNOS_USI
.config:12069:warning: override: reassigning to symbol ARCH_KEEMBAY
.config:12070:warning: override: reassigning to symbol SERIAL_8250_DMA
.config:12071:warning: override: reassigning to symbol SND_SOC_TAS2552
.config:12072:warning: override: reassigning to symbol SQUASHFS_FILE_CACHE
.config:12073:warning: override: reassigning to symbol RTC_DRV_ARMADA38X
.config:12074:warning: override: reassigning to symbol MFD_RK8XX
.config:12075:warning: override: reassigning to symbol UID16
.config:12076:warning: override: reassigning to symbol SM_DISPCC_6115
.config:12077:warning: override: reassigning to symbol ARM64_CNP
.config:12078:warning: override: reassigning to symbol IPQ_GCC_5424
.config:12079:warning: override: reassigning to symbol CPU_THERMAL
.config:12080:warning: override: reassigning to symbol ARCH_R9A09G056
.config:12081:warning: override: reassigning to symbol SND_SOC_MSIOF
.config:12082:warning: override: reassigning to symbol SPI_ZYNQMP_GQSPI
.config:12083:warning: override: reassigning to symbol PINCTRL_SC8280XP_LPASS_LPI
.config:12084:warning: override: reassigning to symbol CAN_DEV
.config:12085:warning: override: reassigning to symbol USB_U_SERIAL
.config:12086:warning: override: reassigning to symbol MFD_STM32_LPTIMER
.config:12087:warning: override: reassigning to symbol USB_DWC3_OF_SIMPLE
.config:12088:warning: override: reassigning to symbol BUFFER_HEAD
.config:12089:warning: override: reassigning to symbol USB_F_EEM
.config:12090:warning: override: reassigning to symbol XZ_DEC_ARM
.config:12091:warning: override: reassigning to symbol GPIO_WCD934X
.config:12092:warning: override: reassigning to symbol ARM_SCMI_QUIRKS
.config:12093:warning: override: reassigning to symbol SND_SOC_ES8328
.config:12094:warning: override: reassigning to symbol DRM_MSM_DPU
.config:12095:warning: override: reassigning to symbol QCOM_HFPLL
.config:12096:warning: override: reassigning to symbol DRM_IMX8MP_DW_HDMI_BRIDGE
.config:12097:warning: override: reassigning to symbol CAVIUM_TX2_ERRATUM_219
.config:12098:warning: override: reassigning to symbol DRM_STM_LVDS
.config:12099:warning: override: reassigning to symbol MEMCG
.config:12100:warning: override: reassigning to symbol SLAB_OBJ_EXT
.config:12101:warning: override: reassigning to symbol ARCH_BCM
.config:12102:warning: override: reassigning to symbol LOCALVERSION_AUTO
.config:12103:warning: override: reassigning to symbol REGULATOR_BD9571MWV
.config:12104:warning: override: reassigning to symbol PHY_QCOM_EUSB2_REPEATER
.config:12105:warning: override: reassigning to symbol ARM_GIC_V5
.config:12106:warning: override: reassigning to symbol MEMORY
.config:12107:warning: override: reassigning to symbol CLK_R8A774A1
.config:12108:warning: override: reassigning to symbol RTC_INTF_PROC
.config:12109:warning: override: reassigning to symbol BT_HCIBTUSB_BCM
.config:12110:warning: override: reassigning to symbol PINCTRL_PFC_R8A77961
.config:12111:warning: override: reassigning to symbol REGULATOR_QCOM_RPMH
.config:12112:warning: override: reassigning to symbol IOMMU_API
.config:12113:warning: override: reassigning to symbol CLK_IMX8ULP
.config:12114:warning: override: reassigning to symbol SND_SOC_SOF_COMPRESS
.config:12115:warning: override: reassigning to symbol DMI
.config:12116:warning: override: reassigning to symbol ARCH_TESLA_FSD
.config:12117:warning: override: reassigning to symbol EEPROM_93CX6
.config:12118:warning: override: reassigning to symbol SERIAL_OWL
.config:12119:warning: override: reassigning to symbol PCI_AARDVARK
.config:12120:warning: override: reassigning to symbol CRYPTO_SHA256
.config:12121:warning: override: reassigning to symbol PINCTRL_MT6893
.config:12122:warning: override: reassigning to symbol MMU
.config:12123:warning: override: reassigning to symbol ARM_ARCH_TIMER
.config:12124:warning: override: reassigning to symbol EXPORTFS
.config:12125:warning: override: reassigning to symbol GOOGLE_FIRMWARE
.config:12126:warning: override: reassigning to symbol PHY_ROCKCHIP_EMMC
.config:12127:warning: override: reassigning to symbol CLK_X1E80100_DISPCC
.config:12128:warning: override: reassigning to symbol VFIO_PCI_INTX
.config:12129:warning: override: reassigning to symbol PCS_RZN1_MIIC
.config:12130:warning: override: reassigning to symbol RUSTC_HAS_FILE_WITH_NUL
.config:12131:warning: override: reassigning to symbol SUN55I_A523_MCU_CCU
.config:12132:warning: override: reassigning to symbol AS_IS_GNU
.config:12133:warning: override: reassigning to symbol COMMON_CLK_MESON_DUALDIV
.config:12134:warning: override: reassigning to symbol ARCH_BCMBCA
.config:12135:warning: override: reassigning to symbol BLK_DEBUG_FS
.config:12136:warning: override: reassigning to symbol SND_SOC_WCD939X_SDW
.config:12137:warning: override: reassigning to symbol COMMON_CLK_NUVOTON
.config:12138:warning: override: reassigning to symbol HOTPLUG_SMT
.config:12139:warning: override: reassigning to symbol PHY_MESON_G12A_MIPI_DPHY_ANALOG
.config:12140:warning: override: reassigning to symbol SM_VIDEOCC_8450
.config:12141:warning: override: reassigning to symbol IWLWIFI_OPMODE_MODULAR
.config:12142:warning: override: reassigning to symbol KEYBOARD_IMX_SC_KEY
.config:12143:warning: override: reassigning to symbol BT_HCIBTUSB
.config:12144:warning: override: reassigning to symbol GPIO_REGMAP
.config:12145:warning: override: reassigning to symbol CLK_RASPBERRYPI
.config:12146:warning: override: reassigning to symbol ARM_SMMU_V3
.config:12147:warning: override: reassigning to symbol PINCTRL_AMLOGIC_T7
.config:12148:warning: override: reassigning to symbol DRM_ETNAVIV_THERMAL
.config:12149:warning: override: reassigning to symbol DRM_RCAR_LVDS
.config:12150:warning: override: reassigning to symbol BLOCK
.config:12151:warning: override: reassigning to symbol MAC80211
.config:12152:warning: override: reassigning to symbol MTD
.config:12153:warning: override: reassigning to symbol PHY_BCM_SR_PCIE
.config:12154:warning: override: reassigning to symbol PHY_QCOM_QMP_UFS
.config:12155:warning: override: reassigning to symbol ARCH_HAS_FORCE_DMA_UNENCRYPTED
.config:12156:warning: override: reassigning to symbol WWAN
.config:12157:warning: override: reassigning to symbol PINCTRL_SM8250
.config:12158:warning: override: reassigning to symbol GENERIC_IDLE_POLL_SETUP
.config:12159:warning: override: reassigning to symbol CRASH_DUMP
.config:12160:warning: override: reassigning to symbol NET_CLS_BASIC
.config:12161:warning: override: reassigning to symbol POWER_RESET_GPIO_RESTART
.config:12162:warning: override: reassigning to symbol SDM_LPASSCC_845
.config:12163:warning: override: reassigning to symbol PCI_XGENE_MSI
.config:12164:warning: override: reassigning to symbol DRM_PANEL_MANTIX_MLAF057WE51
.config:12165:warning: override: reassigning to symbol DRM_MEDIATEK_HDMI_V2
.config:12166:warning: override: reassigning to symbol QCOM_WDT
.config:12167:warning: override: reassigning to symbol EFI
.config:12168:warning: override: reassigning to symbol SND_SOC_MT8192_MT6359_RT1015_RT5682
.config:12169:warning: override: reassigning to symbol COMMON_CLK_MEDIATEK
.config:12170:warning: override: reassigning to symbol GENERIC_NET_UTILS
.config:12171:warning: override: reassigning to symbol SND_SOC_LPASS_HDMI
.config:12172:warning: override: reassigning to symbol ARM64_WORKAROUND_SPECULATIVE_UNPRIV_LOAD
.config:12173:warning: override: reassigning to symbol REGULATOR_MT6358
.config:12174:warning: override: reassigning to symbol ARM64_AMU_EXTN
.config:12175:warning: override: reassigning to symbol VIDEO_V4L2_I2C
.config:12176:warning: override: reassigning to symbol ARM_SCMI_TRANSPORT_OPTEE
.config:12177:warning: override: reassigning to symbol PHY_SUN6I_MIPI_DPHY
.config:12178:warning: override: reassigning to symbol TYPEC_MUX_FSA4480
.config:12179:warning: override: reassigning to symbol MFD_RK8XX_I2C
.config:12180:warning: override: reassigning to symbol LEDS_LM3692X
.config:12181:warning: override: reassigning to symbol FUNCTION_ALIGNMENT_4B
.config:12182:warning: override: reassigning to symbol COMMON_CLK_MT8186_MFGCFG
.config:12183:warning: override: reassigning to symbol PINCTRL_APPLE_GPIO
.config:12184:warning: override: reassigning to symbol RTC_DRV_DA9063
.config:12185:warning: override: reassigning to symbol SND_SOC_ES7241
.config:12186:warning: override: reassigning to symbol INTERCONNECT_IMX8MM
.config:12187:warning: override: reassigning to symbol MTK_INFRACFG
.config:12188:warning: override: reassigning to symbol VIDEO_RENESAS_VSP1
.config:12189:warning: override: reassigning to symbol CGROUPS
.config:12190:warning: override: reassigning to symbol SDM_VIDEOCC_845
.config:12191:warning: override: reassigning to symbol ARCH_HAS_STRICT_KERNEL_RWX
.config:12192:warning: override: reassigning to symbol V4L2_VP9
.config:12193:warning: override: reassigning to symbol MDIO_BUS_MUX_MESON_G12A
.config:12194:warning: override: reassigning to symbol CRYPTO_ECB
.config:12195:warning: override: reassigning to symbol CLK_BCM_SR
.config:12196:warning: override: reassigning to symbol CLK_R9A08G045
.config:12197:warning: override: reassigning to symbol NET_DSA
.config:12198:warning: override: reassigning to symbol MTK_ADSP_IPC
.config:12199:warning: override: reassigning to symbol GRACE_PERIOD
.config:12200:warning: override: reassigning to symbol VIDEOBUF2_DMA_SG
.config:12201:warning: override: reassigning to symbol MOUSE_PS2_SYNAPTICS_SMBUS
.config:12202:warning: override: reassigning to symbol GARP
.config:12203:warning: override: reassigning to symbol SND_SOC_QDSP6_AFE
.config:12204:warning: override: reassigning to symbol MMC_SDHCI_AM654
.config:12205:warning: override: reassigning to symbol HAVE_ARM_SMCCC_DISCOVERY
.config:12206:warning: override: reassigning to symbol CORESIGHT
.config:12207:warning: override: reassigning to symbol SYSCTL_EXCEPTION_TRACE
.config:12208:warning: override: reassigning to symbol SND_SUN4I_I2S
.config:12209:warning: override: reassigning to symbol MTD_CFI_STAA
.config:12210:warning: override: reassigning to symbol FRAMEBUFFER_CONSOLE_DETECT_PRIMARY
.config:12211:warning: override: reassigning to symbol BGMAC
.config:12212:warning: override: reassigning to symbol VIDEO_AMPHION_VPU
.config:12213:warning: override: reassigning to symbol THERMAL_EMULATION
.config:12214:warning: override: reassigning to symbol PM_CLK
.config:12215:warning: override: reassigning to symbol ARM_IMX_CPUFREQ_DT
.config:12216:warning: override: reassigning to symbol RC_CORE
.config:12217:warning: override: reassigning to symbol COMMON_CLK_MT8186_MMSYS
.config:12218:warning: override: reassigning to symbol SUN8I_DE2_CCU
.config:12219:warning: override: reassigning to symbol QCOM_SPMI_ADC_TM5
.config:12220:warning: override: reassigning to symbol HWMON
.config:12221:warning: override: reassigning to symbol DRM_PARADE_PS8640
.config:12222:warning: override: reassigning to symbol COMMON_RESET_HI6220
.config:12223:warning: override: reassigning to symbol ARCH_SUPPORTS_NUMA_BALANCING
.config:12224:warning: override: reassigning to symbol DPAA_ERRATUM_A050385
.config:12225:warning: override: reassigning to symbol RATIONAL
.config:12226:warning: override: reassigning to symbol DRM_VC4
.config:12227:warning: override: reassigning to symbol INTERCONNECT_QCOM_SM8250
.config:12228:warning: override: reassigning to symbol PHY_SAMSUNG_USB2
.config:12229:warning: override: reassigning to symbol RENESAS_RPCIF
.config:12230:warning: override: reassigning to symbol ASYNC_TX_ENABLE_CHANNEL_SWITCH
.config:12231:warning: override: reassigning to symbol NET_VENDOR_EZCHIP
.config:12232:warning: override: reassigning to symbol SND_SOC_SOF_IPC3
.config:12233:warning: override: reassigning to symbol DMA_DIRECT_REMAP
.config:12234:warning: override: reassigning to symbol ARM_SCMI_PROTOCOL
.config:12235:warning: override: reassigning to symbol NXP_ENETC_PF_COMMON
.config:12236:warning: override: reassigning to symbol RTC_INTF_SYSFS
.config:12237:warning: override: reassigning to symbol CRC_ITU_T
.config:12238:warning: override: reassigning to symbol V4L2_FWNODE
.config:12239:warning: override: reassigning to symbol PHY_QCOM_QUSB2
.config:12240:warning: override: reassigning to symbol MEDIA_TUNER_TDA827X
.config:12241:warning: override: reassigning to symbol DRM_RCAR_DW_HDMI
.config:12242:warning: override: reassigning to symbol I2C_RK3X
.config:12243:warning: override: reassigning to symbol DEVMEM
.config:12244:warning: override: reassigning to symbol ACPI_APEI_GHES
.config:12245:warning: override: reassigning to symbol CPU_FREQ
.config:12246:warning: override: reassigning to symbol ARCH_TEGRA_234_SOC
.config:12247:warning: override: reassigning to symbol HISILICON_LPC
.config:12248:warning: override: reassigning to symbol COMMON_CLK_MT8173
.config:12249:warning: override: reassigning to symbol SM_GCC_4450
.config:12250:warning: override: reassigning to symbol MFD_CROS_EC_DEV
.config:12251:warning: override: reassigning to symbol I2C_APPLE
.config:12252:warning: override: reassigning to symbol USB_SNP_UDC_PLAT
.config:12253:warning: override: reassigning to symbol NET_SCH_FIFO
.config:12254:warning: override: reassigning to symbol MEDIA_TUNER_TDA9887
.config:12255:warning: override: reassigning to symbol HIGH_RES_TIMERS
.config:12256:warning: override: reassigning to symbol MARVELL_88Q2XXX_PHY
.config:12257:warning: override: reassigning to symbol HAVE_HARDLOCKUP_DETECTOR_BUDDY
.config:12258:warning: override: reassigning to symbol SND_SOC_LPASS_CPU
.config:12259:warning: override: reassigning to symbol DRM_DISPLAY_HDMI_HELPER
.config:12260:warning: override: reassigning to symbol SYSFB
.config:12261:warning: override: reassigning to symbol IPQ_APSS_5424
.config:12262:warning: override: reassigning to symbol TEGRA_SOCTHERM
.config:12263:warning: override: reassigning to symbol PCI_HISI
.config:12264:warning: override: reassigning to symbol COMMON_CLK_MT8188_VPPSYS
.config:12265:warning: override: reassigning to symbol CROS_EC_UCSI
.config:12266:warning: override: reassigning to symbol SERIAL_8250_EM
.config:12267:warning: override: reassigning to symbol COMMON_CLK_MT8167
.config:12268:warning: override: reassigning to symbol DECOMPRESS_ZSTD
.config:12269:warning: override: reassigning to symbol PWM_BCM2835
.config:12270:warning: override: reassigning to symbol SND_USB
.config:12271:warning: override: reassigning to symbol DWMAC_ROCKCHIP
.config:12285:warning: override: reassigning to symbol DRM
.config:12286:warning: override: reassigning to symbol SOUND
.config:12287:warning: override: reassigning to symbol STAGING
.config:12288:warning: override: reassigning to symbol INFINIBAND
.config:12289:warning: override: reassigning to symbol MEDIA_SUPPORT
.config:12292:warning: override: reassigning to symbol PRINTK
.config:12295:warning: override: reassigning to symbol TTY
.config:12296:warning: override: reassigning to symbol SERIAL_8250
.config:12297:warning: override: reassigning to symbol SERIAL_8250_CONSOLE
.config:12298:warning: override: reassigning to symbol SERIAL_AMBA_PL011
.config:12299:warning: override: reassigning to symbol SERIAL_AMBA_PL011_CONSOLE
.config:12300:warning: override: reassigning to symbol BLK_DEV_INITRD
.config:12301:warning: override: reassigning to symbol RD_GZIP
.config:12303:warning: override: reassigning to symbol BINFMT_ELF
.config:12304:warning: override: reassigning to symbol BINFMT_SCRIPT
.config:12305:warning: override: reassigning to symbol TMPFS
#
# configuration written to .config
#
make[4]: Leaving directory '/home/benni/git/kernel-test-stable/build/randdefconfig-arm64'
make[3]: Leaving directory '/home/benni/git/linux-stable'
make[3]: Entering directory '/home/benni/git/linux-stable'
make[4]: Entering directory '/home/benni/git/kernel-test-stable/build/randdefconfig-arm64'
  SYNC    include/config/auto.conf
  WRAP    arch/arm64/include/generated/uapi/asm/errno.h
  HOSTCC  scripts/sorttable.o
  HOSTLD  scripts/sorttable
  GEN     arch/arm64/include/generated/asm/cpucap-defs.h
  GEN     arch/arm64/include/generated/asm/kernel-hwcap.h
  GEN     arch/arm64/include/generated/asm/sysreg-defs.h
  CC      scripts/mod/empty.o
  CC      scripts/mod/devicetable-offsets.s
  MKELF   scripts/mod/elfconfig.h
  HOSTCC  scripts/mod/modpost.o
  HOSTCC  scripts/mod/file2alias.o
  HOSTCC  scripts/mod/sumversion.o
  HOSTCC  scripts/mod/symsearch.o
  HOSTLD  scripts/mod/modpost
  CC      kernel/bounds.s
  CC      arch/arm64/kernel/asm-offsets.s
  UPD     include/generated/asm-offsets.h
  CC      kernel/sched/rq-offsets.s
  UPD     include/generated/rq-offsets.h
  CALL    /home/benni/git/linux-stable/scripts/checksyscalls.sh 
  LDS     arch/arm64/kernel/vdso/vdso.lds
  CC      arch/arm64/kernel/vdso/vgettimeofday.o
  AS      arch/arm64/kernel/vdso/note.o
  AS      arch/arm64/kernel/vdso/sigreturn.o
  CC      arch/arm64/kernel/vdso/vgetrandom.o
  AS      arch/arm64/kernel/vdso/vgetrandom-chacha.o
  LD      arch/arm64/kernel/vdso/vdso.so.dbg
  VDSOSYM include/generated/vdso-offsets.h
  OBJCOPY arch/arm64/kernel/vdso/vdso.so
  GEN     usr/initramfs_data.cpio
  CC      certs/system_keyring.o
  CC      arch/arm64/net/bpf_jit_comp.o
  AS      arch/arm64/lib/clear_page.o
  CC      init/main.o
  CC      ipc/compat.o
  COPY    usr/initramfs_inc_data
  AS      usr/initramfs_data.o
  CC      arch/arm64/mm/dma-mapping.o
  AR      usr/built-in.a
  CC      security/keys/gc.o
  AS      arch/arm64/lib/clear_user.o
  CC      arch/arm64/kvm/hyp-constants.s
  CC      io_uring/io_uring.o
  CC      block/bdev.o
  CC      arch/arm64/kernel/debug-monitors.o
  CC      fs/open.o
  AS      arch/arm64/lib/copy_from_user.o
  CC      lib/argv_split.o
  CC      kernel/fork.o
  CC      crypto/api.o
  CC      mm/filemap.o
  AS      arch/arm64/lib/copy_page.o
  AS      arch/arm64/lib/copy_to_user.o
  CC      arch/arm64/lib/csum.o
  AS      certs/system_certificates.o
  AR      certs/built-in.a
  CC      lib/bug.o
  CC      block/fops.o
  CC      arch/arm64/mm/extable.o
  CC      arch/arm64/lib/delay.o
  CC      ipc/util.o
  CC      security/keys/key.o
  AS      arch/arm64/kernel/entry.o
  CC      crypto/cipher.o
  CC      arch/arm64/kernel/irq.o
  CC      arch/arm64/mm/fault.o
  UPD     init/utsversion-tmp.h
  CC      init/do_mounts.o
  CC      lib/buildid.o
  CC      init/do_mounts_initrd.o
  CC      arch/arm64/kvm/hyp/vhe/timer-sr.o
  CC      arch/arm64/lib/insn.o
  CC      fs/read_write.o
  CC      block/bio.o
  CC      crypto/algapi.o
  CC      arch/arm64/kernel/fpsimd.o
  AS      arch/arm64/lib/memchr.o
  AS      arch/arm64/lib/memcmp.o
  CC      ipc/msgutil.o
  CC      security/keys/keyring.o
  AS      arch/arm64/lib/memcpy.o
  CC      kernel/exec_domain.o
  CC      lib/clz_tab.o
  AS      arch/arm64/lib/memset.o
  CC      lib/cmdline.o
  CC      lib/cpumask.o
  CC      arch/arm64/kvm/hyp/vhe/sysreg-sr.o
  AS      arch/arm64/lib/strchr.o
  AS      arch/arm64/net/bpf_timed_may_goto.o
  CC      io_uring/opdef.o
  AS      arch/arm64/lib/strcmp.o
  AR      arch/arm64/net/built-in.a
  CC      arch/arm64/xen/../../arm/xen/enlighten.o
  CC      arch/arm64/crypto/ghash-ce-glue.o
  AS      arch/arm64/lib/strlen.o
  CC      arch/arm64/mm/init.o
  AS      arch/arm64/lib/strncmp.o
  CC      mm/mempool.o
  CC      init/initramfs.o
  AS      arch/arm64/lib/strnlen.o
  AS      arch/arm64/lib/strrchr.o
  AS      arch/arm64/lib/tishift.o
  AS      arch/arm64/lib/mte.o
  CC      ipc/msg.o
  CC      lib/ctype.o
  CC      crypto/scatterwalk.o
  AR      arch/arm64/lib/lib.a
  CC      kernel/panic.o
  CC      lib/dec_and_lock.o
  AR      arch/arm64/lib/built-in.a
  CC      arch/arm64/xen/../../arm/xen/grant-table.o
  CC      arch/arm64/kernel/entry-common.o
  CC      io_uring/kbuf.o
  CC      fs/file_table.o
  CC      block/elevator.o
  CC      security/keys/keyctl.o
  AS      arch/arm64/crypto/ghash-ce-core.o
  CC      lib/decompress.o
  CC      block/blk-core.o
  CC      lib/decompress_bunzip2.o
  CC      arch/arm64/crypto/aes-ce-ccm-glue.o
  CC      mm/oom_kill.o
  AS      arch/arm64/mm/cache.o
  CC      arch/arm64/mm/copypage.o
  CC      init/calibrate.o
  CC      arch/arm64/xen/../../arm/xen/p2m.o
  CC      crypto/proc.o
  CC      kernel/cpu.o
  CC      init/init_task.o
  CC      arch/arm64/kvm/hyp/vhe/debug-sr.o
  CC      ipc/sem.o
  CC      io_uring/rsrc.o
  CC      lib/decompress_inflate.o
  CC      fs/super.o
  AS      arch/arm64/crypto/aes-ce-ccm-core.o
  CC      ipc/shm.o
  AS      arch/arm64/kernel/entry-fpsimd.o
  CC      arch/arm64/crypto/aes-glue-ce.o
  CC      arch/arm64/mm/flush.o
  CC      arch/arm64/kernel/process.o
  CC      crypto/aead.o
  CC      arch/arm64/xen/../../arm/xen/mm.o
  CC      security/keys/permission.o
  CC      block/blk-sysfs.o
  CC      mm/fadvise.o
  CC      init/version.o
  CC      lib/decompress_unlz4.o
  CC      arch/arm64/mm/ioremap.o
  AR      arch/arm64/crypto/built-in.a
  CC      lib/decompress_unlzma.o
  CC      arch/arm64/kvm/hyp/vhe/switch.o
  AS      arch/arm64/xen/hypercall.o
  CC      security/keys/process_keys.o
  CC      crypto/geniv.o
  AR      arch/arm64/xen/built-in.a
  UPD     arch/arm64/kvm/hyp_constants.h
  CC      crypto/lskcipher.o
  AR      init/built-in.a
  LDS     arch/arm64/kvm/hyp/nvhe/hyp.lds
  CC      arch/arm64/kvm/hyp/nvhe/timer-sr.nvhe.o
  CC      security/commoncap.o
  CC      kernel/exit.o
  CC      arch/arm64/kernel/ptrace.o
  CC      fs/char_dev.o
  CC      io_uring/notif.o
  CC      mm/maccess.o
  CC      kernel/softirq.o
  CC      block/blk-flush.o
  CC      ipc/syscall.o
  CC      arch/arm64/mm/mmap.o
  CC      lib/decompress_unlzo.o
  CC      lib/decompress_unxz.o
  CC      security/keys/request_key.o
  CC      crypto/skcipher.o
  CC      fs/stat.o
  CC      mm/page-writeback.o
  CC      arch/arm64/mm/pgd.o
  CC      security/keys/request_key_auth.o
  CC      block/blk-settings.o
  CC      ipc/ipc_sysctl.o
  CC      arch/arm64/kvm/hyp/pgtable.o
  CC      arch/arm64/kvm/hyp/nvhe/sysreg-sr.nvhe.o
  CC      io_uring/tctx.o
  CC      arch/arm64/kvm/../../../virt/kvm/kvm_main.o
  CC      lib/decompress_unzstd.o
  CC      kernel/resource.o
  CC      arch/arm64/kernel/setup.o
  CC      ipc/namespace.o
  CC      arch/arm64/kvm/hyp/vhe/tlb.o
  CC      arch/arm64/mm/mem_encrypt.o
  CC      arch/arm64/kvm/hyp/vhe/../vgic-v3-sr.o
  CC      security/keys/user_defined.o
  CC      crypto/bpf_crypto_skcipher.o
  CC      fs/exec.o
  CC      block/blk-ioc.o
  CC      io_uring/filetable.o
  CC      lib/dump_stack.o
  CC      mm/folio-compat.o
  CC      arch/arm64/mm/mmu.o
  CC      arch/arm64/kernel/signal.o
  CC      arch/arm64/kvm/hyp/nvhe/debug-sr.nvhe.o
  AR      ipc/built-in.a
  CC      mm/readahead.o
  CC      security/keys/compat.o
  CC      security/lsm_syscalls.o
  CC      crypto/echainiv.o
  CC      kernel/sysctl.o
  CC      lib/earlycpio.o
  CC      io_uring/rw.o
  CC      arch/arm64/kvm/../../../virt/kvm/eventfd.o
  CC      block/blk-map.o
  CC      lib/extable.o
  CC      kernel/capability.o
  CC      crypto/ahash.o
  CC      security/keys/proc.o
  CC      block/blk-merge.o
  CC      fs/pipe.o
  CC      arch/arm64/kvm/hyp/vhe/../aarch32.o
  CC      lib/fdt.o
  CC      mm/swap.o
  CC      lib/fdt_addresses.o
  CC      arch/arm64/kvm/hyp/nvhe/switch.nvhe.o
  CC      lib/fdt_empty_tree.o
  CC      arch/arm64/kvm/hyp/nvhe/tlb.nvhe.o
  CC      block/blk-timeout.o
  CC      lib/fdt_ro.o
  CC      arch/arm64/kernel/sys.o
  CC      security/keys/sysctl.o
  CC      arch/arm64/kernel/stacktrace.o
  CC      drivers/irqchip/irqchip.o
  CC      io_uring/poll.o
  CC      lib/fdt_rw.o
  CC      kernel/ptrace.o
  CC      arch/arm64/mm/context.o
  CC      lib/fdt_strerror.o
  CC      lib/fdt_sw.o
  CC      crypto/shash.o
  CC      lib/fdt_wip.o
  AS      arch/arm64/mm/proc.o
  CC      block/blk-lib.o
  CC      lib/flex_proportions.o
  CC      arch/arm64/kernel/time.o
  CC      security/keys/keyctl_pkey.o
  CC      fs/namei.o
  CC      arch/arm64/kvm/hyp/vhe/../vgic-v2-cpuif-proxy.o
  AS      arch/arm64/kvm/hyp/nvhe/hyp-init.nvhe.o
  CC      drivers/irqchip/irq-alpine-msi.o
  CC      mm/truncate.o
  CC      fs/fcntl.o
  CC      arch/arm64/mm/pageattr.o
  CC      drivers/bus/arm-cci.o
  CC      lib/idr.o
  CC      lib/iomem_copy.o
  CC      kernel/user.o
  CC      arch/arm64/kernel/traps.o
  AR      security/keys/built-in.a
  CC      security/min_addr.o
  AS      arch/arm64/kvm/hyp/nvhe/host.nvhe.o
  CC      crypto/akcipher.o
  CC      io_uring/tw.o
  CC      block/blk-mq.o
  CC      arch/arm64/kvm/hyp/nvhe/hyp-main.nvhe.o
  CC      drivers/irqchip/irq-owl-sirq.o
  CC      security/security.o
  CC      lib/irq_regs.o
  CC      drivers/bus/fsl-mc/fsl-mc-bus.o
  CC      arch/arm64/mm/fixmap.o
  CC      mm/vmscan.o
  AS      arch/arm64/kvm/hyp/vhe/../entry.o
  CC      arch/arm64/kernel/io.o
  CC      lib/is_single_threaded.o
  AS      arch/arm64/kvm/hyp/vhe/../fpsimd.o
  CC      kernel/signal.o
  AS      arch/arm64/kvm/hyp/vhe/../hyp-entry.o
  CC      arch/arm64/kvm/hyp/vhe/../exception.o
  CC      arch/arm64/kvm/hyp/vhe/../vgic-v5-sr.o
  CC      crypto/sig.o
  CC      drivers/irqchip/irq-tegra.o
  CC      io_uring/wait.o
  CC      kernel/sys.o
  CC      lib/klist.o
  CC      arch/arm64/kernel/vdso.o
  CC      arch/arm64/mm/contpte.o
  CC      drivers/bus/fsl-mc/mc-sys.o
  CC      lib/kobject.o
  CC      arch/arm64/kvm/hyp/nvhe/hyp-smp.nvhe.o
  CC      drivers/irqchip/irq-dw-apb-ictl.o
  CC      drivers/bus/fsl-mc/mc-io.o
  AS      arch/arm64/kernel/hyp-stub.o
  CC      fs/ioctl.o
  CC      crypto/rsapubkey.asn1.o
  CC      crypto/rsaprivkey.asn1.o
  CC      arch/arm64/kernel/psci.o
  CC      crypto/rsa.o
  CC      kernel/umh.o
  CC      lib/kobject_uevent.o
  CC      security/lsm_notifier.o
  CC      io_uring/eventfd.o
  CC      arch/arm64/mm/hugetlbpage.o
  CC      drivers/bus/fsl-mc/dpbp.o
  CC      mm/shrinker.o
  AR      arch/arm64/kvm/hyp/vhe/built-in.a
  CC      drivers/irqchip/irq-sun6i-r.o
  CC      block/blk-mq-tag.o
  CC      security/lsm_init.o
  CC      arch/arm64/kernel/cpu_ops.o
  CC      lib/logic_pio.o
  CC      crypto/rsa_helper.o
  CC      arch/arm64/kvm/hyp/nvhe/psci-relay.nvhe.o
  CC      fs/readdir.o
  CC      io_uring/uring_cmd.o
  CC      fs/select.o
  CC      kernel/workqueue.o
  CC      drivers/phy/phy-core.o
  CC      drivers/bus/fsl-mc/dpcon.o
  CC      crypto/rsa-pkcs1pad.o
  CC      kernel/pid.o
  CC      drivers/irqchip/irq-sunxi-nmi.o
  CC      mm/shmem.o
  CC      arch/arm64/kernel/return_address.o
  CC      arch/arm64/mm/trans_pgd.o
  CC      lib/maple_tree.o
  CC      security/inode.o
  CC      block/blk-mq-dma.o
  CC      drivers/bus/fsl-mc/dprc.o
  CC      io_uring/openclose.o
  CC      crypto/rsassa-pkcs1.o
  CC      mm/util.o
  CC      drivers/phy/phy-core-mipi-dphy.o
  CC      arch/arm64/kvm/hyp/nvhe/early_alloc.nvhe.o
  CC      drivers/irqchip/irq-gic.o
  CC      arch/arm64/kernel/cpuinfo.o
  AS      arch/arm64/mm/trans_pgd-asm.o
  CC      security/lsm_audit.o
  CC      arch/arm64/mm/mteswap.o
  CC      block/blk-stat.o
  CC      security/device_cgroup.o
  CC      fs/dcache.o
  CC      drivers/bus/fsl-mc/dprc-driver.o
  CC      crypto/acompress.o
  CC      io_uring/sqpoll.o
  CC      arch/arm64/kernel/cpu_errata.o
  CC      drivers/phy/phy-xgene.o
  CC      drivers/irqchip/irq-gic-common.o
  CC      block/blk-mq-sysfs.o
  CC      arch/arm64/kvm/hyp/nvhe/page_alloc.nvhe.o
  CC      arch/arm64/mm/gcs.o
  CC      kernel/task_work.o
  CC      crypto/scompress.o
  CC      drivers/bus/fsl-mc/fsl-mc-allocator.o
  AS      arch/arm64/kvm/hyp/nvhe/cache.nvhe.o
  CC      arch/arm64/kernel/cpufeature.o
  CC      drivers/bus/qcom-ebi2.o
  CC      security/integrity/iint.o
  CC      mm/mmzone.o
  CC      drivers/pinctrl/core.o
  CC      drivers/irqchip/irq-gic-pm.o
  CC      drivers/phy/allwinner/phy-sun4i-usb.o
  CC      block/blk-mq-cpumap.o
  CC      io_uring/xattr.o
  CC      fs/inode.o
  CC      kernel/extable.o
  CC      drivers/bus/fsl-mc/fsl-mc-msi.o
  AR      arch/arm64/mm/built-in.a
  CC      io_uring/nop.o
  CC      arch/arm64/kvm/../../../virt/kvm/binary_stats.o
  CC      lib/memcat_p.o
  CC      mm/vmstat.o
  CC      crypto/algboss.o
  CC      security/integrity/integrity_audit.o
  CC      arch/arm64/kvm/hyp/nvhe/setup.nvhe.o
  CC      drivers/irqchip/irq-msi-lib.o
  CC      lib/nmi_backtrace.o
  CC      block/blk-mq-sched.o
  CC      drivers/bus/fsl-mc/dpmcp.o
  CC      drivers/pinctrl/pinctrl-utils.o
  CC      lib/objpool.o
  AR      drivers/phy/allwinner/built-in.a
  CC      drivers/phy/amlogic/phy-meson8b-usb2.o
  CC      io_uring/fs.o
  CC      kernel/params.o
  CC      drivers/irqchip/irq-gic-v2m.o
  CC      arch/arm64/kernel/alternative.o
  CC      arch/arm64/kvm/hyp/nvhe/mm.nvhe.o
  AR      security/integrity/built-in.a
  AR      security/built-in.a
  CC      crypto/testmgr.o
  CC      net/devres.o
  CC      drivers/pinctrl/pinmux.o
  CC      fs/attr.o
  CC      lib/plist.o
  CC      drivers/bus/fsl-mc/obj-api.o
  CC      lib/radix-tree.o
  CC      mm/backing-dev.o
  CC      fs/bad_inode.o
  CC      drivers/phy/amlogic/phy-meson-gxl-usb2.o
  CC      arch/arm64/kvm/../../../virt/kvm/vfio.o
  CC      block/ioctl.o
  CC      io_uring/splice.o
  CC      drivers/irqchip/irq-gic-v3.o
  CC      arch/arm64/kernel/cacheinfo.o
  CC      crypto/crypto_user.o
  CC      kernel/kthread.o
  AR      drivers/bus/fsl-mc/built-in.a
  CC      drivers/pinctrl/pinconf.o
  CC      drivers/bus/stm32_firewall.o
  CC      kernel/sys_ni.o
  CC      net/socket.o
  CC      fs/file.o
  CC      arch/arm64/kvm/hyp/nvhe/mem_protect.nvhe.o
  CC      arch/arm64/kernel/smp.o
  CC      lib/ratelimit.o
  CC      crypto/ecb.o
  CC      drivers/phy/amlogic/phy-meson-g12a-usb2.o
  CC      mm/mm_init.o
  CC      io_uring/sync.o
  CC      arch/arm64/kvm/../../../virt/kvm/coalesced_mmio.o
  CC      drivers/pinctrl/pinconf-generic.o
  CC      lib/rbtree.o
  CC      drivers/bus/stm32_rifsc.o
  CC      block/genhd.o
  CC      drivers/irqchip/irq-gic-v3-mbi.o
  CC      drivers/gpio/gpiolib.o
  CC      crypto/lzo.o
  CC      kernel/nsproxy.o
  CC      lib/seq_buf.o
  CC      drivers/pinctrl/devicetree.o
  CC      io_uring/msg_ring.o
  CC      drivers/phy/amlogic/phy-meson-g12a-usb3-pcie.o
  CC      drivers/bus/stm32_etzpc.o
  CC      crypto/lzo-rle.o
  CC      fs/filesystems.o
  CC      lib/siphash.o
  CC      arch/arm64/kernel/smp_spin_table.o
  CC      kernel/nstree.o
  CC      mm/percpu.o
  CC      drivers/irqchip/irq-gic-its-msi-parent.o
  CC      drivers/pinctrl/pinctrl-max77620.o
  CC      block/ioprio.o
  CC      arch/arm64/kvm/hyp/nvhe/sys_regs.nvhe.o
  CC      fs/namespace.o
  CC      drivers/bus/sun50i-de2.o
  CC      crypto/rng.o
  CC      lib/string.o
  CC      net/core/sock.o
  CC      io_uring/advise.o
  CC      drivers/phy/amlogic/phy-meson-axg-pcie.o
  CC      arch/arm64/kernel/topology.o
  CC      block/badblocks.o
  CC      drivers/pinctrl/pinctrl-rockchip.o
  CC      drivers/irqchip/irq-gic-v3-its.o
  CC      drivers/bus/sunxi-rsb.o
  CC      lib/sys_info.o
  CC      mm/slab_common.o
  CC      kernel/nscommon.o
  CC      drivers/gpio/gpiolib-devres.o
  CC      io_uring/statx.o
  CC      crypto/asymmetric_keys/asymmetric_type.o
  CC      drivers/phy/amlogic/phy-meson-axg-mipi-pcie-analog.o
  AS      arch/arm64/kernel/smccc-call.o
  CC      arch/arm64/kernel/syscall.o
  CC      block/partitions/core.o
  CC      drivers/bus/simple-pm-bus.o
  CC      lib/timerqueue.o
  CC      drivers/irqchip/irq-gic-v4.o
  CC      kernel/notifier.o
  CC      arch/arm64/kvm/hyp/nvhe/pkvm.nvhe.o
  CC      drivers/gpio/gpiolib-legacy.o
  CC      lib/union_find.o
  CC      crypto/asymmetric_keys/restrict.o
  CC      lib/vsprintf.o
  CC      io_uring/timeout.o
  CC      drivers/bus/ti-sysc.o
  CC      drivers/phy/amlogic/phy-meson-axg-mipi-dphy.o
  CC      drivers/pinctrl/pinctrl-single.o
  CC      mm/compaction.o
  CC      arch/arm64/kernel/proton-pack.o
  CC      drivers/pinctrl/pinctrl-zynqmp.o
  CC      block/partitions/msdos.o
  CC      drivers/gpio/gpiolib-of.o
  CC      kernel/ksysfs.o
  CC      crypto/asymmetric_keys/signature.o
  CC      fs/seq_file.o
  AR      drivers/phy/amlogic/built-in.a
  CC      net/core/skbuff.o
  AR      drivers/phy/broadcom/built-in.a
  AR      drivers/phy/cadence/built-in.a
  CC      io_uring/cancel.o
  CC      drivers/phy/freescale/phy-fsl-imx8m-pcie.o
  CC      crypto/asymmetric_keys/public_key.o
  CC      drivers/irqchip/irq-gic-v3-its-fsl-mc-msi.o
  CC      fs/xattr.o
  CC      kernel/cred.o
  CC      drivers/pinctrl/actions/pinctrl-owl.o
  CC      block/partitions/efi.o
  CC      arch/arm64/kernel/idle.o
  CC      drivers/bus/uniphier-system-bus.o
  CC      drivers/gpio/gpiolib-cdev.o
  CC      arch/arm64/kvm/hyp/nvhe/stacktrace.nvhe.o
  CC      crypto/asymmetric_keys/x509.asn1.o
  CC      arch/arm64/kernel/patching.o
  CC      crypto/asymmetric_keys/x509_akid.asn1.o
  CC      mm/show_mem.o
  CC      drivers/irqchip/irq-gic-v5.o
  CC      crypto/asymmetric_keys/x509_cert_parser.o
  AR      drivers/phy/freescale/built-in.a
  CC      arch/arm64/kernel/pi/idreg-override.o
  CC      drivers/bus/vexpress-config.o
  CC      drivers/phy/hisilicon/phy-hi6220-usb.o
  CC      io_uring/waitid.o
  CC      drivers/pinctrl/actions/pinctrl-s700.o
  CC      lib/win_minmax.o
  CC      kernel/reboot.o
  AR      block/partitions/built-in.a
  CC      block/blk-rq-qos.o
  CC      arch/arm64/kvm/hyp/nvhe/ffa.nvhe.o
  CC      crypto/asymmetric_keys/x509_loader.o
  CC      drivers/gpio/gpiolib-swnode.o
  CC      lib/xarray.o
  CC      fs/libfs.o
  CC      io_uring/register.o
  CC      drivers/pinctrl/actions/pinctrl-s900.o
  CC      arch/arm64/kernel/pi/map_kernel.o
  AR      drivers/bus/mhi/built-in.a
  AR      drivers/bus/built-in.a
  CC      drivers/phy/hisilicon/phy-histb-combphy.o
  CC      virt/lib/irqbypass.o
  CC      crypto/asymmetric_keys/x509_public_key.o
  CC      mm/interval_tree.o
  CC      mm/list_lru.o
  CC      block/disk-events.o
  CC      drivers/irqchip/irq-gic-v5-irs.o
  CC      kernel/async.o
  CC      drivers/gpio/gpiolib-shared.o
  AR      drivers/pinctrl/actions/built-in.a
  AR      drivers/pinctrl/bcm/built-in.a
  CC      drivers/pinctrl/freescale/pinctrl-imx.o
  AR      virt/lib/built-in.a
  AR      virt/built-in.a
  CC      lib/lockref.o
  CC      arch/arm64/kernel/pi/map_range.o
  CC      crypto/asymmetric_keys/pkcs7.asn1.o
  CC      drivers/phy/hisilicon/phy-hisi-inno-usb2.o
  CC      crypto/asymmetric_keys/pkcs7_parser.o
  CC      drivers/pinctrl/freescale/pinctrl-scu.o
  CC      drivers/pinctrl/freescale/pinctrl-imx-scmi.o
  CC      lib/bcd.o
  CC      kernel/range.o
  CC      arch/arm64/kvm/hyp/nvhe/../vgic-v3-sr.nvhe.o
  CC      lib/sort.o
  CC      mm/workingset.o
  CC      kernel/smpboot.o
  CC      block/blk-ia-ranges.o
  CC      fs/fs-writeback.o
  CC      drivers/gpio/gpio-mmio.o
  CC      io_uring/truncate.o
  CC      arch/arm64/kernel/pi/lib-fdt.o
  CC      lib/parser.o
  CC      drivers/pwm/core.o
  CC      crypto/asymmetric_keys/pkcs7_trust.o
  CC      drivers/irqchip/irq-gic-v5-its.o
  CC      drivers/irqchip/irq-gic-v5-iwb.o
  CC      arch/arm64/kernel/pi/lib-fdt_ro.o
  CC      drivers/pinctrl/freescale/pinctrl-imx8mm.o
  AR      drivers/phy/hisilicon/built-in.a
  CC      drivers/phy/marvell/phy-mvebu-a3700-comphy.o
  CC      arch/arm64/kernel/pi/relocate.o
  CC      kernel/ucount.o
  CC      lib/debug_locks.o
  CC      crypto/asymmetric_keys/pkcs7_verify.o
  CC      block/early-lookup.o
  CC      mm/debug.o
  CC      net/core/datagram.o
  CC      drivers/gpio/gpio-blzp1600.o
  CC      lib/random32.o
  CC      drivers/pinctrl/freescale/pinctrl-imx8mn.o
  CC      io_uring/memmap.o
  CC      arch/arm64/kernel/pi/kaslr_early.o
  OBJCOPY arch/arm64/kernel/pi/idreg-override.pi.o
  CC      arch/arm64/kernel/rsi.o
  CC      fs/pnode.o
  CC      kernel/regset.o
  CC      drivers/pwm/pwm-rockchip.o
  CC      lib/bust_spinlocks.o
  CC      arch/arm64/kvm/hyp/nvhe/../aarch32.nvhe.o
  AR      crypto/asymmetric_keys/built-in.a
  AR      crypto/built-in.a
  OBJCOPY arch/arm64/kernel/pi/map_kernel.pi.o
  CC      drivers/irqchip/irq-mbigen.o
  CC      mm/gup.o
  CC      block/bsg.o
  CC      drivers/pinctrl/freescale/pinctrl-imx8mp.o
  OBJCOPY arch/arm64/kernel/pi/map_range.pi.o
  OBJCOPY arch/arm64/kernel/pi/lib-fdt.pi.o
  OBJCOPY arch/arm64/kernel/pi/lib-fdt_ro.pi.o
  OBJCOPY arch/arm64/kernel/pi/relocate.pi.o
  OBJCOPY arch/arm64/kernel/pi/kaslr_early.pi.o
  AR      arch/arm64/kernel/pi/built-in.a
  CC      drivers/gpio/gpio-dwapb.o
  CC      kernel/ksyms_common.o
  CC      arch/arm64/kvm/../../../virt/kvm/irqchip.o
  CC      drivers/pinctrl/mediatek/mtk-eint.o
  CC      drivers/phy/marvell/phy-mvebu-a3700-utmi.o
  CC      arch/arm64/kernel/jump_label.o
  CC      fs/splice.o
  CC      io_uring/alloc_cache.o
  CC      drivers/pwm/pwm-samsung.o
  CC      lib/kasprintf.o
  CC      arch/arm64/kernel/sys32.o
  CC      drivers/pinctrl/freescale/pinctrl-imx8mq.o
  CC      drivers/irqchip/irq-renesas-irqc.o
  CC      net/core/stream.o
  CC      block/bsg-lib.o
  CC      kernel/groups.o
  CC      lib/bitmap.o
  CC      drivers/pinctrl/mediatek/pinctrl-mtk-common.o
  CC      drivers/gpio/gpio-en7523.o
  CC      drivers/gpio/gpio-imx-scu.o
  CC      arch/arm64/kvm/hyp/nvhe/../vgic-v2-cpuif-proxy.nvhe.o
  CC      drivers/phy/marvell/phy-mvebu-cp110-comphy.o
  CC      io_uring/query.o
  CC      drivers/pinctrl/freescale/pinctrl-imx8qm.o
  AR      drivers/pwm/built-in.a
  CC      drivers/gpio/gpio-max732x.o
  CC      drivers/irqchip/irq-renesas-rzg2l.o
  CC      arch/arm64/kernel/signal32.o
  CC      block/blk-cgroup.o
  CC      lib/scatterlist.o
  CC      drivers/irqchip/irq-renesas-rzt2h.o
  CC      fs/sync.o
  CC      kernel/sched/core.o
  CC      drivers/pinctrl/freescale/pinctrl-imx8qxp.o
  CC      mm/mmap_lock.o
  CC      drivers/gpio/gpio-max77620.o
  CC      net/core/scm.o
  CC      drivers/pinctrl/mediatek/pinctrl-mtk-common-v2.o
  CC      io_uring/loop.o
  CC      drivers/pinctrl/meson/pinctrl-meson.o
  AR      drivers/phy/marvell/built-in.a
  CC      drivers/phy/mediatek/phy-mtk-tphy.o
  AS      arch/arm64/kvm/hyp/nvhe/../entry.nvhe.o
  AS      arch/arm64/kvm/hyp/nvhe/../fpsimd.nvhe.o
  CC      drivers/pinctrl/meson/pinctrl-meson8-pmx.o
  AS      arch/arm64/kvm/hyp/nvhe/../hyp-entry.nvhe.o
  CC      drivers/irqchip/irq-renesas-rzv2h.o
  CC      arch/arm64/kvm/hyp/nvhe/../exception.nvhe.o
  CC      drivers/pinctrl/freescale/pinctrl-imx8dxl.o
  CC      drivers/gpio/gpio-mb86s7x.o
  CC      arch/arm64/kernel/sys_compat.o
  CC      fs/utimes.o
  CC      lib/list_sort.o
  CC      drivers/pinctrl/mediatek/pinctrl-moore.o
  CC      mm/vma_init.o
  CC      lib/uuid.o
  CC      io_uring/zcrx.o
  CC      arch/arm64/kvm/hyp/nvhe/../pgtable.nvhe.o
  CC      lib/iov_iter.o
  CC      net/core/gen_stats.o
  CC      drivers/pinctrl/meson/pinctrl-meson-gxbb.o
  CC      block/blk-cgroup-rwstat.o
  CC      drivers/pinctrl/freescale/pinctrl-imx8ulp.o
  CC      drivers/gpio/gpio-mpc8xxx.o
  CC      drivers/irqchip/irq-xilinx-intc.o
  AS      arch/arm64/kernel/sigreturn32.o
  AS      arch/arm64/kernel/kuser32.o
  CC      arch/arm64/kernel/module.o
  CC      drivers/pinctrl/mediatek/pinctrl-paris.o
  CC      fs/d_path.o
  CC      mm/highmem.o
  CC      drivers/pinctrl/meson/pinctrl-meson-axg-pmx.o
  CC      drivers/pinctrl/freescale/pinctrl-imx91.o
  CC      block/mq-deadline.o
  CC      drivers/phy/mediatek/phy-mtk-ufs.o
  CC      net/core/gen_estimator.o
  CC      drivers/gpio/gpio-mvebu.o
  CC      fs/stack.o
  CC      drivers/irqchip/irq-mtk-sysirq.o
  CC      drivers/pinctrl/freescale/pinctrl-imx93.o
  CC      arch/arm64/kernel/module-plts.o
  CC      arch/arm64/kvm/hyp/nvhe/../vgic-v5-sr.nvhe.o
  CC      drivers/pinctrl/meson/pinctrl-meson-axg.o
  CC      mm/memory.o
  CC      kernel/sched/fair.o
  CC      drivers/pinctrl/mediatek/pinctrl-mt2712.o
  AS      arch/arm64/kvm/hyp/nvhe/../../../kernel/smccc-call.nvhe.o
  CC      fs/fs_struct.o
  CC      lib/clz_ctz.o
  AR      drivers/phy/mediatek/built-in.a
  CC      drivers/pinctrl/mediatek/pinctrl-mt6765.o
  CC      lib/bsearch.o
  AR      drivers/phy/qualcomm/built-in.a
  CC      io_uring/io-wq.o
  CC      drivers/phy/renesas/r8a779f0-ether-serdes.o
  CC      block/kyber-iosched.o
  CC      drivers/irqchip/irq-mtk-cirq.o
  AR      drivers/pinctrl/freescale/built-in.a
  CC      drivers/gpio/gpio-mxc.o
  CC      drivers/gpio/gpio-pca953x.o
  CC      net/core/net_namespace.o
  CC      drivers/pinctrl/meson/pinctrl-meson-g12a.o
  CC      drivers/irqchip/irq-imx-gpcv2.o
  CC      arch/arm64/kernel/perf_regs.o
  AS      arch/arm64/kvm/hyp/nvhe/../../../lib/clear_page.nvhe.o
  AS      arch/arm64/kvm/hyp/nvhe/../../../lib/copy_page.nvhe.o
  CC      drivers/pinctrl/mediatek/pinctrl-mt6779.o
  CC      fs/statfs.o
  AS      arch/arm64/kvm/hyp/nvhe/../../../lib/memcpy.nvhe.o
  CC      lib/find_bit.o
  AS      arch/arm64/kvm/hyp/nvhe/../../../lib/memset.nvhe.o
  AS      arch/arm64/kvm/hyp/nvhe/../../../lib/tishift.nvhe.o
  CC      drivers/leds/led-core.o
  HOSTCC  arch/arm64/kvm/hyp/nvhe/gen-hyprel
  CC      lib/llist.o
  LD      arch/arm64/kvm/hyp/nvhe/kvm_nvhe.tmp.o
  CC      drivers/phy/renesas/phy-rcar-gen3-pcie.o
  CC      block/bfq-iosched.o
  CC      drivers/pinctrl/meson/pinctrl-meson-a1.o
  CC      block/bfq-wf2q.o
  HYPREL  arch/arm64/kvm/hyp/nvhe/hyp-reloc.S
  AS      arch/arm64/kvm/hyp/nvhe/hyp-reloc.o
  LD      arch/arm64/kvm/hyp/nvhe/kvm_nvhe.rel.o
  CC      drivers/irqchip/irq-mvebu-gicp.o
  HYPCOPY arch/arm64/kvm/hyp/nvhe/kvm_nvhe.o
  AR      arch/arm64/kvm/hyp/nvhe/built-in.a
  CC      lib/lwq.o
  AR      arch/arm64/kvm/hyp/built-in.a
  CC      arch/arm64/kvm/../../../virt/kvm/dirty_ring.o
  CC      arch/arm64/kernel/perf_callchain.o
  CC      drivers/gpio/gpio-pl061.o
  CC      drivers/pinctrl/mediatek/pinctrl-mt6795.o
  CC      io_uring/futex.o
  CC      lib/memweight.o
  CC      fs/fs_pin.o
  CC      drivers/leds/led-class.o
  CC      lib/kfifo.o
  CC      net/core/secure_seq.o
  CC      drivers/pinctrl/meson/pinctrl-meson-s4.o
  CC      drivers/irqchip/irq-mvebu-icu.o
  CC      drivers/phy/renesas/phy-rcar-gen3-usb2.o
  CC      drivers/irqchip/irq-mvebu-odmi.o
  CC      drivers/pinctrl/mediatek/pinctrl-mt6797.o
  CC      arch/arm64/kernel/hw_breakpoint.o
  CC      arch/arm64/kvm/../../../virt/kvm/guest_memfd.o
  CC      fs/nsfs.o
  CC      drivers/gpio/gpio-rcar.o
  CC      io_uring/epoll.o
  CC      drivers/leds/led-triggers.o
  CC      drivers/pinctrl/meson/pinctrl-amlogic-a4.o
  CC      lib/percpu-refcount.o
  CC      drivers/leds/leds-gpio.o
  CC      drivers/irqchip/irq-mvebu-pic.o
  CC      drivers/pinctrl/mediatek/pinctrl-mt6878.o
  CC      net/core/flow_dissector.o
  AR      drivers/phy/renesas/built-in.a
  CC      drivers/phy/rockchip/phy-rockchip-inno-usb2.o
  CC      drivers/gpio/gpio-rockchip.o
  CC      io_uring/napi.o
  AS      arch/arm64/kernel/sleep.o
  CC      arch/arm64/kvm/arm.o
  CC      drivers/leds/leds-pwm.o
  CC      block/bfq-cgroup.o
  CC      arch/arm64/kernel/suspend.o
  CC      drivers/gpio/gpio-rtd.o
  CC      lib/rhashtable.o
  CC      fs/fs_dirent.o
  CC      kernel/sched/build_policy.o
  CC      drivers/pinctrl/meson/pinctrl-amlogic-c3.o
  CC      drivers/irqchip/irq-mvebu-sei.o
  CC      drivers/pinctrl/mediatek/pinctrl-mt7622.o
  CC      fs/fs_context.o
  CC      drivers/leds/leds-syscon.o
  CC      arch/arm64/kernel/pci.o
  CC      io_uring/net.o
  CC      mm/mincore.o
  CC      drivers/gpio/gpio-syscon.o
  AR      drivers/pinctrl/meson/built-in.a
  CC      drivers/phy/rockchip/phy-rockchip-snps-pcie3.o
  CC      drivers/pinctrl/mediatek/pinctrl-mt7981.o
  CC      block/bio-integrity.o
  CC      drivers/pinctrl/mvebu/pinctrl-mvebu.o
  CC      lib/base64.o
  CC      drivers/irqchip/irq-ls-extirq.o
  CC      mm/mlock.o
  CC      lib/once.o
  CC      drivers/leds/trigger/ledtrig-timer.o
  CC      fs/fs_parser.o
  CC      arch/arm64/kernel/paravirt.o
  CC      net/core/sysctl_net_core.o
  CC      drivers/gpio/gpio-tegra186.o
  CC      drivers/pinctrl/mediatek/pinctrl-mt7986.o
  CC      lib/refcount.o
  CC      drivers/phy/rockchip/phy-rockchip-typec.o
  CC      drivers/irqchip/irq-ls-scfg-msi.o
  CC      drivers/pinctrl/mvebu/pinctrl-armada-ap806.o
  CC      drivers/leds/trigger/ledtrig-disk.o
  CC      net/compat.o
  CC      block/blk-integrity.o
  CC      arch/arm64/kernel/kaslr.o
  CC      lib/rcuref.o
  CC      fs/fsopen.o
  CC      arch/arm64/kernel/hibernate.o
  CC      drivers/pinctrl/mediatek/pinctrl-mt7988.o
  CC      io_uring/cmd_net.o
  CC      lib/usercopy.o
  CC      drivers/gpio/gpio-tegra.o
  CC      mm/mmap.o
  CC      arch/arm64/kvm/mmu.o
  CC      drivers/leds/trigger/ledtrig-heartbeat.o
  CC      drivers/pinctrl/mvebu/pinctrl-armada-cp110.o
  CC      drivers/irqchip/irq-stm32mp-exti.o
  CC      net/core/dev.o
  AR      drivers/phy/rockchip/built-in.a
  CC      lib/errseq.o
  CC      drivers/phy/samsung/phy-exynos-dp-video.o
  CC      block/t10-pi.o
  CC      lib/bucket_locks.o
  CC      drivers/leds/trigger/ledtrig-cpu.o
  CC      drivers/pinctrl/mediatek/pinctrl-mt8173.o
  CC      drivers/pinctrl/mvebu/pinctrl-armada-37xx.o
  CC      net/ethernet/eth.o
  CC      fs/init.o
  AS      arch/arm64/kernel/hibernate-asm.o
  CC      drivers/gpio/gpio-tps65219.o
  CC      arch/arm64/kernel/elfcore.o
  CC      io_uring/fdinfo.o
  CC      kernel/sched/build_utility.o
  CC      drivers/irqchip/irq-uniphier-aidet.o
  CC      drivers/leds/trigger/ledtrig-default-on.o
  CC      lib/generic-radix-tree.o
  CC      drivers/phy/samsung/phy-exynos-mipi-video.o
  CC      drivers/pinctrl/mediatek/pinctrl-mt8183.o
  CC      mm/mmu_gather.o
  CC      block/bio-integrity-auto.o
  CC      drivers/pinctrl/mvebu/pinctrl-ac5.o
  CC      fs/kernel_read_file.o
  CC      arch/arm64/kernel/machine_kexec.o
  CC      drivers/gpio/gpio-uniphier.o
  CC      drivers/irqchip/irq-sni-exiu.o
  CC      drivers/leds/trigger/ledtrig-panic.o
  CC      lib/bitmap-str.o
  CC      io_uring/bpf_filter.o
  CC      drivers/pinctrl/mediatek/pinctrl-mt8186.o
  CC      drivers/phy/samsung/phy-gs101-ufs.o
  AR      net/ethernet/built-in.a
  AS      arch/arm64/kernel/relocate_kernel.o
  CC      arch/arm64/kvm/mmio.o
  CC      block/bio-integrity-fs.o
  AR      drivers/pinctrl/mvebu/built-in.a
  CC      drivers/pci/access.o
  CC      drivers/phy/socionext/phy-uniphier-usb2.o
  AR      drivers/leds/trigger/built-in.a
  AR      drivers/leds/blink/built-in.a
  CC      mm/mprotect.o
  AR      drivers/leds/built-in.a
  CC      fs/mnt_idmapping.o
  CC      net/core/dev_api.o
  AS      arch/arm64/kernel/cpu-reset.o
  CC      drivers/irqchip/irq-meson-gpio.o
  CC      drivers/gpio/gpio-vf610.o
  CC      lib/string_helpers.o
  CC      arch/arm64/kernel/machine_kexec_file.o
  CC      drivers/pinctrl/mediatek/pinctrl-mt8188.o
  CC      drivers/phy/samsung/phy-samsung-ufs.o
  AR      io_uring/built-in.a
  CC      fs/remap_range.o
  CC      block/blk-pm.o
  CC      kernel/locking/mutex.o
  CC      drivers/phy/socionext/phy-uniphier-usb3hs.o
  CC      drivers/pci/bus.o
  CC      drivers/gpio/gpio-visconti.o
  CC      drivers/irqchip/qcom-pdc.o
  CC      arch/arm64/kernel/kexec_image.o
  CC      drivers/pinctrl/mediatek/pinctrl-mt8189.o
  CC      drivers/pinctrl/mediatek/pinctrl-mt8192.o
  CC      lib/hexdump.o
  CC      lib/kstrtox.o
  CC      drivers/phy/samsung/phy-exynos7-ufs.o
  CC      arch/arm64/kvm/psci.o
  CC      block/blk-crypto.o
  CC      drivers/gpio/gpio-xgene.o
  CC      drivers/phy/socionext/phy-uniphier-usb3ss.o
  CC      fs/pidfs.o
  CC      arch/arm64/kernel/sdei.o
  CC      drivers/pci/probe.o
  CC      drivers/irqchip/irq-qcom-mpm.o
  CC      mm/mremap.o
  CC      block/blk-crypto-profile.o
  CC      drivers/pinctrl/mediatek/pinctrl-mt8195.o
  CC      kernel/locking/semaphore.o
  AR      kernel/sched/built-in.a
  CC      drivers/phy/samsung/phy-exynosautov9-ufs.o
  CC      lib/debug_info.o
  CC      drivers/video/cmdline.o
  CC      drivers/gpio/gpio-xgene-sb.o
  CC      block/blk-crypto-sysfs.o
  CC      arch/arm64/kernel/pointer_auth.o
  CC      drivers/irqchip/irq-imx-irqsteer.o
  CC      drivers/pinctrl/mediatek/pinctrl-mt8365.o
  CC      drivers/phy/socionext/phy-uniphier-ahci.o
  CC      kernel/locking/rwsem.o
  CC      arch/arm64/kvm/hypercalls.o
  CC      drivers/phy/samsung/phy-exynosautov920-ufs.o
  CC      net/core/dev_addr_lists.o
  CC      drivers/video/nomodeset.o
  CC      arch/arm64/kernel/mte.o
  CC      fs/file_attr.o
  CC      drivers/gpio/gpio-zynqmp-modepin.o
  CC      drivers/pci/host-bridge.o
  CC      lib/math/div64.o
  CC      block/holder.o
  CC      mm/msync.o
  CC      mm/page_vma_mapped.o
  CC      drivers/irqchip/irq-imx-intmux.o
  CC      drivers/pinctrl/mediatek/pinctrl-mt8516.o
  CC      lib/math/gcd.o
  CC      kernel/locking/percpu-rwsem.o
  CC      lib/math/lcm.o
  CC      drivers/phy/samsung/phy-fsd-ufs.o
  CC      drivers/video/console/dummycon.o
  CC      lib/math/int_log.o
  AR      drivers/phy/socionext/built-in.a
  AR      net/802/built-in.a
  CC      net/sched/sch_generic.o
  CC      lib/math/int_pow.o
  AR      drivers/gpio/built-in.a
  CC      lib/math/int_sqrt.o
  CC      net/netlink/af_netlink.o
  AR      block/built-in.a
  CC      drivers/pinctrl/mediatek/pinctrl-mt6397.o
  CC      lib/math/reciprocal_div.o
  CC      drivers/pci/remove.o
  CC      net/netlink/genetlink.o
  AS      arch/arm64/kernel/vdso-wrap.o
  CC      drivers/irqchip/irq-ti-sci-intr.o
  CC      arch/arm64/kvm/pvtime.o
  AS      arch/arm64/kernel/head.o
  CC      net/core/dst.o
  CC      lib/math/rational.o
  CC      kernel/locking/spinlock.o
  CC      net/core/netevent.o
  LDS     arch/arm64/kernel/vmlinux.lds
  CC      fs/fserror.o
  CC      mm/pagewalk.o
  AR      arch/arm64/kernel/built-in.a
  CC      drivers/pci/pci.o
  AR      drivers/video/console/built-in.a
  AR      drivers/phy/samsung/built-in.a
  CC      drivers/video/logo/logo.o
  CC      drivers/phy/tegra/xusb.o
  AR      drivers/pinctrl/mediatek/built-in.a
  AR      lib/math/built-in.a
  CC      lib/crc/crc7.o
  CC      drivers/pinctrl/qcom/pinctrl-msm.o
  CC      drivers/irqchip/irq-ti-sci-inta.o
  CC      lib/crypto/hash_info.o
  CC      drivers/video/logo/logo_linux_clut224.o
  CC      kernel/locking/osq_lock.o
  AR      drivers/video/logo/built-in.a
  AR      drivers/video/backlight/built-in.a
  CC      fs/nullfs.o
  CC      drivers/video/fbdev/core/fb_notify.o
  CC      drivers/video/fbdev/core/fb_info.o
  CC      kernel/locking/qspinlock.o
  CC      lib/crc/crc8.o
  CC      net/core/neighbour.o
  CC      mm/pgtable-generic.o
  CC      arch/arm64/kvm/inject_fault.o
  CC      drivers/pinctrl/qcom/pinctrl-eliza.o
  CC      net/sched/sch_mq.o
  CC      drivers/phy/tegra/xusb-tegra124.o
  CC      lib/crypto/memneq.o
  CC      drivers/irqchip/irq-mst-intc.o
  CC      fs/buffer.o
  CC      drivers/phy/tegra/xusb-tegra210.o
  CC      lib/crc/crc16.o
  CC      net/netlink/policy.o
  CC      drivers/video/fbdev/core/fbmem.o
  CC      kernel/locking/rtmutex_api.o
  CC      net/sched/sch_frag.o
  CC      drivers/pinctrl/qcom/pinctrl-glymur.o
  CC      lib/crypto/utils.o
  CC      mm/rmap.o
  CC      drivers/pci/pci-driver.o
  CC      drivers/irqchip/irq-sl28cpld.o
  CC      lib/crc/crc-itu-t.o
  CC      drivers/pinctrl/realtek/pinctrl-rtd.o
  CC      net/core/rtnetlink.o
  CC      lib/crypto/aes.o
  CC      drivers/pinctrl/qcom/pinctrl-ipq5018.o
  AR      net/netlink/built-in.a
  CC      drivers/video/fbdev/core/fbcmap.o
  CC      arch/arm64/kvm/va_layout.o
  CC      kernel/locking/qrwlock.o
  CC      lib/crc/crc-t10dif-main.o
  CC      drivers/irqchip/irq-apple-aic.o
  CC      net/sched/sch_api.o
  CC      drivers/pinctrl/realtek/pinctrl-rtd1619b.o
  CC      drivers/pinctrl/qcom/pinctrl-ipq5210.o
  CC      drivers/phy/tegra/xusb-tegra186.o
  AS      lib/crypto/arm64/aes-cipher-core.o
  CC      fs/mpage.o
  AS      lib/crypto/arm64/aes-ce-core.o
  CC      drivers/pci/search.o
  AS      lib/crc/arm64/crc-t10dif-core.o
  AR      kernel/locking/built-in.a
  AS      lib/crypto/arm64/aes-ce.o
  CC      lib/crc/crc32-main.o
  CC      kernel/power/qos.o
  AS      lib/crypto/arm64/aes-neon.o
  CC      lib/crypto/gf128mul.o
  CC      fs/proc_namespace.o
  CC      drivers/video/fbdev/core/modedb.o
  CC      drivers/pinctrl/qcom/pinctrl-ipq5332.o
  CC      drivers/pinctrl/realtek/pinctrl-rtd1319d.o
  CC      drivers/pinctrl/realtek/pinctrl-rtd1315e.o
  CC      arch/arm64/kvm/handle_exit.o
  AS      lib/crc/arm64/crc32-core.o
  CC      drivers/pci/rebar.o
  CC      lib/crc/crc64-main.o
  AR      drivers/irqchip/built-in.a
  AR      drivers/phy/tegra/built-in.a
  CC      mm/vmalloc.o
  CC      drivers/phy/ti/phy-gmii-sel.o
  CC      kernel/printk/printk.o
  CC      lib/crypto/blake2s.o
  CC      drivers/pinctrl/qcom/pinctrl-ipq5424.o
  CC      drivers/pinctrl/qcom/pinctrl-ipq8074.o
  CC      kernel/power/main.o
  AR      drivers/phy/xilinx/built-in.a
  CC      arch/arm64/kvm/config.o
  AR      drivers/pinctrl/realtek/built-in.a
  CC      net/bpf/test_run.o
  CC      fs/direct-io.o
  CC      drivers/video/fbdev/core/fbcvt.o
  CC      net/sched/sch_blackhole.o
  CC      lib/crc/arm64/crc64-neon-inner.o
  CC      fs/notify/fsnotify.o
  CC      drivers/pci/rom.o
  CC      lib/crypto/chacha-block-generic.o
  CC      drivers/pinctrl/qcom/pinctrl-ipq6018.o
  AR      lib/crc/built-in.a
  CC      net/ethtool/ioctl.o
  CC      lib/crypto/sha1.o
  AR      drivers/phy/ti/built-in.a
  AR      drivers/phy/built-in.a
  CC      net/sched/cls_api.o
  CC      kernel/power/console.o
  CC      net/core/utils.o
  CC      drivers/video/fbdev/core/fb_cmdline.o
  AS      lib/crypto/arm64/sha1-ce-core.o
  CC      drivers/pinctrl/qcom/pinctrl-ipq9574.o
  CC      net/sched/act_api.o
  CC      kernel/power/process.o
  CC      fs/notify/notification.o
  CC      drivers/pci/setup-res.o
  CC      lib/crypto/sha256.o
  CC      kernel/power/suspend.o
  CC      kernel/printk/printk_safe.o
  CC      drivers/pinctrl/qcom/pinctrl-kaanapali.o
  CC      mm/vma.o
  CC      drivers/video/fbdev/core/fb_backlight.o
  CC      fs/notify/group.o
  CC      net/bpf/bpf_dummy_struct_ops.o
  AS      lib/crypto/arm64/sha256-ce.o
  CC      drivers/pci/irq.o
  CC      drivers/pinctrl/qcom/pinctrl-msm8916.o
  CC      lib/crypto/mpi/generic_mpih-lshift.o
  CC      net/core/link_watch.o
  CC      kernel/printk/nbcon.o
  CC      drivers/pci/vpd.o
  CC      kernel/power/hibernate.o
  CC      kernel/power/snapshot.o
  CC      arch/arm64/kvm/guest.o
  CC      drivers/video/fbdev/core/fbmon.o
  CC      drivers/pinctrl/qcom/pinctrl-msm8953.o
  CC      lib/vdso/datastore.o
  CC      fs/notify/mark.o
  CC      lib/crypto/mpi/generic_mpih-mul1.o
  CC      fs/notify/fdinfo.o
  CC      net/sched/sch_fifo.o
  AR      net/bpf/built-in.a
  CC      arch/arm64/kvm/debug.o
  CC      kernel/printk/printk_ringbuffer.o
  CC      net/ethtool/common.o
  CC      drivers/pci/setup-bus.o
  CC      drivers/pinctrl/qcom/pinctrl-msm8976.o
  CC      net/core/filter.o
  AR      lib/vdso/built-in.a
  CC      arch/arm64/kvm/reset.o
  CC      mm/vma_exec.o
  CC      drivers/pci/vc.o
  CC      lib/crypto/mpi/generic_mpih-mul2.o
  CC      drivers/video/fbdev/core/fb_defio.o
  CC      kernel/irq/irqdesc.o
  CC      fs/notify/dnotify/dnotify.o
  CC      kernel/printk/sysctl.o
  CC      kernel/power/swap.o
  CC      drivers/pinctrl/qcom/pinctrl-msm8994.o
  AR      net/sched/built-in.a
  CC      drivers/pci/mmap.o
  CC      lib/crypto/mpi/generic_mpih-mul3.o
  CC      fs/notify/inotify/inotify_fsnotify.o
  AR      kernel/printk/built-in.a
  CC      fs/notify/inotify/inotify_user.o
  CC      drivers/pci/devres.o
  CC      net/ethtool/netlink.o
  CC      mm/process_vm_access.o
  CC      fs/eventpoll.o
  CC      drivers/video/fbdev/core/fb_chrdev.o
  CC      drivers/pinctrl/qcom/pinctrl-msm8996.o
  CC      kernel/irq/handle.o
  AR      fs/notify/dnotify/built-in.a
  CC      net/core/sock_diag.o
  CC      drivers/pinctrl/renesas/core.o
  CC      lib/crypto/mpi/generic_mpih-rshift.o
  CC      net/netfilter/core.o
  CC      arch/arm64/kvm/sys_regs.o
  CC      net/ipv4/route.o
  CC      kernel/power/user.o
  CC      drivers/pci/msi/pcidev_msi.o
  AR      fs/notify/inotify/built-in.a
  CC      drivers/pinctrl/qcom/pinctrl-msm8998.o
  CC      fs/notify/fanotify/fanotify.o
  CC      mm/mseal.o
  CC      kernel/irq/manage.o
  CC      drivers/video/fbdev/core/fb_procfs.o
  CC      lib/crypto/mpi/generic_mpih-sub1.o
  CC      drivers/pinctrl/renesas/pinctrl.o
  CC      net/ethtool/bitset.o
  CC      lib/crypto/mpi/generic_mpih-add1.o
  CC      drivers/pinctrl/qcom/pinctrl-qcm2290.o
  CC      drivers/pci/msi/api.o
  CC      kernel/power/poweroff.o
  CC      drivers/pci/msi/msi.o
  CC      mm/page_alloc.o
  CC      drivers/pci/pcie/portdrv.o
  CC      drivers/video/fbdev/core/fbsysfs.o
  CC      net/netfilter/nf_log.o
  CC      fs/notify/fanotify/fanotify_user.o
  CC      drivers/pinctrl/renesas/pfc-r8a7796.o
  CC      kernel/power/energy_model.o
  CC      drivers/pinctrl/qcom/pinctrl-qcs404.o
  CC      lib/crypto/mpi/mpicoder.o
  CC      kernel/irq/spurious.o
  CC      lib/crypto/mpi/mpi-add.o
  CC      net/ethtool/strset.o
  CC      drivers/pinctrl/renesas/pfc-r8a77965.o
  CC      drivers/pci/pcie/rcec.o
  CC      drivers/pinctrl/qcom/pinctrl-qcs615.o
  CC      drivers/pci/msi/irqdomain.o
  CC      drivers/video/fbdev/core/fbcon.o
  CC      net/ipv4/inetpeer.o
  CC      drivers/pinctrl/renesas/pfc-r8a77990.o
  CC      kernel/power/em_netlink_autogen.o
  CC      net/netfilter/nf_queue.o
  CC      lib/crypto/mpi/mpi-bit.o
  CC      kernel/irq/resend.o
  AR      lib/raid/xor/built-in.a
  AR      lib/raid/built-in.a
  CC      net/unix/af_unix.o
  CC      drivers/pinctrl/renesas/pfc-r8a77951.o
  CC      drivers/pinctrl/qcom/pinctrl-qcs8300.o
  AR      fs/notify/fanotify/built-in.a
  AR      fs/notify/built-in.a
  CC      fs/anon_inodes.o
  CC      drivers/pci/pcie/bwctrl.o
  AR      drivers/pci/msi/built-in.a
  CC      net/ethtool/linkinfo.o
  CC      net/netfilter/nf_sockopt.o
  CC      lib/crypto/mpi/mpi-cmp.o
  CC      kernel/irq/chip.o
  CC      net/core/dev_ioctl.o
  CC      kernel/power/em_netlink.o
  CC      drivers/pinctrl/qcom/pinctrl-milos.o
  CC      net/ipv4/protocol.o
  CC      drivers/pinctrl/renesas/pfc-r8a77970.o
  CC      arch/arm64/kvm/stacktrace.o
  CC      drivers/pci/pcie/aspm.o
  CC      fs/signalfd.o
  CC      lib/crypto/mpi/mpi-sub-ui.o
  CC      net/ipv6/af_inet6.o
  CC      drivers/video/fbdev/core/bitblit.o
  CC      net/ethtool/linkmodes.o
  CC      drivers/pinctrl/renesas/pfc-r8a77980.o
  CC      drivers/pinctrl/qcom/pinctrl-spmi-gpio.o
  CC      net/netfilter/utils.o
  CC      kernel/irq/dummychip.o
  AR      kernel/power/built-in.a
  CC      net/ipv6/anycast.o
  CC      net/ipv4/ip_input.o
  CC      lib/crypto/mpi/mpi-div.o
  CC      net/core/tso.o
  CC      drivers/pinctrl/renesas/pfc-r8a77995.o
  CC      mm/page_frag_cache.o
  CC      fs/timerfd.o
  CC      drivers/video/fbdev/core/softcursor.o
  CC      net/unix/garbage.o
  CC      arch/arm64/kvm/vgic-sys-reg-v3.o
  CC      kernel/irq/devres.o
  CC      drivers/pci/pcie/aer.o
  CC      drivers/pinctrl/qcom/pinctrl-spmi-mpp.o
  CC      drivers/pinctrl/renesas/pfc-r8a779a0.o
  CC      net/ethtool/rss.o
  CC      lib/crypto/mpi/mpi-mod.o
  CC      net/netfilter/nf_bpf_link.o
  CC      net/packet/af_packet.o
  CC      mm/init-mm.o
  CC      drivers/pinctrl/renesas/pfc-r8a779f0.o
  CC      kernel/irq/kexec.o
  CC      drivers/video/fbdev/core/fb_logo.o
  CC      net/ipv6/ip6_output.o
  CC      net/core/sock_reuseport.o
  CC      fs/eventfd.o
  CC      net/ipv4/ip_fragment.o
  CC      drivers/pinctrl/qcom/pinctrl-qdu1000.o
  CC      lib/crypto/mpi/mpi-mul.o
  CC      net/unix/sysctl_net_unix.o
  CC      drivers/pinctrl/renesas/pfc-r8a779g0.o
  CC      drivers/pci/pcie/err.o
  CC      kernel/irq/generic-chip.o
  CC      mm/memblock.o
  AR      net/netfilter/built-in.a
  CC      net/ethtool/linkstate.o
  CC      arch/arm64/kvm/fpsimd.o
  CC      net/ipv4/ip_forward.o
  CC      drivers/pinctrl/qcom/pinctrl-sa8775p.o
  CC      lib/crypto/mpi/mpih-cmp.o
  CC      drivers/video/fbdev/core/sysfillrect.o
  CC      fs/aio.o
  CC      drivers/pinctrl/renesas/pfc-r8a779h0.o
  CC      drivers/pci/pcie/tlp.o
  CC      net/core/fib_notifier.o
  CC      net/unix/unix_bpf.o
  CC      mm/memory_hotplug.o
  CC      drivers/pinctrl/qcom/pinctrl-sc7180.o
  CC      kernel/irq/autoprobe.o
  CC      lib/crypto/mpi/mpih-div.o
  CC      drivers/pinctrl/renesas/pinctrl-rzg2l.o
  CC      net/ethtool/debug.o
  CC      drivers/video/fbdev/core/syscopyarea.o
  CC      lib/crypto/mpi/mpih-mul.o
  CC      drivers/pinctrl/qcom/pinctrl-sc7280.o
  CC      drivers/pci/pcie/pme.o
  CC      arch/arm64/kvm/pkvm.o
  CC      net/ipv4/ip_options.o
  CC      kernel/irq/irqdomain.o
  CC      net/core/xdp.o
  AR      net/packet/built-in.a
  CC      net/core/flow_offload.o
  CC      net/ipv6/ip6_input.o
  AR      net/unix/built-in.a
  CC      net/ipv6/addrconf.o
  CC      drivers/pci/pwrctrl/core.o
  CC      drivers/pinctrl/qcom/pinctrl-sc8180x.o
  CC      fs/locks.o
  CC      mm/slub.o
  CC      lib/crypto/mpi/mpi-pow.o
  CC      net/ethtool/wol.o
  AR      drivers/pci/pcie/built-in.a
  CC      drivers/video/fbdev/core/sysimgblt.o
  CC      kernel/rcu/update.o
  CC      drivers/pinctrl/qcom/pinctrl-sc8280xp.o
  CC      net/ipv4/ip_output.o
  CC      drivers/pci/pwrctrl/generic.o
  CC      kernel/irq/proc.o
  CC      drivers/pinctrl/renesas/pinctrl-rzt2h.o
  CC      arch/arm64/kvm/arch_timer.o
  CC      lib/crypto/mpi/mpiutil.o
  CC      net/core/gro.o
  CC      net/ethtool/features.o
  CC      net/core/netdev-genl.o
  CC      drivers/pinctrl/qcom/pinctrl-sdm660.o
  CC      drivers/video/fbdev/core/fb_sys_fops.o
  CC      kernel/rcu/sync.o
  AR      drivers/pci/pwrctrl/built-in.a
  CC      drivers/pci/proc.o
  CC      fs/binfmt_script.o
  CC      kernel/irq/cpuhotplug.o
  AR      lib/crypto/mpi/built-in.a
  AR      lib/crypto/built-in.a
  CC      lib/iomap_copy.o
  CC      kernel/rcu/srcutree.o
  CC      drivers/pinctrl/qcom/pinctrl-sdm670.o
  CC      net/core/netdev-genl-gen.o
  AR      drivers/video/fbdev/core/built-in.a
  CC      drivers/video/fbdev/xen-fbfront.o
  CC      fs/binfmt_elf.o
  CC      lib/devres.o
  CC      net/ethtool/privflags.o
  CC      kernel/irq/pm.o
  CC      drivers/pinctrl/qcom/pinctrl-sdm845.o
  CC      drivers/pci/pci-sysfs.o
  CC      drivers/pinctrl/qcom/pinctrl-sdx75.o
  CC      net/ipv4/ip_sockglue.o
  CC      arch/arm64/kvm/trng.o
  CC      lib/cache_maint.o
  CC      kernel/rcu/tree.o
  CC      net/core/gso.o
  CC      net/core/net-sysfs.o
  CC      net/core/hotdata.o
  CC      net/ipv6/addrlabel.o
  CC      kernel/irq/msi.o
  AR      drivers/video/fbdev/built-in.a
  AR      drivers/video/built-in.a
  CC      fs/compat_binfmt_elf.o
  CC      drivers/pinctrl/qcom/pinctrl-sm4450.o
  CC      net/ethtool/rings.o
  CC      lib/hweight.o
  CC      lib/interval_tree.o
  CC      mm/madvise.o
  CC      net/devlink/core.o
  CC      drivers/pci/slot.o
  CC      drivers/pinctrl/qcom/pinctrl-sm6115.o
  CC      lib/assoc_array.o
  CC      arch/arm64/kvm/vmid.o
  CC      drivers/pinctrl/qcom/pinctrl-sm6125.o
  CC      net/devlink/netlink.o
  CC      net/ipv6/route.o
  CC      kernel/irq/ipi.o
  CC      drivers/pinctrl/renesas/pinctrl-rzv2m.o
  CC      net/ethtool/channels.o
  CC      net/ipv4/inet_hashtables.o
  CC      mm/page_io.o
  CC      drivers/pci/iomap.o
  CC      drivers/pinctrl/qcom/pinctrl-sm6350.o
  CC      fs/backing-file.o
  CC      lib/bitrev.o
  CC      net/core/netdev_config.o
  CC      lib/linear_ranges.o
  CC      net/ipv6/ip6_fib.o
  CC      kernel/irq/ipi-mux.o
  CC      drivers/pinctrl/qcom/pinctrl-sm6375.o
  AR      drivers/pinctrl/renesas/built-in.a
  CC      lib/packing.o
  CC      net/ipv6/ipv6_sockglue.o
  CC      arch/arm64/kvm/emulate-nested.o
  CC      net/devlink/netlink_gen.o
  CC      drivers/pci/of.o
  CC      net/ethtool/coalesce.o
  CC      net/devlink/dev.o
  CC      kernel/rcu/rcu_segcblist.o
  CC      fs/mbcache.o
  CC      mm/swap_state.o
  CC      net/core/netdev_rx_queue.o
  CC      kernel/irq/affinity.o
  CC      drivers/pinctrl/qcom/pinctrl-sm8150.o
  CC      lib/xxhash.o
  CC      drivers/pinctrl/qcom/pinctrl-sm8350.o
  AR      kernel/rcu/built-in.a
  CC      net/ipv6/ndisc.o
  CC      drivers/pci/quirks.o
  CC      net/ipv4/inet_timewait_sock.o
  CC      fs/posix_acl.o
  AR      kernel/irq/built-in.a
  CC      drivers/char/ipmi/ipmi_plat_data.o
  CC      kernel/dma/mapping.o
  CC      lib/genalloc.o
  CC      net/ethtool/pause.o
  CC      net/core/netdev_queues.o
  CC      drivers/pinctrl/qcom/pinctrl-sm8450.o
  CC      drivers/pci/hotplug/pci_hotplug_core.o
  CC      mm/swapfile.o
  CC      net/devlink/port.o
  CC      kernel/entry/common.o
  AR      drivers/char/ipmi/built-in.a
  CC      kernel/entry/virt.o
  CC      arch/arm64/kvm/nested.o
  CC      lib/zlib_inflate/inffast.o
  CC      drivers/pinctrl/qcom/pinctrl-sm8550.o
  CC      kernel/dma/direct.o
  CC      fs/nfs_common/grace.o
  CC      net/ipv4/inet_connection_sock.o
  CC      net/ethtool/eee.o
  CC      lib/zlib_inflate/inflate.o
  AR      drivers/pci/hotplug/built-in.a
  CC      drivers/pci/ats.o
  CC      drivers/pinctrl/samsung/pinctrl-samsung.o
  CC      net/core/page_pool.o
  CC      drivers/pinctrl/samsung/pinctrl-exynos.o
  CC      mm/dmapool.o
  CC      net/ipv6/udp.o
  CC      lib/zlib_inflate/infutil.o
  AR      kernel/entry/built-in.a
  CC      drivers/pinctrl/qcom/pinctrl-sm8650.o
  CC      drivers/pinctrl/qcom/pinctrl-sm8750.o
  CC      net/devlink/sb.o
  CC      drivers/pci/iov.o
  CC      fs/nfs_common/nfs_ssc.o
  CC      net/ethtool/tsinfo.o
  CC      lib/zlib_inflate/inftrees.o
  CC      kernel/dma/ops_helpers.o
  CC      net/ethtool/cabletest.o
  CC      lib/zlib_inflate/inflate_syms.o
  CC      net/ethtool/tunnels.o
  CC      fs/coredump.o
  CC      drivers/pinctrl/qcom/pinctrl-x1e80100.o
  CC      drivers/pinctrl/samsung/pinctrl-exynos-arm64.o
  CC      mm/hugetlb.o
  CC      net/core/page_pool_user.o
  AR      lib/zlib_inflate/built-in.a
  CC      lib/zlib_deflate/deflate.o
  CC      kernel/dma/dummy.o
  CC      net/ipv4/tcp.o
  AR      drivers/pinctrl/qcom/built-in.a
  CC      lib/zlib_deflate/deftree.o
  CC      drivers/pci/syscall.o
  CC      fs/nfs_common/common.o
  AR      drivers/pinctrl/samsung/built-in.a
  CC      drivers/pinctrl/sophgo/pinctrl-sophgo-common.o
  CC      arch/arm64/kvm/at.o
  CC      arch/arm64/kvm/vgic/vgic.o
  CC      net/devlink/dpipe.o
  CC      fs/drop_caches.o
  CC      net/ipv6/raw.o
  CC      net/ethtool/fec.o
  AR      net/dsa/built-in.a
  CC      kernel/dma/contiguous.o
  CC      drivers/amba/bus.o
  CC      lib/zlib_deflate/deflate_syms.o
  CC      net/ipv6/icmp.o
  AR      fs/nfs_common/built-in.a
  CC      arch/arm64/kvm/vgic/vgic-init.o
  CC      drivers/pinctrl/sophgo/pinctrl-cv18xx.o
  CC      drivers/pci/ecam.o
  CC      net/core/net-procfs.o
  CC      fs/sysctls.o
  AR      lib/zlib_deflate/built-in.a
  CC      kernel/dma/coherent.o
  CC      lib/lzo/lzo1x_compress.o
  CC      fs/fhandle.o
  CC      net/ethtool/eeprom.o
  CC      drivers/amba/tegra-ahb.o
  CC      drivers/pinctrl/sophgo/pinctrl-sg2000.o
  CC      drivers/pci/vgaarb.o
  CC      net/devlink/resource.o
  CC      lib/lzo/lzo1x_compress_safe.o
  CC      net/ipv4/tcp_input.o
  CC      kernel/dma/swiotlb.o
  CC      net/core/selftests.o
  CC      net/core/ptp_classifier.o
  AR      drivers/amba/built-in.a
  CC      kernel/dma/pool.o
  CC      net/ipv6/mcast.o
  CC      net/sunrpc/clnt.o
  CC      arch/arm64/kvm/vgic/vgic-irqfd.o
  CC      fs/iomap/trace.o
  CC      mm/hugetlb_sysfs.o
  CC      lib/lzo/lzo1x_decompress_safe.o
  AR      drivers/pinctrl/sophgo/built-in.a
  CC      net/ethtool/stats.o
  CC      drivers/pinctrl/stm32/pinctrl-stm32.o
  CC      drivers/pci/endpoint/pci-ep-cfs.o
  CC      arch/arm64/kvm/vgic/vgic-v2.o
  CC      fs/iomap/iter.o
  CC      net/devlink/param.o
  CC      kernel/dma/remap.o
  AR      lib/lzo/built-in.a
  CC      drivers/pci/endpoint/pci-epc-core.o
  CC      lib/lz4/lz4_decompress.o
  CC      kernel/module/main.o
  CC      mm/hugetlb_sysctl.o
  CC      net/core/dst_cache.o
  CC      arch/arm64/kvm/vgic/vgic-v3.o
  CC      net/ethtool/phc_vclocks.o
  CC      drivers/clk/clk-devres.o
  CC      fs/iomap/buffered-io.o
  CC      drivers/pinctrl/stm32/pinctrl-stm32mp257.o
  AR      kernel/dma/built-in.a
  CC      net/devlink/region.o
  CC      drivers/pci/endpoint/pci-epf-core.o
  CC      net/sunrpc/xprt.o
  CC      mm/hugetlb_cma.o
  CC      drivers/clk/clk-bulk.o
  CC      drivers/pinctrl/stm32/pinctrl-stm32-hdp.o
  CC      mm/mempolicy.o
  CC      drivers/clk/clkdev.o
  CC      net/core/gro_cells.o
  CC      net/ipv6/reassembly.o
  AR      lib/lz4/built-in.a
  CC      lib/zstd/zstd_decompress_module.o
  CC      net/ethtool/mm.o
  CC      drivers/pci/endpoint/pci-epc-mem.o
  CC      kernel/module/strict_rwx.o
  CC      lib/xz/xz_dec_syms.o
  CC      drivers/clk/clk.o
  CC      net/core/failover.o
  AR      drivers/pinctrl/stm32/built-in.a
  CC      drivers/pinctrl/sunxi/pinctrl-sunxi.o
  CC      net/devlink/health.o
  CC      fs/iomap/direct-io.o
  CC      lib/zstd/decompress/huf_decompress.o
  CC      arch/arm64/kvm/vgic/vgic-v4.o
  CC      net/ipv4/tcp_output.o
  CC      lib/xz/xz_dec_stream.o
  CC      kernel/module/kmod.o
  CC      net/ipv4/tcp_timer.o
  AR      drivers/pci/endpoint/functions/built-in.a
  CC      net/sunrpc/socklib.o
  AR      drivers/pci/endpoint/built-in.a
  CC      drivers/pci/controller/pci-tegra.o
  CC      net/ethtool/module.o
  CC      net/ipv6/tcp_ipv6.o
  CC      net/core/skmsg.o
  CC      lib/xz/xz_dec_lzma2.o
  CC      fs/iomap/ioend.o
  CC      drivers/pinctrl/sunxi/pinctrl-sunxi-dt.o
  CC      mm/sparse.o
  CC      kernel/module/tree_lookup.o
  CC      lib/zstd/decompress/zstd_ddict.o
  CC      drivers/clk/clk-divider.o
  CC      net/devlink/trap.o
  CC      lib/zstd/decompress/zstd_decompress.o
  CC      lib/xz/xz_dec_bcj.o
  CC      arch/arm64/kvm/vgic/vgic-mmio.o
  CC      net/sunrpc/xprtsock.o
  CC      net/ethtool/cmis_fw_update.o
  CC      drivers/pinctrl/sunxi/pinctrl-sun50i-a64.o
  CC      net/sunrpc/sched.o
  CC      fs/iomap/fiemap.o
  CC      drivers/pci/controller/pcie-rcar.o
  CC      kernel/module/kallsyms.o
  CC      mm/sparse-vmemmap.o
  AR      lib/xz/built-in.a
  CC      lib/zstd/decompress/zstd_decompress_block.o
  CC      net/ipv6/ping.o
  CC      drivers/clk/clk-fixed-factor.o
  CC      drivers/pinctrl/sunxi/pinctrl-sun50i-a64-r.o
  CC      net/core/sock_map.o
  CC      net/sunrpc/auth.o
  CC      fs/iomap/seek.o
  CC      drivers/pci/controller/pcie-rcar-host.o
  CC      kernel/module/procfs.o
  CC      net/ethtool/cmis_cdb.o
  CC      drivers/clk/clk-fixed-rate.o
  CC      drivers/pinctrl/sunxi/pinctrl-sun50i-a100.o
  CC      net/devlink/rate.o
  CC      net/ipv4/tcp_ipv4.o
  CC      arch/arm64/kvm/vgic/vgic-mmio-v2.o
  CC      mm/mmu_notifier.o
  CC      lib/zstd/zstd_common_module.o
  CC      fs/iomap/bio.o
  CC      net/ipv6/exthdrs.o
  CC      fs/quota/dquot.o
  CC      kernel/module/sysfs.o
  CC      drivers/pinctrl/sunxi/pinctrl-sun50i-a100-r.o
  CC      kernel/freezer.o
  CC      drivers/clk/clk-gate.o
  CC      drivers/pci/controller/pcie-rcar-ep.o
  CC      lib/zstd/common/debug.o
  CC      lib/zstd/common/entropy_common.o
  CC      net/sunrpc/auth_null.o
  CC      net/ethtool/pse-pd.o
  CC      mm/ksm.o
  CC      lib/zstd/common/error_private.o
  CC      lib/zstd/common/fse_decompress.o
  CC      drivers/pinctrl/sunxi/pinctrl-sun8i-h3-r.o
  CC      fs/iomap/swapfile.o
  AR      kernel/module/built-in.a
  CC      net/core/bpf_sk_storage.o
  CC      mm/memtest.o
  CC      drivers/clk/clk-multiplier.o
  CC      net/devlink/linecard.o
  CC      kernel/profile.o
  CC      lib/zstd/common/zstd_common.o
  CC      arch/arm64/kvm/vgic/vgic-mmio-v3.o
  AR      lib/zstd/built-in.a
  CC      lib/percpu_counter.o
  CC      drivers/pci/controller/pcie-rzg3s-host.o
  CC      drivers/pinctrl/sunxi/pinctrl-sun50i-h5.o
  CC      net/ipv6/datagram.o
  CC      drivers/clk/clk-mux.o
  CC      net/sunrpc/auth_tls.o
  CC      arch/arm64/kvm/vgic/vgic-kvm-device.o
  AR      fs/iomap/built-in.a
  CC      net/ethtool/plca.o
  CC      arch/arm64/kvm/vgic/vgic-its.o
  CC      fs/quota/quota.o
  CC      kernel/stacktrace.o
  CC      lib/audit.o
  CC      net/ipv4/tcp_minisocks.o
  CC      drivers/pinctrl/sunxi/pinctrl-sun50i-h6.o
  CC      net/core/of_net.o
  CC      drivers/clk/clk-composite.o
  CC      net/devlink/sh_dev.o
  CC      drivers/pci/controller/pci-host-common.o
  CC      lib/compat_audit.o
  CC      drivers/pinctrl/sunxi/pinctrl-sun50i-h6-r.o
  CC      lib/syscall.o
  CC      kernel/futex/core.o
  CC      net/sunrpc/auth_unix.o
  CC      kernel/time/time.o
  CC      mm/migrate.o
  CC      net/ethtool/phy.o
  CC      net/ipv6/ip6_flowlabel.o
  CC      drivers/clk/clk-fractional-divider.o
  CC      fs/quota/kqid.o
  CC      drivers/pinctrl/sunxi/pinctrl-sun50i-h616.o
  CC      drivers/pinctrl/tegra/pinctrl-tegra.o
  CC      drivers/pci/controller/pci-host-generic.o
  CC      net/core/devmem.o
  CC      lib/errname.o
  AR      net/devlink/built-in.a
  CC      lib/nlattr.o
  CC      net/ipv4/tcp_cong.o
  CC      drivers/dma/dmaengine.o
  AR      fs/quota/built-in.a
  CC      drivers/pinctrl/sunxi/pinctrl-sun50i-h616-r.o
  CC      drivers/clk/clk-gpio.o
  CC      arch/arm64/kvm/vgic/vgic-debug.o
  CC      fs/proc/task_mmu.o
  CC      net/ethtool/tsconfig.o
  CC      net/sunrpc/svc.o
  CC      kernel/time/timer.o
  CC      drivers/pci/controller/pci-thunder-ecam.o
  CC      kernel/futex/syscalls.o
  CC      drivers/pinctrl/tegra/pinctrl-tegra124.o
  CC      drivers/pinctrl/sunxi/pinctrl-sun55i-a523.o
  CC      net/ipv6/inet6_connection_sock.o
  CC      drivers/clk/clk-conf.o
  CC      lib/checksum.o
  CC      drivers/dma/virt-dma.o
  AR      net/core/built-in.a
  CC      drivers/pinctrl/tegra/pinctrl-tegra210.o
  AR      drivers/soc/apple/built-in.a
  AR      drivers/soc/bcm/built-in.a
  CC      mm/memory-tiers.o
  CC      drivers/pci/controller/pci-thunder-pem.o
  CC      drivers/soc/fsl/qbman/bman_ccsr.o
  CC      drivers/pinctrl/sunxi/pinctrl-sun55i-a523-r.o
  CC      net/ethtool/mse.o
  CC      net/ipv4/tcp_metrics.o
  CC      kernel/futex/pi.o
  CC      lib/cpu_rmap.o
  CC      kernel/time/hrtimer.o
  CC      arch/arm64/kvm/vgic/vgic-v3-nested.o
  CC      drivers/clk/clk-cs2000-cp.o
  CC      net/sunrpc/svcsock.o
  CC      drivers/pinctrl/tegra/pinctrl-tegra186.o
  CC      net/ipv6/udp_offload.o
  CC      drivers/dma/of-dma.o
  AR      drivers/pinctrl/sunxi/built-in.a
  CC      drivers/soc/fsl/qbman/qman_ccsr.o
  CC      drivers/pci/controller/pcie-xilinx.o
  CC      mm/huge_memory.o
  CC      lib/dynamic_queue_limits.o
  CC      kernel/futex/requeue.o
  CC      drivers/soc/fsl/rcpm.o
  CC      fs/proc/inode.o
  CC      drivers/pinctrl/tegra/pinctrl-tegra194.o
  AR      net/ethtool/built-in.a
  CC      drivers/soc/fsl/guts.o
  CC      drivers/clk/clk-sparx5.o
  CC      drivers/dma/fsl-edma-main.o
  CC      drivers/soc/fsl/qbman/bman_portal.o
  CC      kernel/time/sleep_timeout.o
  CC      net/ipv4/tcp_fastopen.o
  CC      drivers/pci/controller/pcie-xilinx-nwl.o
  CC      net/ipv6/seg6.o
  CC      kernel/futex/waitwake.o
  CC      arch/arm64/kvm/vgic/vgic-v5.o
  CC      drivers/pinctrl/tegra/pinctrl-tegra-xusb.o
  CC      net/ipv4/tcp_recovery.o
  CC      lib/glob.o
  CC      drivers/clk/clk-en7523.o
  CC      kernel/smp.o
  CC      fs/proc/root.o
  CC      net/sunrpc/svcauth.o
  CC      kernel/time/timekeeping.o
  CC      drivers/soc/fsl/qbman/qman_portal.o
  CC      lib/dim/dim.o
  CC      drivers/dma/fsl-edma-common.o
  AR      kernel/futex/built-in.a
  CC      drivers/soc/fsl/qbman/bman.o
  CC      drivers/clk/clk-fsl-flexspi.o
  CC      drivers/pci/controller/pcie-xilinx-cpm.o
  AR      drivers/pinctrl/tegra/built-in.a
  CC      drivers/pinctrl/uniphier/pinctrl-uniphier-core.o
  CC      drivers/pinctrl/uniphier/pinctrl-uniphier-ld11.o
  CC      net/ipv6/fib6_notifier.o
  CC      lib/dim/net_dim.o
  CC      drivers/pmdomain/actions/owl-sps-helper.o
  CC      fs/proc/base.o
  CC      net/ipv4/tcp_ulp.o
  CC      drivers/pmdomain/amlogic/meson-ee-pwrc.o
  CC      net/sunrpc/svcauth_unix.o
  CC      drivers/clk/clk-fsl-sai.o
  CC      arch/arm64/kvm/pmu-emul.o
  CC      drivers/pmdomain/actions/owl-sps.o
  CC      net/8021q/vlan_core.o
  CC      drivers/soc/fsl/qbman/qman.o
  CC      drivers/pci/controller/pcie-xilinx-dma-pl.o
  CC      kernel/time/ntp.o
  CC      mm/khugepaged.o
  CC      drivers/pinctrl/uniphier/pinctrl-uniphier-ld20.o
  CC      drivers/dma/k3dma.o
  CC      net/ipv6/rpl.o
  CC      lib/dim/rdma_dim.o
  CC      drivers/pmdomain/amlogic/meson-secure-pwrc.o
  CC      drivers/clk/clk-plldig.o
  AR      drivers/pmdomain/actions/built-in.a
  CC      drivers/pinctrl/uniphier/pinctrl-uniphier-pxs3.o
  CC      net/ipv4/tcp_offload.o
  CC      fs/kernfs/mount.o
  CC      kernel/time/clocksource.o
  CC      drivers/pci/controller/pci-xgene.o
  AR      lib/dim/built-in.a
  CC      net/sunrpc/addr.o
  CC      lib/strncpy_from_user.o
  AR      drivers/pmdomain/amlogic/built-in.a
  CC      drivers/pmdomain/apple/pmgr-pwrstate.o
  CC      drivers/dma/mv_xor.o
  CC      drivers/pinctrl/uniphier/pinctrl-uniphier-nx1.o
  AR      net/8021q/built-in.a
  CC      fs/kernfs/inode.o
  CC      drivers/clk/clk-pwm.o
  CC      fs/proc/generic.o
  CC      net/ipv6/ioam6.o
  CC      drivers/soc/fsl/qbman/dpaa_sys.o
  CC      drivers/soc/fsl/dpio/dpio.o
  CC      lib/strnlen_user.o
  CC      arch/arm64/kvm/pmu.o
  CC      kernel/time/jiffies.o
  AR      drivers/pinctrl/uniphier/built-in.a
  CC      drivers/pinctrl/visconti/pinctrl-common.o
  CC      drivers/pci/controller/pcie-altera.o
  AR      drivers/pmdomain/apple/built-in.a
  CC      drivers/pmdomain/arm/scmi_perf_domain.o
  CC      drivers/clk/clk-qoriq.o
  CC      net/sunrpc/rpcb_clnt.o
  CC      mm/page_counter.o
  CC      net/ipv4/tcp_plb.o
  CC      fs/kernfs/dir.o
  CC      fs/proc/array.o
  AR      drivers/soc/fsl/qbman/built-in.a
  CC      drivers/dma/mv_xor_v2.o
  CC      drivers/pmdomain/arm/scmi_pm_domain.o
  CC      lib/net_utils.o
  CC      drivers/soc/fsl/dpio/qbman-portal.o
  CC      mm/hugetlb_cgroup.o
  CC      kernel/time/timer_list.o
  CC      drivers/pinctrl/visconti/pinctrl-tmpv7700.o
  CC      drivers/clk/clk-rk808.o
  CC      arch/arm64/kvm/pauth.o
  CC      drivers/pci/controller/pcie-altera-msi.o
  CC      kernel/uid16.o
  CC      net/ipv6/sysctl_net_ipv6.o
  CC      drivers/pmdomain/arm/scpi_pm_domain.o
  CC      lib/sg_split.o
  CC      kernel/time/timeconv.o
  CC      drivers/dma/owl-dma.o
  AR      drivers/pinctrl/visconti/built-in.a
  AR      drivers/pinctrl/built-in.a
  CC      net/ipv4/datagram.o
  CC      net/sunrpc/timer.o
  CC      fs/kernfs/file.o
  CC      drivers/virtio/virtio.o
  CC      fs/proc/fd.o
  CC      drivers/soc/fsl/dpio/dpio-service.o
  CC      drivers/clk/clk-hi655x.o
  CC      mm/memory-failure.o
  CC      drivers/pci/controller/pcie-rockchip.o
  AR      drivers/pmdomain/arm/built-in.a
  AR      drivers/pmdomain/bcm/built-in.a
  CC      drivers/pmdomain/imx/gpcv2.o
  CC      kernel/time/timecounter.o
  CC      kernel/time/alarmtimer.o
  CC      lib/sg_pool.o
  CC      net/ipv6/netfilter.o
  CC      drivers/virtio/virtio_ring.o
  AR      arch/arm64/kvm/built-in.a
  AR      arch/arm64/built-in.a
  CC      drivers/clk/clk-s2mps11.o
  CC      fs/sysfs/file.o
  CC      fs/configfs/inode.o
  CC      drivers/dma/pl330.o
  CC      net/sunrpc/xdr.o
  CC      drivers/soc/fsl/dpio/dpio-driver.o
  CC      net/ipv4/raw.o
  CC      fs/proc/proc_tty.o
  CC      fs/kernfs/symlink.o
  CC      lib/stmp_device.o
  CC      drivers/pci/controller/dwc/pcie-designware.o
  CC      kernel/time/posix-timers.o
  CC      drivers/pmdomain/imx/scu-pd.o
  CC      drivers/clk/clk-scmi.o
  CC      fs/sysfs/dir.o
  CC      fs/configfs/file.o
  CC      lib/irq_poll.o
  CC      fs/proc/cmdline.o
  AR      drivers/soc/fsl/dpio/built-in.a
  CC      mm/page_isolation.o
  CC      drivers/soc/fsl/dpaa2-console.o
  CC      net/ipv6/proc.o
  AR      fs/kernfs/built-in.a
  CC      fs/proc/consoles.o
  CC      drivers/pmdomain/imx/imx8m-blk-ctrl.o
  CC      drivers/clk/clk-scpi.o
  CC      fs/sysfs/symlink.o
  CC      drivers/dma/sh/rcar-dmac.o
  CC      fs/configfs/dir.o
  CC      drivers/dma/sh/rz-dmac.o
  CC      drivers/pci/controller/dwc/pcie-designware-host.o
  CC      net/ipv4/udp.o
  CC      fs/proc/cpuinfo.o
  CC      lib/stackdepot.o
  AR      drivers/soc/fsl/built-in.a
  CC      drivers/soc/imx/soc-imx8m.o
  CC      kernel/time/posix-cpu-timers.o
  CC      net/sunrpc/sunrpc_syms.o
  CC      drivers/virtio/virtio_anchor.o
  CC      mm/early_ioremap.o
  CC      drivers/clk/clk-renesas-pcie.o
  CC      drivers/pmdomain/imx/imx8mp-blk-ctrl.o
  CC      fs/sysfs/mount.o
  CC      fs/proc/devices.o
  AR      net/ipv6/netfilter/built-in.a
  CC      net/ipv6/addrconf_core.o
  CC      drivers/soc/imx/imx93-src.o
  CC      lib/asn1_decoder.o
  CC      drivers/virtio/virtio_pci_modern_dev.o
  CC      net/ipv6/exthdrs_core.o
  AR      drivers/dma/sh/built-in.a
  CC      drivers/dma/tegra186-gpc-dma.o
  CC      drivers/pci/controller/dwc/pcie-designware-ep.o
  CC      fs/configfs/symlink.o
  CC      kernel/time/posix-clock.o
  CC      mm/cma.o
  CC      drivers/clk/clk-versaclock3.o
  CC      net/sunrpc/cache.o
  CC      drivers/pmdomain/imx/imx93-pd.o
  CC      drivers/soc/imx/soc-imx9.o
  CC      fs/proc/interrupts.o
  CC      fs/sysfs/group.o
  CC      lib/fonts/fonts.o
  CC      fs/configfs/mount.o
  CC      drivers/xen/cpu_hotplug.o
  CC      drivers/virtio/virtio_mmio.o
  AR      drivers/soc/imx/built-in.a
  CC      drivers/soc/mediatek/mtk-infracfg.o
  CC      drivers/pmdomain/imx/imx93-blk-ctrl.o
  CC      kernel/time/itimer.o
  CC      fs/proc/loadavg.o
  CC      net/ipv6/ip6_checksum.o
  AR      fs/sysfs/built-in.a
  CC      drivers/clk/clk-versaclock5.o
  CC      drivers/pci/controller/dwc/pci-imx6.o
  CC      lib/fonts/font_8x8.o
  CC      kernel/kallsyms.o
  CC      mm/numa.o
  CC      lib/fonts/font_8x16.o
  CC      drivers/xen/grant-table.o
  CC      drivers/dma/tegra20-apb-dma.o
  CC      drivers/soc/mediatek/mtk-pmic-wrap.o
  CC      fs/configfs/item.o
  CC      net/ipv4/udp_offload.o
  AR      drivers/pmdomain/imx/built-in.a
  CC      drivers/virtio/virtio_pci_modern.o
  CC      fs/proc/meminfo.o
  CC      drivers/pmdomain/mediatek/mtk-mfg-pmdomain.o
  AR      lib/fonts/built-in.a
  CC      lib/oid_registry.o
  CC      mm/numa_memblks.o
  CC      kernel/time/clockevents.o
  CC      net/sunrpc/rpc_pipe.o
  AR      fs/configfs/built-in.a
  CC      lib/sbitmap.o
  CC      drivers/clk/clk-xgene.o
  CC      net/ipv6/ip6_icmp.o
  CC      net/ipv6/output_core.o
  CC      drivers/pci/controller/dwc/pci-layerscape.o
  CC      drivers/soc/mediatek/mtk-regulator-coupler.o
  AR      net/wireless/built-in.a
  CC      drivers/dma/qcom/bam_dma.o
  CC      drivers/soc/microchip/mpfs-irqmux.o
  CC      drivers/xen/features.o
  CC      fs/proc/stat.o
  CC      drivers/pmdomain/mediatek/mtk-scpsys.o
  CC      mm/balloon.o
  CC      drivers/virtio/virtio_pci_common.o
  CC      kernel/time/tick-common.o
  CC      drivers/xen/balloon.o
  CC      drivers/clk/actions/owl-common.o
  CC      lib/group_cpus.o
  CC      net/ipv4/arp.o
  CC      drivers/soc/microchip/mpfs-control-scb.o
  CC      net/ipv4/icmp.o
  CC      drivers/soc/mediatek/mtk-socinfo.o
  CC      drivers/pci/controller/dwc/pcie-qcom-common.o
  CC      fs/proc/uptime.o
  CC      net/sunrpc/sysfs.o
  CC      net/ipv6/protocol.o
  CC      mm/secretmem.o
  CC      drivers/dma/qcom/hidma_mgmt.o
  CC      drivers/clk/actions/owl-gate.o
  CC      drivers/pmdomain/mediatek/mtk-pm-domains.o
  CC      drivers/virtio/virtio_balloon.o
  CC      drivers/xen/manage.o
  CC      drivers/soc/microchip/mpfs-mss-top-sysreg.o
  CC      lib/devmem_is_allowed.o
  CC      kernel/time/tick-broadcast.o
  AR      drivers/soc/mediatek/built-in.a
  CC      drivers/regulator/core.o
  CC      fs/proc/util.o
  CC      drivers/pci/controller/dwc/pcie-qcom.o
  CC      drivers/clk/actions/owl-mux.o
  AR      drivers/soc/microchip/built-in.a
  CC      drivers/soc/amlogic/meson-clk-measure.o
  CC      drivers/dma/qcom/hidma_mgmt_sys.o
  CC      net/ipv6/ip6_offload.o
  AR      lib/lib.a
  CC      mm/memfd.o
  AR      lib/built-in.a
  CC      net/ipv6/exthdrs_offload.o
  CC      drivers/xen/time.o
  CC      drivers/pci/controller/dwc/pcie-armada8k.o
  CC      net/sunrpc/svc_xprt.o
  CC      kernel/time/tick-broadcast-hrtimer.o
  CC      drivers/clk/actions/owl-divider.o
  CC      fs/proc/version.o
  CC      net/ipv4/devinet.o
  AR      drivers/virtio/built-in.a
  CC      fs/proc/softirqs.o
  CC      drivers/pmdomain/mediatek/airoha-cpu-pmdomain.o
  CC      drivers/dma/qcom/hidma_ll.o
  CC      drivers/soc/amlogic/meson-gx-socinfo.o
  CC      drivers/clk/actions/owl-factor.o
  CC      kernel/time/sched_clock.o
  CC      drivers/xen/mem-reservation.o
  CC      net/sunrpc/xprtmultipath.o
  CC      kernel/time/tick-oneshot.o
  CC      drivers/pci/controller/dwc/pcie-dw-rockchip.o
  CC      fs/proc/namespaces.o
  CC      mm/page_reporting.o
  CC      fs/devpts/inode.o
  AR      drivers/pmdomain/mediatek/built-in.a
  CC      drivers/pmdomain/qcom/cpr.o
  CC      drivers/clk/actions/owl-composite.o
  AR      drivers/soc/amlogic/built-in.a
  CC      drivers/soc/qcom/qcom_aoss.o
  CC      net/ipv6/inet6_hashtables.o
  CC      drivers/soc/qcom/qcom-geni-se.o
  CC      drivers/dma/qcom/hidma.o
  CC      drivers/xen/events/events_base.o
  CC      kernel/time/tick-sched.o
  CC      drivers/pmdomain/qcom/rpmpd.o
  CC      drivers/clk/actions/owl-pll.o
  CC      drivers/regulator/dummy.o
  CC      drivers/pci/controller/dwc/pcie-kirin.o
  CC      fs/proc/self.o
  CC      mm/ioremap.o
  CC      net/sunrpc/backchannel_rqst.o
  AR      fs/devpts/built-in.a
  CC      fs/proc/thread_self.o
  CC      net/ipv4/af_inet.o
  CC      net/ipv4/igmp.o
  CC      drivers/pmdomain/qcom/rpmhpd.o
  CC      net/9p/mod.o
  CC      drivers/soc/qcom/cmd-db.o
  CC      drivers/dma/qcom/hidma_dbg.o
  CC      drivers/clk/actions/owl-reset.o
  CC      kernel/time/timer_migration.o
  CC      drivers/soc/qcom/rpmh-rsc.o
  CC      mm/execmem.o
  CC      drivers/regulator/fixed-helper.o
  CC      fs/proc/proc_sysctl.o
  CC      net/ipv6/mcast_snoop.o
  CC      net/9p/client.o
  CC      drivers/pci/controller/dwc/pcie-histb.o
  AR      drivers/pmdomain/qcom/built-in.a
  CC      drivers/xen/events/events_2l.o
  CC      drivers/pmdomain/renesas/r8a774a1-sysc.o
  CC      drivers/clk/actions/owl-s500.o
  CC      drivers/pmdomain/renesas/r8a774b1-sysc.o
  CC      kernel/acct.o
  CC      net/sunrpc/stats.o
  AR      drivers/dma/qcom/built-in.a
  CC      drivers/pmdomain/renesas/r8a774c0-sysc.o
  AR      drivers/dma/stm32/built-in.a
  CC      drivers/dma/ti/k3-udma.o
  CC      drivers/regulator/helpers.o
  AR      mm/built-in.a
  CC      drivers/clk/actions/owl-s700.o
  CC      drivers/soc/qcom/rpmh.o
  CC      kernel/time/vsyscall.o
  CC      drivers/pci/controller/mobiveil/pcie-mobiveil.o
  CC      drivers/xen/events/events_fifo.o
  CC      drivers/pci/controller/dwc/pcie-visconti.o
  CC      drivers/pmdomain/renesas/r8a774e1-sysc.o
  CC      drivers/pci/controller/mobiveil/pcie-mobiveil-host.o
  AR      net/ipv6/built-in.a
  CC      drivers/pmdomain/renesas/r8a7795-sysc.o
  CC      drivers/xen/xenbus/xenbus_client.o
  CC      kernel/time/timekeeping_debug.o
  CC      drivers/clk/actions/owl-s900.o
  CC      fs/proc/proc_net.o
  CC      net/9p/error.o
  CC      drivers/xen/xenbus/xenbus_comms.o
  CC      net/ipv4/fib_frontend.o
  CC      drivers/soc/qcom/rpm-proc.o
  CC      net/sunrpc/sysctl.o
  CC      drivers/regulator/devres.o
  CC      drivers/regulator/irq_helpers.o
  CC      drivers/pmdomain/renesas/r8a77960-sysc.o
  AR      drivers/xen/events/built-in.a
  AR      drivers/pci/controller/dwc/built-in.a
  CC      drivers/pmdomain/renesas/r8a77961-sysc.o
  CC      net/ipv4/fib_semantics.o
  CC      drivers/regulator/of_regulator.o
  CC      drivers/pci/controller/mobiveil/pcie-layerscape-gen4.o
  CC      drivers/pmdomain/renesas/r8a77965-sysc.o
  CC      net/9p/protocol.o
  CC      drivers/soc/qcom/smd-rpm.o
  AR      drivers/clk/actions/built-in.a
  CC      drivers/pmdomain/renesas/r8a77970-sysc.o
  CC      kernel/time/namespace.o
  AR      drivers/clk/axis/built-in.a
  AR      drivers/clk/bcm/built-in.a
  CC      drivers/clk/berlin/berlin2-avpll.o
  CC      drivers/pmdomain/rockchip/pm-domains.o
  CC      drivers/pmdomain/renesas/r8a77980-sysc.o
  CC      fs/proc/kmsg.o
  CC      drivers/xen/xenbus/xenbus_xs.o
  CC      drivers/pmdomain/renesas/r8a77990-sysc.o
  CC      drivers/clk/berlin/berlin2-pll.o
  CC      drivers/pmdomain/renesas/r8a77995-sysc.o
  CC      net/sunrpc/auth_gss/auth_gss.o
  CC      drivers/reset/core.o
  CC      kernel/kexec_core.o
  AR      drivers/pci/controller/mobiveil/built-in.a
  CC      net/9p/trans_common.o
  CC      drivers/soc/qcom/kryo-l2-accessors.o
  AR      drivers/pci/controller/built-in.a
  CC      drivers/regulator/fixed.o
  CC      drivers/dma/ti/k3-udma-glue.o
  AR      drivers/pci/built-in.a
  CC      drivers/pmdomain/renesas/r8a779a0-sysc.o
  CC      kernel/time/namespace_vdso.o
  CC      fs/proc/page.o
  CC      drivers/reset/amlogic/reset-meson.o
  CC      drivers/pmdomain/renesas/r8a779f0-sysc.o
  AR      drivers/soc/qcom/built-in.a
  CC      drivers/clk/berlin/berlin2-div.o
  CC      fs/netfs/buffered_read.o
  CC      drivers/pmdomain/renesas/r8a779g0-sysc.o
  CC      drivers/soc/renesas/renesas-soc.o
  CC      drivers/xen/xenbus/xenbus_probe.o
  AR      drivers/pmdomain/rockchip/built-in.a
  CC      net/ipv4/fib_trie.o
  CC      drivers/pmdomain/renesas/r8a779h0-sysc.o
  CC      drivers/pmdomain/renesas/rcar-sysc.o
  CC      net/9p/trans_fd.o
  AR      kernel/time/built-in.a
  CC      net/9p/trans_virtio.o
  CC      drivers/reset/amlogic/reset-meson-common.o
  CC      drivers/xen/arm-device.o
  AR      drivers/clk/berlin/built-in.a
  CC      drivers/regulator/cros-ec-regulator.o
  CC      drivers/clk/hisilicon/clk.o
  CC      drivers/soc/renesas/r9a08g045-sysc.o
  CC      drivers/clk/hisilicon/clkgate-separated.o
  CC      kernel/kexec.o
  AR      fs/proc/built-in.a
  AR      drivers/dma/xilinx/built-in.a
  CC      drivers/xen/pci.o
  CC      drivers/dma/ti/k3-psil.o
  CC      fs/netfs/buffered_write.o
  CC      drivers/xen/xenbus/xenbus_probe_backend.o
  CC      drivers/pmdomain/renesas/rcar-gen4-sysc.o
  AR      drivers/reset/amlogic/built-in.a
  CC      drivers/reset/hisilicon/reset-hi3660.o
  CC      net/sunrpc/auth_gss/gss_mech_switch.o
  CC      drivers/soc/renesas/r9a08g046-sysc.o
  CC      net/sysctl_net.o
  CC      drivers/soc/rockchip/grf.o
  CC      drivers/dma/ti/k3-psil-am654.o
  CC      drivers/clk/hisilicon/clkdivider-hi6220.o
  CC      drivers/regulator/scmi-regulator.o
  CC      drivers/dma/ti/k3-psil-j721e.o
  CC      kernel/kexec_file.o
  CC      kernel/compat.o
  CC      drivers/clk/hisilicon/clk-hisi-phase.o
  CC      drivers/dma/ti/k3-psil-j7200.o
  AR      net/9p/built-in.a
  CC      drivers/pmdomain/samsung/exynos-pm-domains.o
  CC      drivers/xen/xenbus/xenbus_dev_frontend.o
  CC      drivers/dma/ti/k3-psil-am64.o
  AR      drivers/reset/hisilicon/built-in.a
  CC      drivers/soc/renesas/r9a09g047-sys.o
  AR      drivers/pmdomain/renesas/built-in.a
  CC      drivers/reset/tegra/reset-bpmp.o
  CC      drivers/dma/ti/k3-psil-j721s2.o
  CC      fs/netfs/direct_read.o
  CC      drivers/dma/ti/k3-psil-am62.o
  CC      fs/ext4/balloc.o
  CC      drivers/clk/hisilicon/crg-hi3516cv300.o
  CC      net/ipv4/fib_notifier.o
  CC      drivers/soc/rockchip/io-domain.o
  CC      drivers/dma/ti/k3-psil-am62a.o
  CC      drivers/regulator/axp20x-regulator.o
  CC      drivers/dma/ti/k3-psil-j784s4.o
  CC      drivers/char/mem.o
  CC      drivers/tty/tty_io.o
  CC      net/sunrpc/auth_gss/svcauth_gss.o
  AR      drivers/pmdomain/samsung/built-in.a
  CC      drivers/dma/ti/k3-psil-am62p.o
  CC      drivers/pmdomain/sunxi/sun20i-ppu.o
  CC      drivers/soc/renesas/r9a09g057-sys.o
  AR      drivers/reset/tegra/built-in.a
  AR      drivers/dma/ti/built-in.a
  CC      drivers/reset/reset-imx7.o
  AR      drivers/dma/built-in.a
  CC      drivers/soc/renesas/pwc-rzv2m.o
  CC      drivers/soc/samsung/exynos-chipid.o
  CC      kernel/cgroup/cgroup.o
  CC      drivers/xen/xenbus/xenbus_dev_backend.o
  CC      drivers/clk/hisilicon/clk-hi3519.o
  CC      fs/netfs/direct_write.o
  AR      drivers/soc/rockchip/built-in.a
  CC      drivers/xen/dbgp.o
  CC      net/ipv4/inet_fragment.o
  CC      drivers/pmdomain/sunxi/sun55i-pck600.o
  CC      drivers/clk/hisilicon/clk-hi3559a.o
  CC      fs/ext4/bitmap.o
  CC      drivers/reset/reset-imx8mp-audiomix.o
  CC      drivers/soc/samsung/exynos-asv.o
  CC      drivers/regulator/bd718x7-regulator.o
  CC      drivers/soc/renesas/rcar-rst.o
  CC      drivers/char/random.o
  CC      drivers/regulator/fan53555.o
  CC      drivers/xen/xenbus/xenbus_probe_frontend.o
  CC      fs/netfs/iterator.o
  CC      drivers/soc/samsung/exynos-pmu.o
  CC      drivers/soc/renesas/rz-sysc.o
  AR      drivers/pmdomain/sunxi/built-in.a
  CC      drivers/reset/reset-npcm.o
  CC      drivers/pmdomain/tegra/powergate-bpmp.o
  CC      drivers/clk/hisilicon/clk-hi3660.o
  CC      net/sunrpc/auth_gss/gss_rpc_upcall.o
  CC      fs/netfs/locking.o
  CC      drivers/tty/n_tty.o
  CC      fs/ext4/block_validity.o
  CC      drivers/clk/hisilicon/clk-hi3670.o
  AR      drivers/xen/xenbus/built-in.a
  CC      drivers/xen/biomerge.o
  CC      drivers/regulator/gpio-regulator.o
  AR      drivers/soc/renesas/built-in.a
  CC      drivers/clk/hisilicon/crg-hi3798cv200.o
  CC      drivers/soc/samsung/gs101-pmu.o
  CC      fs/jbd2/transaction.o
  CC      drivers/reset/reset-ma35d1.o
  CC      net/ipv4/ping.o
  AR      drivers/pmdomain/tegra/built-in.a
  CC      drivers/iommu/arm/arm-smmu/qcom_iommu.o
  CC      drivers/pmdomain/ti/ti_sci_pm_domains.o
  CC      drivers/char/misc.o
  CC      fs/netfs/main.o
  CC      fs/jbd2/commit.o
  CC      fs/ext4/dir.o
  CC      net/sunrpc/auth_gss/gss_rpc_xdr.o
  CC      drivers/xen/xen-balloon.o
  AR      drivers/soc/samsung/built-in.a
  CC      drivers/soc/sunxi/sunxi_mbus.o
  CC      drivers/clk/hisilicon/clk-hi6220.o
  AR      drivers/pmdomain/ti/built-in.a
  CC      drivers/regulator/hi6421v530-regulator.o
  CC      drivers/pmdomain/xilinx/zynqmp-pm-domains.o
  CC      drivers/reset/reset-mpfs.o
  CC      drivers/char/virtio_console.o
  CC      drivers/tty/tty_ioctl.o
  CC      fs/netfs/misc.o
  CC      kernel/cgroup/rstat.o
  CC      drivers/iommu/arm/arm-smmu/arm-smmu.o
  CC      drivers/clk/hisilicon/reset.o
  CC      drivers/xen/evtchn.o
  CC      drivers/soc/sunxi/sunxi_sram.o
  CC      drivers/iommu/arm/arm-smmu/arm-smmu-impl.o
  AR      drivers/pmdomain/xilinx/built-in.a
  CC      fs/ext4/ext4_jbd2.o
  CC      drivers/pmdomain/core.o
  CC      drivers/reset/reset-qcom-aoss.o
  CC      net/ipv4/ip_tunnel_core.o
  CC      drivers/regulator/hi655x-regulator.o
  CC      fs/jbd2/recovery.o
  CC      net/sunrpc/auth_gss/trace.o
  CC      drivers/tty/tty_ldisc.o
  CC      drivers/clk/hisilicon/clk-hi6220-stub.o
  CC      fs/netfs/objects.o
  CC      kernel/cgroup/namespace.o
  AR      drivers/soc/sunxi/built-in.a
  CC      drivers/soc/tegra/fuse/fuse-tegra.o
  CC      drivers/xen/gntdev.o
  CC      fs/ext4/extents.o
  CC      drivers/reset/reset-rzg2l-usbphy-ctrl.o
  CC      drivers/char/hw_random/core.o
  AR      drivers/iommu/arm/arm-smmu-v3/built-in.a
  CC      drivers/regulator/max77620-regulator.o
  CC      drivers/clk/imx/clk.o
  CC      drivers/tty/tty_buffer.o
  CC      drivers/clk/hisilicon/clk-hi3660-stub.o
  CC      fs/jbd2/checkpoint.o
  CC      net/sunrpc/auth_gss/gss_krb5_mech.o
  CC      fs/netfs/read_collect.o
  CC      kernel/cgroup/cgroup-v1.o
  CC      net/ipv4/gre_offload.o
  CC      drivers/reset/reset-scmi.o
  CC      drivers/iommu/arm/arm-smmu/arm-smmu-nvidia.o
  CC      drivers/soc/tegra/fuse/fuse-tegra30.o
  CC      drivers/char/hw_random/airoha-trng.o
  CC      drivers/pmdomain/governor.o
  CC      drivers/clk/imx/clk-busy.o
  AR      drivers/clk/hisilicon/built-in.a
  CC      drivers/tty/tty_port.o
  CC      fs/netfs/read_pgpriv2.o
  CC      drivers/regulator/max8973-regulator.o
  CC      drivers/xen/gntalloc.o
  CC      drivers/reset/reset-simple.o
  CC      fs/jbd2/revoke.o
  CC      drivers/soc/tegra/fuse/tegra-apbmisc.o
  CC      drivers/clk/imx/clk-composite-7ulp.o
  CC      drivers/char/hw_random/atmel-rng.o
  CC      net/sunrpc/auth_gss/gss_krb5_seal.o
  AR      drivers/pmdomain/built-in.a
  CC      drivers/reset/reset-sunxi.o
  CC      drivers/iommu/iommu.o
  CC      drivers/iommu/arm/arm-smmu/arm-smmu-qcom.o
  CC      net/ipv4/metrics.o
  CC      drivers/tty/tty_mutex.o
  CC      kernel/cgroup/freezer.o
  CC      fs/netfs/read_retry.o
  CC      net/ipv4/netlink.o
  CC      drivers/regulator/mp8859.o
  CC      drivers/clk/imx/clk-composite-8m.o
  CC      drivers/soc/tegra/fuse/speedo-tegra124.o
  CC      drivers/xen/xenfs/super.o
  CC      drivers/reset/reset-ti-sci.o
  CC      drivers/char/hw_random/exynos-trng.o
  CC      fs/jbd2/journal.o
  CC      fs/ext4/extents_status.o
  CC      drivers/tty/tty_ldsem.o
  CC      net/sunrpc/auth_gss/gss_krb5_unseal.o
  CC      drivers/clk/imx/clk-composite-93.o
  AR      drivers/iommu/arm/arm-smmu/built-in.a
  AR      drivers/iommu/arm/built-in.a
  CC      fs/ext4/file.o
  CC      fs/netfs/read_single.o
  CC      drivers/reset/reset-ti-syscon.o
  CC      kernel/cgroup/legacy_freezer.o
  CC      drivers/regulator/mt6357-regulator.o
  CC      drivers/soc/tegra/fuse/speedo-tegra210.o
  CC      fs/netfs/rolling_buffer.o
  CC      drivers/char/hw_random/omap-rng.o
  CC      drivers/xen/xenfs/xenstored.o
  CC      net/ipv4/nexthop.o
  CC      drivers/tty/tty_baudrate.o
  CC      drivers/iommu/iommu-pages.o
  CC      drivers/clk/imx/clk-fracn-gppll.o
  CC      drivers/reset/reset-uniphier.o
  CC      net/ipv4/udp_tunnel_stub.o
  AR      drivers/soc/tegra/fuse/built-in.a
  CC      kernel/cgroup/pids.o
  CC      drivers/soc/tegra/cbb/tegra-cbb.o
  CC      net/sunrpc/auth_gss/gss_krb5_wrap.o
  CC      drivers/iommu/iommu-traces.o
  AR      drivers/xen/xenfs/built-in.a
  CC      drivers/regulator/mt6359-regulator.o
  CC      drivers/xen/sys-hypervisor.o
  AR      fs/jbd2/built-in.a
  CC      drivers/char/hw_random/virtio-rng.o
  CC      kernel/cgroup/cpuset.o
  CC      drivers/tty/tty_jobctrl.o
  CC      fs/netfs/write_collect.o
  CC      fs/ext4/fsmap.o
  CC      drivers/clk/imx/clk-cpu.o
  CC      fs/ext4/fsync.o
  CC      drivers/iommu/iommu-sysfs.o
  CC      drivers/reset/reset-uniphier-glue.o
  CC      drivers/iommu/dma-iommu.o
  CC      drivers/xen/swiotlb-xen.o
  CC      drivers/soc/tegra/cbb/tegra194-cbb.o
  CC      drivers/clk/imx/clk-divider-gate.o
  CC      drivers/tty/n_null.o
  CC      drivers/char/hw_random/hisi-rng.o
  CC      drivers/reset/reset-zynqmp.o
  CC      drivers/regulator/mt6360-regulator.o
  CC      net/sunrpc/auth_gss/gss_krb5_crypto.o
  CC      fs/netfs/write_issue.o
  CC      kernel/utsname.o
  CC      net/sunrpc/auth_gss/gss_krb5_keys.o
  CC      net/dns_resolver/dns_key.o
  CC      fs/ext4/hash.o
  CC      drivers/tty/pty.o
  CC      drivers/clk/imx/clk-fixup-div.o
  AR      drivers/reset/built-in.a
  AR      drivers/xen/xen-pciback/built-in.a
  CC      fs/netfs/write_retry.o
  CC      drivers/char/hw_random/histb-rng.o
  CC      net/ipv4/sysctl_net_ipv4.o
  CC      drivers/xen/privcmd.o
  AR      drivers/soc/tegra/cbb/built-in.a
  CC      drivers/regulator/mt6397-regulator.o
  CC      drivers/soc/tegra/common.o
  CC      net/dns_resolver/dns_query.o
  CC      drivers/tty/tty_audit.o
  CC      drivers/clk/imx/clk-fixup-mux.o
  CC      drivers/clk/imx/clk-frac-pll.o
  CC      fs/ext4/ialloc.o
  AR      kernel/cgroup/built-in.a
  CC      kernel/user_namespace.o
  CC      drivers/iommu/io-pgtable.o
  CC      drivers/char/hw_random/xgene-rng.o
  CC      drivers/xen/privcmd-buf.o
  AR      net/sunrpc/auth_gss/built-in.a
  AR      net/sunrpc/built-in.a
  CC      drivers/soc/tegra/flowctrl.o
  AR      fs/netfs/built-in.a
  CC      drivers/clk/imx/clk-gate2.o
  CC      net/ipv4/proc.o
  CC      drivers/iommu/io-pgtable-arm-v7s.o
  CC      drivers/regulator/qcom_smd-regulator.o
  CC      drivers/gpu/host1x/context_bus.o
  CC      drivers/tty/sysrq.o
  AR      net/dns_resolver/built-in.a
  CC      net/switchdev/switchdev.o
  CC      drivers/soc/ti/ti_sci_inta_msi.o
  CC      fs/ext4/indirect.o
  CC      drivers/xen/xlate_mmu.o
  CC      drivers/char/hw_random/stm32-rng.o
  CC      net/handshake/alert.o
  CC      drivers/soc/tegra/pmc.o
  AR      drivers/gpu/drm/built-in.a
  CC      fs/ext4/inline.o
  AR      drivers/gpu/host1x/built-in.a
  CC      drivers/clk/imx/clk-gate-93.o
  CC      drivers/gpu/trace/trace_gpu_mem.o
  CC      drivers/iommu/io-pgtable-arm.o
  CC      kernel/pid_namespace.o
  CC      drivers/iommu/io-pgtable-dart.o
  CC      drivers/regulator/qcom_spmi-regulator.o
  CC      drivers/soc/ti/k3-ringacc.o
  CC      drivers/clk/imx/clk-gate-exclusive.o
  AR      drivers/gpu/trace/built-in.a
  AR      drivers/gpu/built-in.a
  CC      net/ipv4/ipconfig.o
  CC      drivers/clk/keystone/sci-clk.o
  CC      drivers/char/hw_random/meson-rng.o
  AR      drivers/xen/built-in.a
  CC      drivers/tty/vt/vt_ioctl.o
  CC      drivers/iommu/iova.o
  AR      net/switchdev/built-in.a
  CC      drivers/clk/mediatek/clk-mtk.o
  CC      fs/squashfs/block.o
  CC      net/handshake/genl.o
  CC      drivers/clk/imx/clk-pfd.o
  UPD     kernel/config_data
  CC      kernel/stop_machine.o
  CC      drivers/base/component.o
  CC      drivers/base/core.o
  CC      drivers/char/hw_random/cavium-rng.o
  CC      drivers/soc/tegra/ari-tegra186.o
  CC      drivers/clk/keystone/syscon-clk.o
  CC      fs/ext4/inode.o
  CC      drivers/soc/ti/k3-socinfo.o
  CC      drivers/regulator/pca9450-regulator.o
  CC      drivers/clk/imx/clk-pfdv2.o
  CC      drivers/iommu/of_iommu.o
  AR      drivers/soc/tegra/built-in.a
  CC      fs/ext4/ioctl.o
  CC      drivers/clk/mediatek/clk-pll.o
  CC      drivers/tty/vt/vc_screen.o
  CC      fs/squashfs/cache.o
  CC      net/handshake/netlink.o
  CC      drivers/block/loop.o
  CC      net/ipv4/netfilter.o
  CC      drivers/char/hw_random/cavium-rng-vf.o
  CC      kernel/audit.o
  AR      drivers/clk/keystone/built-in.a
  CC      drivers/clk/mediatek/clk-gate.o
  AR      drivers/soc/ti/built-in.a
  CC      drivers/soc/xilinx/zynqmp_power.o
  CC      drivers/clk/imx/clk-pllv1.o
  CC      drivers/regulator/pf8x00-regulator.o
  CC      drivers/iommu/mtk_iommu.o
  CC      kernel/auditfilter.o
  CC      fs/squashfs/dir.o
  CC      drivers/tty/vt/selection.o
  CC      drivers/char/hw_random/mtk-rng.o
  CC      drivers/clk/mediatek/clk-apmixed.o
  CC      drivers/clk/imx/clk-pllv2.o
  CC      net/handshake/request.o
  CC      drivers/soc/xilinx/xlnx_event_manager.o
  AR      net/ipv4/netfilter/built-in.a
  CC      net/ipv4/inet_diag.o
  CC      fs/squashfs/export.o
  CC      drivers/base/bus.o
  CC      drivers/regulator/pfuze100-regulator.o
  CC      drivers/clk/imx/clk-pllv3.o
  CC      drivers/tty/vt/keyboard.o
  CC      drivers/block/virtio_blk.o
  CC      drivers/clk/mediatek/clk-cpumux.o
  CC      drivers/char/hw_random/optee-rng.o
  CC      fs/ramfs/inode.o
  CC      drivers/iommu/rockchip-iommu.o
  CC      fs/squashfs/file.o
  CC      drivers/char/tpm/tpm-chip.o
  AR      drivers/soc/xilinx/built-in.a
  CC      drivers/clk/imx/clk-pllv4.o
  AR      drivers/soc/built-in.a
  CC      fs/ramfs/file-mmu.o
  CC      kernel/auditsc.o
  CC      drivers/clk/mediatek/reset.o
  CC      drivers/char/hw_random/npcm-rng.o
  CC      drivers/base/dd.o
  CC      net/handshake/tlshd.o
  CC      drivers/regulator/pwm-regulator.o
  CC      fs/ext4/mballoc.o
  CC      kernel/audit_watch.o
  CC      net/ipv4/tcp_diag.o
  CC      drivers/block/xen-blkfront.o
  CC      drivers/clk/imx/clk-pll14xx.o
  CC      drivers/iommu/tegra-smmu.o
  CC      drivers/clk/mediatek/clk-mux.o
  CC      drivers/char/hw_random/arm_smccc_trng.o
  CC      drivers/tty/vt/vt.o
  AR      fs/ramfs/built-in.a
  CC      drivers/char/tpm/tpm-dev-common.o
  CC      fs/hugetlbfs/inode.o
  CC      fs/squashfs/fragment.o
  CC      drivers/regulator/raa215300.o
  CC      drivers/base/syscore.o
  CC      net/handshake/trace.o
  CC      drivers/char/hw_random/cn10k-rng.o
  CC      drivers/clk/imx/clk-sscg-pll.o
  CC      fs/squashfs/id.o
  CC      drivers/base/driver.o
  CC      drivers/clk/mediatek/clk-fhctl.o
  CC      kernel/audit_fsnotify.o
  CC      drivers/char/tpm/tpm-dev.o
  AR      drivers/iommu/built-in.a
  CC      kernel/audit_tree.o
  CC      net/ipv4/tcp_cubic.o
  CC      fs/squashfs/inode.o
  CC      drivers/regulator/rk808-regulator.o
  AR      fs/hugetlbfs/built-in.a
  CC      drivers/clk/imx/clk-gpr-mux.o
  CC      net/ipv4/tcp_bpf.o
  CC      drivers/misc/eeprom/eeprom_93cx6.o
  CC      drivers/char/hw_random/rockchip-rng.o
  CC      drivers/clk/mediatek/clk-pllfh.o
  CC      drivers/base/class.o
  AR      net/handshake/built-in.a
  CC      fs/ext4/migrate.o
  CC      drivers/char/tpm/tpm-interface.o
  CC      net/ipv4/udp_bpf.o
  AR      drivers/misc/eeprom/built-in.a
  AR      drivers/block/built-in.a
  CC      drivers/misc/sram.o
  CC      kernel/seccomp.o
  CC      drivers/clk/imx/clk-imx8mm.o
  CC      fs/squashfs/namei.o
  AR      drivers/char/hw_random/built-in.a
  CC      drivers/clk/mediatek/clk-mt6765.o
  CC      drivers/clk/meson/meson-clkc-utils.o
  CC      drivers/regulator/rohm-regulator.o
  CC      drivers/tty/vt/defkeymap.o
  CC      drivers/base/platform.o
  CC      fs/fat/cache.o
  CC      drivers/clk/meson/meson-aoclk.o
  CC      net/ipv4/bpf_tcp_ca.o
  CC      fs/ext4/mmp.o
  CC      drivers/tty/vt/consolemap.o
  CC      drivers/char/tpm/tpm1-cmd.o
  CC      fs/squashfs/super.o
  AR      drivers/misc/built-in.a
  CC      drivers/clk/mediatek/clk-mt6779.o
  CC      fs/fat/dir.o
  CC      fs/squashfs/symlink.o
  CC      fs/squashfs/decompressor.o
  CC      drivers/clk/meson/clk-cpu-dyndiv.o
  CC      drivers/regulator/s2mps11.o
  CC      drivers/clk/imx/clk-imx8mn.o
  CC      drivers/tty/hvc/hvc_console.o
  CC      drivers/tty/hvc/hvc_irq.o
  CC      drivers/base/cpu.o
  CC      drivers/clk/mediatek/clk-mt6795-apmixedsys.o
  CC      fs/ext4/move_extent.o
  CC      kernel/utsname_sysctl.o
  CC      drivers/tty/vt/consolemap_deftbl.o
  CC      drivers/char/tpm/tpm2-cmd.o
  COPY    drivers/tty/vt/ucs_width_table.h
  CC      drivers/tty/vt/ucs.o
  CC      drivers/base/firmware.o
  CC      fs/nfs/client.o
  CC      fs/squashfs/page_actor.o
  AR      net/ipv4/built-in.a
  AR      drivers/tty/vt/built-in.a
  CC      drivers/clk/meson/clk-dualdiv.o
  CC      drivers/clk/meson/clk-mpll.o
  CC      kernel/taskstats.o
  AR      net/built-in.a
  CC      drivers/regulator/sun20i-regulator.o
  CC      drivers/char/tpm/tpmrm-dev.o
  CC      drivers/clk/imx/clk-imx8mp.o
  CC      drivers/tty/hvc/hvc_xen.o
  CC      drivers/clk/mediatek/clk-mt6795-infracfg.o
  CC      drivers/base/init.o
  CC      drivers/base/map.o
  CC      drivers/base/devres.o
  CC      fs/fat/fatent.o
  CC      fs/squashfs/file_direct.o
  CC      fs/ext4/namei.o
  CC      drivers/clk/meson/clk-pll.o
  CC      fs/squashfs/decompressor_single.o
  CC      drivers/tty/serial/serial_core.o
  CC      drivers/char/tpm/tpm2-space.o
  CC      kernel/tsacct.o
  CC      drivers/regulator/tps65219-regulator.o
  CC      drivers/clk/mediatek/clk-mt6795-pericfg.o
  CC      fs/ext4/page-io.o
  CC      drivers/mfd/bd9571mwv.o
  AR      drivers/tty/hvc/built-in.a
  CC      drivers/clk/imx/clk-imx8mp-audiomix.o
  CC      drivers/base/attribute_container.o
  CC      fs/nfs/dir.o
  CC      fs/exportfs/expfs.o
  CC      drivers/clk/meson/clk-regmap.o
  CC      fs/nfs/file.o
  CC      fs/squashfs/zlib_wrapper.o
  CC      drivers/clk/mediatek/clk-mt6795-topckgen.o
  CC      fs/fat/file.o
  CC      kernel/trace/trace_clock.o
  CC      drivers/regulator/uniphier-regulator.o
  CC      drivers/base/transport_class.o
  CC      drivers/char/tpm/tpm-sysfs.o
  CC      drivers/clk/imx/clk-imx8mq.o
  AR      fs/exportfs/built-in.a
  CC      drivers/mfd/tps65219.o
  CC      fs/fat/inode.o
  CC      drivers/clk/meson/vid-pll-div.o
  CC      drivers/clk/mediatek/clk-mt6795-mfg.o
  AR      fs/squashfs/built-in.a
  CC      drivers/clk/imx/clk-imx93.o
  CC      fs/fat/misc.o
  AR      kernel/trace/built-in.a
  CC      kernel/irq_work.o
  CC      drivers/base/topology.o
  CC      drivers/regulator/renesas-usb-vbus-regulator.o
  CC      drivers/clk/imx/clk-imx95-blk-ctl.o
  CC      drivers/char/tpm/eventlog/common.o
  CC      drivers/clk/meson/vclk.o
  CC      fs/ext4/readpage.o
  CC      drivers/clk/mediatek/clk-mt6795-mm.o
  CC      drivers/tty/serial/serial_base_bus.o
  CC      fs/ext4/resize.o
  CC      drivers/mfd/mfd-core.o
  CC      drivers/tty/serial/serial_ctrl.o
  CC      fs/fat/nfs.o
  CC      kernel/cpu_pm.o
  CC      drivers/base/container.o
  CC      kernel/events/core.o
  CC      fs/nfs/getroot.o
  CC      kernel/bpf/core.o
  CC      drivers/clk/meson/axg.o
  AR      drivers/regulator/built-in.a
  CC      drivers/clk/mediatek/clk-mt6795-vdecsys.o
  CC      drivers/char/tpm/eventlog/tpm1.o
  CC      drivers/clk/imx/clk-scu.o
  CC      fs/ext4/super.o
  CC      drivers/tty/serial/serial_port.o
  CC      drivers/mfd/axp20x.o
  CC      drivers/clk/mediatek/clk-mt6795-vencsys.o
  CC      drivers/base/property.o
  CC      drivers/tty/serial/earlycon.o
  CC      fs/lockd/clntlock.o
  CC      fs/fat/namei_vfat.o
  CC      kernel/bpf/syscall.o
  CC      drivers/clk/meson/axg-aoclk.o
  CC      drivers/clk/imx/clk-imx8qxp.o
  CC      drivers/clk/mediatek/clk-mt6797.o
  CC      drivers/char/tpm/eventlog/tpm2.o
  CC      fs/nfs/inode.o
  CC      drivers/clk/meson/c3-pll.o
  CC      drivers/clk/microchip/clk-mpfs.o
  CC      drivers/mfd/axp20x-i2c.o
  CC      drivers/tty/serial/8250/8250_core.o
  CC      drivers/tty/serial/8250/8250_platform.o
  CC      drivers/base/cacheinfo.o
  CC      drivers/clk/imx/clk-imx8qxp-rsrc.o
  CC      fs/lockd/clntproc.o
  CC      drivers/clk/mediatek/clk-mt2712-apmixedsys.o
  CC      drivers/clk/meson/c3-peripherals.o
  AR      fs/fat/built-in.a
  CC      drivers/clk/mediatek/clk-mt2712.o
  CC      drivers/char/tpm/tpm-buf.o
  CC      drivers/clk/microchip/clk-mpfs-ccc.o
  CC      drivers/mfd/axp20x-rsb.o
  CC      drivers/clk/imx/clk-imx8qm-rsrc.o
  CC      drivers/char/tpm/tpm2-sessions.o
  CC      drivers/tty/serial/8250/8250_port.o
  CC      kernel/padata.o
  CC      fs/nfs/super.o
  CC      drivers/clk/meson/gxbb.o
  CC      drivers/clk/mediatek/clk-mt7622-apmixedsys.o
  AR      drivers/clk/microchip/built-in.a
  CC      drivers/base/swnode.o
  CC      kernel/events/ring_buffer.o
  CC      drivers/mfd/max77620.o
  CC      drivers/char/tpm/eventlog/of.o
  CC      drivers/clk/imx/clk-imx8dxl-rsrc.o
  CC      fs/lockd/clntxdr.o
  CC      fs/lockd/host.o
  CC      fs/ext4/symlink.o
  CC      drivers/clk/meson/gxbb-aoclk.o
  CC      drivers/clk/mediatek/clk-mt7622.o
  CC      drivers/tty/serial/amba-pl011.o
  CC      fs/nls/nls_base.o
  CC      drivers/clk/imx/clk-lpcg-scu.o
  CC      drivers/char/tpm/tpm_i2c_infineon.o
  CC      drivers/base/faux.o
  CC      drivers/mfd/mt6360-core.o
  CC      drivers/clk/meson/g12a.o
  AR      drivers/nfc/built-in.a
  CC      fs/ext4/sysfs.o
  CC      drivers/clk/mediatek/clk-mt7622-infracfg.o
  CC      fs/nfs/io.o
  CC      drivers/dma-buf/dma-buf.o
  CC      kernel/bpf/verifier.o
  CC      fs/nls/nls_cp437.o
  CC      drivers/clk/imx/clk-imx8qxp-lpcg.o
  CC      drivers/tty/serdev/core.o
  CC      drivers/tty/serial/8250/8250_dma.o
  CC      drivers/base/auxiliary.o
  CC      fs/lockd/svc.o
  CC      drivers/mfd/mt6397-core.o
  AR      drivers/char/tpm/built-in.a
  CC      drivers/clk/mediatek/clk-mt7981-apmixed.o
  CC      fs/nls/nls_iso8859-1.o
  AR      drivers/char/built-in.a
  CC      drivers/clk/meson/g12a-aoclk.o
  CC      drivers/tty/serdev/serdev-ttyport.o
  CC      drivers/clk/imx/clk-imx8-acm.o
  CC      fs/ext4/xattr.o
  CC      drivers/base/devtmpfs.o
  CC      drivers/base/power/sysfs.o
  CC      drivers/tty/serial/8250/8250_dwlib.o
  CC      kernel/jump_label.o
  CC      fs/nfs/direct.o
  CC      kernel/events/callchain.o
  CC      drivers/dma-buf/dma-fence.o
  AR      fs/nls/built-in.a
  CC      fs/ext4/xattr_hurd.o
  CC      drivers/clk/mediatek/clk-mt7981-topckgen.o
  CC      drivers/clk/meson/s4-pll.o
  CC      drivers/mfd/mt6397-irq.o
  AR      drivers/tty/serdev/built-in.a
  CC      drivers/clk/mvebu/armada_ap_cp_helper.o
  AR      drivers/clk/imx/built-in.a
  CC      kernel/bpf/inode.o
  CC      fs/lockd/svclock.o
  CC      drivers/base/power/generic_ops.o
  CC      fs/lockd/svcshare.o
  CC      drivers/tty/serial/8250/8250_pcilib.o
  CC      fs/lockd/svcproc.o
  CC      drivers/clk/meson/s4-peripherals.o
  CC      drivers/clk/mediatek/clk-mt7981-infracfg.o
  CC      drivers/dma-buf/dma-fence-array.o
  CC      kernel/events/hw_breakpoint.o
  CC      fs/ext4/xattr_trusted.o
  CC      drivers/clk/mvebu/armada-37xx-xtal.o
  CC      drivers/mfd/mt6358-irq.o
  CC      drivers/base/power/common.o
  CC      drivers/tty/serial/8250/8250_early.o
  CC      drivers/dma-buf/dma-fence-chain.o
  CC      drivers/clk/mediatek/clk-mt7981-eth.o
  CC      fs/nfs/pagelist.o
  CC      fs/lockd/svcsubs.o
  CC      drivers/clk/meson/t7-pll.o
  CC      drivers/clk/mvebu/armada-37xx-tbg.o
  CC      fs/lockd/mon.o
  CC      fs/ext4/xattr_user.o
  CC      fs/ext4/fast_commit.o
  CC      drivers/dma-buf/dma-fence-unwrap.o
  CC      drivers/mfd/rz-mtu3.o
  CC      drivers/base/power/qos.o
  AR      drivers/clk/nuvoton/built-in.a
  CC      drivers/clk/mvebu/armada-37xx-periph.o
  AR      kernel/events/built-in.a
  CC      drivers/clk/mediatek/clk-mt7986-apmixed.o
  CC      drivers/clk/meson/t7-peripherals.o
  CC      drivers/tty/serial/8250/8250_dw.o
  CC      drivers/base/firmware_loader/fallback_table.o
  CC      kernel/bpf/helpers.o
  CC      drivers/dma-buf/dma-resv.o
  CC      drivers/clk/qcom/common.o
  CC      drivers/mfd/qcom-spmi-pmic.o
  CC      drivers/mfd/rk8xx-core.o
  CC      drivers/dma-buf/dma-buf-mapping.o
  CC      drivers/clk/mvebu/ap806-system-controller.o
  CC      drivers/clk/mediatek/clk-mt7986-topckgen.o
  CC      fs/lockd/trace.o
  AR      drivers/clk/meson/built-in.a
  CC      drivers/base/power/runtime.o
  CC      kernel/context_tracking.o
  CC      drivers/base/firmware_loader/main.o
  CC      fs/nfs/read.o
  CC      drivers/tty/serial/8250/8250_exar.o
  CC      drivers/clk/qcom/clk-regmap.o
  CC      fs/ext4/orphan.o
  CC      fs/nfs/symlink.o
  CC      fs/nfs/unlink.o
  CC      drivers/clk/mediatek/clk-mt7986-infracfg.o
  CC      drivers/clk/mvebu/cp110-system-controller.o
  CC      drivers/mfd/rk8xx-spi.o
  CC      drivers/dma-buf/sync_file.o
  CC      drivers/tty/serial/8250/8250_fsl.o
  CC      fs/lockd/xdr.o
  CC      drivers/clk/qcom/clk-alpha-pll.o
  CC      drivers/base/power/wakeirq.o
  CC      kernel/bpf/tnum.o
  CC      drivers/base/firmware_loader/fallback.o
  CC      drivers/clk/mediatek/clk-mt7986-eth.o
  AR      drivers/dma-buf/built-in.a
  CC      drivers/base/power/main.o
  AR      drivers/clk/mvebu/built-in.a
  CC      drivers/base/node.o
  CC      kernel/bpf/log.o
  CC      fs/ext4/xattr_security.o
  CC      drivers/mfd/sec-common.o
  CC      drivers/tty/serial/fsl_linflexuart.o
  CC      fs/lockd/netlink.o
  CC      drivers/clk/qcom/clk-pll.o
  CC      drivers/tty/serial/8250/8250_mtk.o
  CC      fs/nfs/write.o
  CC      fs/nfs/namespace.o
  CC      drivers/clk/mediatek/clk-mt7988-apmixed.o
  CC      kernel/iomem.o
  CC      drivers/base/firmware_loader/sysfs.o
  CC      drivers/mfd/sec-irq.o
  CC      drivers/base/firmware_loader/sysfs_upload.o
  CC      drivers/tty/serial/8250/8250_of.o
  CC      drivers/clk/qcom/clk-rcg.o
  AR      fs/ext4/built-in.a
  CC      fs/lockd/clnt4xdr.o
  CC      drivers/clk/renesas/r8a774a1-cpg-mssr.o
  CC      kernel/bpf/token.o
  CC      drivers/clk/renesas/r8a774b1-cpg-mssr.o
  CC      drivers/clk/mediatek/clk-mt7988-topckgen.o
  CC      drivers/base/power/wakeup.o
  CC      fs/nfs/mount_clnt.o
  CC      fs/nfs/nfstrace.o
  CC      drivers/mfd/sec-i2c.o
  CC      drivers/base/memory.o
  CC      kernel/rseq.o
  CC      drivers/clk/qcom/clk-rcg2.o
  CC      fs/nfs/export.o
  CC      drivers/base/firmware_loader/builtin/main.o
  CC      drivers/clk/renesas/r8a774c0-cpg-mssr.o
  CC      drivers/tty/serial/8250/8250_omap.o
  CC      drivers/clk/rockchip/clk.o
  CC      drivers/clk/mediatek/clk-mt7988-infracfg.o
  CC      kernel/bpf/liveness.o
  AR      drivers/base/firmware_loader/builtin/built-in.a
  CC      drivers/clk/mediatek/clk-mt7988-eth.o
  AR      drivers/base/firmware_loader/built-in.a
  CC      drivers/clk/renesas/r8a774e1-cpg-mssr.o
  CC      fs/lockd/svc4proc.o
  CC      drivers/mfd/syscon.o
  CC      drivers/base/power/wakeup_stats.o
  CC      drivers/mfd/vexpress-sysreg.o
  CC      drivers/scsi/scsi.o
  CC      fs/autofs/init.o
  CC      drivers/clk/qcom/clk-branch.o
  CC      drivers/mfd/hi6421-pmic-core.o
  CC      kernel/bpf/const_fold.o
  CC      drivers/clk/rockchip/clk-pll.o
  CC      drivers/clk/renesas/r8a7795-cpg-mssr.o
  AR      drivers/nvme/host/built-in.a
  AR      drivers/nvme/built-in.a
  CC      drivers/clk/renesas/r8a7796-cpg-mssr.o
  CC      drivers/clk/mediatek/clk-mt7988-xfipll.o
  CC      fs/nfs/sysfs.o
  CC      drivers/clk/samsung/clk.o
  CC      drivers/base/power/clock_ops.o
  CC      drivers/tty/serial/8250/8250_pci.o
  CC      drivers/clk/samsung/clk-pll.o
  CC      drivers/clk/qcom/clk-regmap-divider.o
  CC      drivers/mfd/hi655x-pmic.o
  CC      drivers/clk/renesas/r8a77965-cpg-mssr.o
  CC      drivers/mfd/altera-sysmgr.o
  CC      fs/autofs/inode.o
  CC      drivers/clk/mediatek/clk-mt8183-apmixedsys.o
  CC      fs/lockd/nlm4xdr_gen.o
  CC      drivers/clk/rockchip/clk-cpu.o
  CC      drivers/scsi/hosts.o
  CC      drivers/clk/rockchip/clk-gate-grf.o
  CC      drivers/clk/rockchip/clk-half-divider.o
  CC      drivers/clk/qcom/clk-regmap-mux.o
  AR      drivers/base/power/built-in.a
  CC      drivers/base/module.o
  CC      drivers/clk/renesas/r8a77970-cpg-mssr.o
  CC      drivers/clk/samsung/clk-cpu.o
  CC      kernel/bpf/bpf_iter.o
  CC      drivers/mfd/rohm-bd718x7.o
  CC      fs/9p/vfs_super.o
  CC      fs/nfs/fs_context.o
  CC      drivers/clk/mediatek/clk-mt8183.o
  CC      fs/nfs/nfsroot.o
  CC      fs/autofs/root.o
  CC      drivers/clk/qcom/clk-regmap-mux-div.o
  CC      kernel/bpf/map_iter.o
  CC      drivers/tty/serial/8250/8250_pericom.o
  CC      drivers/clk/rockchip/clk-inverter.o
  CC      drivers/base/auxiliary_sysfs.o
  CC      drivers/scsi/scsi_ioctl.o
  CC      drivers/clk/renesas/r8a77980-cpg-mssr.o
  CC      fs/lockd/procfs.o
  CC      drivers/clk/samsung/clk-artpec8.o
  CC      drivers/clk/mediatek/clk-mt8183-audio.o
  CC      drivers/mfd/simple-mfd-i2c.o
  CC      fs/9p/vfs_inode.o
  CC      drivers/clk/qcom/clk-regmap-phy-mux.o
  CC      drivers/base/hypervisor.o
  CC      drivers/clk/rockchip/clk-mmc-phase.o
  CC      drivers/clk/renesas/r8a77990-cpg-mssr.o
  CC      drivers/tty/serial/8250/8250_uniphier.o
  CC      drivers/tty/serial/8250/8250_tegra.o
  CC      fs/autofs/symlink.o
  CC      kernel/bpf/task_iter.o
  CC      drivers/ata/libata-core.o
  CC      drivers/clk/samsung/clk-artpec9.o
  CC      fs/nfs/sysctl.o
  AR      fs/lockd/built-in.a
  CC      drivers/scsi/scsicam.o
  CC      fs/nfs/nfs3super.o
  CC      drivers/base/regmap/regmap.o
  CC      drivers/clk/mediatek/clk-mt8183-cam.o
  CC      drivers/clk/qcom/clk-hfpll.o
  CC      drivers/clk/renesas/r8a77995-cpg-mssr.o
  CC      drivers/clk/rockchip/clk-muxgrf.o
  AR      drivers/mfd/built-in.a
  CC      drivers/clk/socfpga/clk-s10.o
  CC      drivers/clk/sophgo/clk-cv1800.o
  CC      fs/9p/vfs_inode_dotl.o
  AR      drivers/tty/serial/8250/built-in.a
  CC      drivers/clk/samsung/clk-exynos5433.o
  CC      drivers/tty/serial/fsl_lpuart.o
  CC      drivers/clk/mediatek/clk-mt8183-img.o
  CC      drivers/clk/renesas/r8a779a0-cpg-mssr.o
  CC      drivers/clk/rockchip/clk-ddr.o
  CC      drivers/clk/qcom/reset.o
  CC      fs/autofs/waitq.o
  CC      drivers/scsi/scsi_error.o
  CC      drivers/clk/socfpga/clk-pll-s10.o
  CC      drivers/tty/serial/imx.o
  CC      fs/nfs/nfs3client.o
  CC      kernel/bpf/prog_iter.o
  CC      drivers/clk/renesas/r8a779f0-cpg-mssr.o
  CC      drivers/clk/qcom/gdsc.o
  CC      drivers/clk/sophgo/clk-cv18xx-common.o
  CC      drivers/clk/rockchip/gate-link.o
  CC      drivers/clk/mediatek/clk-mt8183-ipu0.o
  CC      drivers/base/regmap/regcache.o
  CC      drivers/clk/samsung/clk-exynos-audss.o
  CC      drivers/clk/socfpga/clk-periph-s10.o
  CC      fs/autofs/expire.o
  CC      fs/9p/vfs_addr.o
  CC      drivers/clk/renesas/r8a779g0-cpg-mssr.o
  CC      drivers/clk/sophgo/clk-cv18xx-ip.o
  CC      drivers/clk/rockchip/softrst.o
  CC      kernel/bpf/link_iter.o
  CC      drivers/clk/mediatek/clk-mt8183-ipu1.o
  CC      drivers/scsi/scsi_lib.o
  CC      drivers/clk/qcom/gcc-eliza.o
  CC      drivers/clk/socfpga/clk-gate-s10.o
  CC      drivers/clk/samsung/clk-exynos-clkout.o
  CC      fs/nfs/nfs3proc.o
  CC      drivers/base/regmap/regcache-rbtree.o
  CC      drivers/ata/libata-scsi.o
  CC      drivers/clk/renesas/r8a779h0-cpg-mssr.o
  CC      drivers/clk/sophgo/clk-cv18xx-pll.o
  CC      fs/9p/vfs_file.o
  CC      drivers/tty/serial/imx_earlycon.o
  GZIP    kernel/config_data.gz
  CC      fs/autofs/dev-ioctl.o
  CC      drivers/clk/rockchip/clk-px30.o
  CC      drivers/spi/spi.o
  CC      drivers/clk/mediatek/clk-mt8183-ipu_adl.o
  CC      drivers/clk/socfpga/clk-agilex.o
  CC      drivers/clk/qcom/gcc-glymur.o
  CC      drivers/clk/samsung/clk-exynos-arm64.o
  CC      drivers/clk/renesas/r9a07g043-cpg.o
  CC      kernel/bpf/hashtab.o
  CC      drivers/base/regmap/regcache-flat.o
  CC      drivers/clk/rockchip/clk-rv1126b.o
  CC      drivers/tty/serial/meson_uart.o
  AR      drivers/clk/sophgo/built-in.a
  CC      drivers/clk/mediatek/clk-mt8183-mfgcfg.o
  CC      drivers/base/soc.o
  CC      drivers/clk/socfpga/clk-agilex5.o
  CC      drivers/clk/renesas/r9a07g044-cpg.o
  CC      fs/9p/vfs_dir.o
  CC      fs/nfs/nfs3xdr.o
  AR      fs/autofs/built-in.a
  CC      fs/nfs/nfs4proc.o
  CC      drivers/clk/samsung/clk-exynos2200.o
  CC      drivers/clk/qcom/gcc-kaanapali.o
  CC      drivers/scsi/scsi_lib_dma.o
  CC      drivers/base/regmap/regcache-maple.o
  CC      drivers/clk/rockchip/rst-rv1126b.o
  AR      drivers/clk/socfpga/built-in.a
  CC      fs/debugfs/inode.o
  CC      fs/debugfs/file.o
  CC      drivers/clk/mediatek/clk-mt8183-mm.o
  CC      drivers/clk/renesas/r9a08g045-cpg.o
  CC      drivers/tty/serial/msm_serial.o
  CC      drivers/ata/libata-eh.o
  CC      drivers/clk/qcom/gcc-x1e80100.o
  CC      drivers/clk/samsung/clk-exynos7.o
  CC      fs/9p/vfs_dentry.o
  CC      drivers/scsi/scsi_scan.o
  CC      drivers/clk/renesas/r9a08g046-cpg.o
  CC      drivers/clk/rockchip/clk-rk3308.o
  CC      drivers/base/regmap/regmap-debugfs.o
  CC      drivers/clk/mediatek/clk-mt8183-vdec.o
  CC      drivers/spi/spi-mem.o
  CC      drivers/clk/samsung/clk-exynos7870.o
  CC      drivers/spi/spi-armada-3700.o
  CC      kernel/configs.o
  CC      drivers/clk/qcom/tcsrcc-x1e80100.o
  CC      drivers/clk/renesas/r9a09g011-cpg.o
  CC      kernel/bpf/arraymap.o
  AR      fs/debugfs/built-in.a
  CC      drivers/clk/rockchip/clk-rk3328.o
  CC      drivers/clk/sprd/common.o
  CC      fs/9p/v9fs.o
  CC      drivers/clk/mediatek/clk-mt8183-venc.o
  CC      drivers/tty/serial/mvebu-uart.o
  CC      drivers/base/regmap/regmap-i2c.o
  CC      drivers/clk/stm32/clk-stm32mp21.o
  CC      drivers/scsi/scsi_sysfs.o
  CC      drivers/clk/samsung/clk-exynos7885.o
  CC      drivers/tty/serial/qcom_geni_serial.o
  CC      drivers/clk/renesas/r9a09g047-cpg.o
  CC      drivers/clk/rockchip/clk-rk3368.o
  CC      drivers/clk/qcom/apss-ipq-pll.o
  CC      drivers/spi/spi-cadence-quadspi.o
  CC      drivers/clk/sprd/gate.o
  CC      drivers/clk/mediatek/clk-mt8186-apmixedsys.o
  CC      drivers/ata/libata-transport.o
  CC      fs/9p/fid.o
  CC      drivers/clk/stm32/clk-stm32-core.o
  CC      drivers/clk/samsung/clk-exynos850.o
  CC      drivers/base/regmap/regmap-spi.o
  CC      drivers/clk/qcom/gcc-ipq5018.o
  CC      drivers/base/regmap/regmap-spmi.o
  CC      drivers/clk/sprd/mux.o
  CC      drivers/clk/rockchip/clk-rk3399.o
  CC      kernel/bpf/percpu_freelist.o
  CC      drivers/clk/mediatek/clk-mt8186-topckgen.o
  CC      drivers/tty/serial/rsci.o
  CC      drivers/scsi/scsi_devinfo.o
  CC      drivers/ata/libata-trace.o
  CC      drivers/clk/sprd/div.o
  CC      kernel/bpf/bpf_lru_list.o
  CC      drivers/clk/stm32/reset-stm32.o
  CC      drivers/clk/samsung/clk-exynos8895.o
  CC      fs/9p/xattr.o
  CC      drivers/spi/spi-fsl-dspi.o
  CC      drivers/clk/mediatek/clk-mt8186-infra_ao.o
  CC      drivers/clk/qcom/gcc-ipq5210.o
  CC      drivers/base/regmap/regmap-mmio.o
  CC      drivers/clk/renesas/r9a09g057-cpg.o
  CC      drivers/clk/rockchip/clk-rk3528.o
  CC      fs/nfs/nfs4xdr.o
  CC      fs/pstore/inode.o
  CC      kernel/bpf/lpm_trie.o
  CC      drivers/clk/sprd/composite.o
  CC      drivers/clk/stm32/clk-stm32mp25.o
  CC      drivers/scsi/scsi_sysctl.o
  CC      drivers/clk/mediatek/clk-mt8186-cam.o
  CC      drivers/clk/samsung/clk-exynos990.o
  CC      drivers/tty/serial/samsung_tty.o
  CC      drivers/ata/libata-sata.o
  CC      drivers/clk/qcom/gcc-ipq5332.o
  AR      fs/9p/built-in.a
  CC      drivers/clk/qcom/gcc-ipq6018.o
  CC      drivers/clk/rockchip/rst-rk3528.o
  CC      drivers/base/regmap/regmap-irq.o
  CC      drivers/clk/sprd/pll.o
  CC      drivers/spi/spi-fsl-lpspi.o
  CC      fs/pstore/platform.o
  AR      drivers/clk/stm32/built-in.a
  CC      drivers/clk/samsung/clk-exynosautov9.o
  CC      drivers/clk/mediatek/clk-mt8186-img.o
  CC      drivers/scsi/scsi_trace.o
  CC      drivers/clk/sprd/sc9860-clk.o
  CC      drivers/spmi/spmi.o
  CC      drivers/clk/rockchip/clk-rk3562.o
  CC      drivers/clk/qcom/gcc-ipq8074.o
  CC      kernel/bpf/map_in_map.o
  CC      drivers/clk/qcom/gcc-ipq9574.o
  CC      drivers/ata/libata-sff.o
  AR      drivers/base/regmap/built-in.a
  CC      drivers/base/pinctrl.o
  CC      drivers/clk/renesas/r9a09g077-cpg.o
  AR      fs/pstore/built-in.a
  CC      drivers/tty/serial/sh-sci.o
  CC      drivers/clk/samsung/clk-exynosautov920.o
  CC      drivers/clk/mediatek/clk-mt8186-imp_iic_wrap.o
  CC      drivers/clk/mediatek/clk-mt8186-ipe.o
  CC      drivers/spi/spi-fsl-qspi.o
  CC      drivers/clk/sprd/sc9863a-clk.o
  CC      drivers/scsi/scsi_logging.o
  CC      drivers/spmi/spmi-devres.o
  CC      drivers/spmi/spmi-pmic-arb.o
  CC      drivers/clk/rockchip/rst-rk3562.o
  CC      drivers/clk/qcom/gcc-msm8916.o
  CC      kernel/bpf/bloom_filter.o
  CC      drivers/base/devcoredump.o
  CC      drivers/scsi/scsi_pm.o
  CC      drivers/clk/mediatek/clk-mt8186-mcu.o
  CC      drivers/clk/samsung/clk-gs101.o
  CC      drivers/clk/qcom/gcc-msm8953.o
  CC      drivers/clk/sprd/ums512-clk.o
  CC      drivers/clk/renesas/rcar-cpg-lib.o
  CC      drivers/clk/rockchip/clk-rk3568.o
  CC      drivers/base/platform-msi.o
  CC      drivers/spi/spi-mt65xx.o
  CC      fs/nfs/nfs4state.o
  CC      drivers/clk/qcom/gcc-msm8994.o
  CC      kernel/bpf/local_storage.o
  CC      drivers/ata/libata-pmp.o
  CC      drivers/clk/mediatek/clk-mt8186-mdp.o
  AR      drivers/clk/samsung/built-in.a
  CC      drivers/clk/mediatek/clk-mt8186-vdec.o
  CC      drivers/tty/serial/stm32-usart.o
  CC      drivers/clk/qcom/gcc-msm8996.o
  CC      drivers/scsi/scsi_bsg.o
  AR      drivers/spmi/built-in.a
  CC      drivers/tty/serial/serial-tegra.o
  AR      drivers/clk/sprd/built-in.a
  CC      drivers/clk/renesas/rcar-gen3-cpg.o
  CC      drivers/base/arch_topology.o
  CC      drivers/clk/rockchip/clk-rk3576.o
  CC      drivers/tty/serial/tegra-tcu.o
  CC      drivers/tty/serial/xilinx_uartps.o
  CC      drivers/tty/serial/serial_mctrl_gpio.o
  CC      kernel/bpf/queue_stack_maps.o
  CC      drivers/clk/mediatek/clk-mt8186-venc.o
  CC      drivers/spi/spi-nxp-fspi.o
  CC      drivers/clk/qcom/gcc-msm8998.o
  CC      drivers/scsi/scsi_common.o
  CC      drivers/clk/renesas/rcar-gen4-cpg.o
  CC      drivers/ata/ahci.o
  CC      drivers/clk/rockchip/rst-rk3576.o
  CC      drivers/clk/rockchip/clk-rk3588.o
  CC      drivers/ata/libahci.o
  CC      drivers/base/arch_numa.o
  CC      drivers/clk/mediatek/clk-mt8186-wpe.o
  CC      fs/nfs/nfs4renewd.o
  CC      drivers/clk/sunxi-ng/ccu_common.o
  CC      kernel/bpf/ringbuf.o
  CC      drivers/clk/qcom/a53-pll.o
  CC      drivers/scsi/scsi_transport_sas.o
  CC      drivers/net/mii.o
  AR      drivers/tty/serial/built-in.a
  CC      drivers/net/loopback.o
  AR      drivers/tty/built-in.a
  CC      drivers/ata/ahci_platform.o
  CC      drivers/clk/renesas/rcar-usb2-clock-sel.o
  CC      drivers/net/phy/stubs.o
  CC      drivers/spi/spi-orion.o
  CC      drivers/clk/rockchip/rst-rk3588.o
  CC      drivers/clk/mediatek/clk-mt8188-apmixedsys.o
  AR      drivers/base/built-in.a
  CC      drivers/clk/sunxi-ng/ccu_mmc_timing.o
  CC      drivers/clk/renesas/rzg2l-cpg.o
  CC      drivers/clk/tegra/clk.o
  CC      drivers/clk/qcom/apcs-msm8916.o
  CC      fs/nfs/nfs4super.o
  CC      fs/nfs/nfs4file.o
  AR      drivers/clk/rockchip/built-in.a
  CC      fs/nfs/delegation.o
  CC      drivers/spi/spi-pl022.o
  CC      drivers/clk/mediatek/clk-mt8188-topckgen.o
  CC      drivers/vfio/vfio_main.o
  CC      drivers/clk/sunxi-ng/ccu_reset.o
  CC      kernel/bpf/bpf_insn_array.o
  CC      drivers/net/phy/mdio_bus.o
  CC      drivers/clk/sunxi-ng/ccu_div.o
  CC      drivers/ata/libahci_platform.o
  CC      drivers/clk/mediatek/clk-mt8188-peri_ao.o
  CC      drivers/scsi/libsas/sas_init.o
  CC      drivers/clk/qcom/apcs-msm8996.o
  CC      drivers/clk/tegra/clk-audio-sync.o
  CC      drivers/scsi/libsas/sas_phy.o
  CC      drivers/clk/sunxi-ng/ccu_frac.o
  CC      drivers/clk/renesas/rzv2h-cpg.o
  CC      fs/nfs/nfs4idmap.o
  CC      drivers/clk/mediatek/clk-mt8188-infra_ao.o
  CC      drivers/clk/tegra/clk-device.o
  CC      drivers/clk/tegra/clk-dfll.o
  CC      kernel/bpf/bpf_local_storage.o
  CC      drivers/clk/qcom/clk-cpu-8996.o
  CC      drivers/net/phy/phylink.o
  CC      drivers/vfio/group.o
  CC      drivers/spi/spi-qup.o
  CC      drivers/ata/sata_sil24.o
  CC      drivers/clk/sunxi-ng/ccu_gate.o
  CC      drivers/scsi/megaraid/megaraid_sas_base.o
  CC      drivers/scsi/hisi_sas/hisi_sas_main.o
  CC      drivers/scsi/hisi_sas/hisi_sas_v1_hw.o
  CC      drivers/scsi/libsas/sas_port.o
  CC      drivers/clk/mediatek/clk-mt8188-adsp_audio26m.o
  CC      drivers/clk/qcom/clk-cbf-8996.o
  CC      drivers/clk/qcom/clk-rpmh.o
  CC      drivers/clk/sunxi-ng/ccu_mux.o
  CC      drivers/clk/renesas/renesas-cpg-mssr.o
  CC      drivers/vfio/container.o
  CC      fs/nfs/callback.o
  CC      drivers/clk/tegra/clk-divider.o
  CC      drivers/clk/mediatek/clk-mt8188-imp_iic_wrap.o
  CC      drivers/spi/spi-rockchip.o
  CC      drivers/ata/ahci_ceva.o
  CC      drivers/clk/sunxi-ng/ccu_mult.o
  CC      kernel/bpf/bpf_task_storage.o
  CC      drivers/clk/qcom/clk-smd-rpm.o
  CC      drivers/scsi/libsas/sas_event.o
  CC      drivers/net/mdio/fwnode_mdio.o
  CC      drivers/net/mdio/of_mdio.o
  CC      drivers/clk/tegra/clk-periph.o
  CC      drivers/clk/mediatek/clk-mt8188-mfg.o
  CC      drivers/vfio/virqfd.o
  CC      drivers/clk/renesas/clk-div6.o
  CC      drivers/net/phy/phy.o
  CC      drivers/scsi/hisi_sas/hisi_sas_v2_hw.o
  CC      drivers/clk/sunxi-ng/ccu_phase.o
  CC      drivers/clk/qcom/gcc-qcm2290.o
  CC      drivers/ata/ahci_mvebu.o
  CC      drivers/spi/spi-s3c64xx.o
  CC      fs/nfs/callback_xdr.o
  CC      drivers/clk/tegra/clk-periph-fixed.o
  CC      drivers/scsi/libsas/sas_discover.o
  CC      drivers/clk/mediatek/clk-mt8188-vdo0.o
  CC      kernel/bpf/fixups.o
  CC      drivers/net/phy/phy-c45.o
  AR      drivers/clk/renesas/built-in.a
  CC      drivers/scsi/megaraid/megaraid_sas_fusion.o
  CC      drivers/clk/sunxi-ng/ccu_sdm.o
  CC      drivers/vfio/vfio_iommu_type1.o
  CC      drivers/net/mdio/mdio-bcm-unimac.o
  CC      drivers/clk/qcom/gcc-qcs404.o
  CC      drivers/clk/tegra/clk-periph-gate.o
  CC      drivers/vfio/pci/vfio_pci_core.o
  CC      drivers/ata/ahci_xgene.o
  CC      drivers/clk/mediatek/clk-mt8188-vdo1.o
  CC      drivers/clk/sunxi-ng/ccu_nk.o
  CC      drivers/spi/spi-sun6i.o
  CC      drivers/usb/common/common.o
  CC      drivers/scsi/libsas/sas_expander.o
  CC      drivers/clk/tegra/clk-pll.o
  AR      drivers/scsi/hisi_sas/built-in.a
  CC      drivers/clk/qcom/gcc-qcs615.o
  CC      drivers/usb/core/usb.o
  CC      drivers/clk/sunxi-ng/ccu_nkm.o
  CC      drivers/net/mdio/mdio-bitbang.o
  CC      fs/nfs/callback_proc.o
  CC      drivers/clk/mediatek/clk-mt8192-apmixedsys.o
  CC      drivers/net/phy/phy-core.o
  CC      drivers/ata/sata_rcar.o
  AR      drivers/spi/built-in.a
  CC      drivers/clk/sunxi-ng/ccu_nkmp.o
  CC      drivers/clk/qcom/gcc-qcs8300.o
  CC      drivers/usb/common/usb-conn-gpio.o
  CC      drivers/usb/phy/phy.o
  CC      drivers/vfio/pci/vfio_pci_intrs.o
  CC      kernel/bpf/cfg.o
  CC      drivers/clk/mediatek/clk-mt8192.o
  CC      drivers/scsi/megaraid/megaraid_sas_fp.o
  CC      drivers/net/phy/phy_device.o
  CC      drivers/net/mdio/mdio-cavium.o
  CC      drivers/clk/tegra/clk-pll-out.o
  CC      drivers/usb/core/hub.o
  CC      drivers/usb/phy/of.o
  CC      drivers/clk/sunxi-ng/ccu_nm.o
  CC      drivers/scsi/libsas/sas_scsi_host.o
  CC      drivers/clk/qcom/gcc-qdu1000.o
  CC      fs/nfs/nfs4namespace.o
  CC      drivers/clk/mediatek/clk-mt8192-aud.o
  CC      drivers/ata/pata_platform.o
  CC      drivers/usb/common/ulpi.o
  CC      drivers/clk/tegra/clk-sdmmc-mux.o
  CC      drivers/vfio/pci/vfio_pci_rdwr.o
  CC      drivers/usb/core/hcd.o
  CC      drivers/clk/sunxi-ng/ccu_mp.o
  CC      drivers/net/mdio/mdio-gpio.o
  CC      kernel/bpf/states.o
  CC      drivers/scsi/megaraid/megaraid_sas_debugfs.o
  CC      drivers/clk/qcom/gcc-sa8775p.o
  CC      drivers/usb/phy/phy-generic.o
  CC      drivers/clk/tegra/clk-super.o
  CC      drivers/clk/mediatek/clk-mt8192-cam.o
  AR      drivers/usb/common/built-in.a
  CC      drivers/usb/core/urb.o
  CC      drivers/ata/pata_of_platform.o
  CC      drivers/scsi/libsas/sas_task.o
  CC      drivers/clk/sunxi-ng/ccu-sun50i-a64.o
  CC      fs/nfs/nfs4getroot.o
  CC      drivers/vfio/pci/vfio_pci_config.o
  CC      drivers/clk/tegra/clk-tegra-audio.o
  CC      drivers/clk/qcom/gcc-sc7180.o
  CC      drivers/net/phy/linkmode.o
  CC      drivers/clk/mediatek/clk-mt8192-img.o
  AR      drivers/scsi/megaraid/built-in.a
  CC      drivers/usb/core/message.o
  CC      drivers/net/mdio/mdio-thunder.o
  CC      drivers/usb/phy/phy-tegra-usb.o
  CC      kernel/bpf/backtrack.o
  AR      drivers/ata/built-in.a
  CC      drivers/net/pcs/pcs-lynx.o
  CC      drivers/clk/sunxi-ng/ccu-sun50i-a100-r.o
  CC      drivers/input/serio/serio.o
  CC      drivers/input/serio/ambakmi.o
  CC      drivers/scsi/libsas/sas_ata.o
  CC      drivers/clk/tegra/clk-tegra-periph.o
  CC      drivers/clk/mediatek/clk-mt8192-imp_iic_wrap.o
  CC      drivers/clk/qcom/gcc-sc7280.o
  CC      drivers/clk/uniphier/clk-uniphier-core.o
  CC      drivers/net/phy/phy_link_topology.o
  CC      fs/nfs/nfs4client.o
  CC      drivers/clk/sunxi-ng/ccu-sun50i-h6.o
  CC      drivers/vfio/pci/vfio_pci.o
  CC      drivers/net/mdio/mdio-xgene.o
  CC      drivers/clk/tegra/clk-tegra-fixed.o
  CC      drivers/usb/phy/phy-ulpi.o
  CC      drivers/clk/mediatek/clk-mt8192-ipe.o
  CC      fs/nfs/nfs4session.o
  CC      drivers/clk/uniphier/clk-uniphier-cpugear.o
  CC      drivers/clk/qcom/gcc-sc8180x.o
  CC      drivers/input/serio/libps2.o
  AR      drivers/net/pcs/built-in.a
  CC      drivers/clk/uniphier/clk-uniphier-fixed-factor.o
  CC      drivers/usb/core/driver.o
  CC      kernel/bpf/check_btf.o
  CC      drivers/scsi/libsas/sas_host_smp.o
  CC      drivers/clk/tegra/clk-tegra-super-cclk.o
  CC      drivers/clk/sunxi-ng/ccu-sun50i-h6-r.o
  CC      drivers/net/phy/phy_caps.o
  AR      drivers/vfio/pci/built-in.a
  AR      drivers/vfio/built-in.a
  CC      drivers/input/input.o
  CC      drivers/clk/uniphier/clk-uniphier-fixed-rate.o
  CC      drivers/clk/mediatek/clk-mt8192-mdp.o
  CC      drivers/usb/dwc3/core.o
  CC      drivers/usb/phy/phy-ulpi-viewport.o
  CC      drivers/clk/qcom/gcc-sc8280xp.o
  CC      drivers/input/input-compat.o
  AR      drivers/input/serio/built-in.a
  CC      drivers/input/input-mt.o
  CC      drivers/clk/tegra/clk-tegra-super-gen4.o
  CC      drivers/clk/sunxi-ng/ccu-sun50i-h616.o
  CC      drivers/net/mdio/mdio-mux.o
  AR      drivers/scsi/libsas/built-in.a
  CC      drivers/usb/core/config.o
  AR      drivers/scsi/built-in.a
  CC      drivers/net/mdio/mdio-mux-multiplexer.o
  CC      drivers/clk/mediatek/clk-mt8192-mfg.o
  CC      drivers/clk/uniphier/clk-uniphier-gate.o
  CC      drivers/clk/mediatek/clk-mt8192-mm.o
  CC      kernel/bpf/disasm.o
  CC      drivers/net/phy/mdio_bus_provider.o
  CC      fs/nfs/dns_resolve.o
  CC      drivers/net/phy/phy_port.o
  CC      drivers/clk/sunxi-ng/ccu-sun55i-a523.o
  CC      drivers/input/input-poller.o
  CC      drivers/clk/qcom/dispcc-sdm845.o
  CC      drivers/clk/tegra/clk-tegra124-dfll-fcpu.o
  CC      drivers/clk/versatile/clk-vexpress-osc.o
  CC      drivers/net/phy/mdio_device.o
  CC      drivers/usb/dwc3/host.o
  AR      drivers/usb/phy/built-in.a
  CC      drivers/clk/uniphier/clk-uniphier-mux.o
  CC      drivers/usb/dwc3/gadget.o
  CC      drivers/usb/core/file.o
  AR      drivers/net/mdio/built-in.a
  CC      drivers/clk/tegra/clk-tegra124.o
  CC      drivers/clk/sunxi-ng/ccu-sun55i-a523-r.o
  CC      drivers/input/ff-core.o
  AR      drivers/clk/versatile/built-in.a
  CC      drivers/clk/sunxi-ng/ccu-sun6i-rtc.o
  CC      drivers/net/tun.o
  CC      drivers/clk/mediatek/clk-mt8192-msdc.o
  CC      drivers/net/virtio_net.o
  CC      drivers/clk/uniphier/clk-uniphier-sys.o
  CC      drivers/clk/mediatek/clk-mt8192-scp_adsp.o
  CC      drivers/clk/qcom/gcc-sdm845.o
  CC      drivers/net/phy/swphy.o
  CC      fs/nfs/nfs4trace.o
  CC      drivers/input/touchscreen.o
  CC      drivers/usb/core/buffer.o
  CC      drivers/clk/tegra/cvb.o
  CC      kernel/bpf/mprog.o
  CC      drivers/input/touch-overlay.o
  CC      fs/nfs/pnfs.o
  CC      drivers/clk/uniphier/clk-uniphier-mio.o
  CC      drivers/clk/uniphier/clk-uniphier-peri.o
  AR      drivers/clk/uniphier/built-in.a
  CC      drivers/usb/dwc3/ep0.o
  CC      drivers/clk/tegra/clk-tegra210.o
  CC      drivers/clk/sunxi-ng/ccu-sun8i-h3.o
  CC      drivers/clk/visconti/clkc.o
  CC      drivers/clk/visconti/pll.o
  CC      drivers/clk/mediatek/clk-mt8192-vdec.o
  CC      drivers/clk/qcom/gpucc-sdm845.o
  CC      drivers/input/matrix-keymap.o
  CC      drivers/usb/core/sysfs.o
  CC      kernel/bpf/trampoline.o
  CC      drivers/input/vivaldi-fmap.o
  CC      drivers/usb/dwc3/drd.o
  CC      drivers/usb/core/endpoint.o
  CC      drivers/net/phy/open_alliance_helpers.o
  CC      drivers/clk/tegra/clk-tegra210-emc.o
  CC      fs/nfs/pnfs_dev.o
  CC      drivers/clk/sunxi-ng/ccu-sun8i-r.o
  CC      drivers/clk/mediatek/clk-mt8192-venc.o
  CC      drivers/clk/qcom/gcc-sdx75.o
  CC      fs/nfs/pnfs_nfs.o
  CC      drivers/input/input-leds.o
  CC      drivers/clk/tegra/clk-bpmp.o
  CC      drivers/clk/visconti/reset.o
  CC      drivers/input/evdev.o
  CC      drivers/clk/mediatek/clk-mt8195-apmixedsys.o
  CC      kernel/bpf/btf.o
  CC      drivers/usb/dwc3/debugfs.o
  AR      drivers/clk/sunxi-ng/built-in.a
  CC      drivers/clk/tegra/clk-utils.o
  CC      drivers/net/phy/mdio_devres.o
  CC      drivers/i2c/i2c-boardinfo.o
  CC      drivers/net/phy/phy_package.o
  CC      drivers/i2c/i2c-core-base.o
  CC      drivers/usb/core/devio.o
  CC      drivers/clk/qcom/dispcc-sm8250.o
  CC      drivers/i2c/i2c-core-smbus.o
  CC      drivers/rtc/lib.o
  CC      drivers/clk/visconti/pll-tmpv770x.o
  AR      drivers/clk/xilinx/built-in.a
  CC      drivers/rtc/class.o
  CC      drivers/clk/mediatek/clk-mt8195-topckgen.o
  AR      drivers/clk/tegra/built-in.a
  CC      drivers/usb/dwc2/core.o
  CC      fs/nfs/nfs4sysctl.o
  CC      drivers/clk/qcom/gcc-sm6115.o
  CC      fs/nfs/nfs40client.o
  CC      drivers/clk/visconti/clkc-tmpv770x.o
  CC      drivers/input/keyboard/atkbd.o
  CC      drivers/clk/zynqmp/pll.o
  CC      drivers/input/mouse/psmouse-base.o
  CC      drivers/net/phy/aquantia/aquantia_main.o
  CC      drivers/usb/dwc3/dwc3-am62.o
  CC      drivers/clk/mediatek/clk-mt8195-peri_ao.o
  CC      drivers/clk/zynqmp/clk-gate-zynqmp.o
  CC      drivers/rtc/interface.o
  CC      kernel/bpf/memalloc.o
  CC      drivers/clk/qcom/gcc-sm6350.o
  CC      drivers/i2c/i2c-core-slave.o
  AR      drivers/clk/visconti/built-in.a
  CC      drivers/usb/isp1760/isp1760-core.o
  CC      drivers/clk/zynqmp/divider.o
  CC      drivers/usb/dwc2/core_intr.o
  CC      drivers/clk/mediatek/clk-mt8195-infra_ao.o
  CC      fs/nfs/nfs40proc.o
  CC      drivers/input/keyboard/cros_ec_keyb.o
  CC      drivers/usb/core/notify.o
  CC      drivers/usb/dwc3/dwc3-apple.o
  CC      drivers/input/mouse/synaptics.o
  CC      drivers/rtc/nvmem.o
  CC      drivers/clk/zynqmp/clk-mux-zynqmp.o
  AR      drivers/input/touchscreen/built-in.a
  CC      drivers/clk/zynqmp/clkc.o
  CC      drivers/clk/qcom/gcc-sm8150.o
  CC      drivers/i2c/i2c-core-of.o
  CC      drivers/usb/isp1760/isp1760-if.o
  CC      drivers/net/phy/aquantia/aquantia_firmware.o
  CC      drivers/clk/mediatek/clk-mt8195-apusys_pll.o
  CC      drivers/usb/isp1760/isp1760-hcd.o
  CC      drivers/net/phy/dp83867.o
  CC      drivers/usb/core/generic.o
  CC      drivers/rtc/dev.o
  CC      drivers/usb/dwc2/platform.o
  CC      drivers/usb/dwc3/dwc3-exynos.o
  CC      drivers/clk/qcom/gcc-sm8250.o
  AR      drivers/clk/zynqmp/built-in.a
  CC      drivers/rtc/rtc-amlogic-a4.o
  CC      drivers/input/keyboard/gpio_keys.o
  CC      fs/nfs/nfs42proc.o
  CC      drivers/clk/mediatek/clk-mt8195-cam.o
  CC      drivers/i2c/i2c-core-of-prober.o
  CC      drivers/input/mouse/focaltech.o
  CC      drivers/i2c/i2c-smbus.o
  CC      drivers/usb/core/quirks.o
  CC      drivers/net/phy/aquantia/aquantia_leds.o
  CC      drivers/clk/mediatek/clk-mt8195-ccu.o
  CC      drivers/clk/qcom/gcc-sm8450.o
  CC      drivers/usb/dwc3/dwc3-haps.o
  CC      drivers/input/keyboard/imx-sm-bbm-key.o
  CC      drivers/usb/isp1760/isp1760-udc.o
  CC      drivers/rtc/rtc-cros-ec.o
  CC      drivers/usb/dwc2/drd.o
  CC      drivers/rtc/rtc-ds3232.o
  CC      drivers/i2c/i2c-mux.o
  CC      drivers/input/mouse/alps.o
  CC      kernel/bpf/rqspinlock.o
  CC      drivers/usb/core/devices.o
  CC      drivers/clk/mediatek/clk-mt8195-img.o
  CC      drivers/input/misc/hisi_powerkey.o
  AR      drivers/net/phy/aquantia/built-in.a
  CC      drivers/net/phy/dp83td510.o
  CC      drivers/clk/qcom/gcc-sm8550.o
  CC      drivers/usb/dwc3/dwc3-keystone.o
  CC      drivers/clk/qcom/gcc-sm8650.o
  AR      drivers/input/keyboard/built-in.a
  CC      drivers/usb/dwc3/dwc3-meson-g12a.o
  CC      drivers/usb/dwc2/params.o
  CC      fs/nfs/nfs42xattr.o
  AR      drivers/usb/isp1760/built-in.a
  CC      drivers/rtc/rtc-imx-sm-bbm.o
  AR      drivers/media/built-in.a
  CC      drivers/clk/mediatek/clk-mt8195-imp_iic_wrap.o
  CC      kernel/bpf/stream.o
  CC      drivers/i2c/algos/i2c-algo-bit.o
  CC      drivers/usb/dwc3/dwc3-qcom.o
  CC      drivers/input/misc/pm8941-pwrkey.o
  CC      drivers/usb/core/phy.o
  AR      drivers/net/ethernet/amazon/built-in.a
  CC      drivers/net/phy/fixed_phy.o
  CC      drivers/net/ethernet/amd/xgbe/xgbe-main.o
  CC      drivers/clk/qcom/gcc-sm8750.o
  CC      drivers/usb/mtu3/mtu3_plat.o
  CC      drivers/net/ethernet/amd/xgbe/xgbe-drv.o
  CC      drivers/input/mouse/byd.o
  CC      drivers/clk/mediatek/clk-mt8195-ipe.o
  CC      drivers/rtc/rtc-max77686.o
  CC      drivers/i2c/busses/i2c-designware-common.o
  CC      drivers/input/misc/xen-kbdfront.o
  CC      drivers/usb/dwc2/hcd.o
  AR      drivers/i2c/algos/built-in.a
  CC      fs/nfs/filelayout/filelayout.o
  CC      drivers/usb/core/port.o
  CC      kernel/bpf/arena.o
  CC      drivers/usb/dwc3/dwc3-qcom-legacy.o
  CC      drivers/clk/qcom/gcc-milos.o
  CC      drivers/clk/mediatek/clk-mt8195-mfg.o
  CC      drivers/i2c/muxes/i2c-mux-pca954x.o
  CC      drivers/net/phy/marvell10g.o
  CC      drivers/input/mouse/logips2pp.o
  CC      drivers/input/mouse/trackpoint.o
  CC      drivers/usb/mtu3/mtu3_host.o
  CC      drivers/rtc/rtc-pl031.o
  AR      drivers/input/misc/built-in.a
  CC      drivers/rtc/rtc-rtd119x.o
  CC      drivers/clk/qcom/gpucc-sm8150.o
  CC      drivers/i2c/busses/i2c-designware-master.o
  CC      drivers/clk/mediatek/clk-mt8195-scp_adsp.o
  CC      drivers/usb/core/trace.o
  CC      drivers/usb/dwc3/dwc3-imx8mp.o
  CC      drivers/clk/qcom/gpucc-sm8250.o
  CC      drivers/input/mouse/cypress_ps2.o
  AR      drivers/i2c/muxes/built-in.a
  CC      drivers/usb/dwc2/hcd_intr.o
  CC      fs/nfs/filelayout/filelayoutdev.o
  CC      drivers/net/ethernet/amd/xgbe/xgbe-dev.o
  CC      drivers/clk/qcom/tcsrcc-sm8550.o
  CC      drivers/usb/mtu3/mtu3_core.o
  CC      drivers/net/phy/micrel.o
  CC      drivers/pps/pps.o
  CC      kernel/bpf/range_tree.o
  CC      drivers/rtc/rtc-s3c.o
  CC      drivers/clk/mediatek/clk-mt8195-vdec.o
  CC      drivers/usb/core/of.o
  CC      drivers/rtc/rtc-s5m.o
  CC      drivers/i2c/busses/i2c-designware-slave.o
  CC      drivers/input/mouse/psmouse-smbus.o
  CC      drivers/usb/dwc3/dwc3-imx.o
  CC      drivers/clk/qcom/tcsrcc-sm8650.o
  CC      drivers/net/phy/mscc/mscc_main.o
  CC      drivers/pps/kapi.o
  CC      drivers/clk/mediatek/clk-mt8195-vdo0.o
  AR      drivers/net/wireless/ath/built-in.a
  AR      drivers/net/wireless/broadcom/built-in.a
  CC      kernel/bpf/dispatcher.o
  CC      drivers/usb/mtu3/mtu3_gadget_ep0.o
  CC      drivers/usb/core/offload.o
  CC      drivers/usb/dwc2/hcd_queue.o
  AR      fs/nfs/filelayout/built-in.a
  AR      drivers/net/wireless/marvell/built-in.a
  CC      fs/nfs/flexfilelayout/flexfilelayout.o
  AR      drivers/net/wireless/mediatek/built-in.a
  CC      drivers/rtc/rtc-sun6i.o
  AR      drivers/net/wireless/st/built-in.a
  CC      drivers/pps/sysfs.o
  CC      drivers/clk/qcom/videocc-sm8250.o
  CC      drivers/i2c/busses/i2c-designware-platdrv.o
  AR      drivers/net/wireless/ti/built-in.a
  AR      drivers/net/wireless/built-in.a
  CC      drivers/net/phy/mscc/mscc_serdes.o
  CC      drivers/clk/mediatek/clk-mt8195-vdo1.o
  AR      drivers/input/mouse/built-in.a
  AR      drivers/input/built-in.a
  CC      drivers/usb/dwc2/hcd_ddma.o
  CC      drivers/usb/dwc3/dwc3-xilinx.o
  CC      drivers/usb/core/hcd-pci.o
  AR      drivers/pps/built-in.a
  CC      drivers/usb/mtu3/mtu3_gadget.o
  CC      drivers/net/ethernet/amd/xgbe/xgbe-desc.o
  AR      drivers/clk/qcom/built-in.a
  CC      kernel/bpf/devmap.o
  CC      drivers/usb/mtu3/mtu3_qmu.o
  CC      drivers/net/phy/realtek/realtek_main.o
  CC      drivers/net/phy/qcom/qcom-phy-lib.o
  CC      drivers/clk/mediatek/clk-mt8195-venc.o
  CC      drivers/rtc/rtc-tegra.o
  CC      drivers/i2c/busses/i2c-exynos5.o
  CC      drivers/clk/mediatek/clk-mt8195-vpp0.o
  CC      drivers/net/phy/qcom/at803x.o
  CC      drivers/usb/dwc3/dwc3-rtk.o
  AR      drivers/net/phy/mscc/built-in.a
  CC      drivers/usb/dwc2/gadget.o
  CC      fs/nfs/flexfilelayout/flexfilelayoutdev.o
  CC      drivers/i2c/busses/i2c-imx.o
  CC      drivers/usb/core/../misc/onboard_usb_dev_pdevs.o
  CC      drivers/clk/mediatek/clk-mt8195-vpp1.o
  CC      drivers/rtc/rtc-xgene.o
  CC      drivers/ptp/ptp_clock.o
  CC      drivers/usb/mtu3/mtu3_dr.o
  CC      drivers/i2c/busses/i2c-imx-lpi2c.o
  CC      drivers/net/ethernet/amd/xgbe/xgbe-ethtool.o
  CC      kernel/bpf/cpumap.o
  CC      drivers/usb/dwc3/dwc3-generic-plat.o
  CC      drivers/net/xen-netfront.o
  AR      drivers/net/phy/qcom/built-in.a
  CC      drivers/usb/host/pci-quirks.o
  CC      drivers/clk/mediatek/clk-mt8195-wpe.o
  CC      drivers/usb/host/ehci-hcd.o
  AR      drivers/net/phy/realtek/built-in.a
  CC      drivers/net/phy/rockchip.o
  AR      drivers/usb/core/built-in.a
  AR      drivers/rtc/built-in.a
  CC      drivers/net/phy/vitesse.o
  CC      drivers/usb/host/ehci-pci.o
  CC      drivers/usb/mtu3/mtu3_debugfs.o
  CC      drivers/ptp/ptp_chardev.o
  AR      fs/nfs/flexfilelayout/built-in.a
  AR      fs/nfs/built-in.a
  CC      drivers/usb/host/ehci-platform.o
  AR      fs/built-in.a
  AR      drivers/usb/dwc3/built-in.a
  CC      drivers/power/reset/gpio-poweroff.o
  CC      drivers/usb/host/ehci-npcm7xx.o
  CC      drivers/clk/mediatek/clk-mt8196-apmixedsys.o
  CC      drivers/net/ethernet/amd/xgbe/xgbe-mdio.o
  CC      drivers/i2c/busses/i2c-meson.o
  CC      drivers/usb/storage/scsiglue.o
  CC      drivers/net/ethernet/amd/xgbe/xgbe-hwtstamp.o
  CC      kernel/bpf/offload.o
  CC      drivers/usb/dwc2/debugfs.o
  AR      drivers/net/phy/built-in.a
  CC      drivers/thermal/thermal_core.o
  CC      drivers/power/reset/msm-poweroff.o
  CC      drivers/net/ethernet/apm/xgene/xgene_enet_hw.o
  AR      drivers/usb/mtu3/built-in.a
  CC      drivers/thermal/thermal_sysfs.o
  CC      drivers/usb/host/ehci-orion.o
  CC      drivers/clk/mediatek/clk-mt8196-topckgen.o
  CC      drivers/ptp/ptp_sysfs.o
  CC      drivers/usb/storage/protocol.o
  CC      drivers/i2c/busses/i2c-mt65xx.o
  CC      drivers/power/reset/xgene-reboot.o
  CC      drivers/net/ethernet/amd/xgbe/xgbe-ptp.o
  CC      drivers/usb/misc/usb3503.o
  CC      drivers/net/ethernet/apm/xgene/xgene_enet_sgmac.o
  CC      kernel/bpf/net_namespace.o
  CC      kernel/bpf/tcx.o
  CC      drivers/clk/mediatek/clk-mt8196-topckgen2.o
  AR      drivers/usb/dwc2/built-in.a
  CC      drivers/power/sequencing/core.o
  CC      drivers/watchdog/watchdog_core.o
  CC      drivers/usb/storage/transport.o
  CC      drivers/ptp/ptp_vclock.o
  CC      drivers/thermal/thermal_trip.o
  CC      drivers/power/reset/syscon-reboot.o
  CC      drivers/i2c/busses/i2c-mv64xxx.o
  CC      drivers/thermal/thermal_helpers.o
  CC      drivers/usb/host/ehci-exynos.o
  AR      drivers/usb/misc/built-in.a
  CC      drivers/clk/mediatek/clk-mt8196-vlpckgen.o
  CC      drivers/thermal/thermal_thresholds.o
  CC      drivers/net/ethernet/amd/xgbe/xgbe-pps.o
  CC      drivers/net/ethernet/amd/xgbe/xgbe-i2c.o
  AR      drivers/power/sequencing/built-in.a
  CC      drivers/usb/host/ohci-hcd.o
  CC      drivers/net/ethernet/amd/xgbe/xgbe-phy-v1.o
  CC      drivers/watchdog/watchdog_dev.o
  CC      drivers/power/reset/syscon-poweroff.o
  CC      drivers/thermal/thermal_of.o
  CC      drivers/net/ethernet/amd/xgbe/xgbe-phy-v2.o
  CC      kernel/bpf/stackmap.o
  CC      drivers/ptp/ptp_kvm_arm.o
  CC      drivers/net/ethernet/apm/xgene/xgene_enet_xgmac.o
  CC      drivers/usb/storage/usb.o
  CC      drivers/clk/mediatek/clk-mt8196-peri_ao.o
  CC      drivers/power/supply/power_supply_core.o
  CC      drivers/usb/musb/musb_core.o
  CC      drivers/i2c/busses/i2c-omap.o
  CC      drivers/ptp/ptp_kvm_common.o
  CC      drivers/power/reset/reboot-mode.o
  CC      drivers/i2c/busses/i2c-owl.o
  CC      drivers/thermal/gov_step_wise.o
  CC      drivers/watchdog/sp805_wdt.o
  CC      drivers/i2c/busses/i2c-pxa.o
  CC      drivers/clk/mediatek/clk-mt8196-imp_iic_wrap.o
  CC      drivers/usb/host/ohci-pci.o
  CC      drivers/usb/storage/initializers.o
  CC      drivers/power/reset/syscon-reboot-mode.o
  CC      drivers/ptp/ptp_vmclock.o
  CC      kernel/bpf/cgroup_iter.o
  CC      drivers/thermal/gov_power_allocator.o
  CC      drivers/power/supply/power_supply_sysfs.o
  CC      drivers/net/ethernet/apm/xgene/xgene_enet_main.o
  CC      drivers/ptp/ptp_qoriq.o
  CC      drivers/clk/mediatek/clk-mt8196-mcu.o
  CC      drivers/usb/musb/musb_trace.o
  CC      drivers/watchdog/sbsa_gwdt.o
  CC      drivers/net/ethernet/amd/xgbe/xgbe-platform.o
  CC      drivers/usb/host/ohci-platform.o
  CC      drivers/md/dm-builtin.o
  AR      drivers/net/usb/built-in.a
  CC      drivers/usb/musb/musb_virthub.o
  CC      drivers/i2c/busses/i2c-qup.o
  AR      drivers/power/reset/built-in.a
  CC      drivers/net/net_failover.o
  CC      drivers/usb/storage/sierra_ms.o
  CC      drivers/thermal/devfreq_cooling.o
  CC      drivers/power/supply/power_supply_leds.o
  CC      kernel/bpf/bpf_cgrp_storage.o
  CC      drivers/usb/host/ohci-exynos.o
  CC      drivers/clk/mediatek/clk-mt8196-mdpsys.o
  CC      drivers/watchdog/s3c2410_wdt.o
  CC      drivers/clk/mediatek/clk-mt8196-pextp.o
  AR      drivers/ptp/built-in.a
  CC      drivers/net/ethernet/apm/xgene/xgene_enet_ring2.o
  AR      drivers/md/built-in.a
  CC      drivers/net/ethernet/amd/xgbe/xgbe-selftest.o
  CC      drivers/power/supply/bq27xxx_battery.o
  AR      drivers/thermal/broadcom/built-in.a
  CC      drivers/thermal/sun8i_thermal.o
  CC      drivers/net/ethernet/apm/xgene/xgene_enet_ethtool.o
  CC      drivers/usb/musb/musb_host.o
  CC      drivers/usb/storage/option_ms.o
  CC      drivers/i2c/busses/i2c-riic.o
  CC      drivers/clk/mediatek/clk-mt8196-ufs_ao.o
  CC      drivers/i2c/busses/i2c-s3c2410.o
  CC      drivers/power/supply/bq27xxx_battery_i2c.o
  CC      kernel/bpf/cgroup.o
  CC      drivers/usb/host/xhci.o
  CC      drivers/watchdog/dw_wdt.o
  CC      drivers/net/ethernet/apm/xgene/xgene_enet_cle.o
  CC      drivers/usb/chipidea/core.o
  CC      drivers/usb/chipidea/otg.o
  CC      drivers/thermal/renesas/rcar_gen3_thermal.o
  CC      drivers/usb/storage/usual-tables.o
  CC      drivers/clk/mediatek/clk-mt8365-apmixedsys.o
  CC      drivers/usb/host/xhci-mem.o
  CC      drivers/usb/musb/musb_gadget_ep0.o
  CC      drivers/clk/mediatek/clk-mt8365.o
  AR      drivers/power/supply/built-in.a
  CC      drivers/net/ethernet/amd/xgbe/xgbe-pci.o
  AR      drivers/power/built-in.a
  CC      drivers/watchdog/npcm_wdt.o
  CC      drivers/net/ethernet/amd/xgbe/xgbe-debugfs.o
  CC      drivers/usb/chipidea/debug.o
  CC      drivers/i2c/busses/i2c-sh_mobile.o
  AR      drivers/usb/storage/built-in.a
  CC      drivers/usb/gadget/udc/core.o
  CC      drivers/thermal/renesas/rcar_thermal.o
  CC      drivers/usb/gadget/udc/trace.o
  AR      drivers/usb/gadget/function/built-in.a
  CC      drivers/edac/edac_mc.o
  AR      drivers/net/ethernet/apm/xgene/built-in.a
  AR      drivers/net/ethernet/apm/built-in.a
  CC      drivers/usb/host/xhci-ext-caps.o
  AR      drivers/usb/gadget/legacy/built-in.a
  CC      kernel/bpf/reuseport_array.o
  CC      drivers/clk/mediatek/clk-mt8365-apu.o
  CC      drivers/watchdog/imx2_wdt.o
  CC      drivers/usb/musb/musb_gadget.o
  CC      drivers/usb/chipidea/ulpi.o
  CC      drivers/usb/musb/musb_debugfs.o
  CC      drivers/clk/mediatek/clk-mt8365-cam.o
  CC      drivers/thermal/renesas/rzg2l_thermal.o
  AR      drivers/net/ethernet/amd/xgbe/built-in.a
  AR      drivers/net/ethernet/amd/built-in.a
  AR      drivers/net/ethernet/atheros/built-in.a
  CC      drivers/thermal/renesas/rzg3e_thermal.o
  CC      drivers/net/ethernet/cadence/macb_main.o
  CC      drivers/i2c/busses/i2c-tegra.o
  CC      drivers/thermal/samsung/exynos_tmu.o
  CC      kernel/bpf/bpf_struct_ops.o
  CC      drivers/usb/musb/sunxi.o
  CC      drivers/usb/host/xhci-ring.o
  CC      drivers/usb/gadget/udc/rzv2m_usb3drd.o
  CC      drivers/edac/edac_device.o
  CC      drivers/watchdog/mtk_wdt.o
  CC      drivers/usb/gadget/udc/bdc/bdc_core.o
  CC      drivers/clk/mediatek/clk-mt8365-mfg.o
  AR      drivers/net/ethernet/broadcom/built-in.a
  CC      drivers/usb/chipidea/udc.o
  CC      drivers/watchdog/renesas_wdt.o
  CC      drivers/usb/gadget/udc/bdc/bdc_cmd.o
  AR      drivers/thermal/renesas/built-in.a
  CC      drivers/thermal/armada_thermal.o
  CC      drivers/net/ethernet/cadence/macb_ptp.o
  CC      drivers/usb/roles/class.o
  AR      drivers/thermal/samsung/built-in.a
  CC      drivers/opp/core.o
  AR      drivers/usb/musb/built-in.a
  CC      drivers/opp/cpu.o
  CC      drivers/usb/chipidea/trace.o
  CC      drivers/clk/mediatek/clk-mt8365-mm.o
  CC      drivers/edac/edac_mc_sysfs.o
  CC      kernel/bpf/cpumask.o
  CC      drivers/watchdog/rzg2l_wdt.o
  CC      drivers/usb/gadget/udc/bdc/bdc_ep.o
  CC      drivers/i2c/busses/i2c-tegra-bpmp.o
  CC      drivers/clk/mediatek/clk-mt8365-vdec.o
  AR      drivers/usb/roles/built-in.a
  CC      drivers/clk/mediatek/clk-mt8365-venc.o
  CC      drivers/thermal/qcom/tsens.o
  CC      drivers/usb/chipidea/host.o
  CC      drivers/usb/host/xhci-hub.o
  CC      drivers/thermal/qcom/tsens-v2.o
  CC      drivers/cpuidle/cpuidle.o
  CC      drivers/usb/chipidea/ci_hdrc_usb2.o
  CC      drivers/edac/edac_module.o
  CC      drivers/cpuidle/driver.o
  CC      drivers/watchdog/rzv2h_wdt.o
  CC      drivers/watchdog/stm32_iwdg.o
  CC      drivers/clk/mediatek/clk-mt8516-apmixedsys.o
  CC      kernel/bpf/crypto.o
  CC      drivers/i2c/busses/i2c-uniphier-f.o
  CC      drivers/clk/mediatek/clk-mt8516.o
  CC      drivers/usb/gadget/udc/bdc/bdc_udc.o
  CC      drivers/opp/of.o
  CC      drivers/opp/debugfs.o
  CC      drivers/usb/host/xhci-dbg.o
  CC      drivers/usb/chipidea/ci_hdrc_msm.o
  CC      drivers/thermal/qcom/tsens-v1.o
  CC      drivers/watchdog/uniphier_wdt.o
  CC      drivers/edac/edac_device_sysfs.o
  AR      drivers/net/ethernet/cadence/built-in.a
  CC      drivers/cpuidle/governor.o
  CC      drivers/net/ethernet/cavium/thunder/thunder_xcv.o
  CC      kernel/bpf/relo_core.o
  AR      drivers/thermal/tegra/built-in.a
  CC      drivers/mmc/core/core.o
  CC      drivers/mmc/host/mmci.o
  AR      drivers/clk/mediatek/built-in.a
  CC      drivers/i2c/busses/i2c-rcar.o
  AR      drivers/clk/built-in.a
  CC      drivers/usb/host/xhci-trace.o
  CC      drivers/usb/chipidea/ci_hdrc_npcm.o
  CC      drivers/thermal/qcom/tsens-v0_1.o
  CC      drivers/cpuidle/sysfs.o
  AR      drivers/usb/gadget/udc/bdc/built-in.a
  AR      drivers/usb/gadget/udc/built-in.a
  CC      drivers/watchdog/rtd119x_wdt.o
  CC      drivers/ufs/core/ufshcd.o
  CC      drivers/ufs/host/ufs-exynos.o
  AR      drivers/usb/gadget/built-in.a
  AR      drivers/opp/built-in.a
  CC      drivers/ufs/host/ufshcd-pltfrm.o
  CC      drivers/edac/wq.o
  CC      drivers/net/ethernet/cavium/thunder/thunder_bgx.o
  CC      drivers/ufs/host/ufs-hisi.o
  CC      drivers/usb/host/xhci-debugfs.o
  CC      drivers/mmc/core/bus.o
  CC      drivers/thermal/qcom/tsens-8960.o
  CC      drivers/watchdog/arm_smc_wdt.o
  CC      drivers/usb/chipidea/ci_hdrc_pci.o
  CC      drivers/cpuidle/governors/menu.o
  CC      kernel/bpf/btf_iter.o
  CC      drivers/cpuidle/dt_idle_states.o
  CC      drivers/i2c/busses/i2c-cros-ec-tunnel.o
  CC      drivers/edac/edac_pci.o
  CC      drivers/mmc/host/mmci_qcom_dml.o
  CC      kernel/bpf/btf_relocate.o
  CC      drivers/edac/edac_pci_sysfs.o
  CC      drivers/watchdog/marvell_gti_wdt.o
  AR      drivers/thermal/qcom/built-in.a
  CC      drivers/ufs/host/ufs-mediatek.o
  AR      drivers/cpuidle/governors/built-in.a
  CC      drivers/thermal/hisi_thermal.o
  CC      drivers/mmc/core/host.o
  CC      drivers/usb/host/xhci-sideband.o
  CC      drivers/cpuidle/dt_idle_genpd.o
  CC      drivers/mmc/core/mmc.o
  CC      drivers/usb/chipidea/usbmisc_imx.o
  CC      drivers/mmc/core/mmc_ops.o
  CC      drivers/net/ethernet/cavium/thunder/nic_main.o
  CC      drivers/mmc/host/mmci_stm32_sdmmc.o
  CC      drivers/cpuidle/cpuidle-psci.o
  AR      drivers/i2c/busses/built-in.a
  AR      drivers/i2c/built-in.a
  CC      drivers/cpuidle/cpuidle-psci-domain.o
  AR      drivers/watchdog/built-in.a
  CC      drivers/ufs/host/ufs-rockchip.o
  AR      drivers/edac/built-in.a
  AR      drivers/thermal/mediatek/built-in.a
  CC      drivers/firmware/arm_scpi.o
  AR      drivers/crypto/allwinner/built-in.a
  CC      drivers/thermal/uniphier_thermal.o
  AR      drivers/crypto/xilinx/built-in.a
  CC      kernel/bpf/kmem_cache_iter.o
  CC      drivers/usb/host/xhci-pci.o
  AR      drivers/crypto/built-in.a
  CC      drivers/clocksource/timer-of.o
  CC      drivers/ufs/core/ufs-sysfs.o
  CC      drivers/firmware/arm_sdei.o
  CC      drivers/thermal/amlogic_thermal.o
  CC      drivers/mmc/host/sdhci.o
  CC      drivers/usb/chipidea/ci_hdrc_imx.o
  AR      drivers/cpuidle/built-in.a
  CC      drivers/usb/chipidea/ci_hdrc_tegra.o
  CC      drivers/mmc/core/sd.o
  CC      drivers/ufs/core/ufs-mcq.o
  CC      kernel/bpf/dmabuf_iter.o
  AR      drivers/ufs/host/built-in.a
  CC      drivers/hid/hid-core.o
  AR      drivers/net/ethernet/cavium/thunder/built-in.a
  AR      drivers/net/ethernet/cavium/built-in.a
  CC      drivers/clocksource/timer-probe.o
  CC      drivers/hid/hid-input.o
  CC      drivers/net/ethernet/freescale/fec_main.o
  CC      drivers/hid/hid-quirks.o
  CC      drivers/usb/host/xhci-plat.o
  CC      drivers/clocksource/sh_cmt.o
  AR      drivers/thermal/built-in.a
  CC      drivers/of/base.o
  CC      drivers/firmware/stratix10-svc.o
  CC      drivers/net/ethernet/freescale/fec_ptp.o
  AR      kernel/bpf/built-in.a
  AR      drivers/usb/chipidea/built-in.a
  AR      kernel/built-in.a
  CC      drivers/mmc/core/sd_ops.o
  CC      drivers/clocksource/renesas-ostm.o
  CC      drivers/usb/host/xhci-rcar.o
  CC      drivers/platform/chrome/chromeos_of_hw_prober.o
  CC      drivers/net/ethernet/freescale/xgmac_mdio.o
  CC      drivers/of/cpu.o
  CC      drivers/ufs/core/ufs-txeq.o
  CC      drivers/net/ethernet/freescale/fman/fman_muram.o
  CC      drivers/net/ethernet/freescale/dpaa/dpaa_eth.o
  CC      drivers/clocksource/sh_tmu.o
  CC      drivers/mmc/host/sdhci_f_sdh30.o
  CC      drivers/platform/chrome/cros_ec.o
  CC      drivers/platform/chrome/cros_ec_i2c.o
  CC      drivers/usb/host/xhci-rzv2m.o
  CC      drivers/mmc/core/sdio.o
  CC      drivers/of/device.o
  CC      drivers/firmware/ti_sci.o
  CC      drivers/net/ethernet/freescale/fman/fman.o
  CC      drivers/net/ethernet/freescale/dpaa/dpaa_ethtool.o
  CC      drivers/net/ethernet/freescale/dpaa2/dpaa2-eth.o
  CC      drivers/hid/hid-debug.o
  CC      drivers/mailbox/mailbox.o
  CC      drivers/ufs/core/ufs-debugfs.o
  CC      drivers/usb/host/xhci-mtk.o
  CC      drivers/clocksource/mmio.o
  CC      drivers/platform/chrome/cros_ec_spi.o
  CC      drivers/mmc/host/mtk-sd.o
  CC      drivers/mailbox/arm_mhu.o
  CC      drivers/of/module.o
  CC      drivers/mmc/core/sdio_ops.o
  CC      drivers/of/platform.o
  CC      drivers/net/ethernet/freescale/fman/fman_sp.o
  CC      drivers/clocksource/timer-ti-dm.o
  CC      drivers/platform/chrome/cros_ec_proto.o
  CC      drivers/hid/hid-generic.o
  CC      drivers/hid/usbhid/hid-core.o
  CC      drivers/ufs/core/ufs_bsg.o
  CC      drivers/ufs/core/ufshcd-crypto.o
  CC      drivers/hwspinlock/hwspinlock_core.o
  CC      drivers/mailbox/arm_mhu_db.o
  CC      drivers/usb/host/xhci-mtk-sch.o
  CC      drivers/net/ethernet/freescale/fman/fman_keygen.o
  CC      drivers/mmc/core/sdio_bus.o
  CC      drivers/firmware/arm_scmi/transports/smc.o
  CC      drivers/net/ethernet/freescale/dpaa/dpaa_eth_sysfs.o
  CC      drivers/of/property.o
  CC      drivers/platform/chrome/cros_ec_trace.o
  CC      drivers/clocksource/dw_apb_timer.o
  CC      drivers/firmware/arm_scmi/vendors/imx/imx-sm-bbm.o
  CC      drivers/net/ethernet/freescale/dpaa2/dpaa2-ethtool.o
  AR      drivers/ufs/core/built-in.a
  CC      drivers/net/ethernet/freescale/fman/fman_port.o
  CC      drivers/hwspinlock/qcom_hwspinlock.o
  AR      drivers/ufs/built-in.a
  CC      drivers/firmware/arm_scmi/transports/mailbox.o
  CC      drivers/mailbox/imx-mailbox.o
  CC      drivers/mmc/host/mmc_spi.o
  CC      drivers/mmc/host/of_mmc_spi.o
  AR      drivers/platform/chrome/built-in.a
  AR      drivers/platform/built-in.a
  CC      drivers/usb/host/xhci-tegra.o
  CC      drivers/mmc/core/sdio_cis.o
  AR      drivers/firmware/broadcom/built-in.a
  AR      drivers/hid/usbhid/built-in.a
  CC      drivers/clocksource/dw_apb_timer_of.o
  AR      drivers/hid/built-in.a
  CC      drivers/firmware/arm_scmi/bus.o
  CC      drivers/clocksource/timer-rockchip.o
  CC      drivers/net/ethernet/freescale/fman/mac.o
  AR      drivers/net/ethernet/freescale/dpaa/built-in.a
  CC      drivers/firmware/arm_scmi/vendors/imx/imx-sm-cpu.o
  CC      drivers/mmc/core/sdio_io.o
  AR      drivers/hwspinlock/built-in.a
  CC      drivers/mailbox/platform_mhu.o
  AR      drivers/firmware/arm_scmi/transports/built-in.a
  CC      drivers/remoteproc/remoteproc_core.o
  CC      drivers/of/kobj.o
  CC      drivers/mmc/host/tmio_mmc_core.o
  CC      drivers/net/ethernet/hisilicon/hix5hd2_gmac.o
  CC      drivers/clocksource/timer-sun4i.o
  CC      drivers/firmware/meson/meson_sm.o
  CC      drivers/clocksource/timer-tegra.o
  CC      drivers/mailbox/ti-msgmgr.o
  CC      drivers/net/ethernet/freescale/dpaa2/dpni.o
  CC      drivers/net/ethernet/freescale/enetc/enetc.o
  CC      drivers/firmware/arm_scmi/vendors/imx/imx-sm-lmm.o
  CC      drivers/rpmsg/rpmsg_core.o
  CC      drivers/of/dynamic.o
  CC      drivers/of/fdt.o
  CC      drivers/mmc/core/sdio_irq.o
  CC      drivers/net/ethernet/freescale/fman/fman_dtsec.o
  CC      drivers/net/ethernet/hisilicon/hns_mdio.o
  AR      drivers/usb/host/built-in.a
  AR      drivers/usb/built-in.a
  AR      drivers/firmware/meson/built-in.a
  CC      drivers/firmware/arm_scmi/driver.o
  CC      drivers/mmc/core/sd_uhs2.o
  CC      drivers/clocksource/exynos_mct.o
  CC      drivers/remoteproc/remoteproc_coredump.o
  CC      drivers/firmware/arm_scmi/vendors/imx/imx-sm-misc.o
  CC      drivers/mailbox/hi3660-mailbox.o
  CC      drivers/rpmsg/rpmsg_ns.o
  CC      drivers/mmc/host/renesas_sdhi_core.o
  CC      drivers/clocksource/timer-mediatek.o
  CC      drivers/net/ethernet/freescale/fman/fman_memac.o
  CC      drivers/net/ethernet/freescale/dpaa2/dpaa2-eth-devlink.o
  CC      drivers/net/ethernet/hisilicon/hns/hnae.o
  AS      drivers/of/empty_root.dtb.o
  CC      drivers/of/fdt_address.o
  CC      drivers/rpmsg/qcom_glink_native.o
  CC      drivers/net/ethernet/freescale/enetc/enetc_cbdr.o
  CC      drivers/remoteproc/remoteproc_debugfs.o
  AR      drivers/firmware/arm_scmi/vendors/imx/built-in.a
  CC      drivers/mailbox/hi6220-mailbox.o
  CC      drivers/mmc/core/slot-gpio.o
  CC      drivers/firmware/arm_scmi/notify.o
  CC      drivers/clocksource/timer-mediatek-cpux.o
  CC      drivers/mailbox/qcom-apcs-ipc-mailbox.o
  AR      drivers/firmware/efi/built-in.a
  CC      drivers/devfreq/devfreq.o
  CC      drivers/of/address.o
  CC      drivers/mmc/core/regulator.o
  CC      drivers/mmc/host/renesas_sdhi_internal_dmac.o
  CC      drivers/net/ethernet/freescale/dpaa2/dpaa2-xsk.o
  CC      drivers/clocksource/timer-owl.o
  CC      drivers/net/ethernet/freescale/fman/fman_tgec.o
  CC      drivers/devfreq/devfreq-event.o
  CC      drivers/mailbox/tegra-hsp.o
  CC      drivers/net/ethernet/hisilicon/hns/hns_ae_adapt.o
  CC      drivers/remoteproc/remoteproc_sysfs.o
  CC      drivers/net/ethernet/hisilicon/hns/hns_dsaf_gmac.o
  CC      drivers/rpmsg/qcom_glink_ssr.o
  CC      drivers/net/ethernet/hisilicon/hns3/hnae3.o
  CC      drivers/net/ethernet/freescale/enetc/enetc_ethtool.o
  CC      drivers/of/irq.o
  CC      drivers/clocksource/timer-sprd.o
  CC      drivers/net/ethernet/hisilicon/hns/hns_dsaf_mac.o
  CC      drivers/mmc/core/pwrseq.o
  CC      drivers/devfreq/governor_simpleondemand.o
  CC      drivers/firmware/arm_scmi/base.o
  CC      drivers/rpmsg/qcom_glink_rpm.o
  CC      drivers/remoteproc/remoteproc_virtio.o
  CC      drivers/mmc/host/uniphier-sd.o
  CC      drivers/mailbox/mtk-gpueb-mailbox.o
  AR      drivers/net/ethernet/freescale/fman/built-in.a
  CC      drivers/net/ethernet/freescale/dpaa2/dpaa2-eth-debugfs.o
  CC      drivers/clocksource/timer-npcm7xx.o
  CC      drivers/mmc/host/dw_mmc.o
  CC      drivers/devfreq/governor_userspace.o
  CC      drivers/net/ethernet/intel/e1000e/82571.o
  CC      drivers/net/ethernet/hisilicon/hns3/hns3_enet.o
  CC      drivers/firmware/arm_scmi/clock.o
  CC      drivers/of/of_reserved_mem.o
  CC      drivers/extcon/extcon.o
  CC      drivers/mmc/core/debugfs.o
  CC      drivers/rpmsg/virtio_rpmsg_bus.o
  CC      drivers/mailbox/zynqmp-ipi-mailbox.o
  CC      drivers/remoteproc/remoteproc_elf_loader.o
  CC      drivers/net/ethernet/hisilicon/hns/hns_dsaf_misc.o
  CC      drivers/firmware/imx/imx-scu.o
  CC      drivers/devfreq/imx-bus.o
  CC      drivers/clocksource/arm_arch_timer.o
  CC      drivers/net/ethernet/freescale/enetc/enetc_pf_common.o
  CC      drivers/firmware/arm_scmi/perf.o
  CC      drivers/of/resolver.o
  CC      drivers/extcon/devres.o
  CC      drivers/net/ethernet/freescale/dpaa2/dpaa2-mac.o
  CC      drivers/mmc/core/pwrseq_simple.o
  AR      drivers/rpmsg/built-in.a
  CC      drivers/firmware/arm_scmi/power.o
  CC      drivers/remoteproc/imx_rproc.o
  CC      drivers/mailbox/sun6i-msgbox.o
  AR      drivers/devfreq/event/built-in.a
  AR      drivers/devfreq/built-in.a
  CC      drivers/net/ethernet/freescale/dpaa2/dpmac.o
  CC      drivers/firmware/imx/misc.o
  CC      drivers/net/ethernet/intel/e1000e/ich8lan.o
  CC      drivers/mmc/host/dw_mmc-pltfm.o
  CC      drivers/clocksource/arm_arch_timer_mmio.o
  CC      drivers/net/ethernet/hisilicon/hns/hns_dsaf_main.o
  CC      drivers/extcon/extcon-usb-gpio.o
  CC      drivers/of/overlay.o
  CC      drivers/net/ethernet/intel/igb/igb_main.o
  CC      drivers/firmware/imx/imx-scu-irq.o
  CC      drivers/mmc/core/pwrseq_emmc.o
  CC      drivers/firmware/arm_scmi/reset.o
  CC      drivers/net/ethernet/freescale/enetc/ntmp.o
  CC      drivers/mailbox/qcom-ipcc.o
  CC      drivers/net/ethernet/intel/igbvf/vf.o
  AR      drivers/remoteproc/built-in.a
  CC      drivers/net/ethernet/intel/igbvf/mbx.o
  CC      drivers/net/ethernet/freescale/dpaa2/dpaa2-ptp.o
  CC      drivers/clocksource/timer-sp804.o
  CC      drivers/mmc/host/dw_mmc-exynos.o
  CC      drivers/extcon/extcon-usbc-cros-ec.o
  CC      drivers/of/of_numa.o
  CC      drivers/firmware/arm_scmi/sensors.o
  CC      drivers/mmc/core/block.o
  CC      drivers/firmware/imx/rm.o
  CC      drivers/mailbox/cix-mailbox.o
  CC      drivers/net/ethernet/freescale/enetc/enetc_pf.o
  CC      drivers/net/ethernet/hisilicon/hns3/hns3_ethtool.o
  AR      drivers/extcon/built-in.a
  CC      drivers/firmware/psci/psci.o
  CC      drivers/clocksource/dummy_timer.o
  CC      drivers/of/kexec.o
  CC      drivers/net/ethernet/intel/igbvf/ethtool.o
  CC      drivers/memory/fsl_ifc.o
  CC      drivers/net/ethernet/freescale/dpaa2/dprtc.o
  CC      drivers/mmc/host/dw_mmc-hi3798cv200.o
  CC      drivers/firmware/imx/imx-scu-soc.o
  CC      drivers/net/ethernet/hisilicon/hns/hns_dsaf_ppe.o
  CC      drivers/firmware/arm_scmi/system.o
  CC      drivers/net/ethernet/intel/e1000e/80003es2lan.o
  AR      drivers/mailbox/built-in.a
  CC      drivers/firmware/arm_scmi/voltage.o
  CC      drivers/clocksource/timer-imx-sysctr.o
  CC      drivers/memory/mtk-smi.o
  CC      drivers/firmware/imx/sm-cpu.o
  AR      drivers/net/ethernet/freescale/dpaa2/built-in.a
  AR      drivers/of/built-in.a
  CC      drivers/net/ethernet/intel/igb/igb_ethtool.o
  CC      drivers/mmc/core/queue.o
  AR      drivers/firmware/psci/built-in.a
  CC      drivers/net/ethernet/intel/igb/e1000_82575.o
  CC      drivers/net/ethernet/intel/igb/e1000_mac.o
  CC      drivers/net/ethernet/intel/igbvf/netdev.o
  CC      drivers/mmc/host/dw_mmc-k3.o
  CC      drivers/firmware/arm_scmi/powercap.o
  CC      drivers/net/ethernet/freescale/enetc/enetc_msg.o
  AR      drivers/clocksource/built-in.a
  CC      drivers/net/ethernet/intel/igb/e1000_nvm.o
  CC      drivers/net/ethernet/hisilicon/hns3/hns3_debugfs.o
  CC      drivers/firmware/imx/sm-misc.o
  CC      drivers/net/ethernet/marvell/mvmdio.o
  CC      drivers/memory/tegra/mc.o
  CC      drivers/net/ethernet/hisilicon/hns/hns_dsaf_rcb.o
  CC      drivers/net/ethernet/intel/e1000e/mac.o
  AR      drivers/mmc/core/built-in.a
  CC      drivers/memory/tegra/tegra124.o
  CC      drivers/firmware/imx/sm-lmm.o
  CC      drivers/mmc/host/dw_mmc-rockchip.o
  CC      drivers/firmware/arm_scmi/pinctrl.o
  CC      drivers/mmc/host/meson-gx-mmc.o
  CC      drivers/net/ethernet/freescale/enetc/enetc_qos.o
  CC      drivers/mmc/host/sunxi-mmc.o
  CC      drivers/memory/tegra/tegra210.o
  AR      drivers/net/ethernet/hisilicon/hns3/built-in.a
  CC      drivers/perf/arm_pmu.o
  CC      drivers/net/ethernet/marvell/mvneta.o
  CC      drivers/firmware/qcom/qcom_scm.o
  CC      drivers/perf/arm_pmu_platform.o
  CC      drivers/perf/arm_pmuv3.o
  AR      drivers/firmware/imx/built-in.a
  CC      drivers/net/ethernet/hisilicon/hns/hns_dsaf_xgmac.o
  CC      drivers/net/ethernet/freescale/enetc/enetc_vf.o
  AR      drivers/net/ethernet/intel/igbvf/built-in.a
  CC      drivers/net/ethernet/intel/e1000e/manage.o
  CC      drivers/firmware/arm_scmi/shmem.o
  CC      drivers/net/ethernet/intel/e1000e/nvm.o
  CC      drivers/net/ethernet/intel/igb/e1000_phy.o
  AR      drivers/net/ethernet/mediatek/built-in.a
  CC      drivers/memory/tegra/tegra186.o
  CC      drivers/net/ethernet/marvell/mvpp2/mvpp2_main.o
  AR      drivers/net/ethernet/mellanox/built-in.a
  CC      drivers/firmware/qcom/qcom_scm-smc.o
  CC      drivers/mmc/host/owl-mmc.o
  CC      drivers/memory/tegra/tegra194.o
  AR      drivers/firmware/arm_scmi/built-in.a
  CC      drivers/memory/tegra/tegra264.o
  CC      drivers/net/ethernet/hisilicon/hns/hns_enet.o
  CC      drivers/net/ethernet/marvell/mvpp2/mvpp2_prs.o
  CC      drivers/net/ethernet/intel/e1000e/phy.o
  CC      drivers/net/ethernet/marvell/sky2.o
  CC      drivers/net/ethernet/freescale/enetc/enetc_ierb.o
  CC      drivers/memory/tegra/tegra186-emc.o
  CC      drivers/net/ethernet/intel/igb/e1000_mbx.o
  CC      drivers/mmc/host/sdhci-pltfm.o
  CC      drivers/perf/arm_brbe.o
  CC      drivers/firmware/qcom/qcom_scm-legacy.o
  CC      drivers/mmc/host/sdhci-cadence.o
  CC      drivers/net/ethernet/marvell/mvpp2/mvpp2_cls.o
  CC      drivers/perf/apple_m1_cpu_pmu.o
  CC      drivers/net/ethernet/hisilicon/hns/hns_ethtool.o
  AR      drivers/memory/tegra/built-in.a
  AR      drivers/memory/built-in.a
  CC      drivers/mmc/host/sdhci-tegra.o
  CC      drivers/firmware/qcom/qcom_tzmem.o
  CC      drivers/net/ethernet/marvell/mvpp2/mvpp2_debugfs.o
  CC      drivers/net/ethernet/freescale/enetc/enetc_pci_mdio.o
  CC      drivers/net/ethernet/intel/igb/e1000_i210.o
  CC      drivers/net/ethernet/intel/igb/igb_ptp.o
  CC      drivers/firmware/smccc/smccc.o
  CC      drivers/net/ethernet/intel/e1000e/param.o
  CC      drivers/firmware/smccc/kvm_guest.o
  AR      drivers/perf/built-in.a
  CC      drivers/ras/ras.o
  CC      drivers/firmware/qcom/qcom_qseecom.o
  CC      drivers/mmc/host/sdhci-of-arasan.o
  CC      drivers/net/ethernet/freescale/enetc/enetc_mdio.o
  AR      drivers/net/ethernet/mscc/built-in.a
  CC      drivers/mmc/host/sdhci-of-esdhc.o
  AR      drivers/net/ethernet/hisilicon/hns/built-in.a
  CC      drivers/net/ethernet/intel/igb/igb_hwmon.o
  AR      drivers/net/ethernet/hisilicon/built-in.a
  CC      drivers/firmware/smccc/soc_id.o
  CC      drivers/firmware/tegra/bpmp.o
  CC      drivers/net/ethernet/intel/igb/igb_xsk.o
  CC      drivers/firmware/xilinx/zynqmp.o
  CC      drivers/ras/debugfs.o
  CC      drivers/firmware/xilinx/zynqmp-ufs.o
  CC      drivers/firmware/tegra/bpmp-tegra210.o
  AR      drivers/firmware/qcom/built-in.a
  CC      drivers/net/ethernet/intel/e1000e/ethtool.o
  CC      drivers/firmware/tegra/bpmp-tegra186.o
  CC      drivers/mmc/host/sdhci-of-dwcmshc.o
  AR      drivers/firmware/smccc/built-in.a
  CC      drivers/nvmem/core.o
  AR      drivers/net/ethernet/marvell/mvpp2/built-in.a
  AR      drivers/net/ethernet/marvell/built-in.a
  AR      drivers/ras/built-in.a
  CC      drivers/firmware/tegra/bpmp-debugfs.o
  CC      drivers/nvmem/layouts.o
  CC      drivers/net/ethernet/intel/e1000e/netdev.o
  CC      drivers/fpga/fpga-mgr.o
  AR      drivers/net/ethernet/freescale/enetc/built-in.a
  CC      drivers/tee/tee_core.o
  AR      drivers/net/ethernet/freescale/built-in.a
  CC      drivers/mmc/host/sdhci-of-sparx5.o
  CC      drivers/firmware/tegra/ivc.o
  CC      drivers/firmware/xilinx/zynqmp-crypto.o
  CC      drivers/tee/tee_heap.o
  AR      drivers/nvmem/layouts/built-in.a
  CC      drivers/mux/core.o
  CC      drivers/net/ethernet/intel/e1000e/ptp.o
  CC      drivers/mux/mmio.o
  AR      drivers/net/ethernet/intel/igb/built-in.a
  CC      drivers/mmc/host/sdhci-msm.o
  CC      drivers/firmware/xilinx/zynqmp-debug.o
  CC      drivers/tee/tee_shm.o
  CC      drivers/nvmem/imx-ocotp.o
  CC      drivers/interconnect/core.o
  AR      drivers/fpga/built-in.a
  CC      drivers/mmc/host/cqhci-core.o
  CC      drivers/nvmem/imx-ocotp-scu.o
  CC      drivers/hte/hte.o
  AR      drivers/firmware/tegra/built-in.a
  AR      drivers/net/ethernet/netronome/built-in.a
  CC      drivers/hte/hte-tegra194.o
  CC      drivers/tee/tee_shm_pool.o
  AR      drivers/mux/built-in.a
  CC      drivers/mmc/host/mmc_hsq.o
  CC      drivers/nvmem/mtk-efuse.o
  AR      drivers/firmware/xilinx/built-in.a
  CC      drivers/tee/optee/core.o
  AR      drivers/firmware/built-in.a
  CC      drivers/interconnect/bulk.o
  CC      drivers/tee/optee/call.o
  CC      drivers/interconnect/debugfs-client.o
  CC      drivers/nvmem/qfprom.o
  CC      drivers/nvmem/rockchip-efuse.o
  CC      drivers/nvmem/rockchip-otp.o
  CC      drivers/mmc/host/sdhci-xenon.o
  CC      drivers/tee/optee/notif.o
  CC      drivers/mmc/host/sdhci-xenon-phy.o
  AR      drivers/hte/built-in.a
  CC      drivers/tee/optee/rpc.o
  CC      drivers/nvmem/snvs_lpgpr.o
  CC      drivers/nvmem/sunxi_sid.o
  CC      drivers/nvmem/uniphier-efuse.o
  AR      drivers/net/ethernet/qualcomm/emac/built-in.a
  AR      drivers/net/ethernet/qualcomm/built-in.a
  CC      drivers/tee/optee/protmem.o
  CC      drivers/interconnect/imx/imx.o
  AR      drivers/net/ethernet/realtek/built-in.a
  CC      drivers/net/ethernet/renesas/sh_eth.o
  CC      drivers/interconnect/imx/imx8mp.o
  CC      drivers/net/ethernet/renesas/ravb_main.o
  CC      drivers/interconnect/icc-clk.o
  CC      drivers/interconnect/qcom/icc-common.o
  CC      drivers/interconnect/qcom/bcm-voter.o
  CC      drivers/tee/optee/supp.o
  CC      drivers/net/ethernet/renesas/ravb_ptp.o
  CC      drivers/net/ethernet/renesas/rswitch_main.o
  AR      drivers/nvmem/built-in.a
  CC      drivers/tee/optee/device.o
  CC      drivers/net/ethernet/renesas/rswitch_l2.o
  CC      drivers/tee/optee/smc_abi.o
  AR      drivers/mmc/host/built-in.a
  AR      drivers/mmc/built-in.a
  CC      drivers/interconnect/qcom/eliza.o
  CC      drivers/net/ethernet/renesas/rcar_gen4_ptp.o
  AR      drivers/interconnect/imx/built-in.a
  AR      drivers/net/ethernet/intel/e1000e/built-in.a
  CC      drivers/tee/optee/ffa_abi.o
  AR      drivers/net/ethernet/intel/built-in.a
  CC      drivers/interconnect/qcom/glymur.o
  CC      drivers/net/ethernet/renesas/rtsn.o
  CC      drivers/net/ethernet/smsc/smc91x.o
  CC      drivers/interconnect/qcom/kaanapali.o
  CC      drivers/interconnect/qcom/milos.o
  CC      drivers/interconnect/qcom/msm8953.o
  CC      drivers/net/ethernet/socionext/sni_ave.o
  CC      drivers/net/ethernet/smsc/smsc911x.o
  CC      drivers/interconnect/qcom/msm8996.o
  AR      drivers/net/ethernet/stmicro/built-in.a
  CC      drivers/net/ethernet/socionext/netsec.o
  CC      drivers/interconnect/qcom/qcm2290.o
  CC      drivers/interconnect/qcom/qcs615.o
  AR      drivers/tee/optee/built-in.a
  CC      drivers/net/ethernet/ti/davinci_mdio.o
  CC      drivers/interconnect/qcom/qcs8300.o
  AR      drivers/tee/built-in.a
  CC      drivers/interconnect/qcom/qdu1000.o
  CC      drivers/net/ethernet/ti/k3-cppi-desc-pool.o
  CC      drivers/net/ethernet/ti/am65-cpsw-nuss.o
  CC      drivers/interconnect/qcom/icc-rpmh.o
  AR      drivers/net/ethernet/xilinx/built-in.a
  CC      drivers/net/ethernet/ti/am65-cpsw-ethtool.o
  CC      drivers/net/ethernet/ti/cpsw_sl.o
  CC      drivers/interconnect/qcom/sa8775p.o
  CC      drivers/interconnect/qcom/sc7180.o
  AR      drivers/net/ethernet/renesas/built-in.a
  CC      drivers/net/ethernet/ti/cpsw_ale.o
  CC      drivers/interconnect/qcom/sc7280.o
  CC      drivers/interconnect/qcom/sc8180x.o
  CC      drivers/interconnect/qcom/sc8280xp.o
  CC      drivers/interconnect/qcom/sdm845.o
  CC      drivers/interconnect/qcom/sdx75.o
  CC      drivers/interconnect/qcom/sm6115.o
  CC      drivers/interconnect/qcom/sm6350.o
  CC      drivers/interconnect/qcom/sm8150.o
  CC      drivers/interconnect/qcom/sm8350.o
  CC      drivers/interconnect/qcom/sm8450.o
  CC      drivers/interconnect/qcom/sm8550.o
  CC      drivers/interconnect/qcom/sm8650.o
  AR      drivers/net/ethernet/smsc/built-in.a
  CC      drivers/interconnect/qcom/sm8750.o
  CC      drivers/interconnect/qcom/x1e80100.o
  CC      drivers/interconnect/qcom/smd-rpm.o
  CC      drivers/interconnect/qcom/icc-rpm.o
  CC      drivers/interconnect/qcom/icc-rpm-clocks.o
  AR      drivers/net/ethernet/socionext/built-in.a
  AR      drivers/interconnect/qcom/built-in.a
  AR      drivers/interconnect/built-in.a
  AR      drivers/net/ethernet/ti/built-in.a
  AR      drivers/net/ethernet/built-in.a
  AR      drivers/net/built-in.a
  AR      drivers/built-in.a
  AR      built-in.a
  AR      vmlinux.a
  LD      vmlinux.o
  MODPOST vmlinux.symvers
  CC      .vmlinux.export.o
  UPD     include/generated/utsversion.h
  CC      init/version-timestamp.o
  KSYMS   .tmp_vmlinux0.kallsyms.S
  AS      .tmp_vmlinux0.kallsyms.o
  LD      .tmp_vmlinux1
  NM      .tmp_vmlinux1.syms
  KSYMS   .tmp_vmlinux1.kallsyms.S
  AS      .tmp_vmlinux1.kallsyms.o
  LD      .tmp_vmlinux2
  NM      .tmp_vmlinux2.syms
  KSYMS   .tmp_vmlinux2.kallsyms.S
  AS      .tmp_vmlinux2.kallsyms.o
  LD      vmlinux.unstripped
  NM      System.map
  SORTTAB vmlinux.unstripped
  OBJCOPY vmlinux
  GEN     modules.builtin.modinfo
  GEN     modules.builtin
  OBJCOPY arch/arm64/boot/Image
make[4]: Leaving directory '/home/benni/git/kernel-test-stable/build/randdefconfig-arm64'
make[3]: Leaving directory '/home/benni/git/linux-stable'
