make[2]: Entering directory '/home/benni/git/linux'
make[3]: Entering directory '/home/benni/git/kernel-test/build/randconfig-arm64'
KCONFIG_SEED=0x98B15F8C
#
# configuration written to .config
#
make[3]: Leaving directory '/home/benni/git/kernel-test/build/randconfig-arm64'
make[2]: Leaving directory '/home/benni/git/linux'
make[2]: Entering directory '/home/benni/git/linux'
make[3]: Entering directory '/home/benni/git/kernel-test/build/randconfig-arm64'
.config:6909:warning: override: reassigning to symbol PRINTK
.config:6913:warning: override: reassigning to symbol TTY
.config:6916:warning: override: reassigning to symbol BLK_DEV_INITRD
.config:6920:warning: override: reassigning to symbol BINFMT_ELF
.config:6921:warning: override: reassigning to symbol BINFMT_SCRIPT
.config:6941:warning: override: reassigning to symbol MODULES
.config:6944:warning: override: reassigning to symbol DRM
.config:6945:warning: override: reassigning to symbol SOUND
.config:6946:warning: override: reassigning to symbol STAGING
.config:6948:warning: override: reassigning to symbol MEDIA_SUPPORT
.config:6954:warning: override: reassigning to symbol KCOV
.config:6957:warning: override: reassigning to symbol KCSAN
.config:6958:warning: override: reassigning to symbol KFENCE
.config:6959:warning: override: reassigning to symbol UBSAN
.config:6964:warning: override: reassigning to symbol RCU_TORTURE_TEST
.config:6965:warning: override: reassigning to symbol LOCK_TORTURE_TEST
.config:6972:warning: override: reassigning to symbol KUNIT
#
# configuration written to .config
#
make[3]: Leaving directory '/home/benni/git/kernel-test/build/randconfig-arm64'
make[2]: Leaving directory '/home/benni/git/linux'
make[2]: Entering directory '/home/benni/git/linux'
make[3]: Entering directory '/home/benni/git/kernel-test/build/randconfig-arm64'
  SYNC    include/config/auto.conf
  HOSTCC  scripts/insert-sys-cert
  HOSTCC  scripts/ipe/polgen/polgen
  UPD     include/config/kernel.release
  HOSTCXX scripts/gcc-plugins/latent_entropy_plugin.so
  UPD     include/generated/utsrelease.h
  HOSTCXX scripts/gcc-plugins/randomize_layout_plugin.so
  TOUCH   include/generated/gcc-plugins.h
  CC      scripts/mod/empty.o
  CC      scripts/mod/devicetable-offsets.s
  MKELF   scripts/mod/elfconfig.h
  HOSTCC  scripts/mod/modpost.o
  HOSTCC  scripts/mod/sumversion.o
  HOSTCC  scripts/mod/symsearch.o
  HOSTCC  scripts/mod/file2alias.o
  HOSTLD  scripts/mod/modpost
  CC      kernel/bounds.s
  UPD     include/generated/timeconst.h
  UPD     include/generated/bounds.h
  CC      arch/arm64/kernel/asm-offsets.s
  UPD     include/generated/asm-offsets.h
  CC      kernel/sched/rq-offsets.s
  UPD     include/generated/rq-offsets.h
  CALL    /home/benni/git/linux/scripts/checksyscalls.sh 
  LDS     arch/arm64/kernel/vdso/vdso.lds
  CC      arch/arm64/kernel/vdso/vgettimeofday.o
  AS      arch/arm64/kernel/vdso/note.o
  AS      arch/arm64/kernel/vdso/sigreturn.o
  CC      arch/arm64/kernel/vdso/vgetrandom.o
  AS      arch/arm64/kernel/vdso/vgetrandom-chacha.o
  LD      arch/arm64/kernel/vdso/vdso.so.dbg
  VDSOSYM include/generated/vdso-offsets.h
  OBJCOPY arch/arm64/kernel/vdso/vdso.so
  GEN     usr/initramfs_data.cpio
  CC      ipc/util.o
  CC      certs/system_keyring.o
  CC      init/main.o
  AS      arch/arm64/lib/clear_page.o
  CC      ipc/msgutil.o
  CC      arch/arm64/mm/dma-mapping.o
  CC      security/keys/gc.o
  CC      drivers/irqchip/irqchip.o
  CC      arch/arm64/kernel/debug-monitors.o
  AS      arch/arm64/lib/clear_user.o
  CC      block/bdev.o
  CC      fs/open.o
  CC      lib/argv_split.o
  CC      kernel/fork.o
  AS      arch/arm64/lib/copy_from_user.o
  CC      mm/filemap.o
  HDRTEST usr/include/linux/vhost.h
  CC      crypto/api.o
  AS      arch/arm64/lib/copy_page.o
  HDRTEST usr/include/linux/bpf.h
  AS      arch/arm64/lib/copy_to_user.o
  CC      arch/arm64/lib/csum.o
  AS      certs/system_certificates.o
  COPY    usr/initramfs_inc_data
  AS      usr/initramfs_data.o
  AR      usr/built-in.a
  CC      certs/blacklist.o
  CC      crypto/cipher.o
  CC      lib/buildid.o
  CC      drivers/irqchip/irq-mmp.o
  CC      arch/arm64/mm/extable.o
  CC      arch/arm64/lib/delay.o
  CC      block/fops.o
  CC      security/keys/key.o
  AS      arch/arm64/kernel/entry.o
  CC      ipc/msg.o
  CC      arch/arm64/kernel/irq.o
  CC      arch/arm64/kernel/fpsimd.o
  GEN     certs/blacklist_hash_list
  CERT    certs/x509_revocation_list
  CC      certs/blacklist_hashes.o
  CC      ipc/sem.o
  CC      crypto/algapi.o
  CC      arch/arm64/mm/fault.o
  AS      certs/revocation_certificates.o
  AR      certs/built-in.a
  UPD     init/utsversion-tmp.h
  CC      init/do_mounts.o
  CC      ipc/shm.o
  CC      arch/arm64/lib/insn.o
  CC      fs/read_write.o
  CC      lib/clz_tab.o
  CC      lib/cmdline.o
  CC      drivers/irqchip/irq-tegra.o
  CC      lib/cpumask.o
  AS      arch/arm64/lib/memchr.o
  CC      lib/ctype.o
  CC      block/bio.o
  AS      arch/arm64/lib/memcmp.o
  CC      ipc/syscall.o
  CC      arch/arm64/kernel/entry-common.o
  CC      security/keys/keyring.o
  CC      kernel/exec_domain.o
  AS      arch/arm64/lib/memcpy.o
  AS      arch/arm64/lib/memset.o
  AS      arch/arm64/lib/strchr.o
  CC      drivers/irqchip/irq-dw-apb-ictl.o
  AS      arch/arm64/lib/strcmp.o
  CC      mm/mempool.o
  CC      arch/arm64/kernel/process.o
  AS      arch/arm64/lib/strlen.o
  CC      lib/dec_and_lock.o
  CC      arch/arm64/mm/init.o
  AS      arch/arm64/lib/strncmp.o
  CC      crypto/scatterwalk.o
  AS      arch/arm64/lib/strnlen.o
  CC      security/keys/keyctl.o
  AS      arch/arm64/lib/strrchr.o
  CC      drivers/bus/arm-cci.o
  CC      init/do_mounts_initrd.o
  CC      lib/decompress.o
  AS      arch/arm64/lib/tishift.o
  CC      fs/file_table.o
  AR      ipc/built-in.a
  CC      lib/decompress_bunzip2.o
  CC      mm/oom_kill.o
  CC      arch/arm64/lib/uaccess_flushcache.o
  CC      kernel/exec_state.o
  CC      drivers/irqchip/irq-gic.o
  CC      kernel/panic.o
  AR      arch/arm64/lib/built-in.a
  CC      security/commoncap.o
  CC      block/elevator.o
  CC      crypto/aead.o
  CC      security/keys/permission.o
  CC      drivers/bus/qcom-ebi2.o
  AS      arch/arm64/mm/cache.o
  CC      init/initramfs.o
  CC      drivers/bus/stm32_firewall.o
  CC      arch/arm64/kernel/ptrace.o
  CC      arch/arm64/mm/copypage.o
  AR      arch/arm64/lib/lib.a
  CC      drivers/bus/stm32_rifsc.o
  CC      lib/decompress_inflate.o
  CC      fs/super.o
  CC      arch/arm64/mm/flush.o
  CC      drivers/irqchip/irq-gic-common.o
  CC      mm/fadvise.o
  CC      kernel/cpu.o
  CC      security/keys/process_keys.o
  CC      arch/arm64/kernel/setup.o
  CC      drivers/irqchip/irq-gic-pm.o
  CC      crypto/geniv.o
  CC      arch/arm64/kernel/signal.o
  CC      lib/decompress_unlz4.o
  CC      block/blk-core.o
  CC      crypto/lskcipher.o
  CC      drivers/bus/stm32_etzpc.o
  CC      init/calibrate.o
  CC      arch/arm64/mm/ioremap.o
  CC      arch/arm64/net/bpf_jit_comp.o
  CC      fs/char_dev.o
  CC      init/init_task.o
  CC      mm/maccess.o
  CC      drivers/irqchip/irq-msi-lib.o
  CC      lib/decompress_unlzma.o
  CC      mm/page-writeback.o
  CC      drivers/phy/phy-common-props.o
  CC      init/version.o
  CC      security/keys/request_key.o
  CC      drivers/bus/simple-pm-bus.o
  CC      arch/arm64/mm/mmap.o
  CC      crypto/skcipher.o
  CC      arch/arm64/kernel/sys.o
  CC      drivers/irqchip/irq-gic-v2m.o
  CC      kernel/exit.o
  CC      fs/stat.o
  CC      drivers/phy/phy-core.o
  CC      security/lsm_syscalls.o
  CC      block/blk-sysfs.o
  CC      mm/folio-compat.o
  CC      lib/decompress_unlzo.o
  CC      drivers/bus/tegra-aconnect.o
  AR      init/built-in.a
  CC      arch/arm64/xen/../../arm/xen/enlighten.o
  CC      arch/arm64/mm/pgd.o
  CC      security/keys/request_key_auth.o
  CC      lib/decompress_unxz.o
  CC      arch/arm64/kernel/stacktrace.o
  CC      drivers/irqchip/irq-gic-v3.o
  CC      drivers/bus/tegra-gmi.o
  CC      crypto/seqiv.o
  AS      arch/arm64/net/bpf_timed_may_goto.o
  CC      arch/arm64/mm/mem_encrypt.o
  CC      kernel/softirq.o
  CC      mm/readahead.o
  AR      arch/arm64/net/built-in.a
  CC      drivers/phy/phy-core-mipi-dphy.o
  CC      security/keys/user_defined.o
  CC      fs/exec.o
  CC      block/blk-flush.o
  CC      arch/arm64/xen/../../arm/xen/grant-table.o
  CC      samples/vfio-mdev/mtty.o
  CC      lib/decompress_unzstd.o
  CC      samples/tsm-mr/tsm_mr_sample.o
  CC      lib/dump_stack.o
  CC      arch/arm64/mm/mmu.o
  CC      drivers/bus/uniphier-system-bus.o
  CC      crypto/echainiv.o
  CC      security/keys/dh.o
  CC      drivers/phy/phy-airoha-pcie.o
  CC      kernel/resource.o
  CC      arch/arm64/xen/../../arm/xen/p2m.o
  CC      block/blk-settings.o
  CC      crypto/ahash.o
  CC      mm/swap.o
  CC      arch/arm64/kernel/time.o
  AR      samples/tsm-mr/built-in.a
  CC      drivers/irqchip/irq-gic-v3-mbi.o
  CC      mm/truncate.o
  CC      lib/earlycpio.o
  CC      drivers/bus/vexpress-config.o
  CC      lib/extable.o
  CC      drivers/irqchip/irq-gic-its-msi-parent.o
  CC      samples/vfio-mdev/mbochs.o
  CC      security/keys/keyctl_pkey.o
  CC      fs/pipe.o
  CC      arch/arm64/xen/../../arm/xen/mm.o
  CC      arch/arm64/kernel/traps.o
  CC      lib/fdt.o
  CC      block/blk-ioc.o
  CC      block/blk-map.o
  CC      kernel/sysctl.o
  CC      lib/fdt_addresses.o
  CC      drivers/bus/mhi/host/init.o
  CC      crypto/shash.o
  CC      arch/arm64/mm/context.o
  CC      drivers/irqchip/irq-gic-v3-its.o
  CC      lib/fdt_empty_tree.o
  CC      security/keys/encrypted-keys/encrypted.o
  CC      lib/fdt_ro.o
  CC      kernel/capability.o
  CC      mm/vmscan.o
  AS      arch/arm64/xen/hypercall.o
  CC      lib/fdt_rw.o
  AR      arch/arm64/xen/built-in.a
  AR      samples/vfio-mdev/built-in.a
  CC      fs/namei.o
  CC [U]  samples/binderfs/binderfs_example
  CC      crypto/akcipher.o
  CC      lib/fdt_strerror.o
  AR      samples/built-in.a
  CC      arch/arm64/kernel/io.o
  CC      security/keys/encrypted-keys/ecryptfs_format.o
  CC      drivers/phy/phy-can-transceiver.o
  CC      drivers/irqchip/irq-gic-v4.o
  CC      lib/fdt_sw.o
  CC      block/blk-merge.o
  CC      lib/fdt_wip.o
  CC      mm/shrinker.o
  AS      arch/arm64/mm/proc.o
  CC      net/devres.o
  CC      arch/arm64/mm/pageattr.o
  CC      lib/flex_proportions.o
  CC      block/blk-timeout.o
  CC      drivers/bus/mhi/host/main.o
  CC      kernel/ptrace.o
  AR      security/keys/encrypted-keys/built-in.a
  AR      security/keys/built-in.a
  CC      arch/arm64/kernel/vdso.o
  CC      security/min_addr.o
  CC      virt/lib/irqbypass.o
  CC      lib/idr.o
  CC      crypto/sig.o
  CC      drivers/phy/phy-nxp-ptn3222.o
  CC      block/blk-lib.o
  CC      arch/arm64/mm/fixmap.o
  CC      net/socket.o
  CC      drivers/phy/phy-snps-eusb2.o
  CC      security/security.o
  AS      arch/arm64/kernel/hyp-stub.o
  AR      virt/lib/built-in.a
  CC      lib/iomem_copy.o
  CC      net/core/sock.o
  AR      virt/built-in.a
  CC      arch/arm64/mm/hugetlbpage.o
  CC      mm/shmem.o
  CC      arch/arm64/kernel/psci.o
  CC      drivers/bus/mhi/host/pm.o
  CC      kernel/user.o
  CC      block/blk-mq.o
  CC      crypto/kpp.o
  CC      drivers/irqchip/irq-gic-v5.o
  CC      lib/irq_regs.o
  CC      fs/fcntl.o
  CC      kernel/signal.o
  CC      arch/arm64/kernel/cpu_ops.o
  CC      net/core/skbuff.o
  CC      lib/is_single_threaded.o
  AR      drivers/phy/allwinner/built-in.a
  CC      drivers/phy/amlogic/phy-meson-gxl-usb2.o
  CC      mm/util.o
  CC      drivers/bus/mhi/ep/main.o
  CC      arch/arm64/mm/ptdump.o
  CC      lib/klist.o
  CC      crypto/dh.o
  CC      drivers/bus/mhi/host/boot.o
  CC      arch/arm64/kernel/return_address.o
  CC      fs/ioctl.o
  CC      drivers/phy/amlogic/phy-meson-g12a-usb3-pcie.o
  CC      lib/kobject.o
  CC      block/blk-mq-tag.o
  CC      drivers/irqchip/irq-gic-v5-irs.o
  CC      arch/arm64/mm/ptdump_debugfs.o
  CC      mm/mmzone.o
  CC      crypto/dh_helper.o
  CC      drivers/bus/mhi/ep/mmio.o
  CC      arch/arm64/kernel/cpuinfo.o
  CC      mm/vmstat.o
  CC      lib/kobject_uevent.o
  CC      kernel/sys.o
  AR      drivers/bus/mhi/host/built-in.a
  CC      block/blk-mq-dma.o
  CC      arch/arm64/mm/trans_pgd.o
  CC      crypto/rsapubkey.asn1.o
  CC      crypto/rsaprivkey.asn1.o
  CC      drivers/phy/amlogic/phy-meson-axg-pcie.o
  CC      crypto/rsa.o
  CC      fs/readdir.o
  CC      drivers/pinctrl/core.o
  CC      drivers/irqchip/irq-gic-v5-its.o
  CC      drivers/irqchip/irq-gic-v5-iwb.o
  CC      arch/arm64/kernel/cpu_errata.o
  CC      drivers/gpio/gpiolib.o
  CC      drivers/bus/mhi/ep/ring.o
  AS      arch/arm64/mm/trans_pgd-asm.o
  CC      block/blk-stat.o
  CC      arch/arm64/mm/physaddr.o
  CC      crypto/rsa_helper.o
  CC      drivers/phy/amlogic/phy-meson-axg-mipi-dphy.o
  CC      mm/backing-dev.o
  CC      lib/logic_pio.o
  CC      fs/select.o
  CC      drivers/gpio/gpiolib-devres.o
  CC      arch/arm64/kernel/cpufeature.o
  CC      drivers/pinctrl/pinctrl-utils.o
  CC      security/lsm_notifier.o
  CC      kernel/umh.o
  CC      crypto/rsa-pkcs1pad.o
  CC      arch/arm64/mm/gcs.o
  CC      drivers/bus/mhi/ep/sm.o
  CC      drivers/irqchip/irq-mbigen.o
  CC      block/blk-mq-sysfs.o
  AR      drivers/phy/amlogic/built-in.a
  CC      drivers/phy/apple/atc.o
  CC      lib/maple_tree.o
  CC      net/core/datagram.o
  CC      crypto/rsassa-pkcs1.o
  CC      drivers/pinctrl/pinmux.o
  CC      mm/mm_init.o
  CC      security/lsm_init.o
  CC      arch/arm64/hyperv/hv_core.o
  AR      drivers/bus/mhi/ep/built-in.a
  CC      drivers/irqchip/irq-mvebu-gicp.o
  AR      drivers/bus/mhi/built-in.a
  AR      drivers/bus/built-in.a
  CC      kernel/workqueue.o
  CC      drivers/pinctrl/pinconf.o
  AR      arch/arm64/mm/built-in.a
  CC      drivers/gpio/gpiolib-legacy.o
  CC      net/llc/llc_core.o
  CC      fs/dcache.o
  CC      block/blk-mq-cpumap.o
  CC      crypto/ecdsa.o
  CC      fs/inode.o
  CC      arch/arm64/kernel/alternative.o
  CC      arch/arm64/hyperv/mshyperv.o
  CC      drivers/pinctrl/pinconf-generic.o
  CC      drivers/irqchip/irq-mvebu-icu.o
  CC      drivers/gpio/gpiolib-of.o
  CC      security/inode.o
  AR      drivers/phy/apple/built-in.a
  CC      mm/percpu.o
  CC      drivers/phy/axiado/phy-axiado-emmc.o
  CC      crypto/ecdsa-x962.o
  CC      net/core/stream.o
  CC      block/blk-mq-sched.o
  CC      net/llc/llc_input.o
  AR      arch/arm64/hyperv/built-in.a
  CC      fs/attr.o
  CC      arch/arm64/kernel/cacheinfo.o
  CC      drivers/pinctrl/pinctrl-generic.o
  CC      drivers/irqchip/irq-mvebu-odmi.o
  CC      crypto/ecdsa-p1363.o
  CC      drivers/gpio/gpiolib-cdev.o
  CC      lib/memcat_p.o
  CC      security/lsm_audit.o
  AR      drivers/phy/axiado/built-in.a
  AR      drivers/phy/broadcom/built-in.a
  CC      crypto/ecdsasignature.asn1.o
  CC      drivers/phy/cadence/cdns-dphy.o
  CC      drivers/gpio/gpiolib-sysfs.o
  CC      lib/nmi_backtrace.o
  CC      arch/arm64/kernel/smp.o
  CC      drivers/pinctrl/devicetree.o
  CC      block/ioctl.o
  CC      net/llc/llc_output.o
  CC      net/core/scm.o
  CC      block/genhd.o
  CC      crypto/mldsa.o
  CC      fs/bad_inode.o
  CC      drivers/irqchip/irq-mvebu-pic.o
  CC      kernel/pid.o
  CC      mm/slab_common.o
  CC      drivers/pinctrl/pinctrl-apple-gpio.o
  CC      fs/file.o
  CC      lib/objpool.o
  AR      drivers/phy/cadence/built-in.a
  CC      crypto/acompress.o
  CC      drivers/phy/freescale/phy-fsl-lynx-core.o
  CC      fs/filesystems.o
  CC      security/tomoyo/audit.o
  CC      net/llc/llc_if.o
  CC      drivers/irqchip/irq-mvebu-sei.o
  CC      fs/namespace.o
  CC      drivers/gpio/gpiolib-swnode.o
  CC      block/ioprio.o
  CC      lib/plist.o
  CC      net/core/gen_stats.o
  CC      mm/compaction.o
  CC      arch/arm64/kernel/smp_spin_table.o
  CC      drivers/pinctrl/pinctrl-aw9523.o
  CC      kernel/task_work.o
  CC      crypto/scompress.o
  CC      security/tomoyo/common.o
  CC      drivers/phy/freescale/phy-fsl-lynx-10g.o
  CC      drivers/irqchip/irq-ls-extirq.o
  CC      drivers/gpio/gpiolib-shared.o
  CC      lib/radix-tree.o
  CC      net/llc/llc_c_ev.o
  CC      security/tomoyo/condition.o
  CC      block/badblocks.o
  AR      drivers/pwm/built-in.a
  CC      drivers/pinctrl/pinctrl-cy8c95x0.o
  CC      arch/arm64/kernel/topology.o
  CC      kernel/extable.o
  CC      net/core/gen_estimator.o
  AS      arch/arm64/kernel/smccc-call.o
  CC      drivers/irqchip/irq-ls-scfg-msi.o
  CC      arch/arm64/crypto/sm4-ce-cipher-glue.o
  CC      crypto/algboss.o
  CC      drivers/gpio/gpio-regmap.o
  CC      lib/ratelimit.o
  CC      block/partitions/core.o
  CC      arch/arm64/kernel/syscall.o
  CC      drivers/phy/freescale/phy-fsl-lynx-28g.o
  CC      mm/show_mem.o
  CC      net/llc/llc_c_ac.o
  CC      lib/rbtree.o
  AS      arch/arm64/crypto/sm4-ce-cipher-core.o
  CC      drivers/pinctrl/pinctrl-generic-mux.o
  CC      arch/arm64/crypto/sm4-ce-glue.o
  CC      kernel/params.o
  CC      crypto/testmgr.o
  CC      security/tomoyo/domain.o
  CC      drivers/irqchip/irq-stm32mp-exti.o
  CC      net/core/net_namespace.o
  CC      drivers/gpio/gpio-mmio.o
  CC      fs/seq_file.o
  CC      lib/seq_buf.o
  AS      arch/arm64/crypto/sm4-ce-core.o
  CC      arch/arm64/kernel/proton-pack.o
  CC      security/yama/yama_lsm.o
  CC      drivers/pinctrl/pinctrl-max7360.o
  CC      block/partitions/amiga.o
  CC      mm/interval_tree.o
  CC      arch/arm64/crypto/sm4-ce-ccm-glue.o
  AR      drivers/phy/freescale/built-in.a
  CC      drivers/irqchip/irq-uniphier-aidet.o
  CC      lib/siphash.o
  CC      net/llc/llc_conn.o
  CC      drivers/phy/hisilicon/phy-hi6220-usb.o
  CC      kernel/kthread.o
  CC      drivers/gpio/gpio-74xx-mmio.o
  CC      fs/xattr.o
  CC      drivers/pinctrl/pinctrl-mcp23s08_i2c.o
  CC      security/tomoyo/environ.o
  AR      security/yama/built-in.a
  CC      block/partitions/msdos.o
  CC      drivers/gpio/gpio-aggregator.o
  CC      net/core/secure_seq.o
  CC      arch/arm64/kernel/idle.o
  CC      lib/string.o
  CC      mm/list_lru.o
  CC      drivers/irqchip/irq-meson-gpio.o
  AS      arch/arm64/crypto/sm4-ce-ccm-core.o
  CC      arch/arm64/kernel/patching.o
  CC      arch/arm64/crypto/sm4-ce-gcm-glue.o
  CC      drivers/phy/hisilicon/phy-hi3660-usb3.o
  CC      crypto/crypto_user.o
  CC      lib/sys_info.o
  CC      net/core/flow_dissector.o
  CC      drivers/pinctrl/pinctrl-mcp23s08.o
  CC      kernel/sys_ni.o
  CC      kernel/nsproxy.o
  CC      net/llc/llc_c_st.o
  CC      block/partitions/efi.o
  CC      drivers/gpio/gpio-altera.o
  CC      security/tomoyo/file.o
  CC      drivers/irqchip/qcom-pdc.o
  CC      net/core/dev.o
  CC      mm/workingset.o
  CC      fs/libfs.o
  CC      lib/timerqueue.o
  CC      drivers/phy/hisilicon/phy-histb-combphy.o
  CC      arch/arm64/kernel/pi/idreg-override.o
  AS      arch/arm64/crypto/sm4-ce-gcm-core.o
  CC      arch/arm64/crypto/ghash-ce-glue.o
  CC      drivers/pinctrl/pinctrl-rockchip.o
  CC      lib/vsprintf.o
  CC      crypto/cmac.o
  AR      block/partitions/built-in.a
  CC      kernel/nstree.o
  CC      drivers/gpio/gpio-amd-fch.o
  CC      block/blk-rq-qos.o
  CC      net/llc/llc_pdu.o
  CC      drivers/irqchip/irq-madera.o
  CC      arch/arm64/kernel/pi/map_kernel.o
  AR      drivers/phy/hisilicon/built-in.a
  CC      mm/debug.o
  AR      drivers/phy/ingenic/built-in.a
  CC      drivers/phy/intel/phy-intel-keembay-emmc.o
  CC      drivers/irqchip/irq-ti-sci-intr.o
  AS      arch/arm64/crypto/ghash-ce-core.o
  CC      security/tomoyo/gc.o
  CC      arch/arm64/crypto/aes-glue-ce.o
  CC      crypto/hmac.o
  CC      drivers/gpio/gpio-arizona.o
  CC      block/disk-events.o
  CC      lib/win_minmax.o
  CC      fs/fs-writeback.o
  CC      net/llc/llc_sap.o
  CC      arch/arm64/kernel/pi/map_range.o
  CC      kernel/nscommon.o
  CC      drivers/pinctrl/pinctrl-rp1.o
  CC      drivers/phy/intel/phy-intel-keembay-usb.o
  CC      drivers/irqchip/irq-ti-sci-inta.o
  CC      mm/gup.o
  CC      arch/arm64/crypto/aes-glue-neon.o
  CC      mm/mmap_lock.o
  CC      crypto/crypto_null.o
  CC      drivers/gpio/gpio-bd71815.o
  CC      lib/xarray.o
  CC      arch/arm64/kernel/pi/lib-fdt.o
  CC      block/blk-ia-ranges.o
  CC      kernel/notifier.o
  CC      security/tomoyo/group.o
  CC      arch/arm64/kernel/pi/lib-fdt_ro.o
  OBJCOPY arch/arm64/kernel/pi/idreg-override.pi.o
  OBJCOPY arch/arm64/kernel/pi/map_kernel.pi.o
  OBJCOPY arch/arm64/kernel/pi/map_range.pi.o
  OBJCOPY arch/arm64/kernel/pi/lib-fdt.pi.o
  OBJCOPY arch/arm64/kernel/pi/lib-fdt_ro.pi.o
  AR      arch/arm64/kernel/pi/built-in.a
  CC      net/llc/llc_s_ac.o
  CC      fs/pnode.o
  CC      arch/arm64/kernel/rsi.o
  AR      drivers/phy/intel/built-in.a
  CC      drivers/pinctrl/pinctrl-single.o
  CC      drivers/irqchip/irq-apple-aic.o
  CC      drivers/phy/marvell/phy-berlin-usb.o
  CC      crypto/md4.o
  AS      arch/arm64/crypto/aes-neonbs-core.o
  CC      drivers/gpio/gpio-bd72720.o
  CC      arch/arm64/crypto/aes-neonbs-glue.o
  CC      drivers/phy/marvell/phy-armada38x-comphy.o
  CC      kernel/ksysfs.o
  CC      block/early-lookup.o
  CC      lib/lockref.o
  CC      security/tomoyo/load_policy.o
  CC      fs/splice.o
  CC      arch/arm64/kernel/jump_label.o
  CC      lib/bcd.o
  CC      crypto/md5.o
  CC      arch/arm64/kernel/perf_regs.o
  CC      drivers/phy/marvell/phy-mvebu-cp110-utmi.o
  CC      lib/sort.o
  CC      drivers/gpio/gpio-bt8xx.o
  CC      mm/vma_init.o
  CC      net/llc/llc_s_ev.o
  CC      drivers/pinctrl/pinctrl-stmfx.o
  CC      kernel/cred.o
  AR      arch/arm64/crypto/built-in.a
  CC      net/llc/llc_s_st.o
  CC      block/bsg.o
  CC      lib/parser.o
  AR      drivers/irqchip/built-in.a
  CC      mm/highmem.o
  AR      drivers/phy/mediatek/built-in.a
  CC      net/llc/af_llc.o
  CC      net/core/dev_api.o
  CC      crypto/sha1.o
  CC      security/tomoyo/memory.o
  CC      arch/arm64/kernel/perf_callchain.o
  CC      lib/debug_locks.o
  CC      drivers/gpio/gpio-cadence.o
  CC      drivers/phy/marvell/phy-pxa-28nm-usb2.o
  CC      net/llc/llc_station.o
  CC      drivers/pinctrl/airoha/pinctrl-airoha.o
  CC      mm/memory.o
  CC      lib/random32.o
  CC      fs/sync.o
  CC      security/safesetid/lsm.o
  CC      block/bsg-lib.o
  CC      security/safesetid/securityfs.o
  CC      kernel/reboot.o
  CC      crypto/sha256.o
  CC      lib/bust_spinlocks.o
  CC      net/core/dev_addr_lists.o
  CC      drivers/gpio/gpio-cros-ec.o
  CC      arch/arm64/kernel/hw_breakpoint.o
  CC      kernel/async.o
  AR      drivers/phy/marvell/built-in.a
  AR      drivers/phy/microchip/built-in.a
  CC      drivers/phy/motorola/phy-cpcap-usb.o
  CC      security/tomoyo/mount.o
  AR      net/llc/built-in.a
  CC      block/mq-deadline.o
  CC      drivers/phy/mscc/phy-ocelot-serdes.o
  CC      net/core/dst.o
  AR      drivers/pinctrl/airoha/built-in.a
  CC      fs/utimes.o
  AR      drivers/pinctrl/bcm/built-in.a
  AR      security/safesetid/built-in.a
  CC      drivers/pinctrl/cirrus/pinctrl-madera-core.o
  CC      crypto/sha512.o
  CC      security/lockdown/lockdown.o
  CC      lib/kasprintf.o
  CC      drivers/gpio/gpio-da9055.o
  CC      kernel/range.o
  CC      drivers/leds/led-core.o
  CC      kernel/smpboot.o
  AS      arch/arm64/kernel/sleep.o
  CC      lib/bitmap.o
  CC      drivers/phy/motorola/phy-mapphone-mdm6600.o
  CC      arch/arm64/kernel/suspend.o
  CC      arch/arm64/kernel/pci.o
  CC      crypto/sha3.o
  CC      fs/d_path.o
  CC      security/tomoyo/network.o
  CC      drivers/pinctrl/cirrus/pinctrl-cs47l15.o
  CC      block/bfq-iosched.o
  AR      drivers/phy/mscc/built-in.a
  CC      drivers/gpio/gpio-ds4520.o
  CC      kernel/ucount.o
  AR      security/lockdown/built-in.a
  CC      net/core/netevent.o
  CC      drivers/leds/led-class.o
  CC      fs/stack.o
  CC      net/ethernet/eth.o
  CC      arch/arm64/kernel/paravirt.o
  CC      security/landlock/setup.o
  CC      crypto/sm3.o
  CC      lib/scatterlist.o
  AR      drivers/phy/motorola/built-in.a
  CC      security/landlock/syscalls.o
  CC      kernel/regset.o
  CC      drivers/phy/qualcomm/phy-qcom-edp.o
  CC      drivers/pinctrl/cirrus/pinctrl-cs47l85.o
  CC      drivers/leds/led-class-flash.o
  CC      fs/fs_struct.o
  CC      net/core/neighbour.o
  CC      drivers/gpio/gpio-en7523.o
  CC      kernel/ksyms_common.o
  CC      arch/arm64/kernel/hibernate.o
  CC      security/tomoyo/realpath.o
  CC      crypto/streebog_generic.o
  CC      kernel/groups.o
  CC      mm/mincore.o
  CC      drivers/leds/led-triggers.o
  AR      net/ethernet/built-in.a
  IPE_POL 
  CC      security/ipe/digest.o
  CC      drivers/pinctrl/cirrus/pinctrl-cs47l90.o
  CC      drivers/gpio/gpio-ftgpio010.o
  CC      fs/statfs.o
  CC      lib/list_sort.o
  CC      drivers/phy/qualcomm/phy-qcom-ipq4019-usb.o
  CC      lib/uuid.o
  CC      block/bfq-wf2q.o
  CC      drivers/leds/leds-88pm860x.o
  CC      security/landlock/object.o
  CC      lib/iov_iter.o
  CC      crypto/wp512.o
  AS      arch/arm64/kernel/hibernate-asm.o
  CC      security/ipe/eval.o
  CC      arch/arm64/kernel/machine_kexec.o
  CC      lib/clz_ctz.o
  CC      kernel/sched/core.o
  CC      security/tomoyo/securityfs_if.o
  AR      drivers/pinctrl/cirrus/built-in.a
  CC      security/landlock/ruleset.o
  AR      drivers/pinctrl/cix/built-in.a
  AR      drivers/pinctrl/freescale/built-in.a
  CC      security/tomoyo/tomoyo.o
  CC      drivers/gpio/gpio-fxl6408.o
  AR      drivers/pinctrl/mediatek/built-in.a
  CC      mm/mlock.o
  CC      drivers/pinctrl/meson/pinctrl-meson.o
  CC      drivers/phy/qualcomm/phy-qcom-ipq806x-sata.o
  CC      fs/fs_pin.o
  CC      block/bfq-cgroup.o
  CC      drivers/leds/leds-adp5520.o
  CC      crypto/blake2b.o
  CC      net/core/rtnetlink.o
  CC      security/ipe/hooks.o
  AS      arch/arm64/kernel/relocate_kernel.o
  AS      arch/arm64/kernel/cpu-reset.o
  CC      drivers/pinctrl/meson/pinctrl-meson8-pmx.o
  CC      fs/nsfs.o
  CC      arch/arm64/kernel/machine_kexec_file.o
  CC      drivers/leds/leds-an30259a.o
  CC      drivers/gpio/gpio-grgpio.o
  CC      kernel/sched/fair.o
  CC      drivers/phy/qualcomm/phy-qcom-m31.o
  CC      security/tomoyo/util.o
  CC      block/bio-integrity.o
  CC      crypto/ecb.o
  CC      security/landlock/cred.o
  CC      lib/bsearch.o
  CC      mm/mmap.o
  CC      drivers/pinctrl/meson/pinctrl-meson-gxl.o
  CC      security/ipe/fs.o
  CC      arch/arm64/kernel/kexec_image.o
  CC      drivers/gpio/gpio-gw-pld.o
  CC      crypto/cbc.o
  CC      drivers/leds/leds-aw200xx.o
  CC      fs/fs_dirent.o
  CC      lib/find_bit.o
  CC      drivers/phy/qualcomm/phy-qcom-m31-eusb2.o
  CC      security/landlock/task.o
  CC      block/blk-integrity.o
  CC      drivers/pinctrl/meson/pinctrl-meson-axg-pmx.o
  CC      lib/llist.o
  CC      fs/fs_context.o
  CC      block/t10-pi.o
  CC      security/ipe/ipe.o
  CC      arch/arm64/kernel/sdei.o
  AR      security/tomoyo/built-in.a
  CC      lib/lwq.o
  CC      crypto/cts.o
  CC      drivers/gpio/gpio-hisi.o
  AR      drivers/phy/ralink/built-in.a
  CC      kernel/locking/mutex.o
  CC      mm/mmu_gather.o
  CC      lib/memweight.o
  CC      drivers/leds/leds-aw2013.o
  CC      drivers/phy/qualcomm/phy-qcom-pcie2.o
  CC      drivers/pinctrl/meson/pinctrl-meson-axg.o
  CC      lib/kfifo.o
  CC      drivers/pinctrl/meson/pinctrl-meson-g12a.o
  AS      arch/arm64/kernel/vdso-wrap.o
  CC      drivers/gpio/gpio-hlwd.o
  CC      security/ipe/policy.o
  CC      security/landlock/fs.o
  CC      crypto/lrw.o
  AS      arch/arm64/kernel/head.o
  CC      net/core/utils.o
  CC      fs/fs_parser.o
  LDS     arch/arm64/kernel/vmlinux.lds
  CC      block/bio-integrity-auto.o
  AR      arch/arm64/kernel/built-in.a
  AR      arch/arm64/built-in.a
  CC      fs/fsopen.o
  CC      block/bio-integrity-fs.o
  CC      drivers/leds/leds-bcm6328.o
  CC      kernel/sched/build_policy.o
  CC      mm/mprotect.o
  CC      kernel/locking/semaphore.o
  CC      drivers/phy/qualcomm/phy-qcom-qmp-combo.o
  CC      drivers/pinctrl/meson/pinctrl-meson-a1.o
  CC      lib/percpu-refcount.o
  CC      drivers/gpio/gpio-idio-16.o
  CC      crypto/xts.o
  CC      security/ipe/policy_fs.o
  CC      kernel/sched/build_utility.o
  CC      drivers/gpio/gpio-kempld.o
  CC      fs/init.o
  CC      drivers/leds/leds-blinkm.o
  CC      net/core/link_watch.o
  CC      block/blk-wbt.o
  CC      kernel/locking/rwsem.o
  CC      drivers/pinctrl/meson/pinctrl-meson-s4.o
  CC      lib/rhashtable.o
  CC      net/core/filter.o
  CC      security/landlock/tsync.o
  CC      crypto/ctr.o
  CC      security/ipe/policy_parser.o
  CC      drivers/phy/qualcomm/phy-qcom-qmp-usbc.o
  CC      drivers/gpio/gpio-latch.o
  CC      mm/mremap.o
  CC      fs/kernel_read_file.o
  CC      drivers/pinctrl/meson/pinctrl-amlogic-a4.o
  CC      kernel/locking/percpu-rwsem.o
  CC      drivers/leds/leds-gpio.o
  CC      block/blk-mq-debugfs.o
  CC      crypto/xctr.o
  CC      mm/msync.o
  CC      lib/base64.o
  CC      security/landlock/id.o
  CC      security/ipe/audit.o
  CC      drivers/gpio/gpio-line-mux.o
  CC      lib/once.o
  CC      kernel/locking/mutex-debug.o
  CC      drivers/leds/leds-is31fl319x.o
  CC      fs/mnt_idmapping.o
  CC      drivers/pinctrl/meson/pinctrl-amlogic-c3.o
  CC      crypto/hctr2.o
  CC      drivers/phy/qualcomm/phy-qcom-qmp-pcie.o
  CC      security/landlock/audit.o
  CC      lib/refcount.o
  CC      block/blk-pm.o
  CC      fs/remap_range.o
  CC      mm/page_vma_mapped.o
  CC      drivers/gpio/gpio-logicvc.o
  CC      security/ipe/boot_policy.o
  CC      drivers/phy/realtek/phy-rtk-usb2.o
  AR      security/ipe/built-in.a
  CC      drivers/phy/realtek/phy-rtk-usb3.o
  CC      lib/rcuref.o
  CC      net/802/psnap.o
  CC      kernel/locking/spinlock.o
  CC      drivers/pinctrl/meson/pinctrl-amlogic-t7.o
  CC      drivers/leds/leds-is31fl32xx.o
  CC      crypto/adiantum.o
  CC      lib/usercopy.o
  CC      drivers/phy/qualcomm/phy-qcom-qmp-pcie-msm8996.o
  CC      block/blk-crypto.o
  CC      drivers/gpio/gpio-lp3943.o
  CC      mm/pagewalk.o
  CC      kernel/locking/osq_lock.o
  CC      security/landlock/domain.o
  AR      kernel/sched/built-in.a
  CC      lib/errseq.o
  CC      mm/pgtable-generic.o
  CC      fs/pidfs.o
  CC      fs/file_attr.o
  CC      lib/bucket_locks.o
  AR      drivers/pinctrl/meson/built-in.a
  AR      drivers/phy/realtek/built-in.a
  CC      drivers/pinctrl/mvebu/pinctrl-mvebu.o
  CC      net/802/fddi.o
  CC      drivers/phy/qualcomm/phy-qcom-qmp-usb.o
  CC      kernel/locking/qspinlock.o
  CC      drivers/leds/leds-lm3530.o
  CC      crypto/gcm.o
  CC      drivers/gpio/gpio-lp873x.o
  CC      net/802/stp.o
  CC      block/blk-crypto-profile.o
  CC      lib/generic-radix-tree.o
  CC      drivers/pci/access.o
  CC      mm/rmap.o
  CC      drivers/leds/leds-lm3642.o
  CC      drivers/pinctrl/mvebu/pinctrl-armada-ap806.o
  CC      kernel/locking/rtmutex_api.o
  AR      security/landlock/built-in.a
  CC      net/core/sock_diag.o
  CC      security/integrity/iint.o
  CC      drivers/phy/qualcomm/phy-qcom-qusb2.o
  CC      block/blk-crypto-sysfs.o
  CC      fs/fserror.o
  AR      drivers/phy/renesas/built-in.a
  CC      fs/nullfs.o
  CC      lib/bitmap-str.o
  CC      crypto/chacha20poly1305.o
  CC      drivers/gpio/gpio-ltc4283.o
  CC      drivers/phy/qualcomm/phy-qcom-eusb2-repeater.o
  CC      net/802/garp.o
  CC      drivers/pinctrl/mvebu/pinctrl-armada-cp110.o
  CC      drivers/pci/bus.o
  CC      drivers/leds/leds-lm3697.o
  CC      kernel/locking/spinlock_debug.o
  AR      security/integrity/built-in.a
  CC      block/blk-crypto-fallback.o
  CC      drivers/leds/leds-lp3952.o
  AR      security/built-in.a
  CC      drivers/pinctrl/mvebu/pinctrl-armada-37xx.o
  CC      drivers/leds/leds-lt3593.o
  CC      lib/string_helpers.o
  CC      fs/buffer.o
  CC      drivers/gpio/gpio-madera.o
  CC      net/core/dev_ioctl.o
  CC      crypto/aegis128-core.o
  CC      fs/mpage.o
  CC      drivers/phy/qualcomm/phy-qcom-uniphy-pcie-28lp.o
  CC      kernel/locking/qrwlock.o
  CC      drivers/leds/leds-max5970.o
  CC      drivers/pci/probe.o
  AR      net/802/built-in.a
  CC      fs/direct-io.o
  CC      kernel/power/qos.o
  CC      drivers/rapidio/rio.o
  CC      lib/hexdump.o
  CC      drivers/pinctrl/mvebu/pinctrl-ac5.o
  CC      block/holder.o
  CC      drivers/gpio/gpio-max7300.o
  CC      mm/vmalloc.o
  CC      lib/kstrtox.o
  CC      kernel/locking/test-ww_mutex.o
  CC      drivers/phy/qualcomm/phy-qcom-usb-hs.o
  CC      crypto/aegis128-neon.o
  CC      drivers/leds/leds-max8997.o
  CC      drivers/leds/leds-mc13783.o
  CC      net/core/tso.o
  AR      drivers/pinctrl/mvebu/built-in.a
  AR      drivers/pinctrl/nuvoton/built-in.a
  CC      drivers/pinctrl/nxp/pinctrl-s32cc.o
  CC      lib/find_bit_benchmark.o
  CC      crypto/aegis128-neon-inner.o
  CC      kernel/power/main.o
  AR      block/built-in.a
  CC      mm/vma.o
  CC      lib/test_bitops.o
  CC      drivers/gpio/gpio-max730x.o
  CC      drivers/rapidio/rio-access.o
  CC      fs/notify/fsnotify.o
  AR      kernel/locking/built-in.a
  CC      drivers/phy/qualcomm/phy-qcom-usb-hs-28nm.o
  CC      net/sched/sch_generic.o
  CC      drivers/pci/host-bridge.o
  CC      crypto/cryptd.o
  CC      drivers/phy/rockchip/phy-rockchip-dp.o
  CC      drivers/leds/leds-mt6323.o
  CC      lib/test_ida.o
  CC      drivers/rapidio/rio-driver.o
  CC      drivers/video/console/dummycon.o
  CC      drivers/gpio/gpio-max77650.o
  CC      drivers/pinctrl/nxp/pinctrl-s32g2.o
  CC      net/core/sock_reuseport.o
  CC      kernel/power/console.o
  CC      drivers/pci/remove.o
  CC      drivers/phy/qualcomm/phy-qcom-usb-ss.o
  CC      fs/notify/notification.o
  CC      drivers/phy/rockchip/phy-rockchip-dphy-rx0.o
  CC      crypto/des_generic.o
  CC      drivers/leds/leds-pca955x.o
  CC      drivers/rapidio/rio-sysfs.o
  CC      lib/test_vmalloc.o
  AR      drivers/video/console/built-in.a
  AR      drivers/pinctrl/nxp/built-in.a
  CC      drivers/video/backlight/lcd.o
  CC      drivers/pinctrl/qcom/pinctrl-sc7280-lpass-lpi.o
  CC      drivers/video/backlight/platform_lcd.o
  CC      drivers/gpio/gpio-max77759.o
  CC      crypto/serpent_generic.o
  CC      mm/vma_exec.o
  CC      kernel/power/process.o
  CC      fs/notify/group.o
  CC      drivers/pci/pci.o
  CC      drivers/phy/qualcomm/phy-qcom-ipq806x-usb.o
  CC      net/sched/sch_mq.o
  CC      drivers/phy/rockchip/phy-rockchip-inno-csidphy.o
  CC      drivers/rapidio/rio_cm.o
  CC      lib/test_bitmap.o
  CC      drivers/rapidio/switches/idt_gen2.o
  CC      drivers/video/backlight/88pm860x_bl.o
  CC      drivers/pinctrl/qcom/pinctrl-sdm660-lpass-lpi.o
  CC      net/core/fib_notifier.o
  CC      drivers/leds/leds-pca963x.o
  CC      drivers/gpio/gpio-menz127.o
  CC      fs/notify/mark.o
  CC      mm/mseal.o
  CC      kernel/power/hibernate.o
  CC      drivers/rapidio/switches/idt_gen3.o
  CC      drivers/phy/qualcomm/phy-qcom-sgmii-eth.o
  CC      drivers/pinctrl/qcom/pinctrl-sm6115-lpass-lpi.o
  CC      crypto/aes.o
  CC      drivers/phy/rockchip/phy-rockchip-inno-dsidphy.o
  CC      net/sched/sch_api.o
  CC      drivers/video/backlight/adp5520_bl.o
  CC      drivers/gpio/gpio-mpsse.o
  CC      drivers/leds/leds-qnap-mcu.o
  CC      net/core/xdp.o
  CC      net/core/flow_offload.o
  AR      drivers/rapidio/switches/built-in.a
  CC      drivers/rapidio/devices/rio_mport_cdev.o
  CC      drivers/pinctrl/qcom/pinctrl-sm6350-lpass-lpi.o
  CC      crypto/sm4.o
  CC      lib/test_maple_tree.o
  CC      mm/page_alloc.o
  CC      fs/notify/fdinfo.o
  CC      drivers/video/backlight/adp8870_bl.o
  CC      drivers/phy/rockchip/phy-rockchip-inno-hdmi.o
  AR      drivers/phy/qualcomm/built-in.a
  CC      lib/test_debug_virtual.o
  CC      drivers/leds/leds-st1202.o
  CC      drivers/pci/pci-driver.o
  CC      kernel/power/snapshot.o
  CC      drivers/gpio/gpio-mvebu.o
  CC      crypto/sm4_generic.o
  CC      drivers/pinctrl/qcom/pinctrl-sm8250-lpass-lpi.o
  CC      fs/notify/dnotify/dnotify.o
  CC      drivers/leds/leds-tca6507.o
  CC      drivers/pinctrl/qcom/pinctrl-lpass-lpi.o
  CC      net/core/gro.o
  CC      drivers/video/backlight/apple_dwi_bl.o
  CC      net/sched/sch_blackhole.o
  CC      crypto/camellia_generic.o
  AR      drivers/rapidio/devices/built-in.a
  CC      drivers/phy/rockchip/phy-rockchip-samsung-dcphy.o
  CC      net/netlink/af_netlink.o
  AR      drivers/rapidio/built-in.a
  CC      net/core/netdev-genl.o
  AR      net/bpf/built-in.a
  CC      fs/anon_inodes.o
  CC      drivers/gpio/gpio-pca953x.o
  CC      drivers/pci/search.o
  AR      fs/notify/dnotify/built-in.a
  CC      fs/notify/inotify/inotify_fsnotify.o
  CC      drivers/video/backlight/bd6107.o
  CC      kernel/power/swap.o
  AR      drivers/pinctrl/qcom/built-in.a
  CC      drivers/pinctrl/realtek/pinctrl-rtd.o
  CC      drivers/leds/leds-ti-lmu-common.o
  CC      crypto/cast_common.o
  CC      net/sched/cls_api.o
  CC      drivers/pinctrl/realtek/pinctrl-rtd1619b.o
  CC      fs/notify/inotify/inotify_user.o
  CC      drivers/pci/rebar.o
  CC      drivers/phy/rockchip/phy-rockchip-samsung-hdptx.o
  CC      mm/page_frag_cache.o
  CC      drivers/gpio/gpio-pcf857x.o
  CC      drivers/leds/leds-tlc591xx.o
  CC      drivers/gpio/gpio-pcie-idio-24.o
  CC      crypto/cast5_generic.o
  CC      net/core/netdev-genl-gen.o
  CC      drivers/video/backlight/backlight.o
  CC      drivers/pci/rom.o
  CC      drivers/pinctrl/realtek/pinctrl-rtd1319d.o
  CC      kernel/power/wakelock.o
  CC      drivers/phy/samsung/phy-samsung-usb2.o
  AR      fs/notify/inotify/built-in.a
  CC      mm/init-mm.o
  CC      net/netlink/genetlink.o
  CC      fs/notify/fanotify/fanotify.o
  CC      crypto/chacha.o
  CC      drivers/leds/leds-expresswire.o
  CC      net/netlink/policy.o
  CC      drivers/gpio/gpio-pci-idio-16.o
  CC      drivers/video/backlight/gpio_backlight.o
  CC      drivers/pci/setup-res.o
  CC      drivers/pinctrl/realtek/pinctrl-rtd1315e.o
  CC      net/core/netdev_work.o
  CC      drivers/leds/uleds.o
  CC      kernel/power/energy_model.o
  CC      crypto/deflate.o
  AR      drivers/phy/samsung/built-in.a
  CC      kernel/printk/printk.o
  CC      mm/memblock.o
  CC      drivers/video/backlight/ktd253-backlight.o
  CC      net/sched/sch_fifo.o
  CC      drivers/gpio/gpio-pl061.o
  AR      drivers/pinctrl/realtek/built-in.a
  AR      drivers/pinctrl/sophgo/built-in.a
  CC      fs/notify/fanotify/fanotify_user.o
  AR      drivers/pinctrl/sprd/built-in.a
  CC      drivers/phy/rockchip/phy-rockchip-snps-pcie3.o
  AR      drivers/pinctrl/starfive/built-in.a
  CC      net/sched/sch_gred.o
  CC      drivers/pinctrl/stm32/pinctrl-stm32.o
  CC      drivers/pci/irq.o
  CC      drivers/leds/flash/leds-as3645a.o
  CC      crypto/authenc.o
  CC      net/core/gso.o
  CC      drivers/video/backlight/ktd2801-backlight.o
  AR      net/netlink/built-in.a
  CC      drivers/leds/flash/leds-ktd2692.o
  CC      kernel/power/em_netlink_autogen.o
  CC      drivers/gpio/gpio-mpfs.o
  CC      drivers/pci/vpd.o
  CC      drivers/phy/rockchip/phy-rockchip-typec.o
  AR      drivers/video/fbdev/core/built-in.a
  AR      drivers/video/fbdev/omap2/omapfb/dss/built-in.a
  AR      drivers/video/fbdev/omap2/omapfb/displays/built-in.a
  AR      drivers/video/fbdev/omap2/omapfb/built-in.a
  AR      drivers/video/fbdev/omap2/built-in.a
  AR      drivers/video/fbdev/built-in.a
  CC      drivers/video/backlight/ktz8866.o
  CC      drivers/phy/socionext/phy-uniphier-usb2.o
  CC      drivers/phy/socionext/phy-uniphier-usb3hs.o
  CC      mm/memory_hotplug.o
  CC      drivers/pinctrl/stm32/pinctrl-stm32mp257.o
  CC      drivers/leds/flash/leds-lm3601x.o
  AR      fs/notify/fanotify/built-in.a
  AR      fs/notify/built-in.a
  CC      crypto/authencesn.o
  CC      fs/signalfd.o
  CC      net/sched/sch_tbf.o
  CC      kernel/power/em_netlink.o
  CC      kernel/printk/printk_safe.o
  CC      drivers/gpio/gpio-pxa.o
  CC      net/core/net-sysfs.o
  CC      drivers/pci/setup-bus.o
  CC      drivers/phy/rockchip/phy-rockchip-usbdp.o
  CC      drivers/pinctrl/stm32/pinctrl-stm32-hdp.o
  CC      lib/test_memcat_p.o
  CC      drivers/video/backlight/lv5207lp.o
  CC      fs/timerfd.o
  CC      drivers/phy/socionext/phy-uniphier-usb3ss.o
  CC      drivers/leds/flash/leds-max77693.o
  CC      kernel/printk/nbcon.o
  CC      mm/slub.o
  CC      drivers/gpio/gpio-qixis-fpga.o
  CC      drivers/leds/flash/leds-rt4505.o
  CC      crypto/krb5enc.o
  AR      kernel/power/built-in.a
  CC      net/sched/sch_teql.o
  CC      lib/test_ref_tracker.o
  CC      crypto/lzo.o
  AR      drivers/pinctrl/stm32/built-in.a
  CC      drivers/pinctrl/tegra/pinctrl-tegra.o
  CC      drivers/video/backlight/max25014.o
  CC      drivers/pci/vc.o
  CC      drivers/phy/socionext/phy-uniphier-pcie.o
  CC      fs/eventfd.o
  AR      drivers/phy/rockchip/built-in.a
  CC      kernel/printk/printk_ringbuffer.o
  CC      mm/madvise.o
  CC      drivers/gpio/gpio-rockchip.o
  CC      lib/test_kho.o
  CC      net/core/hotdata.o
  CC      drivers/leds/flash/leds-rt8515.o
  CC      net/core/netdev_config.o
  CC      drivers/leds/trigger/ledtrig-timer.o
  CC      crypto/lzo-rle.o
  CC      drivers/pinctrl/tegra/pinctrl-tegra124.o
  CC      net/sched/sch_prio.o
  CC      drivers/video/backlight/pandora_bl.o
  AR      kernel/printk/built-in.a
  CC      drivers/pci/mmap.o
  CC      kernel/irq/irqdesc.o
  CC      drivers/phy/socionext/phy-uniphier-ahci.o
  CC      fs/verity/enable.o
  CC      drivers/gpio/gpio-shared-proxy.o
  CC      drivers/leds/trigger/ledtrig-oneshot.o
  CC      lib/math/div64.o
  CC      kernel/irq/handle.o
  CC      lib/math/gcd.o
  CC      crypto/lz4.o
  CC      drivers/char/ipmi/ipmi_msghandler.o
  CC      drivers/pinctrl/tegra/pinctrl-tegra186.o
  CC      drivers/leds/flash/leds-s2m-flash.o
  CC      net/core/netdev_rx_queue.o
  CC      lib/math/lcm.o
  CC      drivers/video/backlight/qcom-wled.o
  CC      lib/math/int_log.o
  CC      drivers/pci/devres.o
  CC      drivers/leds/trigger/ledtrig-disk.o
  CC      lib/math/int_pow.o
  CC      lib/math/int_sqrt.o
  CC      mm/page_io.o
  CC      drivers/gpio/gpio-sifive.o
  CC      net/sched/sch_netem.o
  CC      fs/verity/hash_algs.o
  CC      lib/math/reciprocal_div.o
  CC      fs/verity/init.o
  CC      drivers/pinctrl/tegra/pinctrl-tegra194.o
  AR      drivers/phy/socionext/built-in.a
  CC      lib/math/cordic.o
  AR      drivers/phy/sophgo/built-in.a
  CC      kernel/irq/manage.o
  AR      drivers/phy/spacemit/built-in.a
  CC      crypto/xxhash_generic.o
  CC      drivers/phy/st/phy-stm32-combophy.o
  CC      drivers/leds/trigger/ledtrig-mtd.o
  CC      drivers/leds/flash/leds-sgm3140.o
  CC      drivers/video/backlight/sky81452-backlight.o
  CC      drivers/pci/msi/pcidev_msi.o
  CC      drivers/gpio/gpio-syscon.o
  CC      net/core/netdev_queues.o
  CC      lib/math/polynomial.o
  CC      drivers/pinctrl/tegra/pinctrl-tegra234.o
  CC      lib/math/rational.o
  CC      fs/verity/measure.o
  CC      crypto/842.o
  CC      drivers/leds/trigger/ledtrig-activity.o
  CC      mm/swap_state.o
  AR      drivers/phy/st/built-in.a
  AR      drivers/phy/starfive/built-in.a
  CC      drivers/phy/tegra/xusb.o
  CC      drivers/video/backlight/arcxcnn_bl.o
  CC      drivers/phy/ti/phy-tusb1210.o
  CC      drivers/pci/msi/api.o
  CC      drivers/char/ipmi/ipmi_devintf.o
  AR      lib/math/built-in.a
  CC      net/sched/sch_drr.o
  CC      drivers/gpio/gpio-tn48m.o
  CC      drivers/leds/flash/leds-sy7802.o
  CC      drivers/pinctrl/tegra/pinctrl-tegra238.o
  CC      lib/crc/crc4.o
  CC      kernel/irq/spurious.o
  CC      crypto/rng.o
  CC      drivers/leds/trigger/ledtrig-default-on.o
  CC      fs/verity/open.o
  CC      net/core/page_pool.o
  CC      lib/crc/crc7.o
  CC      drivers/pinctrl/tegra/pinctrl-tegra264.o
  CC      drivers/pci/msi/msi.o
  CC      drivers/gpio/gpio-tpic2810.o
  CC      drivers/video/backlight/led_bl.o
  CC      drivers/char/ipmi/ipmi_si_intf.o
  AR      drivers/phy/ti/built-in.a
  CC      lib/crc/crc8.o
  CC      kernel/irq/resend.o
  CC      drivers/leds/trigger/ledtrig-transient.o
  CC      mm/swapfile.o
  CC      drivers/leds/flash/leds-tps6131x.o
  CC      drivers/phy/tegra/xusb-tegra124.o
  CC      drivers/pinctrl/tegra/pinctrl-tegra-xusb.o
  CC      crypto/drbg.o
  CC      net/sched/sch_plug.o
  CC      drivers/leds/trigger/ledtrig-netdev.o
  CC      fs/verity/pagecache.o
  CC      lib/crc/crc16.o
  AR      drivers/video/backlight/built-in.a
  AR      drivers/video/built-in.a
  CC      drivers/pci/msi/irqdomain.o
  AR      drivers/pinctrl/ti/built-in.a
  AR      drivers/leds/blink/built-in.a
  CC      kernel/rcu/update.o
  CC      kernel/irq/chip.o
  CC      drivers/gpio/gpio-tps65086.o
  CC      drivers/gpio/gpio-tqmx86.o
  CC      net/core/page_pool_user.o
  CC      crypto/jitterentropy.o
  CC      crypto/jitterentropy-kcapi.o
  CC      lib/crc/crc-ccitt.o
  CC      drivers/char/ipmi/ipmi_kcs_sm.o
  AR      drivers/leds/flash/built-in.a
  CC      kernel/rcu/sync.o
  CC      drivers/phy/tegra/xusb-tegra186.o
  AR      drivers/pinctrl/tegra/built-in.a
  CC      fs/verity/read_metadata.o
  CC      drivers/pinctrl/visconti/pinctrl-common.o
  CC      net/sched/sch_ets.o
  CC      net/sched/sch_mqprio.o
  AR      drivers/pci/msi/built-in.a
  CC      drivers/phy/tegra/phy-tegra194-p2u.o
  CC      drivers/pci/pcie/portdrv.o
  CC      kernel/rcu/srcutree.o
  CC      drivers/leds/trigger/ledtrig-pattern.o
  CC      drivers/gpio/gpio-twl4030.o
  CC      lib/crc/crc-itu-t.o
  CC      crypto/tcrypt.o
  CC      kernel/irq/dummychip.o
  CC      drivers/char/ipmi/ipmi_smic_sm.o
  AR      drivers/pinctrl/visconti/built-in.a
  AR      drivers/pinctrl/built-in.a
  CC      crypto/af_alg.o
  CC      net/core/timestamping.o
  CC      mm/dmapool.o
  CC      fs/verity/verify.o
  CC      lib/crc/crc-t10dif-main.o
  CC      kernel/irq/devres.o
  CC      drivers/leds/trigger/ledtrig-input-events.o
  AR      drivers/phy/tegra/built-in.a
  AR      drivers/phy/built-in.a
  CC      drivers/pci/pcie/rcec.o
  CC      net/ethtool/ioctl.o
  CC      lib/crypto/hash_info.o
  CC      drivers/gpio/gpio-twl6040.o
  CC      kernel/rcu/refscale.o
  CC      kernel/irq/kexec.o
  CC      net/sched/sch_mqprio_lib.o
  CC      drivers/char/ipmi/ipmi_bt_sm.o
  AS      lib/crc/arm64/crc-t10dif-core.o
  CC      lib/crc/crc32-main.o
  CC      mm/hugetlb.o
  AR      drivers/leds/trigger/built-in.a
  AR      drivers/leds/built-in.a
  CC      drivers/gpio/gpio-viperboard.o
  CC      mm/hugetlb_sysfs.o
  AR      fs/verity/built-in.a
  CC      fs/locks.o
  CC      drivers/pci/pcie/bwctrl.o
  CC      lib/crypto/memneq.o
  CC      net/unix/af_unix.o
  CC      net/core/ptp_classifier.o
  CC      net/core/lwtunnel.o
  CC      kernel/irq/generic-chip.o
  AS      lib/crc/arm64/crc32-core.o
  CC      crypto/algif_skcipher.o
  CC      drivers/char/ipmi/ipmi_si_hotmod.o
  CC      lib/crc/crc64-main.o
  CC      net/sched/sch_skbprio.o
  CC      lib/crypto/utils.o
  CC      drivers/gpio/gpio-virtuser.o
  CC      kernel/rcu/tree.o
  CC      drivers/pci/pcie/aspm.o
  CC      drivers/char/ipmi/ipmi_si_hardcode.o
  CC      lib/crc/crc64-neon.o
  CC      kernel/irq/autoprobe.o
  CC      net/sched/sch_choke.o
  CC      net/ethtool/common.o
  CC      lib/crypto/aes.o
  AR      lib/crc/built-in.a
  AS      lib/crypto/arm64/aes-cipher-core.o
  CC      fs/binfmt_misc.o
  CC      net/core/failover.o
  CC      net/ipv6/addrconf_core.o
  CC      drivers/gpio/gpio-virtio.o
  CC      crypto/algif_rng.o
  CC      drivers/char/ipmi/ipmi_si_platform.o
  CC      net/packet/af_packet.o
  CC      net/bridge/br.o
  CC      kernel/irq/irqdomain.o
  AS      lib/crypto/arm64/aes-ce-core.o
  AS      lib/crypto/arm64/aes-ce.o
  CC      drivers/pci/pcie/aer.o
  AS      lib/crypto/arm64/aes-neon.o
  CC      net/unix/garbage.o
  CC      lib/crypto/arc4.o
  CC      drivers/gpio/gpio-visconti.o
  CC      net/core/of_net.o
  CC      drivers/char/ipmi/ipmi_si_mem_io.o
  CC      net/sched/sch_qfq.o
  AR      net/ethtool/built-in.a
  CC      mm/hugetlb_sysctl.o
  CC      net/unix/diag.o
  CC      crypto/zstd.o
  CC      fs/binfmt_script.o
  CC      net/ipv6/exthdrs_core.o
  CC      lib/crypto/gf128mul.o
  CC      kernel/irq/cpuhotplug.o
  CC      net/bridge/br_device.o
  CC      drivers/gpio/gpio-waveshare-dsi.o
  CC      fs/binfmt_elf.o
  CC      drivers/pci/pcie/err.o
  CC      drivers/char/ipmi/ipmi_si_port_io.o
  CC      mm/hugetlb_cma.o
  CC      drivers/gpio/gpio-wm8994.o
  CC      crypto/ecc.o
  CC      kernel/rcu/rcu_segcblist.o
  CC      net/core/devmem.o
  CC      lib/crypto/blake2b.o
  AR      net/unix/built-in.a
  CC      net/ipv6/ip6_checksum.o
  CC      drivers/amba/bus.o
  CC      net/sched/sch_codel.o
  CC      kernel/irq/pm.o
  CC      drivers/char/ipmi/ipmi_si_pci.o
  CC      drivers/gpio/gpio-xilinx.o
  CC      drivers/pci/pcie/tlp.o
  CC      drivers/pci/pcie/pme.o
  AR      kernel/rcu/built-in.a
  CC      crypto/essiv.o
  CC      drivers/pci/pcie/ptm.o
  CC      mm/sparse.o
  AR      net/packet/built-in.a
  CC      lib/crypto/blake2s.o
  CC      net/bridge/br_fdb.o
  CC      fs/backing-file.o
  CC      fs/mbcache.o
  CC      kernel/irq/msi.o
  CC      drivers/amba/tegra-ahb.o
  CC      drivers/char/ipmi/ipmi_plat_data.o
  CC      net/ipv6/ip6_icmp.o
  CC      lib/vdso/datastore.o
  AR      net/core/built-in.a
  CC      fs/posix_acl.o
  CC      fs/iomap/trace.o
  AR      drivers/gpio/built-in.a
  CC      fs/quota/quota.o
  CC      lib/crypto/chacha-block-generic.o
  CC      crypto/ecdh.o
  CC      net/sched/sch_cake.o
  AR      drivers/pci/pcie/built-in.a
  CC      kernel/irq/ipi.o
  CC      drivers/pci/pwrctrl/core.o
  CC      mm/sparse-vmemmap.o
  CC      lib/crypto/chacha.o
  CC      mm/mmu_notifier.o
  AR      drivers/amba/built-in.a
  CC      drivers/char/ipmi/ipmi_ssif.o
  CC      kernel/liveupdate/kexec_handover.o
  AR      lib/vdso/built-in.a
  CC      lib/raid/xor/xor-core.o
  CC      crypto/ecdh_helper.o
  CC      lib/raid/raid6/algos.o
  CC      fs/iomap/iter.o
  AR      net/ipv6/built-in.a
  CC      lib/raid/xor/xor-8regs.o
  AS      lib/crypto/arm64/chacha-neon-core.o
  CC      kernel/irq/ipi-mux.o
  CC      lib/crypto/des.o
  CC      drivers/pci/pwrctrl/generic.o
  CC      drivers/char/ipmi/ipmi_ipmb.o
  CC      drivers/pci/pwrctrl/pci-pwrctrl-tc9563.o
  CC      net/bridge/br_forward.o
  CC      drivers/char/ipmi/ipmi_poweroff.o
  CC      crypto/ecrdsa.o
  CC      fs/quota/kqid.o
  CC      lib/raid/xor/xor-32regs.o
  CC      mm/page_poison.o
  CC      lib/raid/xor/xor-8regs-prefetch.o
  CC      lib/raid/raid6/tables.o
  CC      lib/raid/raid6/int1.o
  CC      fs/iomap/buffered-io.o
  CC      kernel/irq/affinity.o
  CC      lib/raid/raid6/int2.o
  CC      lib/raid/xor/xor-32regs-prefetch.o
  CC      kernel/irq/debugfs.o
  CC      lib/crypto/gf128hash.o
  AR      kernel/liveupdate/built-in.a
  CC      lib/raid/raid6/int4.o
  CC      drivers/char/ipmi/ipmb_dev_int.o
  CC      drivers/pci/pci-sysfs.o
  CC      crypto/ecrdsa_params.asn1.o
  AR      fs/quota/built-in.a
  CC      crypto/ecrdsa_pub_key.asn1.o
  CC      lib/raid/raid6/int8.o
  CC      net/bridge/br_if.o
  CC      fs/kernfs/mount.o
  CC      crypto/async_tx/async_tx.o
  CC      lib/raid/xor/xor-neon.o
  CC      drivers/clk/clk-devres.o
  AR      drivers/pci/pwrctrl/built-in.a
  CC      drivers/clk/clk-bulk.o
  CC      net/sched/sch_fq.o
  CC      lib/raid/raid6/recov.o
  CC      mm/migrate.o
  CC      net/sched/sch_hhf.o
  CC      lib/raid/xor/arm64/xor-eor3.o
  CC      fs/kernfs/inode.o
  AS      lib/crypto/arm64/ghash-neon-core.o
  AR      kernel/irq/built-in.a
  AS      lib/crypto/arm64/polyval-ce-core.o
  CC      lib/crypto/md5.o
  CC      kernel/dma/mapping.o
  CC      kernel/dma/direct.o
  CC      drivers/clk/clkdev.o
  CC      crypto/async_tx/async_memcpy.o
  CC      drivers/char/ipmi/ssif_bmc.o
  CC      lib/raid/raid6/arm/neon.o
  CC      lib/raid/xor/arm64/xor-neon-glue.o
  CC      drivers/clk/clk.o
  CC      drivers/pci/slot.o
  CC      fs/iomap/direct-io.o
  CC      lib/raid/raid6/arm/neon1.o
  AR      lib/raid/xor/built-in.a
  CC      net/bridge/br_input.o
  CC      fs/kernfs/dir.o
  CC      lib/crypto/mldsa.o
  CC      kernel/entry/common.o
  CC      drivers/pci/iomap.o
  CC      lib/raid/raid6/arm/neon2.o
  CC      crypto/async_tx/async_xor.o
  CC      crypto/async_tx/async_pq.o
  CC      net/sched/sch_pie.o
  CC      kernel/dma/ops_helpers.o
  CC      lib/raid/raid6/arm/neon4.o
  CC      drivers/pci/of.o
  CC      mm/huge_memory.o
  AR      drivers/char/ipmi/built-in.a
  CC      kernel/dma/dummy.o
  CC      fs/kernfs/file.o
  CC      lib/raid/raid6/arm/neon8.o
  CC      fs/iomap/ioend.o
  CC      net/bridge/br_ioctl.o
  CC      lib/crypto/nh.o
  CC      crypto/async_tx/async_raid6_recov.o
  AR      kernel/entry/built-in.a
  CC      net/sched/sch_taprio.o
  CC      lib/raid/raid6/arm/recov_neon.o
  CC      crypto/async_tx/raid6test.o
  AS      lib/crypto/arm64/nh-neon-core.o
  CC      lib/raid/raid6/arm/recov_neon_inner.o
  CC      crypto/asymmetric_keys/asymmetric_type.o
  CC      drivers/clk/clk-divider.o
  CC      kernel/dma/coherent.o
  CC      drivers/pci/quirks.o
  CC      drivers/dma/dmaengine.o
  CC      fs/sysfs/file.o
  CC      lib/crypto/poly1305.o
  CC      fs/iomap/fiemap.o
  CC      fs/kernfs/symlink.o
  CC      net/devlink/core.o
  AR      lib/raid/raid6/built-in.a
  AR      lib/raid/built-in.a
  CC      net/bridge/br_stp.o
  AR      net/dsa/built-in.a
  CC      net/devlink/netlink.o
  CC      crypto/asymmetric_keys/restrict.o
  AR      crypto/async_tx/built-in.a
  CC      net/can/af_can.o
  CC      drivers/clk/clk-fixed-factor.o
  CC      kernel/dma/swiotlb.o
  CC      net/bluetooth/af_bluetooth.o
  CC      lib/crypto/poly1305-donna64.o
  CC      fs/sysfs/dir.o
  AS      lib/crypto/arm64/poly1305-core.o
  CC      lib/crypto/sha1.o
  CC      fs/iomap/seek.o
  AR      fs/kernfs/built-in.a
  CC      crypto/asymmetric_keys/signature.o
  CC      net/can/raw.o
  CC      drivers/dma/virt-dma.o
  CC      drivers/clk/clk-fixed-rate.o
  CC      fs/sysfs/symlink.o
  CC      net/sched/sch_dualpi2.o
  AS      lib/crypto/arm64/sha1-ce-core.o
  CC      drivers/pci/hotplug/pci_hotplug_core.o
  CC      net/bridge/br_stp_bpdu.o
  CC      lib/crypto/sha256.o
  CC      crypto/asymmetric_keys/public_key.o
  CC      fs/sysfs/mount.o
  CC      fs/iomap/bio.o
  CC      kernel/dma/pool.o
  CC      net/devlink/netlink_gen.o
  CC      mm/khugepaged.o
  CC      drivers/dma/of-dma.o
  CC      net/sched/cls_fw.o
  CC      net/bluetooth/hci_core.o
  CC      drivers/clk/clk-gate.o
  CC      net/bluetooth/hci_conn.o
  AS      lib/crypto/arm64/sha256-ce.o
  CC      net/can/bcm.o
  CC      crypto/asymmetric_keys/x509.asn1.o
  CC      drivers/pci/hotplug/cpci_hotplug_core.o
  AS      lib/crypto/arm64/sha256-core.o
  CC      crypto/asymmetric_keys/x509_akid.asn1.o
  CC      crypto/asymmetric_keys/x509_cert_parser.o
  CC      kernel/dma/remap.o
  CC      lib/crypto/sha512.o
  CC      fs/iomap/swapfile.o
  CC      net/devlink/dev.o
  CC      fs/sysfs/group.o
  CC      drivers/dma/dmatest.o
  CC      drivers/clk/clk-multiplier.o
  CC      net/bridge/br_stp_if.o
  CC      net/devlink/port.o
  CC      crypto/asymmetric_keys/x509_loader.o
  CC      net/sched/cls_basic.o
  CC      kernel/dma/map_benchmark.o
  AS      lib/crypto/arm64/sha512-ce-core.o
  CC      drivers/clk/clk-mux.o
  AS      lib/crypto/arm64/sha512-core.o
  AR      fs/sysfs/built-in.a
  CC      net/sched/cls_flow.o
  CC      drivers/pci/hotplug/cpci_hotplug_pci.o
  CC      lib/crypto/sha3.o
  CC      crypto/asymmetric_keys/x509_public_key.o
  AR      fs/iomap/built-in.a
  CC      fs/configfs/inode.o
  CC      mm/gup_test.o
  CC      net/can/gw.o
  CC      drivers/dma/altera-msgdma.o
  CC      net/bridge/br_stp_timer.o
  CC      drivers/clk/clk-composite.o
  AS      lib/crypto/arm64/sha3-ce-core.o
  AR      kernel/dma/built-in.a
  CC      fs/devpts/inode.o
  CC      kernel/freezer.o
  CC      drivers/pci/hotplug/octep_hp.o
  CC      lib/crypto/sm3.o
  CC      fs/netfs/buffered_read.o
  CC      mm/dmapool_test.o
  CC      crypto/asymmetric_keys/selftest.o
  CC      net/bluetooth/hci_event.o
  CC      fs/configfs/file.o
  CC      net/devlink/sb.o
  CC      drivers/soc/apple/mailbox.o
  CC      net/sched/cls_bpf.o
  CC      drivers/clk/clk-fractional-divider.o
  CC      drivers/dma/apple-admac.o
  CC      crypto/asymmetric_keys/selftest_rsa.o
  CC      mm/memory-failure.o
  AR      drivers/pci/hotplug/built-in.a
  CC      drivers/pci/ats.o
  CC      fs/configfs/dir.o
  CC      net/can/isotp.o
  CC      kernel/stacktrace.o
  AR      fs/devpts/built-in.a
  AS      lib/crypto/arm64/sm3-ce-core.o
  CC      lib/iomap_copy.o
  CC      fs/netfs/buffered_write.o
  CC      net/bridge/br_netlink.o
  AS      lib/crypto/arm64/sm3-neon-core.o
  CC      crypto/asymmetric_keys/selftest_ecdsa.o
  CC      lib/crypto/mpi/generic_mpih-lshift.o
  CC      drivers/soc/apple/rtkit.o
  CC      drivers/clk/clk-gpio.o
  CC      drivers/soc/apple/rtkit-crashlog.o
  CC      net/devlink/dpipe.o
  CC      drivers/pci/pci-bridge-emul.o
  CC      drivers/dma/arm-dma350.o
  CC      kernel/time/time.o
  CC      crypto/asymmetric_keys/pkcs8.asn1.o
  CC      net/sched/cls_flower.o
  CC      crypto/asymmetric_keys/pkcs8_parser.o
  CC      lib/crypto/mpi/generic_mpih-mul1.o
  CC      fs/configfs/symlink.o
  CC      fs/netfs/direct_read.o
  CC      drivers/clk/clk-conf.o
  CC      net/sched/cls_matchall.o
  CC      mm/rodata_test.o
  CC      drivers/soc/apple/tunable.o
  AR      net/can/built-in.a
  CC      drivers/dma/bcm-sba-raid.o
  CC      drivers/pci/syscall.o
  CC      crypto/asymmetric_keys/pkcs7.asn1.o
  CC      crypto/asymmetric_keys/pkcs7_parser.o
  CC      fs/configfs/mount.o
  CC      lib/crypto/mpi/generic_mpih-mul2.o
  CC      net/bridge/br_netlink_tunnel.o
  CC      kernel/time/timer.o
  CC      net/bluetooth/mgmt.o
  CC      drivers/clk/clk-apple-nco.o
  CC      fs/netfs/direct_write.o
  CC      lib/crypto/simd.o
  CC      net/devlink/resource.o
  CC      mm/debug_vm_pgtable.o
  AR      drivers/soc/apple/built-in.a
  AR      drivers/soc/aspeed/built-in.a
  AR      drivers/soc/bcm/built-in.a
  CC      fs/netfs/iterator.o
  CC      drivers/soc/fsl/qe/qe.o
  CC      crypto/asymmetric_keys/pkcs7_trust.o
  CC      lib/crypto/mpi/generic_mpih-mul3.o
  CC      drivers/pci/pci-stub.o
  CC      fs/configfs/item.o
  CC      drivers/dma/dw-axi-dmac/dw-axi-dmac-platform.o
  CC      fs/ext4/balloc.o
  CC      drivers/clk/clk-bd718x7.o
  CC      crypto/asymmetric_keys/pkcs7_verify.o
  CC      kernel/time/hrtimer.o
  CC      net/bridge/br_arp_nd_proxy.o
  CC      lib/crypto/mpi/generic_mpih-rshift.o
  CC      fs/ext4/bitmap.o
  AR      fs/configfs/built-in.a
  CC      lib/devres.o
  CC      drivers/soc/fsl/qe/qe_common.o
  CC      fs/netfs/locking.o
  CC      drivers/pci/ecam.o
  CC      net/sched/ematch.o
  CC      mm/page_isolation.o
  CC      net/devlink/param.o
  CC      drivers/clk/clk-cs2000-cp.o
  CC      crypto/asymmetric_keys/pkcs7_key_type.o
  CC      lib/crypto/mpi/generic_mpih-sub1.o
  CC      crypto/kdf_sp800108.o
  AR      drivers/pmdomain/actions/built-in.a
  AR      drivers/dma/dw-axi-dmac/built-in.a
  CC      drivers/pmdomain/amlogic/meson-ee-pwrc.o
  CC      drivers/dma/dw/core.o
  CC      drivers/soc/fsl/qe/qe_ic.o
  CC      fs/ext4/block_validity.o
  CC      drivers/pci/doe.o
  CC      kernel/time/sleep_timeout.o
  CC      fs/netfs/main.o
  CC      crypto/asymmetric_keys/verify_pefile.o
  CC      net/bridge/br_sysfs_if.o
  CC      mm/early_ioremap.o
  CC      lib/crypto/mpi/generic_mpih-add1.o
  CC      net/sched/em_cmp.o
  CC      drivers/clk/clk-fixed-mmio.o
  CC      net/sched/em_nbyte.o
  CC      kernel/time/timekeeping.o
  CC      drivers/pmdomain/amlogic/meson-secure-pwrc.o
  CC      drivers/soc/fsl/qe/qe_io.o
  CC      net/devlink/region.o
  CC      fs/netfs/misc.o
  ASN.1   crypto/asymmetric_keys/mscode.asn1.[ch]
  CC      fs/ext4/dir.o
  CC      crypto/asymmetric_keys/mscode_parser.o
  CC      drivers/pci/ide.o
  CC      lib/crypto/mpi/mpicoder.o
  CC      drivers/dma/dw/dw.o
  CC      drivers/clk/clk-fsl-flexspi.o
  CC      mm/cma.o
  CC      net/sched/em_u32.o
  CC      net/bridge/br_sysfs_br.o
  AR      drivers/pmdomain/amlogic/built-in.a
  AR      drivers/soc/fsl/qe/built-in.a
  CC      drivers/pmdomain/apple/pmgr-pwrstate.o
  CC      drivers/soc/fsl/guts.o
  CC      net/bluetooth/hci_sock.o
  CC      net/bridge/br_vlan.o
  CC      crypto/asymmetric_keys/mscode.asn1.o
  AR      crypto/asymmetric_keys/built-in.a
  CC      crypto/krb5/krb5_kdf.o
  CC      drivers/dma/dw/idma32.o
  CC      lib/crypto/mpi/mpi-add.o
  CC      drivers/clk/clk-plldig.o
  CC      fs/netfs/objects.o
  CC      fs/ext4/ext4_jbd2.o
  CC      drivers/pci/tsm.o
  CC      kernel/time/ntp.o
  CC      drivers/soc/fsl/dpaa2-console.o
  AR      drivers/pmdomain/apple/built-in.a
  AR      drivers/pmdomain/arm/built-in.a
  AR      drivers/pmdomain/bcm/built-in.a
  CC      net/devlink/health.o
  AR      drivers/pmdomain/imx/built-in.a
  CC      drivers/pmdomain/marvell/pxa1908-power-controller.o
  CC      mm/page_ext.o
  CC      net/sched/em_meta.o
  CC      crypto/krb5/krb5_api.o
  CC      lib/crypto/mpi/mpi-bit.o
  CC      drivers/dma/dw/platform.o
  CC      drivers/clk/clk-qoriq.o
  CC      kernel/time/clocksource.o
  CC      fs/netfs/read_collect.o
  CC      lib/crypto/mpi/mpi-cmp.o
  AR      drivers/soc/fsl/built-in.a
  CC      fs/ext4/extents.o
  AR      drivers/pmdomain/marvell/built-in.a
  AR      drivers/soc/imx/built-in.a
  CC      drivers/pci/tph.o
  AR      drivers/soc/ixp4xx/built-in.a
  AR      drivers/pmdomain/mediatek/built-in.a
  AR      drivers/soc/loongson/built-in.a
  AR      drivers/soc/mediatek/built-in.a
  AR      drivers/soc/microchip/built-in.a
  CC      drivers/pmdomain/qcom/cpr.o
  CC      drivers/soc/nuvoton/wpcm450-soc.o
  CC      mm/secretmem.o
  CC      net/bluetooth/hci_sysfs.o
  CC      drivers/pmdomain/qcom/rpmpd.o
  CC      crypto/krb5/rfc3961_simplified.o
  CC      drivers/dma/dw/of.o
  CC      net/bridge/br_vlan_tunnel.o
  CC      kernel/time/jiffies.o
  CC      lib/crypto/mpi/mpi-sub-ui.o
  CC      drivers/clk/clk-s2mps11.o
  CC      net/sched/em_text.o
  CC      net/devlink/trap.o
  AR      drivers/soc/nuvoton/built-in.a
  CC      drivers/soc/pxa/mfp.o
  CC      fs/netfs/read_pgpriv2.o
  CC      drivers/pci/setup-cardbus.o
  CC      drivers/pci/endpoint/pci-ep-cfs.o
  AR      drivers/pmdomain/qcom/built-in.a
  CC      kernel/time/timer_list.o
  AR      drivers/pmdomain/renesas/built-in.a
  AR      drivers/dma/dw/built-in.a
  CC      drivers/pmdomain/rockchip/pm-domains.o
  CC      mm/userfaultfd.o
  CC      drivers/dma/dw-edma/dw-edma-core.o
  CC      lib/crypto/mpi/mpi-div.o
  CC      net/bluetooth/l2cap_core.o
  CC      drivers/clk/clk-scmi.o
  CC      crypto/krb5/rfc3962_aes.o
  AR      drivers/soc/pxa/built-in.a
  AR      drivers/soc/amlogic/built-in.a
  CC      drivers/soc/qcom/qcom_aoss.o
  CC      net/sched/em_canid.o
  CC      fs/netfs/read_retry.o
  CC      fs/jbd2/transaction.o
  CC      net/bridge/br_vlan_options.o
  CC      drivers/pci/endpoint/pci-epc-core.o
  CC      kernel/time/timeconv.o
  CC      lib/crypto/mpi/mpi-mod.o
  CC      drivers/clk/clk-si5341.o
  CC      crypto/krb5/rfc6803_camellia.o
  CC      fs/ext4/extents_status.o
  CC      drivers/dma/dw-edma/dw-edma-v0-core.o
  AR      drivers/pmdomain/rockchip/built-in.a
  AR      drivers/pmdomain/st/built-in.a
  CC      net/devlink/rate.o
  AR      drivers/pmdomain/starfive/built-in.a
  AR      drivers/pmdomain/sunxi/built-in.a
  CC      drivers/pmdomain/tegra/powergate-bpmp.o
  CC      drivers/soc/qcom/qcom_gsbi.o
  CC      kernel/time/timecounter.o
  CC      fs/netfs/read_single.o
  CC      kernel/time/alarmtimer.o
  CC      lib/crypto/mpi/mpi-mul.o
  AR      net/sched/built-in.a
  CC      lib/cache_maint.o
  CC      drivers/pci/endpoint/pci-epf-core.o
  CC      crypto/krb5/rfc8009_aes2.o
  CC      net/bridge/br_mst.o
  CC      drivers/soc/qcom/ocmem.o
  AR      drivers/pmdomain/tegra/built-in.a
  AR      drivers/pmdomain/thead/built-in.a
  CC      drivers/pmdomain/ti/ti_sci_pm_domains.o
  CC      fs/jbd2/commit.o
  CC      drivers/dma/dw-edma/dw-hdma-v0-core.o
  CC      drivers/clk/clk-si5351.o
  CC      lib/crypto/mpi/mpih-cmp.o
  CC      kernel/time/posix-timers.o
  CC      fs/netfs/rolling_buffer.o
  CC      drivers/virtio/virtio.o
  CC      fs/ext4/file.o
  AR      crypto/krb5/built-in.a
  AR      crypto/built-in.a
  CC      fs/jbd2/recovery.o
  CC      drivers/pci/endpoint/pci-epc-mem.o
  CC      net/devlink/linecard.o
  AR      drivers/pmdomain/ti/built-in.a
  CC      drivers/pmdomain/core.o
  CC      mm/page_idle.o
  CC      drivers/soc/qcom/pdr_interface.o
  CC      lib/crypto/mpi/mpih-div.o
  CC      net/bluetooth/l2cap_sock.o
  CC      drivers/dma/dw-edma/dw-edma-v0-debugfs.o
  CC      drivers/virtio/virtio_ring.o
  CC      fs/netfs/write_collect.o
  CC      net/bridge/br_mrp_switchdev.o
  CC      drivers/clk/clk-si544.o
  CC      drivers/virtio/virtio_anchor.o
  CC      drivers/pci/endpoint/functions/pci-epf-test.o
  CC      kernel/time/posix-cpu-timers.o
  CC      drivers/soc/qcom/qcom_pdr_msg.o
  CC      fs/ext4/fsmap.o
  CC      fs/jbd2/checkpoint.o
  CC      lib/crypto/mpi/mpih-mul.o
  CC      mm/usercopy.o
  CC      drivers/dma/dw-edma/dw-hdma-v0-debugfs.o
  CC      net/devlink/sh_dev.o
  CC      fs/jbd2/revoke.o
  CC      drivers/soc/qcom/qmi_encdec.o
  CC      fs/netfs/write_issue.o
  CC      drivers/clk/clk-renesas-pcie.o
  CC      drivers/pmdomain/governor.o
  CC      kernel/time/posix-clock.o
  CC      net/bridge/br_mrp.o
  CC      drivers/virtio/virtio_pci_modern_dev.o
  CC      lib/crypto/mpi/mpi-pow.o
  CC      drivers/pci/endpoint/functions/pci-epf-vntb.o
  CC      net/bluetooth/smp.o
  CC      lib/hweight.o
  CC      fs/ext4/fsync.o
  CC      mm/percpu-stats.o
  CC      drivers/dma/dw-edma/dw-edma-pcie.o
  CC      mm/memfd.o
  CC      drivers/soc/qcom/qmi_interface.o
  CC      fs/jbd2/journal.o
  AR      drivers/pmdomain/built-in.a
  CC      drivers/pci/controller/cadence/pcie-cadence-hpa.o
  AR      net/devlink/built-in.a
  CC      drivers/clk/clk-si521xx.o
  CC      drivers/clk/clk-versaclock3.o
  CC      fs/netfs/write_retry.o
  CC      lib/crypto/mpi/mpiutil.o
  CC      drivers/virtio/virtio_mmio.o
  CC      kernel/time/itimer.o
  CC      fs/ext4/hash.o
  CC      drivers/pci/switch/switchtec.o
  CC      drivers/pci/endpoint/functions/pci-epf-mhi.o
  AR      drivers/dma/dw-edma/built-in.a
  CC      drivers/dma/fsl-edma-main.o
  CC      mm/ptdump.o
  CC      net/bridge/br_mrp_netlink.o
  AR      lib/crypto/mpi/built-in.a
  CC      drivers/soc/qcom/ramp_controller.o
  AR      lib/crypto/built-in.a
  CC      lib/interval_tree.o
  CC      drivers/pci/controller/cadence/pcie-cadence.o
  CC      drivers/pci/controller/cadence/pcie-cadence-ep.o
  AR      fs/netfs/built-in.a
  CC      drivers/clk/clk-versaclock5.o
  CC      drivers/virtio/virtio_debug.o
  CC      kernel/time/clockevents.o
  CC      kernel/time/tick-common.o
  CC      lib/assoc_array.o
  AR      fs/jbd2/built-in.a
  CC      fs/ext4/ialloc.o
  CC      drivers/pci/controller/pci-hyperv.o
  CC      mm/page_reporting.o
  CC      net/bluetooth/lib.o
  AR      drivers/pci/endpoint/functions/built-in.a
  CC      drivers/soc/qcom/rpmh-rsc.o
  CC      drivers/pci/endpoint/pci-ep-msi.o
  CC      drivers/dma/fsl-edma-common.o
  AR      drivers/pci/switch/built-in.a
  CC      lib/list_debug.o
  AR      drivers/virtio/built-in.a
  CC      mm/ioremap.o
  CC      drivers/vdpa/vdpa.o
  AR      net/bridge/built-in.a
  CC      drivers/vdpa/vdpa_sim/vdpa_sim.o
  CC      kernel/futex/core.o
  CC      lib/debugobjects.o
  CC      drivers/pci/controller/cadence/pcie-cadence-plat.o
  CC      drivers/clk/clk-versaclock7.o
  CC      kernel/smp.o
  CC      kernel/time/tick-broadcast.o
  CC      kernel/futex/syscalls.o
  CC      drivers/soc/qcom/rpmh.o
  AR      drivers/pci/endpoint/built-in.a
  CC      fs/cramfs/inode.o
  CC      net/bluetooth/ecdh_helper.o
  CC      mm/shrinker_debug.o
  CC      fs/ext4/indirect.o
  CC      drivers/dma/fsl-qdma.o
  CC      net/bluetooth/mgmt_util.o
  CC      drivers/pci/controller/cadence/pci-j721e.o
  CC      lib/linear_ranges.o
  CC      lib/xxhash.o
  CC      drivers/clk/clk-xgene.o
  CC      drivers/xen/cpu_hotplug.o
  CC      kernel/time/tick-broadcast-hrtimer.o
  CC      drivers/soc/qcom/rpm-proc.o
  CC      drivers/vdpa/vdpa_sim/vdpa_sim_net.o
  AR      drivers/soc/renesas/built-in.a
  CC      mm/execmem.o
  CC      fs/squashfs/block.o
  CC      kernel/futex/pi.o
  CC      fs/cramfs/uncompress.o
  CC      drivers/regulator/core.o
  CC      drivers/reset/core.o
  CC      lib/genalloc.o
  CC      drivers/xen/grant-table.o
  CC      drivers/dma/hisi_dma.o
  AR      drivers/pci/controller/cadence/built-in.a
  CC      drivers/pci/controller/pci-hyperv-intf.o
  CC      drivers/soc/qcom/smd-rpm.o
  CC      kernel/time/sched_clock.o
  CC      fs/ext4/inline.o
  CC      net/bluetooth/mgmt_config.o
  AR      drivers/clk/aspeed/built-in.a
  AR      drivers/clk/bcm/built-in.a
  CC      drivers/clk/berlin/berlin2-avpll.o
  AR      fs/cramfs/built-in.a
  AR      mm/built-in.a
  CC      drivers/tty/tty_io.o
  CC      drivers/regulator/dummy.o
  CC      kernel/futex/requeue.o
  CC      fs/squashfs/cache.o
  CC      drivers/vdpa/vdpa_sim/vdpa_sim_blk.o
  CC      kernel/time/tick-oneshot.o
  CC      lib/842/842_compress.o
  CC      drivers/soc/qcom/spm.o
  CC      drivers/pci/controller/pci-aardvark.o
  CC      drivers/clk/berlin/berlin2-pll.o
  CC      drivers/reset/amlogic/reset-meson-aux.o
  AR      drivers/dma/idxd/built-in.a
  CC      drivers/dma/k3dma.o
  CC      drivers/xen/features.o
  CC      drivers/tty/n_tty.o
  CC      kernel/futex/waitwake.o
  CC      net/bluetooth/hci_codec.o
  CC      drivers/xen/balloon.o
  CC      kernel/time/tick-sched.o
  CC      fs/squashfs/dir.o
  CC      fs/ext4/inode.o
  CC      drivers/clk/berlin/berlin2-div.o
  CC      lib/842/842_decompress.o
  CC      drivers/reset/amlogic/reset-meson-common.o
  CC      drivers/soc/qcom/apr.o
  AR      drivers/vdpa/vdpa_sim/built-in.a
  CC      drivers/regulator/fixed-helper.o
  CC      drivers/vdpa/vdpa_user/vduse_dev.o
  CC      drivers/reset/amlogic/reset-meson-audio-arb.o
  CC      drivers/dma/mmp_pdma.o
  AR      kernel/futex/built-in.a
  CC      fs/squashfs/export.o
  CC      net/atm/pvc.o
  CC      drivers/pci/controller/pci-tegra.o
  AR      drivers/clk/berlin/built-in.a
  CC      drivers/clk/hisilicon/clk.o
  AR      lib/842/built-in.a
  CC      drivers/xen/manage.o
  CC      fs/ramfs/inode.o
  CC      lib/zlib_inflate/inffast.o
  CC      kernel/time/timer_migration.o
  CC      net/bluetooth/eir.o
  CC      drivers/soc/qcom/llcc-qcom.o
  CC      drivers/tty/tty_ioctl.o
  CC      lib/zlib_inflate/inflate.o
  CC      drivers/regulator/helpers.o
  CC      fs/squashfs/file.o
  AR      drivers/reset/amlogic/built-in.a
  CC      drivers/reset/hisilicon/hi6220_reset.o
  CC      lib/zlib_inflate/infutil.o
  CC      drivers/clk/hisilicon/clkgate-separated.o
  CC      drivers/dma/mmp_tdma.o
  CC      net/atm/ioctl.o
  CC      drivers/xen/time.o
  CC      fs/ramfs/file-mmu.o
  CC      drivers/tty/tty_ldisc.o
  CC      kernel/time/vsyscall.o
  AR      drivers/soc/qcom/built-in.a
  CC      drivers/soc/rockchip/grf.o
  CC      drivers/pci/controller/pci-host-common.o
  CC      lib/zlib_inflate/inftrees.o
  CC      drivers/reset/hisilicon/reset-hi3660.o
  CC      net/bluetooth/hci_sync.o
  CC      drivers/vdpa/vdpa_user/iova_domain.o
  CC      drivers/clk/hisilicon/clkdivider-hi6220.o
  CC      drivers/regulator/devres.o
  CC      lib/zlib_inflate/inflate_syms.o
  CC      fs/squashfs/fragment.o
  CC      drivers/dma/mv_xor.o
  CC      kernel/time/timekeeping_debug.o
  CC      drivers/xen/mem-reservation.o
  AR      fs/ramfs/built-in.a
  CC      drivers/xen/events/events_base.o
  AR      drivers/soc/rockchip/built-in.a
  AR      drivers/soc/sophgo/built-in.a
  CC      drivers/clk/hisilicon/clk-hisi-phase.o
  CC      drivers/tty/tty_buffer.o
  CC      drivers/soc/tegra/fuse/fuse-tegra.o
  AR      drivers/reset/hisilicon/built-in.a
  AR      lib/zlib_inflate/built-in.a
  CC      net/atm/common.o
  CC      fs/ext4/ioctl.o
  AR      drivers/reset/spacemit/built-in.a
  CC      fs/squashfs/id.o
  CC      lib/zlib_deflate/deflate.o
  AR      drivers/reset/starfive/built-in.a
  CC      drivers/reset/tegra/reset-bpmp.o
  CC      drivers/pci/controller/pci-thunder-pem.o
  CC      drivers/regulator/irq_helpers.o
  CC      lib/zlib_deflate/deftree.o
  AR      kernel/time/built-in.a
  CC      kernel/kexec_core.o
  CC      fs/squashfs/inode.o
  CC      drivers/clk/hisilicon/clk-hi3519.o
  AR      drivers/vdpa/vdpa_user/built-in.a
  CC      drivers/vdpa/virtio_pci/vp_vdpa.o
  CC      drivers/tty/tty_port.o
  AR      drivers/reset/tegra/built-in.a
  CC      drivers/pci/controller/pcie-xilinx.o
  CC      drivers/reset/reset-simple.o
  CC      drivers/dma/mv_xor_v2.o
  CC      drivers/soc/tegra/fuse/fuse-tegra30.o
  CC      lib/zlib_deflate/deflate_syms.o
  CC      net/phonet/pn_dev.o
  CC      drivers/xen/events/events_2l.o
  CC      drivers/regulator/event.o
  CC      net/atm/atm_misc.o
  CC      drivers/clk/hisilicon/clk-hi3559a.o
  CC      fs/squashfs/namei.o
  CC      fs/ext4/mballoc.o
  AR      lib/zlib_deflate/built-in.a
  CC      drivers/reset/reset-ti-sci.o
  CC      lib/reed_solomon/reed_solomon.o
  CC      drivers/tty/tty_mutex.o
  CC      drivers/soc/tegra/fuse/tegra-apbmisc.o
  CC      drivers/pci/controller/pcie-altera.o
  CC      kernel/kexec_file.o
  CC      drivers/dma/plx_dma.o
  AR      drivers/vdpa/virtio_pci/built-in.a
  AR      drivers/vdpa/built-in.a
  CC      drivers/pci/controller/pcie-altera-msi.o
  CC      drivers/xen/events/events_fifo.o
  CC      fs/squashfs/super.o
  CC      drivers/regulator/of_regulator.o
  CC      drivers/clk/hisilicon/clk-hi3670.o
  CC      drivers/reset/reset-ti-syscon.o
  CC      net/phonet/pn_netlink.o
  CC      net/bluetooth/hci_drv.o
  CC      net/atm/raw.o
  CC      drivers/tty/tty_ldsem.o
  CC      drivers/soc/tegra/fuse/speedo-tegra124.o
  CC      lib/reed_solomon/test_rslib.o
  CC      kernel/backtracetest.o
  CC      drivers/dma/switchtec_dma.o
  CC      kernel/utsname.o
  CC      drivers/clk/hisilicon/crg-hi3798cv200.o
  CC      drivers/pci/controller/pcie-rockchip.o
  AR      drivers/xen/events/built-in.a
  CC      drivers/reset/reset-tn48m.o
  CC      drivers/xen/xenbus/xenbus_client.o
  CC      fs/squashfs/symlink.o
  CC      drivers/tty/tty_baudrate.o
  CC      drivers/regulator/fixed.o
  AR      drivers/soc/tegra/fuse/built-in.a
  CC      drivers/soc/tegra/cbb/tegra-cbb.o
  AR      lib/reed_solomon/built-in.a
  CC      lib/bch.o
  CC      net/phonet/socket.o
  CC      net/atm/resources.o
  CC      drivers/tty/tty_jobctrl.o
  CC      net/bluetooth/sco.o
  UPD     kernel/config_data
  CC      drivers/clk/hisilicon/clk-hi6220.o
  CC      kernel/stop_machine.o
  CC      drivers/reset/reset-uniphier.o
  CC      drivers/soc/tegra/cbb/tegra194-cbb.o
  CC      drivers/pci/controller/pcie-rockchip-ep.o
  CC      drivers/dma/tegra186-gpc-dma.o
  CC      drivers/xen/xenbus/xenbus_comms.o
  CC      fs/squashfs/decompressor.o
  CC      net/bluetooth/leds.o
  CC      drivers/regulator/virtual.o
  CC      fs/ext4/migrate.o
  CC      drivers/tty/n_null.o
  CC      drivers/clk/hisilicon/reset.o
  CC      lib/lzo/lzo1x_compress.o
  CC      drivers/reset/reset-uniphier-glue.o
  CC      net/phonet/datagram.o
  CC      net/atm/atm_sysfs.o
  CC      kernel/audit.o
  CC      fs/squashfs/page_actor.o
  CC      drivers/xen/xenbus/xenbus_xs.o
  CC      drivers/tty/pty.o
  CC      drivers/pci/controller/pcie-mediatek.o
  CC      drivers/soc/tegra/cbb/tegra234-cbb.o
  CC      drivers/regulator/userspace-consumer.o
  AR      drivers/clk/hisilicon/built-in.a
  CC      net/8021q/vlan_core.o
  AR      drivers/clk/imgtec/built-in.a
  AR      drivers/clk/imx/built-in.a
  CC      lib/lzo/lzo1x_compress_safe.o
  AR      drivers/clk/ingenic/built-in.a
  CC      drivers/clk/keystone/sci-clk.o
  CC      fs/ext4/mmp.o
  AR      drivers/reset/built-in.a
  CC      net/bluetooth/selftest.o
  CC      drivers/dma/tegra20-apb-dma.o
  CC      net/wireless/core.o
  CC      fs/squashfs/file_direct.o
  AR      net/atm/built-in.a
  CC      drivers/soc/tegra/common.o
  CC      net/phonet/sysctl.o
  CC      drivers/xen/xenbus/xenbus_probe.o
  CC      lib/lzo/lzo1x_decompress_safe.o
  CC      drivers/tty/tty_audit.o
  CC      drivers/regulator/88pm886-regulator.o
  AR      drivers/clk/keystone/built-in.a
  AR      drivers/clk/mediatek/built-in.a
  CC      drivers/clk/meson/meson-clkc-utils.o
  AR      drivers/soc/tegra/cbb/built-in.a
  CC      net/wireless/sysfs.o
  CC      drivers/pci/controller/pcie-mediatek-gen3.o
  CC      fs/ext4/move_extent.o
  CC      net/bluetooth/bnep/core.o
  CC      drivers/soc/tegra/flowctrl.o
  CC      net/8021q/vlan.o
  AR      lib/lzo/built-in.a
  CC      fs/squashfs/decompressor_single.o
  CC      drivers/dma/tegra210-adma.o
  CC      lib/lz4/lz4_compress.o
  CC      kernel/auditfilter.o
  CC      drivers/tty/vt/vt_ioctl.o
  CC      drivers/xen/xenbus/xenbus_probe_backend.o
  CC      drivers/clk/meson/meson-aoclk.o
  CC      net/phonet/af_phonet.o
  CC      drivers/regulator/act8865-regulator.o
  CC      drivers/clk/meson/clk-dualdiv.o
  CC      drivers/soc/tegra/pmc.o
  CC      net/wireless/radiotap.o
  CC      fs/squashfs/decompressor_multi.o
  CC      drivers/pci/controller/pcie-apple.o
  CC      fs/ext4/namei.o
  CC      lib/lz4/lz4_decompress.o
  CC      drivers/xen/xenbus/xenbus_dev_frontend.o
  CC      drivers/dma/uniphier-mdmac.o
  CC      net/8021q/vlan_dev.o
  CC      net/bluetooth/bnep/sock.o
  CC      drivers/clk/meson/clk-mpll.o
  CC      drivers/regulator/act8945a-regulator.o
  CC      drivers/tty/vt/vc_screen.o
  CC      net/phonet/pep.o
  CC      kernel/auditsc.o
  CC      fs/squashfs/decompressor_multi_percpu.o
  CC      drivers/regulator/ad5398.o
  CC      net/wireless/util.o
  CC      drivers/pci/controller/dwc/pcie-designware.o
  CC      drivers/dma/amd/qdma/qdma.o
  CC      drivers/clk/meson/clk-phase.o
  CC      drivers/xen/xenbus/xenbus_dev_backend.o
  CC      drivers/soc/tegra/ari-tegra186.o
  CC      drivers/pci/controller/dwc/pcie-designware-host.o
  CC      net/bluetooth/bnep/netdev.o
  CC      fs/squashfs/lz4_wrapper.o
  CC      drivers/tty/vt/selection.o
  CC      drivers/regulator/scmi-regulator.o
  CC      net/8021q/vlan_netlink.o
  AR      drivers/soc/tegra/built-in.a
  CC      drivers/soc/ti/ti_sci_inta_msi.o
  AR      lib/lz4/built-in.a
  CC      lib/zstd/zstd_compress_module.o
  CC      drivers/clk/meson/clk-pll.o
  CC      drivers/xen/xenbus/xenbus_probe_frontend.o
  CC      fs/ext4/page-io.o
  CC      net/phonet/pep-gprs.o
  CC      drivers/dma/amd/qdma/qdma-comm-regs.o
  CC      drivers/clk/meson/clk-regmap.o
  CC      kernel/audit_watch.o
  CC      fs/squashfs/xz_wrapper.o
  CC      drivers/tty/vt/keyboard.o
  CC      drivers/pci/controller/dwc/pcie-designware-ep.o
  CC      drivers/soc/ti/k3-ringacc.o
  CC      lib/zstd/compress/fse_compress.o
  CC      drivers/regulator/bd71828-regulator.o
  AR      net/bluetooth/bnep/built-in.a
  AR      net/bluetooth/built-in.a
  CC      drivers/tty/vt/vt.o
  CC      drivers/regulator/bd9571mwv-regulator.o
  CC      net/8021q/vlan_gvrp.o
  CC      lib/zstd/compress/hist.o
  AR      drivers/xen/xenbus/built-in.a
  CC      drivers/xen/arm-device.o
  CC      lib/zstd/compress/huf_compress.o
  AR      drivers/dma/amd/qdma/built-in.a
  CC      net/wireless/reg.o
  AR      drivers/dma/amd/built-in.a
  AR      drivers/dma/loongson/built-in.a
  AR      drivers/dma/mediatek/built-in.a
  CC      drivers/clk/meson/sclk-div.o
  CC      drivers/dma/qcom/hidma_mgmt.o
  CC      fs/ext4/readpage.o
  AR      net/phonet/built-in.a
  CC      drivers/dma/qcom/hidma_mgmt_sys.o
  CC      fs/squashfs/zlib_wrapper.o
  CC      kernel/audit_fsnotify.o
  CC      net/wireless/scan.o
  CC      drivers/soc/ti/k3-socinfo.o
  CC      drivers/pci/controller/dwc/pcie-designware-plat.o
  CC      drivers/regulator/bd9576-regulator.o
  CC      lib/zstd/compress/zstd_compress.o
  CC      drivers/xen/pci.o
  AR      net/8021q/built-in.a
  CC      drivers/char/mem.o
  CC      drivers/clk/meson/vid-pll-div.o
  AR      drivers/soc/versatile/built-in.a
  CC      drivers/pci/controller/dwc/pci-keystone.o
  CC      drivers/tty/hvc/hvc_console.o
  CC      drivers/dma/qcom/hidma_ll.o
  CC      fs/squashfs/zstd_wrapper.o
  CC      fs/ext4/resize.o
  AR      drivers/soc/ti/built-in.a
  AR      drivers/soc/built-in.a
  CC      drivers/dma/qcom/hidma.o
  CC      kernel/audit_tree.o
  CC      drivers/iommu/arm/arm-smmu/qcom_iommu.o
  CC      drivers/clk/meson/axg.o
  CC      drivers/regulator/bd96801-regulator.o
  CC      drivers/tty/vt/defkeymap.o
  CC      drivers/xen/dbgp.o
  CC      drivers/char/random.o
  AR      drivers/iommu/iommufd/built-in.a
  CC      drivers/tty/hvc/hvc_irq.o
  CC      drivers/tty/hvc/hvc_xen.o
  AR      fs/squashfs/built-in.a
  CC      lib/zstd/compress/zstd_compress_literals.o
  CC      drivers/tty/vt/consolemap.o
  CC      lib/zstd/compress/zstd_compress_sequences.o
  CC      drivers/pci/controller/dwc/pci-layerscape.o
  CC      drivers/iommu/arm/arm-smmu-v3/arm-smmu-v3.o
  CC      drivers/clk/meson/axg-aoclk.o
  CC      drivers/tty/serial/serial_core.o
  CC      lib/zstd/compress/zstd_compress_superblock.o
  CC      drivers/dma/qcom/hidma_dbg.o
  CC      drivers/xen/biomerge.o
  AR      drivers/iommu/arm/arm-smmu/built-in.a
  CC      lib/zstd/compress/zstd_double_fast.o
  CC      lib/zstd/compress/zstd_fast.o
  CC      drivers/xen/xen-balloon.o
  CC      kernel/relay.o
  CC      drivers/regulator/da9063-regulator.o
  CC      net/wireless/nl80211.o
  CC      fs/ext4/super.o
  AR      drivers/tty/hvc/built-in.a
  CC      net/rfkill/core.o
  CC      drivers/clk/meson/axg-audio.o
  CC      drivers/pci/controller/dwc/pcie-qcom-common.o
  CC      drivers/tty/vt/consolemap_deftbl.o
  CC      drivers/tty/vt/ucs.o
  AR      drivers/dma/qcom/built-in.a
  CC      drivers/char/misc.o
  CC      drivers/dma/stm32/stm32-mdma.o
  AR      drivers/tty/vt/built-in.a
  CC      drivers/dma/stm32/stm32-dma3.o
  CC      net/9p/mod.o
  CC      drivers/xen/evtchn.o
  CC      drivers/regulator/da9121-regulator.o
  CC      kernel/irq_work.o
  CC      drivers/clk/meson/a1-pll.o
  CC      net/rfkill/rfkill-gpio.o
  CC      drivers/pci/controller/dwc/pcie-qcom-ep.o
  CC      drivers/char/hw_random/core.o
  CC      net/9p/client.o
  CC      drivers/tty/serial/serial_base_bus.o
  CC      drivers/clk/mmp/clk-apbc.o
  CC      lib/zstd/compress/zstd_lazy.o
  CC      drivers/xen/gntdev.o
  CC      drivers/clk/meson/a1-peripherals.o
  CC      kernel/cpu_pm.o
  AR      net/rfkill/built-in.a
  AR      drivers/clk/mstar/built-in.a
  CC      drivers/char/xillybus/xillybus_class.o
  CC      drivers/char/xillybus/xillyusb.o
  CC      drivers/regulator/da9210-regulator.o
  CC      drivers/clk/mmp/clk-apmu.o
  CC      drivers/tty/serial/serial_ctrl.o
  CC      drivers/char/hw_random/timeriomem-rng.o
  CC      drivers/pci/controller/dwc/pcie-armada8k.o
  CC      drivers/iommu/arm/arm-smmu-v3/arm-smmu-v3-sva.o
  CC      kernel/bpf/core.o
  AR      drivers/dma/stm32/built-in.a
  CC      drivers/dma/ti/k3-udma.o
  CC      drivers/clk/meson/c3-peripherals.o
  CC      drivers/dma/xilinx/xilinx_dma.o
  CC      net/9p/error.o
  CC      drivers/clk/mmp/clk-frac.o
  CC      drivers/char/hw_random/ba431-rng.o
  CC      drivers/xen/gntalloc.o
  CC      fs/ext4/symlink.o
  CC      drivers/tty/serial/serial_port.o
  CC      drivers/regulator/fan53555.o
  CC      drivers/pci/controller/dwc/pcie-keembay.o
  CC      net/9p/protocol.o
  CC      drivers/clk/meson/s4-pll.o
  AR      drivers/char/xillybus/built-in.a
  AR      drivers/iommu/arm/arm-smmu-v3/built-in.a
  AR      drivers/iommu/arm/built-in.a
  CC      drivers/clk/meson/s4-peripherals.o
  CC      drivers/iommu/iommu.o
  CC      drivers/char/hw_random/omap-rng.o
  CC      drivers/clk/mmp/clk-mix.o
  CC      drivers/tty/serial/earlycon.o
  CC      fs/ext4/sysfs.o
  CC      drivers/xen/xenfs/super.o
  CC      drivers/regulator/isl6271a-regulator.o
  CC      drivers/dma/xilinx/xdma.o
  CC      net/ieee802154/netlink.o
  CC      drivers/pci/controller/dwc/pcie-kirin.o
  AR      drivers/clk/meson/built-in.a
  CC      net/9p/trans_common.o
  CC      kernel/events/core.o
  CC      drivers/char/hw_random/virtio-rng.o
  CC      drivers/clk/mmp/clk-gate.o
  CC      kernel/bpf/trampoline.o
  AR      drivers/tty/serial/8250/built-in.a
  CC      drivers/tty/serial/amba-pl011.o
  CC      drivers/dma/ti/k3-udma-glue.o
  CC      drivers/xen/xenfs/xenstored.o
  CC      fs/ext4/xattr.o
  CC      drivers/regulator/fp9931.o
  CC      net/9p/trans_fd.o
  CC      net/ieee802154/nl-mac.o
  CC      drivers/iommu/iommu-pages.o
  CC      drivers/pci/controller/dwc/pcie-histb.o
  CC      drivers/clk/mmp/clk.o
  CC      drivers/char/hw_random/hisi-rng.o
  CC      drivers/dma/xilinx/zynqmp_dma.o
  AR      drivers/xen/xenfs/built-in.a
  CC      drivers/xen/sys-hypervisor.o
  CC      drivers/dma/ti/k3-psil.o
  CC      drivers/regulator/lp3971.o
  CC      drivers/char/hw_random/meson-rng.o
  CC      kernel/bpf/dispatcher.o
  CC      drivers/iommu/iommu-traces.o
  CC      drivers/clk/mmp/reset.o
  AR      drivers/tty/serial/built-in.a
  CC      drivers/pci/controller/dwc/pci-meson.o
  CC      drivers/tty/serdev/core.o
  CC      drivers/xen/swiotlb-xen.o
  CC      net/ieee802154/nl-phy.o
  CC      drivers/dma/xilinx/xilinx_dpdma.o
  CC      net/9p/trans_virtio.o
  CC      drivers/dma/ti/k3-psil-am654.o
  CC      fs/ext4/xattr_hurd.o
  CC      drivers/iommu/iommu-sysfs.o
  CC      drivers/clk/mmp/clk-of-pxa1928.o
  CC      net/wireless/mlme.o
  CC      drivers/char/hw_random/cavium-rng.o
  CC      drivers/dma/ti/k3-psil-j721e.o
  CC      drivers/regulator/lp3972.o
  CC      drivers/dma/ti/k3-psil-j7200.o
  CC      drivers/dma/ti/k3-psil-am64.o
  AR      kernel/bpf/built-in.a
  CC      lib/zstd/compress/zstd_ldm.o
  CC      drivers/dma/ti/k3-psil-j721s2.o
  CC      drivers/tty/serdev/serdev-ttyport.o
  CC      drivers/xen/privcmd.o
  CC      drivers/pci/controller/dwc/pcie-tegra194.o
  CC      drivers/dma/ti/k3-psil-am62.o
  CC      drivers/dma/ti/k3-psil-am62a.o
  CC      drivers/iommu/dma-iommu.o
  AR      drivers/clk/mmp/built-in.a
  CC      fs/ext4/xattr_trusted.o
  CC      drivers/dma/ti/k3-psil-j784s4.o
  CC      fs/hugetlbfs/inode.o
  CC      drivers/clk/mvebu/armada_ap_cp_helper.o
  CC      drivers/char/hw_random/cavium-rng-vf.o
  CC      net/ieee802154/nl_policy.o
  CC      drivers/dma/ti/k3-psil-am62p.o
  AR      drivers/dma/xilinx/built-in.a
  CC      drivers/regulator/lp872x.o
  AR      drivers/dma/ti/built-in.a
  CC      net/9p/trans_usbg.o
  AR      drivers/dma/built-in.a
  CC      drivers/gpu/host1x/bus.o
  AR      drivers/tty/serdev/built-in.a
  AR      drivers/tty/built-in.a
  CC      drivers/gpu/host1x/syncpt.o
  CC      lib/zstd/compress/zstd_opt.o
  CC      drivers/clk/mvebu/armada-37xx-xtal.o
  CC      net/wireless/ibss.o
  CC      fs/ext4/xattr_user.o
  CC      drivers/char/hw_random/cctrng.o
  CC      net/ieee802154/core.o
  AR      drivers/gpu/drm/built-in.a
  CC      fs/ext4/fast_commit.o
  CC      drivers/xen/privcmd-buf.o
  CC      kernel/events/ring_buffer.o
  CC      drivers/pci/controller/dwc/pcie-visconti.o
  CC      drivers/regulator/lp873x-regulator.o
  AR      net/9p/built-in.a
  CC      drivers/char/hw_random/xiphera-trng.o
  AR      fs/hugetlbfs/built-in.a
  CC      drivers/iommu/io-pgtable.o
  CC      drivers/clk/mvebu/armada-37xx-tbg.o
  CC      drivers/connector/cn_queue.o
  CC      drivers/connector/connector.o
  CC      drivers/gpu/host1x/dev.o
  CC      drivers/char/hw_random/arm_smccc_trng.o
  CC      drivers/gpu/host1x/intr.o
  CC      drivers/xen/xen-scsiback.o
  CC      lib/zstd/compress/zstd_preSplit.o
  CC      net/wireless/sme.o
  CC      lib/zstd/zstd_decompress_module.o
  CC      net/ieee802154/header_ops.o
  CC      drivers/xen/xlate_mmu.o
  CC      drivers/pci/controller/dwc/pcie-stm32.o
  CC      drivers/clk/mvebu/armada-37xx-periph.o
  CC      drivers/iommu/io-pgtable-arm.o
  CC      drivers/regulator/lp87565-regulator.o
  CC      drivers/char/hw_random/cn10k-rng.o
  CC      kernel/events/callchain.o
  CC      drivers/regulator/lp8755.o
  CC      fs/fat/cache.o
  CC      lib/zstd/decompress/huf_decompress.o
  CC      drivers/connector/cn_proc.o
  CC      drivers/gpu/host1x/cdma.o
  CC      fs/ext4/orphan.o
  CC      drivers/clk/mvebu/ap806-system-controller.o
  CC      fs/fat/dir.o
  CC      drivers/pci/controller/dwc/pcie-stm32-ep.o
  CC      fs/fat/fatent.o
  CC      net/ieee802154/sysfs.o
  CC      drivers/iommu/io-pgtable-dart.o
  CC      drivers/char/hw_random/rockchip-rng.o
  AR      drivers/xen/built-in.a
  CC      lib/xz/xz_dec_syms.o
  CC      kernel/events/hw_breakpoint.o
  CC      drivers/regulator/ltc3589.o
  CC      net/ieee802154/nl802154.o
  CC      drivers/gpu/host1x/channel.o
  CC      net/wireless/chan.o
  CC      drivers/clk/mvebu/ap-cpu-clk.o
  CC      fs/ext4/acl.o
  AR      drivers/connector/built-in.a
  CC      lib/xz/xz_dec_stream.o
  CC      lib/zstd/decompress/zstd_ddict.o
  CC      lib/zstd/decompress/zstd_decompress.o
  AR      drivers/char/hw_random/built-in.a
  AR      drivers/char/built-in.a
  CC      lib/xz/xz_dec_lzma2.o
  CC      drivers/pci/controller/dwc/pcie-al.o
  CC      drivers/iommu/iova.o
  CC      lib/textsearch.o
  CC      kernel/padata.o
  CC      lib/ts_kmp.o
  CC      fs/fat/file.o
  CC      drivers/gpu/host1x/job.o
  CC      drivers/regulator/ltc3676.o
  CC      drivers/clk/mvebu/cp110-system-controller.o
  CC      lib/ts_bm.o
  CC      lib/zstd/decompress/zstd_decompress_block.o
  AR      kernel/events/built-in.a
  CC      net/wireless/ethtool.o
  CC      net/wireless/mesh.o
  CC      fs/ext4/verity.o
  CC      lib/xz/xz_dec_bcj.o
  CC      drivers/pci/controller/dwc/pcie-hisi.o
  CC      fs/fat/inode.o
  CC      drivers/iommu/of_iommu.o
  CC      net/ieee802154/trace.o
  CC      kernel/jump_label.o
  CC      net/ieee802154/pan.o
  AR      drivers/clk/mvebu/built-in.a
  CC      drivers/clk/qcom/common.o
  CC      drivers/base/component.o
  CC      drivers/regulator/max14577-regulator.o
  CC      drivers/gpu/host1x/debug.o
  CC      lib/xz/xz_dec_test.o
  CC      drivers/clk/qcom/clk-regmap.o
  AR      fs/ext4/built-in.a
  CC      drivers/base/core.o
  CC      lib/zstd/zstd_common_module.o
  CC      drivers/clk/qcom/clk-alpha-pll.o
  AR      drivers/pci/controller/dwc/built-in.a
  CC      drivers/iommu/virtio-iommu.o
  AR      drivers/pci/controller/built-in.a
  CC      net/wireless/ap.o
  AR      drivers/pci/built-in.a
  CC      drivers/clk/qcom/clk-pll.o
  CC      kernel/context_tracking.o
  CC      lib/zstd/common/debug.o
  AR      lib/xz/built-in.a
  CC      lib/ts_fsm.o
  CC      lib/percpu_counter.o
  CC      drivers/gpu/trace/trace_gpu_mem.o
  CC      drivers/gpu/host1x/mipi.o
  CC      net/ieee802154/socket.o
  CC      drivers/gpu/host1x/tegra114-mipi.o
  CC      fs/fat/misc.o
  CC      drivers/misc/dummy-irq.o
  CC      lib/zstd/common/entropy_common.o
  CC      drivers/regulator/max1586.o
  CC      lib/zstd/common/error_private.o
  CC      drivers/misc/ics932s401.o
  CC      lib/zstd/common/fse_decompress.o
  CC      lib/audit.o
  AR      drivers/gpu/trace/built-in.a
  CC      kernel/torture.o
  CC      lib/zstd/common/zstd_common.o
  CC      lib/notifier-error-inject.o
  AR      drivers/clk/renesas/built-in.a
  CC      net/wireless/trace.o
  AR      net/ieee802154/6lowpan/built-in.a
  AR      lib/zstd/built-in.a
  CC      drivers/iommu/iommu-sva.o
  CC      drivers/nfc/pn533/pn533.o
  CC      drivers/nfc/pn533/i2c.o
  CC      drivers/clk/qcom/clk-rcg.o
  CC      fs/fat/nfs.o
  CC      drivers/gpu/host1x/fence.o
  CC      drivers/mfd/88pm860x-core.o
  CC      drivers/regulator/max77650-regulator.o
  CC      net/nfc/core.o
  CC      drivers/clk/rockchip/clk.o
  CC      lib/pm-notifier-error-inject.o
  CC      drivers/misc/lkdtm/core.o
  AR      net/ieee802154/built-in.a
  CC      net/nfc/netlink.o
  CC      kernel/iomem.o
  CC      drivers/iommu/io-pgfault.o
  CC      drivers/clk/qcom/clk-rcg2.o
  CC      drivers/gpu/host1x/hw/host1x01.o
  CC      drivers/base/bus.o
  CC      net/wireless/ocb.o
  CC      fs/fat/namei_vfat.o
  CC      drivers/nfc/pn533/uart.o
  CC      drivers/regulator/max77675-regulator.o
  CC      drivers/mfd/88pm860x-i2c.o
  CC      lib/netdev-notifier-error-inject.o
  CC      drivers/clk/rockchip/clk-pll.o
  CC      drivers/misc/lkdtm/bugs.o
  CC      lib/memory-notifier-error-inject.o
  CC      kernel/rseq.o
  CC      drivers/gpu/host1x/hw/host1x02.o
  CC      drivers/iommu/apple-dart.o
  CC      drivers/clk/qcom/clk-branch.o
  CC      drivers/base/dd.o
  CC      drivers/clk/qcom/clk-regmap-divider.o
  AR      drivers/nfc/pn533/built-in.a
  CC      drivers/nfc/nfcsim.o
  CC      fs/fat/namei_msdos.o
  CC      net/wireless/michael-mic.o
  CC      drivers/dax/super.o
  CC      net/nfc/af_nfc.o
  CC      drivers/mfd/88pm800.o
  CC      drivers/clk/rockchip/clk-cpu.o
  CC      drivers/regulator/max8649.o
  CC      lib/of-reconfig-notifier-error-inject.o
  CC      drivers/misc/lkdtm/heap.o
  CC      drivers/regulator/max8893.o
  CC      drivers/clk/qcom/clk-regmap-mux.o
  CC      kernel/scftorture.o
  CC      drivers/gpu/host1x/hw/host1x04.o
  CC      drivers/base/syscore.o
  CC      drivers/clk/rockchip/clk-gate-grf.o
  AR      drivers/iommu/built-in.a
  GZIP    kernel/config_data.gz
  CC      lib/syscall.o
  CC      drivers/clk/qcom/clk-regmap-mux-div.o
  CC      drivers/misc/ti_fpc202.o
  CC      drivers/nfc/port100.o
  CC      net/wireless/pmsr.o
  CC      drivers/misc/lkdtm/perms.o
  CC      drivers/mfd/88pm80x.o
  CC      drivers/mfd/88pm886.o
  CC      net/nfc/rawsock.o
  AR      fs/fat/built-in.a
  CC      drivers/dax/bus.o
  CC      fs/exfat/inode.o
  CC      drivers/regulator/max8952.o
  CC      drivers/clk/rockchip/clk-half-divider.o
  CC      drivers/clk/qcom/clk-regmap-phy-mux.o
  CC      drivers/gpu/host1x/hw/host1x05.o
  CC      lib/nlattr.o
  GEN     kernel/kheaders_data.tar.xz
  CC      drivers/base/driver.o
  CC      fs/bfs/inode.o
  CC      fs/exfat/namei.o
  CC      drivers/mfd/act8945a.o
  AR      drivers/nfc/built-in.a
  CC      drivers/misc/lkdtm/refcount.o
  CC      lib/checksum.o
  CC      net/nfc/llcp_core.o
  CC      drivers/clk/qcom/clk-hfpll.o
  CC      drivers/clk/rockchip/clk-inverter.o
  CC      drivers/regulator/max8997-regulator.o
  CC      drivers/dax/device.o
  CC      drivers/regulator/max20086-regulator.o
  CC      drivers/misc/lkdtm/rodata.o
  CC      drivers/base/class.o
  CC      drivers/misc/lkdtm/usercopy.o
  CC      net/wireless/of.o
  CC      drivers/regulator/max20411-regulator.o
  CC      drivers/gpu/host1x/hw/host1x06.o
  CC      lib/atomic64_test.o
  CC      drivers/clk/rockchip/clk-mmc-phase.o
  CC      drivers/clk/qcom/reset.o
  CC      drivers/mfd/bd9571mwv.o
  CC      fs/bfs/file.o
  CC      drivers/dax/kmem.o
  CC      fs/exfat/dir.o
  CC      drivers/clk/qcom/gdsc.o
  CC      fs/isofs/namei.o
  CC      drivers/base/platform.o
  CC      drivers/base/cpu.o
  CC      drivers/clk/rockchip/clk-muxgrf.o
  CC      drivers/regulator/max77693-regulator.o
  CC      net/wireless/debugfs.o
  CC      drivers/misc/lkdtm/kstack_erase.o
  CC      net/nfc/llcp_commands.o
  CC      drivers/gpu/host1x/hw/host1x07.o
  CC      drivers/mfd/cros_ec_dev.o
  CC      fs/bfs/dir.o
  CC      drivers/misc/lkdtm/cfi.o
  CC      drivers/clk/rockchip/clk-ddr.o
  CC      drivers/misc/lkdtm/fortify.o
  CC      fs/isofs/inode.o
  AR      drivers/dax/built-in.a
  AR      net/wireless/tests/built-in.a
  CC      drivers/gpu/host1x/hw/host1x08.o
  CC      drivers/mfd/cs42l43.o
  CC      drivers/clk/qcom/dispcc-eliza.o
  CC      lib/closure.o
  CC      drivers/regulator/max77826-regulator.o
  CC      fs/exfat/super.o
  CC      drivers/base/firmware.o
  CC      drivers/clk/rockchip/gate-link.o
  CC      fs/isofs/dir.o
  OBJCOPY drivers/misc/lkdtm/rodata_objcopy.o
  AR      drivers/misc/lkdtm/built-in.a
  CC      drivers/misc/tifm_core.o
  CC      fs/exfat/fatent.o
  CC      net/wireless/wext-core.o
  AR      fs/bfs/built-in.a
  CC      drivers/regulator/max77838-regulator.o
  CC      net/nfc/llcp_sock.o
  CC      drivers/clk/qcom/gcc-eliza.o
  CC      lib/glob.o
  CC      drivers/base/init.o
  CC      drivers/gpu/host1x/context.o
  CC      drivers/clk/rockchip/softrst.o
  CC      fs/exfat/cache.o
  CC      drivers/mfd/cs42l43-i2c.o
  CC      net/psample/psample.o
  CC      fs/isofs/util.o
  CC      drivers/misc/tifm_7xx1.o
  CC      net/ife/ife.o
  CC      lib/strncpy_from_user.o
  CC      drivers/regulator/max77857-regulator.o
  CC      fs/isofs/rock.o
  CC      drivers/clk/qcom/tcsrcc-eliza.o
  CC      drivers/base/map.o
  CC      drivers/clk/rockchip/clk-rv1126b.o
  CC      net/wireless/wext-priv.o
  CC      drivers/gpu/host1x/context_bus.o
  CC      net/nfc/digital_core.o
  CC      drivers/mfd/gateworks-gsc.o
  CC      fs/exfat/nls.o
  CC      drivers/mfd/macsmc.o
  CC      lib/strnlen_user.o
  CC      drivers/misc/phantom.o
  CC      drivers/base/devres.o
  CC      drivers/clk/qcom/lpass-gfm-sm8250.o
  AR      net/ife/built-in.a
  CC      net/nsh/nsh.o
  CC      drivers/clk/rockchip/rst-rv1126b.o
  AR      net/psample/built-in.a
  CC      fs/isofs/export.o
  AR      drivers/gpu/host1x/built-in.a
  CC      kernel/configs.o
  CC      drivers/regulator/mc13783-regulator.o
  AR      drivers/gpu/built-in.a
  CC      drivers/base/attribute_container.o
  AR      net/wireless/built-in.a
  CC      lib/net_utils.o
  CC      fs/hfsplus/super.o
  CC      fs/exfat/misc.o
  CC      net/nfc/digital_technology.o
  AR      drivers/clk/socfpga/built-in.a
  CC      fs/hfs/bitmap.o
  CC      drivers/misc/rpmb-core.o
  CC      drivers/clk/qcom/gcc-glymur.o
  CC      drivers/mfd/lp873x.o
  CC      drivers/clk/rockchip/clk-rk3308.o
  CC      fs/hfs/bfind.o
  CC      drivers/base/transport_class.o
  CC      drivers/dma-buf/dma-buf.o
  CC      fs/isofs/joliet.o
  CC      drivers/regulator/mc13892-regulator.o
  AR      net/nsh/built-in.a
  CC      drivers/dma-buf/dma-fence.o
  CC      lib/sg_pool.o
  CC      drivers/misc/fastrpc.o
  CC      drivers/clk/rockchip/clk-rk3568.o
  CC      fs/exfat/file.o
  CC      lib/irq_poll.o
  CC      drivers/base/topology.o
  CC      drivers/clk/qcom/videocc-glymur.o
  CC      fs/hfsplus/options.o
  CC      drivers/mfd/lp87565.o
  CC      net/nfc/digital_dep.o
  CC      fs/hfs/bnode.o
  AR      fs/isofs/built-in.a
  CC      fs/ecryptfs/dentry.o
  CC      drivers/regulator/mc13xxx-regulator-core.o
  CC      fs/ecryptfs/file.o
  AR      drivers/clk/sophgo/built-in.a
  CC      fs/ecryptfs/inode.o
  CC      drivers/dma-buf/dma-fence-array.o
  CC      drivers/clk/rockchip/clk-rk3576.o
  CC      drivers/clk/qcom/gcc-hawi.o
  CC      lib/stackdepot.o
  CC      drivers/base/container.o
  CC      drivers/mfd/stmpe.o
  CC      fs/hfsplus/inode.o
  CC      fs/exfat/balloc.o
  CC      fs/exfat/iomap.o
  CC      drivers/misc/enclosure.o
  CC      fs/hfs/brec.o
  CC      drivers/regulator/mcp16502.o
  CC      drivers/dma-buf/dma-fence-chain.o
  AR      net/nfc/built-in.a
  CC      net/hsr/hsr_main.o
  CC      fs/ecryptfs/main.o
  CC      drivers/clk/qcom/tcsrcc-hawi.o
  CC      drivers/base/property.o
  CC      fs/freevxfs/vxfs_bmap.o
  CC      drivers/clk/rockchip/rst-rk3576.o
  CC      lib/ref_tracker.o
  CC      drivers/dma-buf/dma-fence-unwrap.o
  CC      drivers/misc/smpro-errmon.o
  CC      drivers/mfd/stmpe-i2c.o
  CC      fs/hfsplus/ioctl.o
  CC      drivers/regulator/mp5416.o
  AR      fs/exfat/built-in.a
  CC      fs/hfs/btree.o
  CC      fs/ecryptfs/super.o
  CC      fs/freevxfs/vxfs_fshead.o
  CC      drivers/clk/rockchip/clk-rk3588.o
  CC      drivers/clk/qcom/cambistmclkcc-kaanapali.o
  CC      net/hsr/hsr_framereg.o
  CC      fs/freevxfs/vxfs_immed.o
  CC      lib/bootconfig.o
  CC      drivers/dma-buf/dma-resv.o
  CC      drivers/base/cacheinfo.o
  CC      drivers/misc/smpro-misc.o
  CC      drivers/base/swnode.o
  CC      drivers/mfd/tqmx86.o
  CC      drivers/clk/qcom/camcc-kaanapali.o
  CC      fs/ecryptfs/mmap.o
  CC      drivers/regulator/mp8859.o
  CC      fs/hfsplus/extents.o
  CC      drivers/clk/rockchip/rst-rk3588.o
  CC      drivers/cxl/core/port.o
  CC      fs/hfs/catalog.o
  CC      fs/freevxfs/vxfs_inode.o
  CC      drivers/dma-buf/dma-buf-mapping.o
  UPD     lib/default.bconf
  CC      lib/rbtree_test.o
  CC      drivers/misc/apds9802als.o
  CC      drivers/misc/isl29003.o
  CC      net/hsr/hsr_device.o
  CC      drivers/base/faux.o
  AR      drivers/clk/rockchip/built-in.a
  CC      drivers/clk/qcom/dispcc-kaanapali.o
  CC      drivers/clk/qcom/gcc-kaanapali.o
  CC      drivers/mfd/arizona-core.o
  CC      drivers/regulator/mp886x.o
  CC      fs/ecryptfs/read_write.o
  CC      fs/hfsplus/catalog.o
  CC      fs/hfs/dir.o
  CC      fs/freevxfs/vxfs_lookup.o
  CC      drivers/dma-buf/udmabuf.o
  CC      lib/interval_tree_test.o
  CC      drivers/base/auxiliary.o
  CC      drivers/cxl/core/pmem.o
  CC      drivers/mfd/arizona-irq.o
  CC      drivers/misc/ds1682.o
  CC      fs/ecryptfs/crypto.o
  CC      drivers/clk/qcom/gpucc-kaanapali.o
  CC      net/hsr/hsr_netlink.o
  CC      fs/hfs/extent.o
  CC      lib/asn1_decoder.o
  CC      drivers/regulator/mt6311-regulator.o
  CC      drivers/regulator/mt6357-regulator.o
  CC      drivers/base/devtmpfs.o
  CC      drivers/cxl/core/regs.o
  CC      fs/freevxfs/vxfs_olt.o
  CC      fs/hfsplus/dir.o
  AR      drivers/dma-buf/built-in.a
  CC      fs/freevxfs/vxfs_subr.o
  CC      fs/hfs/inode.o
  CC      drivers/clk/qcom/gxclkctl-kaanapali.o
  CC      drivers/mfd/wm8997-tables.o
  CC      drivers/misc/c2port/core.o
  CC      lib/oid_registry.o
  CC      drivers/cxl/port.o
  CC      drivers/cxl/mem.o
  CC      fs/exportfs/expfs.o
  CC      fs/ecryptfs/keystore.o
  CC      drivers/regulator/mt6358-regulator.o
  CC      net/hsr/hsr_slave.o
  CC      drivers/cxl/core/memdev.o
  CC      drivers/base/power/sysfs.o
  CC      fs/freevxfs/vxfs_super.o
  CC      drivers/clk/qcom/tcsrcc-kaanapali.o
  CC      fs/hfsplus/btree.o
  CC      lib/ucs2_string.o
  CC      drivers/mfd/arizona-i2c.o
  AR      drivers/misc/c2port/built-in.a
  CC      drivers/misc/hmc6352.o
  CC      fs/hfs/attr.o
  AR      fs/exportfs/built-in.a
  CC      drivers/regulator/mt6359-regulator.o
  CC      drivers/mfd/wm8400-core.o
  CC      net/qrtr/af_qrtr.o
  CC      net/qrtr/ns.o
  CC      drivers/base/power/generic_ops.o
  CC      lib/sbitmap.o
  CC      drivers/clk/qcom/dispcc-x1e80100.o
  CC      net/hsr/hsr_forward.o
  AR      fs/freevxfs/built-in.a
  CC      fs/ecryptfs/kthread.o
  CC      drivers/cxl/core/mbox.o
  CC      drivers/scsi/scsi.o
  CC      fs/hfs/mdb.o
  CC      drivers/base/firmware_loader/fallback_table.o
  CC      fs/hfsplus/bnode.o
  CC      drivers/misc/eeprom/max6875.o
  CC      drivers/base/power/common.o
  CC      drivers/regulator/mt6360-regulator.o
  CC      drivers/mfd/wm8994-core.o
  CC      drivers/clk/qcom/gcc-x1e80100.o
  CC      lib/group_cpus.o
  CC      fs/ecryptfs/debug.o
  AR      drivers/clk/spacemit/built-in.a
  CC      drivers/base/firmware_loader/main.o
  CC      net/qrtr/smd.o
  CC      net/mctp/af_mctp.o
  CC      net/hsr/hsr_debugfs.o
  CC      fs/hfs/part_tbl.o
  CC      drivers/scsi/hosts.o
  CC      drivers/base/power/qos.o
  CC      drivers/misc/eeprom/eeprom_93cx6.o
  CC      drivers/cxl/core/pci.o
  CC      drivers/regulator/qcom-refgen-regulator.o
  CC      drivers/clk/qcom/gpucc-x1e80100.o
  CC      fs/hfsplus/brec.o
  CC      drivers/mfd/wm8994-irq.o
  CC      lib/devmem_is_allowed.o
  AR      fs/ecryptfs/built-in.a
  CC      drivers/misc/eeprom/idt_89hpesx.o
  CC      net/qrtr/tun.o
  CC      drivers/cxl/core/hdm.o
  CC      fs/hfs/string.o
  CC      kernel/kheaders.o
  CC      drivers/scsi/scsi_ioctl.o
  CC      drivers/base/firmware_loader/fallback.o
  AR      net/hsr/built-in.a
  CC      net/mctp/device.o
  CC      drivers/clk/qcom/tcsrcc-x1e80100.o
  CC      drivers/base/power/runtime.o
  CC      drivers/regulator/qcom_rpm-regulator.o
  CC      lib/fw_table.o
  CC      drivers/base/power/wakeirq.o
  CC      drivers/mfd/wm8994-regmap.o
  CC      drivers/base/memory.o
  CC      fs/hfsplus/bfind.o
  AR      kernel/built-in.a
  AR      net/qrtr/built-in.a
  CC      drivers/misc/cb710/core.o
  CC      drivers/misc/cb710/sgbuf2.o
  CC      fs/hfs/super.o
  CC      drivers/misc/eeprom/m24lr.o
  CC      drivers/clk/qcom/camcc-x1p42100.o
  CC      lib/test_context-analysis.o
  CC      drivers/cxl/core/pmu.o
  CC      drivers/base/firmware_loader/sysfs.o
  CC      drivers/mfd/madera-core.o
  AR      drivers/clk/sprd/built-in.a
  CC      drivers/scsi/scsicam.o
  CC      drivers/misc/cb710/debug.o
  CC      drivers/regulator/qcom_smd-regulator.o
  CC      drivers/base/power/main.o
  CC      drivers/nvme/host/core.o
  CC      net/mctp/route.o
  CC      fs/hfsplus/tables.o
  CC      drivers/cxl/core/cdat.o
  CC      drivers/base/auxiliary_sysfs.o
  CC      drivers/clk/qcom/videocc-x1p42100.o
  TEST    lib/test_fortify/read_overflow-memchr.log
  CC      fs/hfsplus/unicode.o
  CC      fs/hfs/sysdep.o
  AR      drivers/misc/eeprom/built-in.a
  CC      drivers/base/firmware_loader/sysfs_upload.o
  CC      drivers/ata/libata-core.o
  CC      drivers/scsi/scsi_error.o
  CC      drivers/mfd/cs47l15-tables.o
  AR      drivers/misc/cb710/built-in.a
  CC      drivers/misc/lis3lv02d/lis3lv02d.o
  CC      drivers/regulator/pca9450-regulator.o
  TEST    lib/test_fortify/read_overflow-memchr_inv.log
  CC      drivers/misc/lis3lv02d/lis3lv02d_i2c.o
  CC      drivers/clk/qcom/gpucc-qcm2290.o
  CC      drivers/target/target_core_configfs.o
  CC      drivers/base/power/wakeup.o
  CC      fs/hfs/trans.o
  AR      drivers/cxl/core/built-in.a
  AR      drivers/cxl/built-in.a
  CC      drivers/base/firmware_loader/builtin/main.o
  TEST    lib/test_fortify/read_overflow-memcmp.log
  CC      fs/hfsplus/wrapper.o
  CC      drivers/target/target_core_device.o
  CC      net/mctp/neigh.o
  CC      drivers/mfd/cs47l85-tables.o
  TEST    lib/test_fortify/read_overflow-memscan.log
  AR      drivers/base/firmware_loader/builtin/built-in.a
  CC      drivers/clk/qcom/apss-ipq-pll.o
  AR      drivers/base/firmware_loader/built-in.a
  CC      fs/hfsplus/bitmap.o
  CC      drivers/regulator/pf9453-regulator.o
  CC      drivers/regulator/pf1550-regulator.o
  AR      drivers/misc/lis3lv02d/built-in.a
  CC      drivers/misc/altera-stapl/altera-jtag.o
  CC      drivers/scsi/scsi_lib.o
  AR      fs/hfs/built-in.a
  CC      drivers/target/target_core_fabric_configfs.o
  TEST    lib/test_fortify/read_overflow2-memcmp.log
  CC      drivers/regulator/pf530x-regulator.o
  CC      drivers/base/power/wakeup_stats.o
  CC      drivers/nvme/host/ioctl.o
  CC      drivers/clk/qcom/ipq-cmn-pll.o
  CC      drivers/mfd/cs47l90-tables.o
  CC      drivers/misc/altera-stapl/altera-comp.o
  TEST    lib/test_fortify/read_overflow2-memcpy.log
  AR      net/mctp/built-in.a
  AR      net/built-in.a
  CC      drivers/target/target_core_fabric_lib.o
  CC      drivers/misc/altera-stapl/altera.o
  CC      drivers/ata/libata-scsi.o
  CC      fs/hfsplus/part_tbl.o
  TEST    lib/test_fortify/read_overflow2-memmove.log
  CC      fs/hfsplus/attributes.o
  CC      drivers/base/power/clock_ops.o
  TEST    lib/test_fortify/read_overflow2_field-memcpy.log
  CC      drivers/target/target_core_hba.o
  AR      drivers/clk/stm32/built-in.a
  CC      drivers/regulator/pf8x00-regulator.o
  CC      drivers/mtd/mtdcore.o
  CC      drivers/base/hypervisor.o
  CC      drivers/clk/qcom/gcc-ipq4019.o
  CC      drivers/mtd/mtdsuper.o
  CC      drivers/mtd/mtdconcat.o
  TEST    lib/test_fortify/read_overflow2_field-memmove.log
  CC      drivers/mfd/cs40l50-core.o
  CC      drivers/nvme/host/sysfs.o
  CC      drivers/scsi/scsi_lib_dma.o
  CC      drivers/scsi/scsi_scan.o
  AR      drivers/base/power/built-in.a
  CC      drivers/mtd/mtdpart.o
  CC      fs/hfsplus/xattr.o
  TEST    lib/test_fortify/write_overflow-memcpy.log
  CC      drivers/base/regmap/regmap.o
  CC      drivers/regulator/pfuze100-regulator.o
  CC      drivers/clk/qcom/gcc-ipq5018.o
  CC      drivers/misc/altera-stapl/altera-lpt.o
  CC      fs/nls/nls_base.o
  CC      drivers/target/target_core_pr.o
  CC      drivers/base/regmap/regcache.o
  TEST    lib/test_fortify/write_overflow-memmove.log
  CC      drivers/mfd/cs40l50-i2c.o
  CC      drivers/mfd/tps6105x.o
  AR      lib/lib.a
  CC      drivers/mtd/mtdchar.o
  AR      drivers/clk/starfive/built-in.a
  CC      drivers/misc/genwqe/card_base.o
  CC      drivers/ata/libata-eh.o
  AR      drivers/misc/altera-stapl/built-in.a
  CC      fs/hfsplus/xattr_user.o
  CC      drivers/nvme/host/pr.o
  TEST    lib/test_fortify/write_overflow-memset.log
  CC      drivers/clk/qcom/gcc-ipq5210.o
  CC      fs/nls/nls_cp737.o
  CC      drivers/scsi/scsi_sysfs.o
  CC      drivers/regulator/pv88060-regulator.o
  TEST    lib/test_fortify/write_overflow-strcpy-lit.log
  CC      drivers/misc/bcm-vk/bcm_vk_dev.o
  CC      drivers/scsi/scsi_devinfo.o
  CC      drivers/misc/bcm-vk/bcm_vk_msg.o
  CC      drivers/base/regmap/regcache-rbtree.o
  TEST    lib/test_fortify/write_overflow-strcpy.log
  CC      drivers/mfd/tps65086.o
  CC      fs/nls/nls_cp775.o
  CC      drivers/clk/qcom/gcc-ipq5332.o
  CC      fs/hfsplus/xattr_security.o
  CC      drivers/misc/genwqe/card_dev.o
  CC      drivers/nvme/host/multipath.o
  CC      drivers/target/target_core_alua.o
  CC      drivers/mtd/parsers/cmdlinepart.o
  TEST    lib/test_fortify/write_overflow-strscpy.log
  CC      drivers/regulator/pv88090-regulator.o
  CC      fs/nls/nls_cp850.o
  CC      drivers/base/regmap/regcache-flat.o
  CC      drivers/mtd/parsers/ofpart_core.o
  CC      drivers/clk/qcom/gcc-ipq5424.o
  CC      drivers/scsi/scsi_netlink.o
  TEST    lib/test_fortify/write_overflow_field-memcpy.log
  CC      drivers/mfd/tps65219.o
  CC      drivers/clk/qcom/gcc-ipq8074.o
  CC      drivers/ata/libata-transport.o
  CC      drivers/misc/genwqe/card_ddcb.o
  CC      fs/hfsplus/xattr_trusted.o
  CC      drivers/misc/bcm-vk/bcm_vk_sg.o
  CC      fs/nls/nls_cp852.o
  CC      drivers/nvme/host/pci.o
  TEST    lib/test_fortify/write_overflow_field-memmove.log
  CC      drivers/target/target_core_tmr.o
  CC      drivers/mtd/parsers/redboot.o
  CC      drivers/base/regmap/regcache-maple.o
  CC      drivers/regulator/tps51632-regulator.o
  CC      drivers/scsi/scsi_debugfs.o
  AS      lib/bootconfig-data.o
  CC      drivers/regulator/raa215300.o
  CC      drivers/clk/qcom/nsscc-ipq5424.o
  TEST    lib/test_fortify/write_overflow_field-memset.log
  CC      fs/nls/nls_cp855.o
  CC      drivers/mfd/tps65910.o
  CC      drivers/misc/cardreader/rtsx_pcr.o
  AR      fs/hfsplus/built-in.a
  CC      drivers/target/target_core_tpg.o
  CC      drivers/hsi/hsi_core.o
  AR      drivers/misc/bcm-vk/built-in.a
  CC      drivers/mtd/mtd_blkdevs.o
  CC      drivers/ata/libata-trace.o
  CC      drivers/misc/genwqe/card_sysfs.o
  CAT     lib/test_fortify/test_fortify.log
  AR      lib/built-in.a
  AR      drivers/mtd/parsers/built-in.a
  CC      drivers/misc/pvpanic/pvpanic.o
  CC      drivers/base/soc.o
  CC      drivers/scsi/scsi_trace.o
  CC      drivers/base/regmap/regmap-debugfs.o
  CC      drivers/nvme/host/fabrics.o
  CC      fs/nls/nls_cp861.o
  CC      drivers/regulator/rpi-panel-attiny-regulator.o
  CC      drivers/clk/qcom/nsscc-qca8k.o
  CC      drivers/mfd/twl-core.o
  CC      drivers/regulator/rohm-regulator.o
  CC      drivers/hsi/hsi_boardinfo.o
  CC      drivers/misc/genwqe/card_debugfs.o
  CC      drivers/ata/libata-sata.o
  CC      fs/nls/nls_cp862.o
  CC      drivers/mtd/mtdblock.o
  CC      drivers/misc/pvpanic/pvpanic-mmio.o
  CC      drivers/scsi/scsi_logging.o
  CC      drivers/misc/cardreader/rts5209.o
  CC      drivers/nvme/host/fc.o
  CC      drivers/base/regmap/regmap-i2c.o
  CC      drivers/target/target_core_transport.o
  CC      drivers/ata/ahci.o
  CC      drivers/clk/qcom/gcc-msm8917.o
  CC      fs/nls/nls_cp864.o
  AR      drivers/hsi/controllers/built-in.a
  AR      drivers/hsi/built-in.a
  CC      drivers/slimbus/core.o
  CC      drivers/regulator/rt4801-regulator.o
  CC      drivers/target/target_core_sbc.o
  CC      drivers/mtd/ftl.o
  CC      drivers/mfd/twl4030-irq.o
  CC      drivers/misc/genwqe/card_utils.o
  CC      drivers/misc/pvpanic/pvpanic-pci.o
  CC      drivers/misc/cardreader/rts5229.o
  CC      drivers/scsi/scsi_pm.o
  CC      drivers/slimbus/messaging.o
  CC      drivers/base/regmap/regmap-mmio.o
  CC      fs/nls/nls_cp865.o
  CC      drivers/clk/qcom/gcc-msm8953.o
  CC      drivers/mtd/nftlcore.o
  CC      drivers/mfd/twl6030-irq.o
  CC      drivers/regulator/rt4803.o
  AR      drivers/misc/pvpanic/built-in.a
  CC      drivers/ata/libahci.o
  CC      drivers/misc/uacce/uacce.o
  CC      drivers/misc/xilinx_sdfec.o
  CC      drivers/misc/cardreader/rtl8411.o
  CC      drivers/slimbus/sched.o
  CC      fs/nls/nls_cp866.o
  AR      drivers/clk/sunxi-ng/built-in.a
  CC      drivers/net/mii.o
  CC      drivers/scsi/scsi_dh.o
  AR      drivers/misc/genwqe/built-in.a
  CC      drivers/base/pinctrl.o
  CC      drivers/base/regmap/regmap-irq.o
  CC      drivers/clk/qcom/gcc-msm8994.o
  AR      drivers/nvme/host/built-in.a
  AR      drivers/nvme/built-in.a
  CC      drivers/clk/qcom/gcc-msm8996.o
  CC      drivers/mtd/nftlmount.o
  CC      drivers/slimbus/stream.o
  CC      drivers/target/target_core_spc.o
  CC      fs/nls/nls_cp869.o
  CC      drivers/regulator/rt5033-regulator.o
  CC      drivers/mfd/twl6040.o
  AR      drivers/misc/uacce/built-in.a
  CC      drivers/base/regmap/regmap-i3c.o
  CC      drivers/misc/cardreader/rts5227.o
  CC      drivers/clk/qcom/gcc-msm8998.o
  CC      drivers/scsi/scsi_common.o
  CC      drivers/clk/qcom/gpucc-msm8998.o
  CC      fs/unicode/utf8-norm.o
  CC      drivers/mtd/ssfdc.o
  CC      drivers/target/target_core_ua.o
  CC      drivers/net/loopback.o
  CC      fs/nls/nls_cp874.o
  AR      drivers/slimbus/built-in.a
  CC      drivers/ata/ahci_seattle.o
  CC      drivers/mtd/chips/chipreg.o
  CC      drivers/mfd/mc13xxx-core.o
  CC      drivers/regulator/rt5190a-regulator.o
  CC      drivers/base/platform-msi.o
  CC      drivers/scsi/raid_class.o
  AR      drivers/base/regmap/built-in.a
  CC      drivers/misc/hisi_hikey_usb.o
  CC      drivers/misc/cardreader/rts5249.o
  CC      fs/hpfs/alloc.o
  CC      fs/unicode/utf8-core.o
  CC      drivers/clk/qcom/mmcc-msm8996.o
  CC      drivers/target/target_core_rd.o
  CC      fs/hpfs/anode.o
  CC      fs/nls/nls_cp949.o
  CC      drivers/net/phy/stubs.o
  CC      drivers/mtd/chips/cfi_probe.o
  CC      drivers/mfd/mc13xxx-i2c.o
  CC      drivers/base/arch_topology.o
  CC      drivers/ata/libahci_platform.o
  COPY    fs/unicode/utf8data.c
  CC      fs/unicode/utf8data.o
  CC      drivers/net/phy/mdio_bus.o
  CC      drivers/scsi/scsi_transport_spi.o
  CC      drivers/clk/qcom/mmcc-msm8998.o
  CC      drivers/misc/cardreader/rts5260.o
  CC      drivers/atm/solos-pci.o
  CC      drivers/regulator/rt5739.o
  CC      fs/nls/nls_cp950.o
  CC      drivers/target/target_core_stat.o
  CC      drivers/mtd/chips/cfi_util.o
  CC      fs/hpfs/buffer.o
  CC      fs/nls/nls_cp1251.o
  AR      fs/unicode/built-in.a
  CC      fs/ntfs3/attrib.o
  CC      drivers/target/target_core_xcopy.o
  CC      drivers/mfd/pf1550.o
  CC      fs/ntfs3/attrlist.o
  CC      drivers/clk/qcom/a53-pll.o
  CC      drivers/misc/cardreader/rts5261.o
  CC      fs/nls/nls_iso8859-2.o
  CC      drivers/ata/ahci_platform.o
  AR      drivers/base/built-in.a
  CC      drivers/net/phy/phylink.o
  CC      drivers/regulator/rt6245-regulator.o
  CC      drivers/target/target_core_iblock.o
  CC      drivers/firewire/core-trace.o
  CC      drivers/mtd/chips/cfi_cmdset_0002.o
  CC      drivers/scsi/scsi_transport_fc.o
  CC      drivers/firewire/core-card.o
  CC      fs/hpfs/dentry.o
  CC      fs/nls/nls_iso8859-3.o
  CC      drivers/clk/qcom/a7-pll.o
  CC      drivers/mfd/nct6694.o
  AR      drivers/atm/built-in.a
  CC      drivers/mtd/chips/gen_probe.o
  CC      drivers/clk/tegra/clk.o
  CC      drivers/misc/cardreader/rts5228.o
  CC      drivers/clk/tegra/clk-audio-sync.o
  CC      drivers/regulator/rtq2134-regulator.o
  CC      drivers/ata/sata_inic162x.o
  CC      fs/ntfs3/bitfunc.o
  CC      fs/hpfs/dir.o
  CC      fs/nls/nls_iso8859-4.o
  CC      drivers/target/target_core_file.o
  CC      drivers/firewire/core-cdev.o
  CC      drivers/clk/qcom/clk-rpm.o
  CC      drivers/mfd/mfd-core.o
  CC      drivers/target/target_core_pscsi.o
  CC      drivers/regulator/rtq6752-regulator.o
  CC      drivers/mtd/chips/jedec_probe.o
  CC      drivers/clk/tegra/clk-device.o
  CC      fs/nls/nls_iso8859-6.o
  CC      fs/ntfs3/bitmap.o
  CC      drivers/misc/cardreader/rts5264.o
  CC      fs/hpfs/dnode.o
  CC      drivers/clk/qcom/clk-rpmh.o
  CC      drivers/net/phy/phy.o
  CC      drivers/ata/sata_sil24.o
  CC      drivers/ata/ahci_ceva.o
  CC      drivers/clk/qcom/clk-smd-rpm.o
  CC      drivers/clk/tegra/clk-dfll.o
  CC      drivers/scsi/scsi_transport_sas.o
  CC      drivers/mfd/lp3943.o
  CC      drivers/mtd/chips/map_ram.o
  CC      fs/nls/nls_iso8859-9.o
  CC      drivers/regulator/rtq2208-regulator.o
  CC      drivers/target/target_core_user.o
  CC      drivers/firewire/core-device.o
  CC      drivers/target/loopback/tcm_loop.o
  CC      drivers/misc/cardreader/rtsx_usb.o
  CC      drivers/clk/qcom/gcc-qcm2290.o
  CC      fs/nls/nls_iso8859-15.o
  CC      fs/ntfs3/dir.o
  CC      drivers/mtd/chips/map_rom.o
  CC      drivers/ata/ahci_dwc.o
  CC      drivers/scsi/scsi_transport_srp.o
  CC      fs/hpfs/ea.o
  CC      drivers/mfd/da9055-core.o
  CC      drivers/regulator/s2mpa01.o
  CC      drivers/clk/tegra/clk-divider.o
  CC      drivers/net/phy/phy-c45.o
  AR      drivers/misc/cardreader/built-in.a
  CC      drivers/misc/ntsync.o
  CC      drivers/misc/keba/cp500.o
  CC      drivers/firewire/core-iso.o
  CC      fs/nls/nls_koi8-u.o
  AR      drivers/target/loopback/built-in.a
  CC      drivers/uio/uio.o
  CC      drivers/clk/qcom/camcc-qcs615.o
  CC      drivers/mtd/chips/map_absent.o
  CC      drivers/mfd/da9055-i2c.o
  CC      fs/ntfs3/fsntfs.o
  CC      drivers/clk/tegra/clk-periph.o
  CC      drivers/scsi/device_handler/scsi_dh_rdac.o
  CC      drivers/ata/ahci_mvebu.o
  CC      fs/hpfs/file.o
  CC      fs/nls/nls_koi8-ru.o
  CC      drivers/regulator/s2mps11.o
  CC      drivers/target/sbp/sbp_target.o
  CC      drivers/clk/qcom/gcc-qcs404.o
  AR      drivers/mtd/chips/built-in.a
  CC      drivers/firewire/core-topology.o
  CC      drivers/clk/tegra/clk-periph-fixed.o
  CC      drivers/mtd/lpddr/qinfo_probe.o
  CC      drivers/scsi/st.o
  AR      drivers/misc/keba/built-in.a
  CC      drivers/uio/uio_cif.o
  CC      drivers/misc/amd-sbi/rmi-i2c.o
  CC      drivers/mfd/da9063-core.o
  CC      fs/nls/nls_utf8.o
  CC      drivers/net/phy/phy-core.o
  CC      fs/hpfs/inode.o
  CC      drivers/scsi/device_handler/scsi_dh_hp_sw.o
  CC      drivers/ata/ahci_tegra.o
  CC      drivers/clk/tegra/clk-periph-gate.o
  CC      drivers/clk/qcom/gcc-qcs615.o
  CC      drivers/mtd/lpddr/lpddr_cmds.o
  CC      drivers/regulator/s5m8767.o
  CC      drivers/firewire/core-transaction.o
  CC      fs/nls/mac-celtic.o
  CC      fs/ntfs3/frecord.o
  CC      drivers/mfd/da9063-irq.o
  CC      drivers/uio/uio_pdrv_genirq.o
  CC      drivers/misc/amd-sbi/rmi-core.o
  CC      drivers/clk/tegra/clk-pll.o
  AR      drivers/target/sbp/built-in.a
  AR      drivers/target/built-in.a
  CC      drivers/uio/uio_aec.o
  CC      fs/hpfs/map.o
  CC      drivers/clk/qcom/gcc-qcs8300.o
  CC      drivers/scsi/device_handler/scsi_dh_emc.o
  CC      drivers/net/phy/phy_device.o
  CC      fs/nls/mac-centeuro.o
  CC      drivers/ata/ahci_qoriq.o
  AR      drivers/mtd/lpddr/built-in.a
  CC      drivers/mtd/maps/map_funcs.o
  CC      drivers/mfd/da9063-i2c.o
  CC      drivers/uio/uio_pci_generic.o
  CC      drivers/regulator/sgm3804-regulator.o
  CC      drivers/firewire/ohci.o
  CC      drivers/mtd/maps/physmap-core.o
  CC      fs/nls/mac-gaelic.o
  AR      drivers/misc/amd-sbi/built-in.a
  CC      drivers/misc/rp1/rp1_pci.o
  CC      drivers/clk/qcom/gpucc-qcs615.o
  CC      drivers/clk/tegra/clk-pll-out.o
  CC      drivers/net/mdio/fwnode_mdio.o
  CC      drivers/scsi/device_handler/scsi_dh_alua.o
  CC      fs/hpfs/name.o
  CC      drivers/net/mdio/of_mdio.o
  CC      fs/ntfs3/file.o
  AR      drivers/ata/built-in.a
  CC      drivers/uio/uio_mf624.o
  CC      drivers/vfio/vfio_main.o
  CC      drivers/mfd/da9150-core.o
  CC      fs/nls/mac-romanian.o
  CC      drivers/clk/tegra/clk-sdmmc-mux.o
  CC      drivers/regulator/stm32-vrefbuf.o
  CC      drivers/mtd/maps/physmap-gemini.o
  CC      drivers/clk/qcom/q6sstop-qcs404.o
  AR      drivers/misc/rp1/built-in.a
  AR      drivers/misc/built-in.a
  CC      fs/efs/super.o
  CC      fs/hpfs/namei.o
  CC      fs/nls/mac-roman.o
  CC      fs/efs/inode.o
  CC      drivers/clk/tegra/clk-super.o
  CC      drivers/net/phy/linkmode.o
  CC      drivers/uio/uio_hv_generic.o
  AR      drivers/scsi/device_handler/built-in.a
  CC      drivers/scsi/sd.o
  CC      drivers/net/mdio/mdio-bcm-unimac.o
  CC      drivers/mtd/maps/pcmciamtd.o
  CC      drivers/firewire/sbp2.o
  CC      drivers/clk/qcom/ecpricc-qdu1000.o
  CC      drivers/mfd/max14577.o
  CC      drivers/regulator/stm32-pwr.o
  CC      fs/ntfs3/fslog.o
  CC      fs/nls/mac-turkish.o
  CC      drivers/vfio/group.o
  CC      drivers/net/mdio/mdio-bitbang.o
  CC      drivers/clk/tegra/clk-tegra-audio.o
  CC      fs/efs/namei.o
  CC      drivers/net/phy/phy_link_topology.o
  CC      fs/hpfs/super.o
  CC      drivers/clk/qcom/gcc-qdu1000.o
  CC      fs/nls/nls_ucs2_utils.o
  CC      drivers/mtd/maps/pci.o
  CC      drivers/net/phy/phy_caps.o
  CC      drivers/mfd/max7360.o
  CC      drivers/uio/uio_dfl.o
  CC      drivers/regulator/sy7636a-regulator.o
  CC      drivers/clk/tegra/clk-tegra-periph.o
  CC      drivers/firewire/nosy.o
  CC      drivers/vfio/container.o
  CC      fs/efs/dir.o
  CC      drivers/net/mdio/mdio-cavium.o
  AR      fs/nls/built-in.a
  CC      fs/jffs2/compr.o
  CC      drivers/clk/qcom/camcc-sc7180.o
  CC      drivers/uio/uio_pci_generic_sva.o
  CC      drivers/clk/qcom/camcc-sc7280.o
  CC      drivers/clk/tegra/clk-tegra-fixed.o
  AR      drivers/mtd/maps/built-in.a
  CC      drivers/mtd/devices/docg3.o
  AR      fs/hpfs/built-in.a
  CC      drivers/mfd/max77541.o
  CC      drivers/mtd/nand/core.o
  CC      drivers/scsi/sd_dif.o
  CC      drivers/net/phy/mdio_bus_provider.o
  CC      drivers/regulator/sy8106a-regulator.o
  CC      drivers/vfio/virqfd.o
  AR      drivers/firewire/built-in.a
  CC      drivers/mtd/nand/bbt.o
  CC      fs/jffs2/dir.o
  CC      fs/efs/file.o
  CC      drivers/clk/tegra/clk-tegra-super-cclk.o
  CC      drivers/mtd/nand/ecc.o
  CC      fs/ntfs3/inode.o
  CC      drivers/net/mdio/mdio-i2c.o
  CC      drivers/clk/qcom/dispcc-sc7180.o
  AR      drivers/uio/built-in.a
  CC      fs/jffs2/file.o
  CC      drivers/scsi/sg.o
  CC      drivers/mfd/max77650.o
  CC      drivers/mtd/nand/ecc-mxic.o
  AR      drivers/clk/tenstorrent/built-in.a
  CC      drivers/mtd/hyperbus/hyperbus-core.o
  CC      drivers/regulator/sy8827n.o
  CC      drivers/clk/tegra/clk-tegra-super-gen4.o
  CC      drivers/vfio/debugfs.o
  CC      drivers/mtd/devices/phram.o
  CC      fs/efs/symlink.o
  CC      drivers/net/phy/phy_port.o
  CC      drivers/net/phy/mdio_device.o
  CC      drivers/regulator/tps6105x-regulator.o
  CC      drivers/clk/qcom/dispcc-sc7280.o
  CC      drivers/net/mdio/mdio-ipq8064.o
  CC      fs/jffs2/ioctl.o
  CC      drivers/clk/tegra/clk-tegra124.o
  CC      drivers/mtd/hyperbus/hbmc-am654.o
  CC      drivers/mfd/max77693.o
  CC      drivers/mtd/nand/onenand/onenand_base.o
  CC      drivers/vfio/vfio_iommu_type1.o
  CC      drivers/net/phy/swphy.o
  CC      fs/ntfs3/index.o
  AR      fs/efs/built-in.a
  CC      drivers/scsi/ch.o
  CC      drivers/clk/qcom/dispcc-sc8280xp.o
  CC      drivers/mtd/devices/pmc551.o
  CC      drivers/scsi/ses.o
  CC      drivers/regulator/tps6286x-regulator.o
  CC      fs/jffs2/nodelist.o
  CC      fs/jffs2/malloc.o
  CC      drivers/mfd/max77705.o
  CC      drivers/clk/tegra/cvb.o
  CC      drivers/net/mdio/mdio-mscc-miim.o
  AR      drivers/mtd/hyperbus/built-in.a
  CC      drivers/vfio/pci/vfio_pci_core.o
  CC      fs/jffs2/read.o
  CC      drivers/clk/qcom/camcc-sa8775p.o
  CC      drivers/net/phy/phy_led_triggers.o
  CC      drivers/regulator/tps65023-regulator.o
  CC      drivers/clk/tegra/clk-bpmp.o
  CC      drivers/mtd/devices/mtdram.o
  CC      drivers/net/phy/open_alliance_helpers.o
  CC      drivers/mtd/nand/raw/nand_base.o
  CC      fs/jffs2/nodemgmt.o
  CC      drivers/mfd/max77714.o
  AR      drivers/scsi/built-in.a
  CC      drivers/clk/qcom/dispcc0-sa8775p.o
  CC      drivers/mtd/nand/onenand/onenand_bbt.o
  CC      fs/ntfs3/lznt.o
  CC      fs/ntfs3/namei.o
  CC      drivers/net/arcnet/arcnet.o
  CC      fs/jffs2/readinode.o
  CC      drivers/net/mdio/mdio-octeon.o
  AR      drivers/mtd/devices/built-in.a
  CC      drivers/vfio/pci/vfio_pci_intrs.o
  CC      drivers/regulator/tps6507x-regulator.o
  CC      drivers/clk/tegra/clk-utils.o
  CC      drivers/regulator/tps65086-regulator.o
  AR      drivers/mtd/nand/onenand/built-in.a
  CC      drivers/net/arcnet/rfc1051.o
  CC      drivers/clk/qcom/dispcc1-sa8775p.o
  AR      drivers/net/can/dev/built-in.a
  AR      drivers/net/can/esd/built-in.a
  AR      drivers/net/can/rcar/built-in.a
  AR      drivers/net/can/rockchip/built-in.a
  CC      drivers/vfio/pci/vfio_pci_rdwr.o
  CC      drivers/mfd/max77759.o
  CC      drivers/net/phy/mdio_devres.o
  AR      drivers/net/can/spi/mcp251xfd/built-in.a
  AR      drivers/net/can/spi/built-in.a
  AR      drivers/net/can/usb/built-in.a
  AR      drivers/net/can/softing/built-in.a
  AR      drivers/net/can/built-in.a
  CC      drivers/net/arcnet/com20020.o
  CC      drivers/net/fddi/defxx.o
  AR      drivers/clk/tegra/built-in.a
  AR      drivers/net/wireless/admtek/built-in.a
  AR      drivers/net/wireless/ath/built-in.a
  AR      drivers/net/wireless/atmel/built-in.a
  CC      drivers/net/wireless/intel/ipw2x00/ipw2100.o
  CC      fs/ntfs3/record.o
  CC      drivers/net/mdio/mdio-thunder.o
  CC      drivers/clk/qcom/gcc-sa8775p.o
  CC      drivers/net/fddi/skfp/skfddi.o
  CC      drivers/net/wireless/intel/ipw2x00/libipw_module.o
  CC      fs/jffs2/write.o
  CC      drivers/regulator/tps65185.o
  CC      drivers/net/fddi/skfp/hwmtm.o
  CC      drivers/net/phy/phy_package.o
  CC      drivers/mfd/max77843.o
  CC      drivers/clk/qcom/gpucc-sa8775p.o
  CC      drivers/vfio/pci/vfio_pci_config.o
  AR      drivers/net/arcnet/built-in.a
  CC      drivers/mtd/nand/raw/nand_legacy.o
  CC      drivers/vfio/pci/nvgrace-gpu/main.o
  CC      fs/ntfs3/run.o
  CC      fs/ntfs3/super.o
  CC      drivers/net/mdio/mdio-mux.o
  AR      drivers/net/ieee802154/built-in.a
  CC      drivers/clk/qcom/videocc-sa8775p.o
  CC      drivers/regulator/tps65219-regulator.o
  AR      drivers/net/wireless/intersil/built-in.a
  CC      fs/jffs2/scan.o
  CC      drivers/net/fddi/skfp/fplustm.o
  CC      drivers/mfd/max8925-core.o
  CC      drivers/net/phy/mii_timestamper.o
  CC      drivers/auxdisplay/charlcd.o
  CC      drivers/mtd/nand/raw/nand_bbt.o
  CC      drivers/auxdisplay/hd44780_common.o
  CC      drivers/clk/versatile/icst.o
  CC      fs/affs/super.o
  AR      drivers/vfio/pci/nvgrace-gpu/built-in.a
  AR      drivers/vfio/pci/built-in.a
  CC      drivers/vfio/platform/vfio_platform_common.o
  CC      drivers/clk/qcom/gcc-sar2130p.o
  CC      drivers/vfio/platform/vfio_platform_irq.o
  CC      drivers/net/mdio/mdio-mux-gpio.o
  CC      drivers/regulator/tps65132-regulator.o
  AR      drivers/vfio/platform/reset/built-in.a
  CC      drivers/mfd/max8925-i2c.o
  CC      drivers/clk/versatile/clk-icst.o
  CC      drivers/auxdisplay/hd44780.o
  CC      fs/ntfs3/upcase.o
  CC      fs/jffs2/gc.o
  CC      drivers/pcmcia/cs.o
  CC      drivers/net/phy/sfp.o
  CC      drivers/mtd/nand/raw/nand_timings.o
  CC      drivers/net/fddi/skfp/smt.o
  CC      drivers/clk/qcom/gpucc-sar2130p.o
  CC      drivers/net/wireless/intel/ipw2x00/libipw_tx.o
  CC      fs/affs/namei.o
  CC      drivers/mtd/nand/raw/nand_ids.o
  CC      drivers/auxdisplay/img-ascii-lcd.o
  CC      drivers/clk/versatile/clk-versatile.o
  CC      drivers/vfio/platform/vfio_amba.o
  CC      drivers/regulator/uniphier-regulator.o
  CC      drivers/net/mdio/mdio-mux-meson-g12a.o
  CC      drivers/mfd/max8997.o
  CC      fs/ntfs3/xattr.o
  CC      drivers/net/mdio/mdio-mux-meson-gxl.o
  CC      drivers/pcmcia/socket_sysfs.o
  CC      drivers/clk/qcom/gcc-sc7180.o
  CC      drivers/mtd/nand/raw/nand_onfi.o
  CC      fs/jffs2/symlink.o
  CC      drivers/clk/versatile/clk-vexpress-osc.o
  CC      drivers/auxdisplay/lcd2s.o
  CC      fs/affs/inode.o
  AR      drivers/vfio/platform/built-in.a
  CC      drivers/vfio/mdev/mdev_core.o
  CC      drivers/net/fddi/skfp/cfm.o
  CC      drivers/regulator/vctrl-regulator.o
  CC      drivers/net/wireless/intel/ipw2x00/libipw_rx.o
  CC      drivers/mfd/max8997-irq.o
  CC      drivers/pcmcia/cardbus.o
  CC      drivers/clk/qcom/gcc-sc7280.o
  CC      drivers/net/phy/sfp-bus.o
  CC      drivers/mtd/nand/raw/nand_jedec.o
  CC      drivers/regulator/vexpress-regulator.o
  CC      fs/jffs2/build.o
  AR      drivers/clk/versatile/built-in.a
  AR      drivers/net/mdio/built-in.a
  CC      drivers/mfd/max8998.o
  CC      drivers/vfio/mdev/mdev_sysfs.o
  AR      fs/ntfs3/built-in.a
  CC      drivers/net/fddi/skfp/ecm.o
  CC      drivers/net/wireless/intel/ipw2x00/libipw_wx.o
  CC      drivers/auxdisplay/line-display.o
  CC      fs/affs/file.o
  CC      drivers/mtd/nand/raw/nand_amd.o
  CC      drivers/clk/qcom/gcc-sc8280xp.o
  CC      drivers/pcmcia/ds.o
  CC      drivers/vfio/mdev/mdev_driver.o
  CC      drivers/regulator/vqmmc-ipq4019-regulator.o
  CC      drivers/pcmcia/pcmcia_resource.o
  CC      fs/jffs2/erase.o
  CC      drivers/net/phy/adin.o
  AR      drivers/net/wireless/microchip/built-in.a
  CC      drivers/net/wireless/intel/iwlwifi/iwl-io.o
  CC      drivers/mfd/max8998-irq.o
  CC      drivers/net/fddi/skfp/pcmplc.o
  CC      drivers/auxdisplay/max6959.o
  CC      drivers/clk/xilinx/xlnx_vcu.o
  CC      drivers/mtd/nand/raw/nand_esmt.o
  AR      drivers/net/mctp/built-in.a
  CC      drivers/clk/xilinx/clk-xlnx-clock-wizard.o
  AR      drivers/vfio/mdev/built-in.a
  AR      drivers/vfio/built-in.a
  CC      drivers/clk/qcom/gpucc-sc7180.o
  CC      drivers/net/phy/air_an8801.o
  CC      drivers/net/wireless/intel/ipw2x00/libipw_geo.o
  CC      drivers/regulator/wm8400-regulator.o
  CC      fs/jffs2/background.o
  CC      fs/affs/dir.o
  CC      drivers/mfd/mt6360-core.o
  CC      drivers/net/wireless/intel/iwlwifi/iwl-drv.o
  CC      drivers/pcmcia/cistpl.o
  CC      drivers/mtd/nand/raw/nand_hynix.o
  CC      drivers/net/phy/air_en8811h.o
  CC      drivers/mtd/nand/raw/nand_macronix.o
  AR      drivers/auxdisplay/built-in.a
  CC      drivers/mtd/nand/raw/nand_micron.o
  AR      drivers/net/wireless/quantenna/built-in.a
  CC      drivers/usb/common/common.o
  CC      drivers/clk/qcom/gpucc-sc8280xp.o
  CC      drivers/net/fddi/skfp/pmf.o
  AR      drivers/clk/xilinx/built-in.a
  CC      drivers/regulator/wm8994-regulator.o
  CC      drivers/net/wireless/intel/ipw2x00/libipw_spy.o
  CC      fs/jffs2/fs.o
  CC      fs/affs/amigaffs.o
  CC      drivers/usb/core/usb.o
  CC      drivers/mfd/mt6397-core.o
  CC      drivers/usb/phy/phy.o
  CC      drivers/net/fddi/skfp/queue.o
  CC      drivers/usb/phy/of.o
  CC      drivers/mtd/nand/raw/nand_sandisk.o
  CC      drivers/clk/qcom/lpasscorecc-sc7180.o
  CC      drivers/usb/common/usb-conn-gpio.o
  CC      drivers/pcmcia/pcmcia_cis.o
  CC      drivers/net/phy/air_phy_lib.o
  AR      drivers/regulator/built-in.a
  CC      drivers/net/wireless/intel/iwlwifi/iwl-debug.o
  CC      drivers/clk/qcom/videocc-sc7180.o
  CC      drivers/mfd/mt6397-irq.o
  CC      fs/jffs2/writev.o
  CC      drivers/mtd/nand/raw/nand_samsung.o
  CC      fs/affs/bitmap.o
  CC      drivers/net/xen-netfront.o
  CC      drivers/usb/phy/phy-generic.o
  CC      drivers/net/wireless/intel/ipw2x00/libipw_crypto.o
  CC      drivers/net/wireless/intel/ipw2x00/libipw_crypto_ccmp.o
  AR      drivers/net/wireless/realtek/built-in.a
  CC      drivers/net/wireless/intel/ipw2x00/libipw_crypto_tkip.o
  CC      drivers/net/fddi/skfp/rmt.o
  CC      drivers/usb/core/hub.o
  CC      drivers/usb/common/usb-otg-fsm.o
  CC      drivers/clk/qcom/videocc-sc7280.o
  CC      drivers/mtd/nand/raw/nand_toshiba.o
  CC      drivers/pcmcia/rsrc_mgr.o
  CC      fs/jffs2/super.o
  CC      drivers/net/phy/as21xxx.o
  CC      drivers/mfd/mt6358-irq.o
  CC      fs/affs/symlink.o
  CC      drivers/net/wireless/intel/iwlwifi/iwl-nvm-utils.o
  CC      drivers/usb/phy/phy-tegra-usb.o
  CC      drivers/net/wireless/intel/iwlwifi/iwl-utils.o
  CC      drivers/net/wireless/intel/iwlwifi/iwl-phy-db.o
  CC      drivers/clk/qcom/camcc-sdm845.o
  CC      drivers/mtd/nand/raw/sm_common.o
  CC      drivers/net/fddi/skfp/smtdef.o
  CC      drivers/usb/common/ulpi.o
  CC      drivers/net/wireless/intel/ipw2x00/libipw_crypto_wep.o
  CC      drivers/pcmcia/rsrc_nonstatic.o
  CC      fs/jffs2/debug.o
  CC      drivers/mfd/adp5520.o
  AR      fs/affs/built-in.a
  CC      drivers/usb/core/hcd.o
  CC      drivers/net/phy/bcm54140.o
  CC      drivers/mtd/nand/raw/cafe_nand.o
  CC      drivers/clk/qcom/dispcc-sdm845.o
  CC      drivers/mtd/nand/raw/denali.o
  AR      drivers/usb/common/built-in.a
  CC      drivers/mtd/nand/raw/denali_pci.o
  AR      drivers/net/wireless/rsi/built-in.a
  CC      drivers/mtd/nand/raw/denali_dt.o
  CC      drivers/usb/phy/phy-ulpi.o
  CC      drivers/pcmcia/yenta_socket.o
  CC      drivers/net/fddi/skfp/smtinit.o
  CC      fs/jffs2/compr_rtime.o
  CC      drivers/net/wireless/intel/iwlwifi/iwl-nvm-parse.o
  CC      fs/jffs2/compr_lzo.o
  AR      drivers/net/wireless/intel/ipw2x00/built-in.a
  CC      drivers/mfd/kempld-core.o
  CC      drivers/input/serio/serio.o
  CC      drivers/input/input.o
  CC      drivers/clk/qcom/gcc-sdm660.o
  CC      drivers/input/serio/serport.o
  CC      fs/romfs/storage.o
  CC      drivers/net/phy/bcm7xxx.o
  AR      drivers/net/wireless/silabs/built-in.a
  CC      drivers/usb/dwc3/core.o
  CC      drivers/usb/phy/phy-ulpi-viewport.o
  CC      drivers/usb/dwc3/host.o
  AR      fs/jffs2/built-in.a
  CC      drivers/usb/core/urb.o
  CC      drivers/usb/dwc2/core.o
  CC      drivers/mtd/nand/raw/nandsim.o
  CC      drivers/net/fddi/skfp/smttimer.o
  CC      drivers/mfd/lpc_sch.o
  CC      drivers/pcmcia/pd6729.o
  CC      drivers/clk/qcom/mmcc-sdm660.o
  CC      drivers/usb/dwc2/core_intr.o
  CC      drivers/input/serio/ambakmi.o
  CC      fs/romfs/super.o
  CC      drivers/input/input-compat.o
  AR      drivers/usb/phy/built-in.a
  CC      drivers/usb/isp1760/isp1760-core.o
  CC      drivers/net/phy/bcm84881.o
  CC      drivers/net/wireless/intel/iwlwifi/pcie/ctxt-info.o
  CC      drivers/usb/core/message.o
  CC      drivers/rtc/lib.o
  CC      drivers/mfd/lpc_ich.o
  AR      drivers/net/wireless/st/built-in.a
  CC      fs/qnx4/inode.o
  CC      drivers/net/fddi/skfp/srf.o
  CC      drivers/clk/qcom/gpucc-sdm660.o
  AR      drivers/pcmcia/built-in.a
  CC      fs/qnx4/dir.o
  CC      drivers/mtd/nand/raw/omap2.o
  CC      drivers/input/input-mt.o
  CC      drivers/usb/dwc2/platform.o
  CC      drivers/input/serio/pcips2.o
  CC      drivers/usb/dwc3/gadget.o
  AR      fs/romfs/built-in.a
  CC      fs/autofs/init.o
  CC      drivers/usb/isp1760/isp1760-if.o
  AR      drivers/rtc/built-in.a
  CC      fs/qnx4/namei.o
  CC      drivers/clk/qcom/gcc-sdm845.o
  CC      drivers/net/phy/bcm87xx.o
  CC      drivers/mfd/rdc321x-southbridge.o
  CC      drivers/usb/isp1760/isp1760-hcd.o
  CC      drivers/net/wireless/intel/iwlwifi/pcie/ctxt-info-v2.o
  CC      drivers/i2c/i2c-boardinfo.o
  CC      drivers/net/fddi/skfp/hwt.o
  CC      drivers/input/input-poller.o
  CC      drivers/usb/core/driver.o
  CC      drivers/input/serio/ps2mult.o
  CC      drivers/usb/dwc2/drd.o
  CC      fs/autofs/inode.o
  CC      fs/qnx4/bitmap.o
  CC      drivers/usb/dwc2/params.o
  CC      drivers/clk/qcom/lpasscc-sdm845.o
  CC      drivers/mtd/nand/raw/plat_nand.o
  CC      drivers/mfd/janz-cmodio.o
  CC      drivers/input/ff-core.o
  CC      drivers/net/phy/bcm-phy-lib.o
  CC      drivers/i2c/i2c-core-base.o
  CC      drivers/input/serio/libps2.o
  CC      drivers/net/fddi/skfp/drvfbi.o
  CC      drivers/usb/isp1760/isp1760-udc.o
  CC      drivers/net/wireless/intel/iwlwifi/pcie/drv.o
  CC      drivers/clk/qcom/videocc-sdm845.o
  CC      drivers/usb/dwc3/ep0.o
  AR      fs/qnx4/built-in.a
  CC      drivers/usb/dwc3/drd.o
  CC      drivers/mtd/nand/raw/r852.o
  CC      drivers/usb/dwc3/ulpi.o
  CC      drivers/usb/core/config.o
  CC      fs/autofs/root.o
  CC      drivers/mfd/si476x-cmd.o
  CC      drivers/input/touchscreen.o
  CC      drivers/usb/dwc2/hcd.o
  CC      drivers/input/serio/arc_ps2.o
  CC      drivers/clk/qcom/camcc-sm6350.o
  CC      drivers/net/phy/bcm-phy-ptp.o
  CC      drivers/net/fddi/skfp/ess.o
  CC      drivers/input/touch-overlay.o
  CC      drivers/input/ff-memless.o
  CC      drivers/usb/core/file.o
  CC      drivers/i2c/i2c-core-smbus.o
  AR      drivers/mtd/nand/raw/ingenic/built-in.a
  AR      drivers/usb/isp1760/built-in.a
  CC      drivers/usb/dwc3/debugfs.o
  CC      drivers/mtd/nand/raw/hisi504_nand.o
  CC      fs/autofs/symlink.o
  CC      drivers/net/wireless/intel/iwlwifi/pcie/utils.o
  CC      drivers/i3c/device.o
  CC      drivers/media/rc/rc-main.o
  CC      drivers/mfd/si476x-prop.o
  CC      drivers/input/serio/apbps2.o
  CC      drivers/clk/qcom/camcc-sm7150.o
  CC      drivers/media/cec/core/cec-core.o
  CC      drivers/input/sparse-keymap.o
  CC      drivers/usb/core/buffer.o
  AR      drivers/net/fddi/skfp/built-in.a
  AR      drivers/net/fddi/built-in.a
  CC      drivers/media/cec/core/cec-adap.o
  CC      fs/autofs/waitq.o
  CC      drivers/mtd/nand/raw/brcmnand/iproc_nand.o
  CC      drivers/net/phy/broadcom.o
  CC      drivers/i2c/i2c-core-slave.o
  CC      drivers/input/serio/hyperv-keyboard.o
  CC      drivers/i3c/master.o
  CC      drivers/clk/qcom/camcc-sm8250.o
  CC      drivers/usb/dwc3/dwc3-of-simple.o
  CC      drivers/usb/dwc2/hcd_intr.o
  CC      drivers/media/rc/rc-ir-raw.o
  CC      drivers/input/matrix-keymap.o
  CC      drivers/net/wireless/intel/iwlwifi/pcie/gen1_2/rx.o
  CC      drivers/mfd/si476x-i2c.o
  CC      drivers/mtd/nand/raw/mxic_nand.o
  CC      drivers/usb/core/sysfs.o
  CC      drivers/mtd/nand/raw/brcmnand/bcmbca_nand.o
  CC      drivers/clk/qcom/camcc-sm8450.o
  CC      fs/autofs/expire.o
  CC      drivers/i2c/i2c-core-of.o
  AR      drivers/input/serio/built-in.a
  CC      drivers/pps/pps.o
  CC      drivers/input/vivaldi-fmap.o
  CC      drivers/usb/dwc3/dwc3-qcom.o
  AR      drivers/media/rc/built-in.a
  CC      fs/fuse/trace.o
  CC      drivers/pps/kapi.o
  CC      drivers/net/phy/cicada.o
  CC      drivers/mfd/qcom_rpm.o
  CC      drivers/media/cec/core/cec-api.o
  CC      drivers/mtd/nand/raw/brcmnand/bcm6368_nand.o
  CC      drivers/usb/dwc2/hcd_queue.o
  CC      drivers/input/input-leds.o
  CC      drivers/usb/core/endpoint.o
  CC      drivers/clk/qcom/camcc-sm8550.o
  CC      fs/fuse/dev.o
  CC      drivers/i3c/master/i3c-master-cdns.o
  CC      drivers/i2c/i2c-core-of-prober.o
  CC      drivers/pps/sysfs.o
  CC      fs/autofs/dev-ioctl.o
  CC      drivers/clk/qcom/camcc-sm8650.o
  CC      drivers/usb/dwc3/dwc3-qcom-legacy.o
  CC      drivers/mfd/tps65090.o
  CC      drivers/net/wireless/intel/iwlwifi/pcie/gen1_2/tx.o
  CC      drivers/mtd/nand/raw/brcmnand/brcmstb_nand.o
  CC      drivers/input/joydev.o
  CC      drivers/net/phy/cortina.o
  CC      drivers/media/cec/core/cec-notifier.o
  CC      drivers/usb/dwc2/hcd_ddma.o
  CC      drivers/usb/core/devio.o
  CC      drivers/pps/clients/pps-ktimer.o
  CC      drivers/mtd/nand/raw/stm32_fmc2_nand.o
  CC      drivers/clk/qcom/cambistmclkcc-sm8750.o
  CC      drivers/i2c/i2c-smbus.o
  AR      fs/autofs/built-in.a
  CC      drivers/mtd/nand/raw/meson_nand.o
  CC      drivers/mtd/nand/raw/brcmnand/brcmnand.o
  CC      drivers/i3c/master/dw-i3c-master.o
  CC      drivers/mfd/atmel-flexcom.o
  AR      drivers/pps/clients/built-in.a
  CC      drivers/usb/dwc3/dwc3-rtk.o
  CC      drivers/pps/generators/pps_gen.o
  CC      drivers/input/evdev.o
  CC      drivers/net/phy/davicom.o
  CC      drivers/media/cec/core/cec-pin.o
  CC      fs/fuse/dir.o
  CC      drivers/clk/qcom/camcc-sm8750.o
  CC      drivers/usb/dwc2/gadget.o
  CC      drivers/i2c/i2c-mux.o
  CC      drivers/mfd/atmel-hlcdc.o
  CC      drivers/pps/generators/sysfs.o
  CC      drivers/i3c/master/svc-i3c-master.o
  CC      drivers/usb/dwc3/dwc3-google.o
  CC      drivers/net/wireless/intel/iwlwifi/pcie/gen1_2/trans.o
  CC      drivers/i3c/master/mipi-i3c-hci/core.o
  CC      drivers/clk/qcom/camcc-milos.o
  AR      drivers/mtd/nand/raw/brcmnand/built-in.a
  CC      drivers/net/phy/dp83822.o
  CC      drivers/mtd/nand/raw/intel-nand-controller.o
  CC      drivers/media/cec/core/cec-pin-error-inj.o
  CC      drivers/usb/core/notify.o
  CC      drivers/mfd/viperboard.o
  CC      drivers/clk/qcom/dispcc-sm4450.o
  CC      drivers/pps/generators/pps_gen-dummy.o
  CC      drivers/i2c/i2c-atr.o
  CC      drivers/input/keyboard/atkbd.o
  CC      drivers/usb/cdns3/core.o
  CC      fs/fuse/file.o
  AR      drivers/usb/dwc3/built-in.a
  CC      fs/fuse/inode.o
  AR      drivers/pps/generators/built-in.a
  AR      drivers/pps/built-in.a
  AR      drivers/net/wireless/zydas/built-in.a
  AR      drivers/media/cec/core/built-in.a
  CC      drivers/mfd/ntxec.o
  CC      drivers/clk/qcom/dispcc-sm6350.o
  AR      drivers/media/cec/i2c/built-in.a
  CC      drivers/mfd/sec-common.o
  CC      drivers/media/cec/platform/cros-ec/cros-ec-cec.o
  CC      drivers/usb/core/generic.o
  CC      drivers/usb/dwc2/debugfs.o
  CC      drivers/i3c/master/mipi-i3c-hci/ext_caps.o
  AR      drivers/mtd/nand/raw/built-in.a
  AR      drivers/mtd/nand/built-in.a
  CC      drivers/net/phy/dp83867.o
  AR      drivers/mtd/built-in.a
  CC      drivers/input/tablet/aiptek.o
  CC      drivers/i2c/algos/i2c-algo-bit.o
  CC      drivers/input/keyboard/cap11xx.o
  CC      drivers/input/keyboard/cros_ec_keyb.o
  CC      drivers/usb/cdns3/drd.o
  CC      drivers/clk/qcom/dispcc-sm8450.o
  CC      drivers/usb/cdns3/cdns3-plat.o
  CC      drivers/usb/core/quirks.o
  CC      drivers/mfd/sec-irq.o
  AR      drivers/media/cec/platform/cros-ec/built-in.a
  CC      drivers/net/wireless/intel/iwlwifi/pcie/gen1_2/trans-gen2.o
  CC      drivers/media/cec/platform/cec-gpio/cec-gpio.o
  AR      drivers/usb/dwc2/built-in.a
  CC      drivers/i3c/master/mipi-i3c-hci/pio.o
  CC      drivers/i3c/master/mipi-i3c-hci/dma.o
  CC      drivers/input/keyboard/cypress-sf.o
  CC      fs/fuse/control.o
  CC      drivers/i2c/algos/i2c-algo-pcf.o
  CC      drivers/input/tablet/pegasus_notetaker.o
  CC      drivers/clk/qcom/dispcc-sm8750.o
  AR      drivers/media/cec/usb/built-in.a
  CC      drivers/usb/cdns3/host.o
  CC      drivers/net/phy/dp83td510.o
  CC      drivers/clk/qcom/dispcc-milos.o
  CC      drivers/net/xen-netback/netback.o
  CC      drivers/mfd/sec-i2c.o
  CC      drivers/usb/core/devices.o
  CC      drivers/net/xen-netback/xenbus.o
  AR      drivers/media/cec/platform/cec-gpio/built-in.a
  CC      drivers/media/cec/platform/meson/ao-cec-g12a.o
  CC      drivers/input/keyboard/dlink-dir685-touchkeys.o
  CC      drivers/mfd/syscon.o
  CC      drivers/clk/qcom/gcc-sm4450.o
  CC      drivers/net/wireless/intel/iwlwifi/pcie/gen1_2/tx-gen2.o
  CC      fs/fuse/xattr.o
  CC      drivers/i2c/algos/i2c-algo-pca.o
  CC      drivers/usb/cdns3/cdns3-gadget.o
  CC      drivers/net/usb/catc.o
  CC      drivers/input/tablet/wacom_serial4.o
  CC      drivers/i3c/master/mipi-i3c-hci/cmd_v1.o
  CC      drivers/ptp/ptp_clock.o
  CC      drivers/usb/core/phy.o
  CC      drivers/net/phy/dp83tg720.o
  AR      drivers/media/cec/platform/meson/built-in.a
  CC      drivers/mfd/iqs62x.o
  CC      drivers/media/cec/platform/stm32/stm32-cec.o
  CC      drivers/input/keyboard/tca8418_keypad.o
  CC      drivers/clk/qcom/gcc-sm6115.o
  CC      drivers/i2c/busses/i2c-ali1535.o
  CC      fs/fuse/acl.o
  AR      drivers/input/tablet/built-in.a
  CC      drivers/clk/qcom/gcc-sm6125.o
  AR      drivers/i2c/algos/built-in.a
  CC      drivers/net/xen-netback/interface.o
  CC      drivers/net/wireless/virtual/virt_wifi.o
  CC      drivers/usb/core/port.o
  CC      drivers/ptp/ptp_chardev.o
  AR      drivers/media/cec/platform/stm32/built-in.a
  CC      drivers/net/usb/pegasus.o
  CC      drivers/media/cec/platform/tegra/tegra_cec.o
  CC      drivers/i3c/master/mipi-i3c-hci/cmd_v2.o
  CC      drivers/net/phy/fixed_phy.o
  CC      drivers/usb/cdns3/cdns3-ep0.o
  CC      drivers/mfd/rt4831.o
  CC      drivers/input/keyboard/lm8323.o
  CC      drivers/net/wireless/intel/iwlwifi/iwl-dbg-tlv.o
  CC      drivers/input/keyboard/lm8333.o
  CC      drivers/clk/qcom/gcc-sm6350.o
  CC      fs/fuse/readdir.o
  CC      drivers/i2c/busses/i2c-ali1563.o
  CC      drivers/usb/core/trace.o
  AR      drivers/net/wireless/virtual/built-in.a
  CC      fs/fuse/ioctl.o
  AR      drivers/media/cec/platform/tegra/built-in.a
  AR      drivers/media/cec/platform/built-in.a
  AR      drivers/media/cec/built-in.a
  CC      drivers/net/xen-netback/hash.o
  CC      drivers/mfd/rt5033.o
  CC      drivers/ptp/ptp_sysfs.o
  CC      drivers/clk/qcom/gcc-sm7150.o
  CC      drivers/usb/cdns3/cdnsp-ring.o
  CC      drivers/net/phy/icplus.o
  CC      drivers/net/wireless/intel/iwlwifi/iwl-trans.o
  CC      drivers/input/keyboard/matrix_keypad.o
  CC      drivers/net/usb/r8152.o
  CC      drivers/i3c/master/mipi-i3c-hci/dat_v1.o
  CC      drivers/i2c/busses/i2c-amd756.o
  CC      fs/fuse/req_timeout.o
  CC      drivers/usb/core/of.o
  AR      drivers/media/built-in.a
  CC      drivers/clk/qcom/gcc-sm8150.o
  CC      drivers/w1/w1.o
  CC      drivers/usb/mon/mon_main.o
  CC      drivers/mfd/sky81452.o
  CC      drivers/usb/mon/mon_stat.o
  CC      fs/fuse/req.o
  CC      drivers/ptp/ptp_vclock.o
  CC      drivers/net/xen-netback/rx.o
  CC      drivers/input/keyboard/max7359_keypad.o
  CC      drivers/i3c/master/mipi-i3c-hci/dct_v1.o
  CC      drivers/net/phy/intel-xway.o
  CC      drivers/usb/cdns3/cdnsp-gadget.o
  CC      drivers/i2c/busses/i2c-i801.o
  CC      drivers/usb/core/offload.o
  CC      drivers/net/wireless/intel/iwlwifi/fw/img.o
  CC      drivers/clk/qcom/gcc-sm8250.o
  CC      drivers/net/phy/et1011c.o
  CC      drivers/usb/mon/mon_text.o
  CC      drivers/mfd/stpmic1.o
  CC      fs/fuse/poll.o
  CC      drivers/ptp/ptp_ines.o
  CC      drivers/input/keyboard/max7360-keypad.o
  CC      drivers/w1/w1_int.o
  CC      drivers/usb/core/ledtrig-usbport.o
  CC      drivers/i3c/master/mipi-i3c-hci/hci_quirks.o
  AR      drivers/net/xen-netback/built-in.a
  CC      drivers/clk/qcom/gcc-sm8350.o
  CC      drivers/net/hyperv/netvsc_drv.o
  CC      drivers/i2c/muxes/i2c-arb-gpio-challenge.o
  CC      drivers/i2c/busses/i2c-isch.o
  CC      drivers/net/wireless/intel/iwlwifi/fw/notif-wait.o
  CC      fs/fuse/notify.o
  CC      drivers/usb/mon/mon_bin.o
  CC      drivers/net/phy/marvell10g.o
  CC      drivers/mfd/stm32-lptimer.o
  CC      drivers/usb/cdns3/cdnsp-mem.o
  CC      drivers/input/keyboard/mtk-pmic-keys.o
  CC      drivers/i3c/master/mipi-i3c-hci/mipi-i3c-hci-pci.o
  AR      drivers/usb/core/built-in.a
  CC      drivers/usb/cdns3/cdnsp-ep0.o
  CC      drivers/clk/qcom/gcc-sm8450.o
  CC      drivers/w1/w1_family.o
  CC      drivers/ptp/ptp_vmclock.o
  CC      drivers/i2c/muxes/i2c-mux-gpio.o
  CC      drivers/mfd/stm32-timers.o
  CC      drivers/i2c/busses/i2c-nforce2.o
  CC      drivers/net/wireless/intel/iwlwifi/fw/rs.o
  CC      fs/fuse/iomode.o
  CC      drivers/input/keyboard/newtonkbd.o
  AR      drivers/usb/mon/built-in.a
  CC      drivers/input/keyboard/pinephone-keyboard.o
  CC      fs/fuse/passthrough.o
  CC      drivers/clk/qcom/gcc-sm8550.o
  CC      drivers/net/usb/lan78xx.o
  CC      drivers/w1/w1_netlink.o
  CC      drivers/usb/cdns3/cdns3-ti.o
  CC      drivers/net/phy/marvell-88x2222.o
  AR      drivers/i3c/master/mipi-i3c-hci/built-in.a
  AR      drivers/i3c/master/built-in.a
  AR      drivers/i3c/built-in.a
  CC      drivers/i2c/muxes/i2c-mux-gpmux.o
  CC      drivers/power/reset/gpio-restart.o
  CC      drivers/ptp/ptp_idt82p33.o
  CC      drivers/mfd/rave-sp.o
  CC      drivers/net/hyperv/netvsc.o
  CC      drivers/power/reset/hisi-reboot.o
  CC      drivers/i2c/busses/i2c-piix4.o
  CC      drivers/mfd/rohm-bd71828.o
  CC      drivers/clk/qcom/gcc-sm8650.o
  CC      drivers/net/wireless/intel/iwlwifi/fw/dbg.o
  CC      fs/fuse/backing.o
  CC      drivers/input/keyboard/qt1050.o
  CC      drivers/i2c/i2c-slave-eeprom.o
  AR      drivers/usb/cdns3/built-in.a
  CC      drivers/usb/host/ehci-hcd.o
  CC      drivers/i2c/muxes/i2c-mux-ltc4306.o
  CC      drivers/power/reset/linkstation-poweroff.o
  CC      drivers/usb/class/usblp.o
  CC      drivers/net/phy/mxl-gpy.o
  CC      drivers/w1/w1_io.o
  CC      drivers/ptp/ptp_mock.o
  CC      drivers/clk/qcom/gcc-sm8750.o
  CC      drivers/mfd/rohm-bd718x7.o
  CC      drivers/i2c/busses/i2c-sis630.o
  CC      fs/fuse/cuse.o
  CC      drivers/usb/class/usbtmc.o
  CC      drivers/input/keyboard/qt1070.o
  CC      drivers/net/hyperv/rndis_filter.o
  CC      drivers/i2c/muxes/i2c-mux-pca9541.o
  CC      drivers/power/reset/macsmc-reboot.o
  CC      drivers/w1/masters/amd_axi_w1.o
  CC      drivers/w1/masters/ds2490.o
  CC      drivers/clk/qcom/gcc-milos.o
  CC      drivers/ptp/ptp_dfl_tod.o
  AR      drivers/net/usb/built-in.a
  CC      drivers/net/phy/mxl-86110.o
  CC      drivers/mfd/rohm-bd9576.o
  CC      drivers/i2c/busses/i2c-sis96x.o
  CC      drivers/net/wireless/intel/iwlwifi/fw/dbg-old.o
  CC      drivers/net/wireless/intel/iwlwifi/fw/pnvm.o
  AR      fs/fuse/built-in.a
  CC      fs/overlayfs/super.o
  CC      drivers/power/reset/mt6323-poweroff.o
  CC      drivers/input/keyboard/qt2160.o
  CC      drivers/i2c/muxes/i2c-mux-reg.o
  CC      drivers/net/hyperv/netvsc_trace.o
  CC      drivers/clk/qcom/gpucc-sm6350.o
  CC      drivers/w1/masters/ds2482.o
  AR      drivers/usb/class/built-in.a
  CC      drivers/power/sequencing/core.o
  CC      drivers/ptp/ptp_netc.o
  CC      drivers/i2c/busses/i2c-cadence.o
  CC      drivers/mfd/rohm-bd96801.o
  CC      drivers/usb/host/ehci-platform.o
  CC      drivers/power/reset/restart-poweroff.o
  CC      drivers/net/phy/mediatek/mtk-ge.o
  CC      drivers/input/touchscreen/ad7879.o
  CC      drivers/clk/qcom/gpucc-sm8150.o
  CC      drivers/input/keyboard/samsung-keypad.o
  AR      drivers/i2c/muxes/built-in.a
  CC      drivers/i2c/i2c-slave-testunit.o
  CC      drivers/i2c/busses/i2c-cbus-gpio.o
  CC      drivers/net/wireless/intel/iwlwifi/fw/dump.o
  CC      drivers/net/hyperv/netvsc_bpf.o
  CC      drivers/power/sequencing/pwrseq-qcom-wcn.o
  CC      fs/overlayfs/namei.o
  CC      drivers/w1/masters/w1-gpio.o
  CC      drivers/power/reset/reboot-mode.o
  CC      drivers/mfd/stmfx.o
  CC      drivers/input/touchscreen/resistive-adc-touch.o
  CC      drivers/usb/host/ehci-orion.o
  AR      drivers/ptp/built-in.a
  CC      drivers/input/touchscreen/ar1021_i2c.o
  CC      drivers/clk/qcom/gpucc-sm8250.o
  CC      drivers/w1/slaves/w1_therm.o
  CC      drivers/net/phy/mediatek/mtk-ge-soc.o
  CC      drivers/input/keyboard/stmpe-keypad.o
  CC      drivers/w1/masters/sgi_w1.o
  CC      drivers/w1/slaves/w1_smem.o
  CC      drivers/i2c/busses/i2c-emev2.o
  CC      drivers/power/reset/syscon-reboot-mode.o
  AR      drivers/power/sequencing/built-in.a
  CC      drivers/usb/image/microtek.o
  CC      drivers/usb/misc/appledisplay.o
  CC      fs/overlayfs/util.o
  CC      drivers/clk/qcom/gpucc-sm8350.o
  CC      drivers/mfd/khadas-mcu.o
  CC      drivers/usb/host/oxu210hp-hcd.o
  CC      drivers/net/wireless/intel/iwlwifi/fw/regulatory.o
  AR      drivers/net/hyperv/built-in.a
  CC      drivers/usb/misc/cytherm.o
  CC      drivers/input/touchscreen/atmel_mxt_ts.o
  CC      drivers/input/keyboard/twl4030_keypad.o
  CC      drivers/mfd/qcom-pm8008.o
  CC      drivers/w1/masters/w1-uart.o
  CC      drivers/w1/slaves/w1_ds2405.o
  CC      drivers/power/reset/qemu-virt-ctrl.o
  CC      drivers/i2c/busses/i2c-gpio.o
  AR      drivers/usb/image/built-in.a
  CC      drivers/clk/qcom/gpucc-sm8550.o
  CC      drivers/usb/atm/speedtch.o
  CC      drivers/net/phy/micrel.o
  CC      drivers/net/phy/mediatek/mtk-phy-lib.o
  CC      drivers/usb/misc/emi26.o
  CC      drivers/usb/host/isp116x-hcd.o
  CC      drivers/input/keyboard/xtkbd.o
  AR      drivers/w1/masters/built-in.a
  CC      drivers/i2c/busses/i2c-hisi.o
  CC      drivers/w1/slaves/w1_ds2413.o
  AR      drivers/power/reset/built-in.a
  CC      drivers/mfd/simple-mfd-i2c.o
  CC      fs/overlayfs/inode.o
  CC      drivers/power/supply/power_supply_core.o
  AR      drivers/net/wireless/intel/iwlwifi/built-in.a
  AR      drivers/net/wireless/intel/built-in.a
  AR      drivers/net/wireless/built-in.a
  CC      fs/orangefs/acl.o
  CC      drivers/clk/qcom/gpucc-sm8750.o
  CC      fs/orangefs/file.o
  CC      drivers/input/touchscreen/bu21013_ts.o
  CC      drivers/w1/slaves/w1_ds2406.o
  CC      drivers/i2c/busses/i2c-hix5hd2.o
  AR      drivers/input/keyboard/built-in.a
  CC      drivers/usb/misc/emi62.o
  CC      drivers/i2c/busses/i2c-imx.o
  CC      drivers/mfd/smpro-core.o
  CC      drivers/net/phy/microchip.o
  AR      drivers/net/phy/mediatek/built-in.a
  CC      drivers/usb/atm/usbatm.o
  CC      drivers/usb/host/ohci-hcd.o
  CC      drivers/usb/atm/xusbatm.o
  CC      drivers/power/supply/power_supply_sysfs.o
  CC      drivers/clk/qcom/gpucc-milos.o
  CC      fs/overlayfs/file.o
  CC      drivers/w1/slaves/w1_ds2423.o
  CC      drivers/w1/slaves/w1_ds2430.o
  CC      drivers/usb/misc/apple-mfi-fastcharge.o
  CC      fs/orangefs/orangefs-cache.o
  CC      drivers/input/touchscreen/bu21029_ts.o
  CC      drivers/input/touchscreen/chipone_icn8318.o
  CC      drivers/mfd/intel-m10-bmc-core.o
  CC      drivers/input/touchscreen/cy8ctma140.o
  CC      drivers/power/supply/power_supply_leds.o
  CC      drivers/clk/qcom/lpasscc-sm6115.o
  CC      drivers/w1/slaves/w1_ds2431.o
  CC      drivers/usb/chipidea/core.o
  CC      drivers/i2c/busses/i2c-keba.o
  CC      drivers/usb/chipidea/otg.o
  CC      drivers/net/phy/microchip_t1s.o
  CC      drivers/usb/misc/idmouse.o
  CC      fs/overlayfs/dir.o
  AR      drivers/usb/atm/built-in.a
  CC      fs/orangefs/orangefs-utils.o
  CC      drivers/usb/misc/isight_firmware.o
  CC      drivers/usb/misc/usblcd.o
  CC      drivers/power/supply/power_supply_hwmon.o
  CC      drivers/mfd/intel-m10-bmc-pmci.o
  CC      drivers/usb/gadget/usbstring.o
  CC      drivers/w1/slaves/w1_ds2433.o
  CC      drivers/clk/qcom/tcsrcc-sm8550.o
  CC      drivers/input/touchscreen/cyttsp_core.o
  CC      drivers/usb/host/ohci-platform.o
  CC      drivers/usb/host/xhci.o
  CC      drivers/i2c/busses/i2c-mt7621.o
  CC      drivers/usb/gadget/config.o
  CC      drivers/power/supply/generic-adc-battery.o
  CC      drivers/power/supply/ip5xxx_power.o
  CC      drivers/net/phy/motorcomm.o
  CC      drivers/usb/chipidea/debug.o
  CC      drivers/w1/slaves/w1_ds2438.o
  CC      drivers/w1/slaves/w1_ds250x.o
  CC      drivers/clk/qcom/tcsrcc-sm8650.o
  CC      drivers/usb/misc/legousbtower.o
  CC      drivers/mfd/qnap-mcu.o
  CC      fs/orangefs/xattr.o
  CC      fs/overlayfs/readdir.o
  CC      drivers/input/touchscreen/cyttsp_i2c.o
  CC      drivers/net/net_failover.o
  CC      drivers/w1/slaves/w1_ds2780.o
  CC      drivers/i2c/busses/i2c-ocores.o
  CC      drivers/i2c/busses/i2c-pasemi-core.o
  CC      drivers/i2c/busses/i2c-pasemi-platform.o
  CC      drivers/usb/gadget/epautoconf.o
  CC      drivers/clk/qcom/tcsrcc-sm8750.o
  CC      drivers/usb/chipidea/ulpi.o
  CC      drivers/mfd/rsmu_i2c.o
  CC      drivers/power/supply/max8925_power.o
  CC      drivers/usb/misc/qcom_eud.o
  CC      fs/orangefs/dcache.o
  CC      drivers/w1/slaves/w1_ds2781.o
  CC      drivers/input/touchscreen/dynapro.o
  CC      drivers/usb/gadget/composite.o
  CC      fs/overlayfs/copy_up.o
  CC      drivers/clk/qcom/videocc-sm6350.o
  CC      fs/overlayfs/export.o
  CC      drivers/net/phy/nxp-c45-tja11xx.o
  CC      drivers/usb/chipidea/udc.o
  CC      drivers/i2c/busses/i2c-pca-platform.o
  CC      drivers/usb/host/xhci-mem.o
  CC      drivers/i2c/busses/i2c-pxa.o
  CC      drivers/usb/misc/usbtest.o
  CC      drivers/mfd/rsmu_core.o
  CC      drivers/power/supply/88pm860x_battery.o
  CC      drivers/w1/slaves/w1_ds28e04.o
  CC      drivers/input/touchscreen/edt-ft5x06.o
  CC      fs/orangefs/inode.o
  CC      drivers/w1/slaves/w1_ds28e17.o
  CC      drivers/clk/qcom/videocc-sm7150.o
  AR      drivers/mfd/built-in.a
  CC      fs/udf/balloc.o
  CC      fs/jfs/super.o
  CC      drivers/net/phy/nxp-cbtx.o
  CC      drivers/usb/host/xhci-ext-caps.o
  CC      fs/overlayfs/params.o
  CC      drivers/power/supply/adp5061.o
  CC      drivers/i2c/busses/i2c-qcom-cci.o
  CC      drivers/usb/gadget/functions.o
  CC      drivers/clk/qcom/videocc-sm8150.o
  CC      drivers/usb/typec/class.o
  CC      drivers/input/touchscreen/hampshire.o
  CC      drivers/usb/misc/yurex.o
  AR      drivers/w1/slaves/built-in.a
  CC      drivers/usb/gadget/configfs.o
  AR      drivers/w1/built-in.a
  CC      drivers/usb/chipidea/trace.o
  CC      drivers/clk/qcom/videocc-sm8550.o
  CC      fs/orangefs/orangefs-sysfs.o
  CC      drivers/usb/host/xhci-ring.o
  CC      fs/udf/dir.o
  CC      drivers/net/phy/qcom/qcom-phy-lib.o
  CC      fs/jfs/file.o
  CC      drivers/usb/host/xhci-hub.o
  CC      fs/udf/file.o
  CC      drivers/power/supply/ds2760_battery.o
  CC      fs/overlayfs/xattrs.o
  CC      drivers/input/touchscreen/hycon-hy46xx.o
  CC      drivers/i2c/busses/i2c-simtec.o
  CC      drivers/clk/qcom/videocc-milos.o
  CC      drivers/usb/chipidea/host.o
  CC      drivers/usb/misc/usb3503.o
  CC      fs/jfs/inode.o
  CC      drivers/i2c/busses/i2c-stm32f7.o
  CC      drivers/usb/gadget/u_f.o
  CC      drivers/usb/typec/mux.o
  CC      fs/orangefs/orangefs-mod.o
  AR      fs/overlayfs/built-in.a
  CC      drivers/power/supply/ds2780_battery.o
  CC      fs/jfs/namei.o
  CC      drivers/clk/qcom/kpss-xcc.o
  CC      fs/udf/ialloc.o
  CC      fs/udf/inode.o
  CC      drivers/input/touchscreen/gunze.o
  CC      drivers/net/phy/qcom/at803x.o
  CC      fs/orangefs/super.o
  CC      drivers/usb/chipidea/otg_fsm.o
  CC      drivers/usb/typec/bus.o
  CC      drivers/usb/misc/chaoskey.o
  CC      drivers/usb/gadget/udc/core.o
  CC      drivers/usb/host/xhci-dbg.o
  CC      fs/xfs/xfs_trace.o
  CC      drivers/power/supply/ds2781_battery.o
  CC      drivers/clk/qcom/hfpll.o
  CC      drivers/usb/typec/pd.o
  CC      drivers/usb/chipidea/ci_hdrc_usb2.o
  CC      drivers/input/touchscreen/eeti_ts.o
  CC      fs/jfs/jfs_mount.o
  CC      drivers/i2c/busses/i2c-stm32.o
  CC      drivers/net/phy/qcom/qca83xx.o
  CC      drivers/usb/host/xhci-trace.o
  CC      drivers/usb/misc/sisusbvga/sisusbvga.o
  CC      drivers/power/supply/ds2782_battery.o
  CC      fs/orangefs/devorangefs-req.o
  AR      drivers/clk/qcom/built-in.a
  AR      drivers/clk/built-in.a
  CC      fs/jfs/jfs_umount.o
  CC      fs/jfs/jfs_xtree.o
  CC      drivers/hwmon/hwmon.o
  CC      drivers/usb/typec/retimer.o
  CC      drivers/usb/gadget/udc/trace.o
  CC      fs/xfs/libxfs/xfs_group.o
  CC      drivers/usb/chipidea/ci_hdrc_npcm.o
  CC      fs/udf/lowlevel.o
  CC      drivers/input/touchscreen/ektf2127.o
  CC      drivers/i2c/busses/i2c-tegra.o
  CC      drivers/thermal/thermal_core.o
  CC      drivers/usb/host/xhci-debugfs.o
  CC      drivers/usb/typec/mode_selection.o
  CC      drivers/net/phy/qcom/qca807x.o
  CC      drivers/i2c/busses/i2c-tegra-bpmp.o
  CC      drivers/usb/gadget/udc/dummy_hcd.o
  CC      drivers/power/supply/goldfish_battery.o
  CC      fs/orangefs/namei.o
  CC      fs/udf/namei.o
  CC      drivers/usb/chipidea/usbmisc_imx.o
  CC      drivers/hwmon/hwmon-vid.o
  CC      fs/xfs/libxfs/xfs_ag.o
  CC      drivers/input/touchscreen/elants_i2c.o
  CC      fs/jfs/jfs_imap.o
  AR      drivers/usb/typec/altmodes/built-in.a
  CC      drivers/usb/typec/tcpm/tcpm.o
  AR      drivers/usb/misc/sisusbvga/built-in.a
  CC      drivers/usb/misc/lvstest.o
  CC      drivers/thermal/thermal_sysfs.o
  CC      drivers/usb/host/xhci-sideband.o
  CC      drivers/power/supply/lenovo_yoga_c630_battery.o
  CC      drivers/thermal/thermal_trip.o
  CC      drivers/hwmon/w83627hf.o
  CC      drivers/i2c/busses/i2c-uniphier-f.o
  AR      drivers/net/phy/qcom/built-in.a
  CC      drivers/net/phy/qsemi.o
  CC      fs/orangefs/symlink.o
  CC      drivers/usb/gadget/udc/snps_udc_core.o
  CC      fs/udf/partition.o
  CC      drivers/usb/chipidea/ci_hdrc_imx.o
  AR      drivers/usb/misc/built-in.a
  CC      drivers/usb/roles/class.o
  CC      drivers/net/phy/uPD60620.o
  CC      drivers/power/supply/samsung-sdi-battery.o
  CC      drivers/input/touchscreen/elo.o
  CC      drivers/thermal/thermal_helpers.o
  CC      drivers/usb/host/xhci-plat.o
  CC      fs/xfs/libxfs/xfs_ag_resv.o
  CC      fs/jfs/jfs_debug.o
  CC      drivers/i2c/busses/i2c-octeon-core.o
  CC      fs/orangefs/dir.o
  AR      drivers/usb/roles/built-in.a
  CC      fs/jfs/jfs_dmap.o
  CC      drivers/power/supply/s2mu005-battery.o
  CC      drivers/usb/host/xhci-mvebu.o
  CC      drivers/hwmon/w83793.o
  CC      fs/udf/super.o
  CC      drivers/thermal/thermal_thresholds.o
  CC      drivers/usb/chipidea/ci_hdrc_tegra.o
  CC      drivers/input/touchscreen/exc3000.o
  CC      drivers/power/supply/sbs-charger.o
  CC      drivers/net/phy/rockchip.o
  CC      drivers/usb/gadget/udc/pxa27x_udc.o
  CC      drivers/thermal/thermal_hwmon.o
  CC      fs/xfs/libxfs/xfs_alloc.o
  CC      drivers/usb/host/xhci-histb.o
  CC      drivers/usb/gadget/udc/tegra-xudc.o
  CC      fs/orangefs/orangefs-bufmap.o
  CC      fs/xfs/libxfs/xfs_alloc_btree.o
  CC      drivers/i2c/busses/i2c-thunderx-pcidrv.o
  CC      drivers/usb/typec/tcpm/fusb302.o
  CC      drivers/power/supply/bq27xxx_battery.o
  AR      drivers/usb/chipidea/built-in.a
  CC      drivers/thermal/thermal_of.o
  CC      drivers/input/touchscreen/goodix.o
  CC      fs/jfs/jfs_unicode.o
  CC      drivers/net/phy/ste10Xp.o
  CC      drivers/md/raid0.o
  CC      drivers/hwmon/ad7414.o
  CC      fs/udf/truncate.o
  CC      drivers/usb/host/xhci-tegra.o
  CC      fs/jfs/jfs_dtree.o
  CC      drivers/thermal/gov_fair_share.o
  CC      fs/orangefs/orangefs-debugfs.o
  CC      drivers/i2c/busses/i2c-xiic.o
  CC      drivers/hwmon/ad7418.o
  CC      drivers/power/supply/bq27xxx_battery_i2c.o
  CC      drivers/hwmon/adc128d818.o
  CC      drivers/input/touchscreen/goodix_fwupload.o
  CC      drivers/net/phy/teranetics.o
  CC      drivers/usb/typec/tcpm/qcom/qcom_pmic_typec.o
  CC      fs/udf/symlink.o
  CC      drivers/md/raid1.o
  CC      drivers/usb/typec/tipd/core.o
  CC      drivers/usb/gadget/udc/m66592-udc.o
  CC      fs/xfs/libxfs/xfs_attr.o
  CC      drivers/thermal/gov_step_wise.o
  CC      fs/xfs/libxfs/xfs_attr_leaf.o
  CC      drivers/power/supply/bq27xxx_battery_hdq.o
  CC      drivers/hwmon/adm1029.o
  CC      drivers/i2c/busses/i2c-nct6694.o
  CC      fs/orangefs/waitqueue.o
  CC      drivers/usb/host/sl811-hcd.o
  CC      drivers/usb/typec/tcpm/qcom/qcom_pmic_typec_port.o
  CC      drivers/thermal/pcie_cooling.o
  CC      drivers/input/touchscreen/ili210x.o
  CC      fs/udf/directory.o
  CC      drivers/net/phy/xilinx_gmii2rgmii.o
  CC      drivers/power/supply/da9150-fg.o
  CC      fs/jfs/jfs_inode.o
  AR      drivers/usb/typec/tipd/built-in.a
  CC      drivers/usb/gadget/udc/r8a66597-udc.o
  CC      drivers/usb/gadget/function/f_loopback.o
  CC      fs/nilfs2/inode.o
  CC      drivers/i2c/busses/i2c-cp2615.o
  CC      drivers/hwmon/adm1177.o
  CC      drivers/thermal/k3_bandgap.o
  AR      fs/orangefs/built-in.a
  CC      drivers/usb/gadget/udc/snps_udc_plat.o
  CC      drivers/usb/typec/tcpm/qcom/qcom_pmic_typec_pdphy.o
  CC      fs/jfs/jfs_discard.o
  CC      drivers/usb/host/r8a66597-hcd.o
  CC      fs/udf/misc.o
  AR      drivers/net/phy/built-in.a
  AR      drivers/net/built-in.a
  CC      drivers/i2c/busses/i2c-mchp-pci1xxxx.o
  CC      drivers/input/touchscreen/ilitek_ts_i2c.o
  CC      drivers/power/supply/max17040_battery.o
  CC      drivers/md/raid10.o
  CC      drivers/usb/gadget/function/f_sourcesink.o
  CC      fs/xfs/libxfs/xfs_attr_remote.o
  CC      drivers/thermal/k3_j72xx_bandgap.o
  CC      drivers/hwmon/adm9240.o
  CC      drivers/usb/gadget/function/u_ether.o
  CC      fs/jfs/jfs_extent.o
  CC      drivers/input/touchscreen/imx6ul_tsc.o
  CC      drivers/usb/gadget/udc/bdc/bdc_core.o
  CC      fs/nilfs2/file.o
  CC      fs/udf/udftime.o
  CC      drivers/usb/typec/tcpm/qcom/qcom_pmic_typec_pdphy_stub.o
  CC      drivers/usb/typec/anx7411.o
  CC      drivers/i2c/busses/i2c-cros-ec-tunnel.o
  CC      drivers/power/supply/rt5033_battery.o
  CC      fs/udf/unicode.o
  CC      fs/jfs/symlink.o
  AR      drivers/thermal/broadcom/built-in.a
  CC      drivers/thermal/thermal_mmio.o
  CC      drivers/usb/host/fsl-mph-dr-of.o
  CC      drivers/input/touchscreen/max11801_ts.o
  CC      drivers/usb/host/ehci-fsl.o
  CC      drivers/hwmon/ads7828.o
  CC      fs/nilfs2/dir.o
  AR      drivers/usb/typec/tcpm/qcom/built-in.a
  CC      fs/xfs/libxfs/xfs_bit.o
  AR      drivers/usb/typec/tcpm/built-in.a
  CC      drivers/usb/gadget/udc/bdc/bdc_cmd.o
  CC      fs/befs/datastream.o
  CC      drivers/usb/gadget/function/f_ncm.o
  CC      fs/jfs/jfs_metapage.o
  CC      drivers/power/supply/rt5033_charger.o
  CC      drivers/i2c/busses/i2c-fsi.o
  CC      drivers/thermal/airoha_thermal.o
  AR      fs/udf/built-in.a
  CC      drivers/usb/gadget/legacy/zero.o
  CC      drivers/usb/gadget/legacy/ether.o
  CC      drivers/usb/typec/stusb160x.o
  CC      drivers/input/touchscreen/mc13783_ts.o
  CC      drivers/hwmon/adt7x10.o
  CC      fs/xfs/libxfs/xfs_bmap.o
  CC      drivers/usb/host/ehci-mv.o
  CC      drivers/usb/gadget/udc/bdc/bdc_ep.o
  CC      fs/nilfs2/super.o
  CC      fs/befs/btree.o
  CC      drivers/power/supply/rt9455_charger.o
  CC      drivers/md/raid5.o
  CC      drivers/thermal/rockchip_thermal.o
  CC      drivers/hwmon/adt7410.o
  CC      fs/jfs/jfs_logmgr.o
  CC      drivers/i2c/busses/i2c-virtio.o
  CC      drivers/input/touchscreen/mms114.o
  CC      fs/befs/super.o
  CC      drivers/usb/gadget/function/f_ecm.o
  CC      drivers/usb/gadget/legacy/inode.o
  CC      drivers/usb/typec/rt1719.o
  CC      drivers/usb/host/ssb-hcd.o
  CC      drivers/bluetooth/hci_vhci.o
  CC      drivers/hwmon/adt7411.o
  CC      fs/befs/inode.o
  CC      fs/nilfs2/namei.o
  AR      drivers/thermal/renesas/built-in.a
  CC      drivers/usb/gadget/udc/bdc/bdc_udc.o
  AR      drivers/thermal/samsung/built-in.a
  CC      drivers/thermal/armada_thermal.o
  CC      drivers/power/supply/rt9467-charger.o
  AR      drivers/i2c/busses/built-in.a
  AR      drivers/i2c/built-in.a
  CC      drivers/usb/gadget/legacy/mass_storage.o
  CC      drivers/input/touchscreen/msg2638.o
  CC      fs/befs/debug.o
  CC      drivers/usb/host/xen-hcd.o
  CC      drivers/usb/gadget/function/f_subset.o
  CC      fs/jfs/jfs_txnmgr.o
  CC      drivers/usb/typec/mux/gpio-sbu-mux.o
  CC      fs/debugfs/inode.o
  AR      drivers/thermal/intel/built-in.a
  CC      drivers/thermal/st/st_thermal.o
  CC      drivers/hwmon/adt7462.o
  CC      fs/nilfs2/page.o
  CC      drivers/bluetooth/bcm203x.o
  AR      drivers/usb/gadget/udc/bdc/built-in.a
  AR      drivers/usb/gadget/udc/built-in.a
  CC      drivers/usb/gadget/legacy/printer.o
  CC      drivers/thermal/st/st_thermal_memmap.o
  CC      fs/befs/io.o
  CC      drivers/power/supply/rt9471.o
  CC      fs/xfs/libxfs/xfs_bmap_btree.o
  CC      drivers/input/touchscreen/mtouch.o
  CC      drivers/usb/typec/mux/it5205.o
  CC      fs/nilfs2/mdt.o
  CC      drivers/usb/gadget/function/f_rndis.o
  AR      drivers/usb/host/built-in.a
  CC      drivers/power/supply/rt9756.o
  CC      drivers/usb/gadget/legacy/hid.o
  AR      drivers/thermal/st/built-in.a
  CC      drivers/thermal/qcom/tsens.o
  CC      fs/jfs/resize.o
  CC      fs/debugfs/file.o
  CC      fs/befs/linuxvfs.o
  CC      drivers/md/raid5-cache.o
  CC      drivers/input/touchscreen/novatek-nvt-ts.o
  CC      drivers/hwmon/adt7470.o
  CC      drivers/usb/gadget/legacy/ncm.o
  CC      drivers/bluetooth/hci_bcm4377.o
  CC      drivers/usb/typec/mux/nb7vpq904m.o
  CC      drivers/thermal/qcom/tsens-v2.o
  CC      fs/xfs/libxfs/xfs_btree.o
  CC      fs/nilfs2/btnode.o
  CC      fs/jfs/xattr.o
  CC      drivers/power/supply/88pm860x_charger.o
  CC      drivers/usb/gadget/function/rndis.o
  CC      drivers/hwmon/adt7475.o
  AR      fs/befs/built-in.a
  CC      drivers/bluetooth/btusb.o
  CC      drivers/input/touchscreen/usbtouchscreen.o
  CC      drivers/usb/gadget/legacy/raw_gadget.o
  AR      fs/debugfs/built-in.a
  CC      drivers/input/touchscreen/pixcir_i2c_ts.o
  AR      drivers/accessibility/braille/built-in.a
  AR      drivers/accessibility/built-in.a
  CC      drivers/usb/typec/mux/tusb1046.o
  CC      drivers/thermal/qcom/tsens-v1.o
  CC      fs/gfs2/acl.o
  CC      drivers/power/supply/pf1550-charger.o
  CC      fs/f2fs/dir.o
  CC      fs/nilfs2/bmap.o
  CC      drivers/md/raid5-ppl.o
  CC      drivers/md/bcache/alloc.o
  CC      fs/jfs/ioctl.o
  CC      drivers/usb/gadget/function/f_mass_storage.o
  CC      drivers/thermal/qcom/tsens-v0_1.o
  CC      drivers/usb/gadget/function/storage_common.o
  CC      drivers/input/touchscreen/raydium_i2c_ts.o
  CC      drivers/usb/typec/mux/wcd939x-usbss.o
  CC      fs/gfs2/bmap.o
  AR      drivers/usb/gadget/legacy/built-in.a
  CC      fs/xfs/libxfs/xfs_btree_staging.o
  CC      drivers/hwmon/scmi-hwmon.o
  CC      drivers/power/supply/isp1704_charger.o
  CC      fs/nilfs2/btree.o
  AR      fs/jfs/built-in.a
  CC      fs/nilfs2/direct.o
  CC      drivers/thermal/qcom/tsens-8960.o
  CC      drivers/edac/edac_mc.o
  CC      fs/f2fs/file.o
  CC      drivers/md/bcache/bset.o
  CC      fs/nilfs2/dat.o
  CC      drivers/usb/gadget/function/f_hid.o
  CC      drivers/hwmon/asc7621.o
  AR      drivers/usb/typec/mux/built-in.a
  CC      drivers/bluetooth/btsdio.o
  AR      drivers/usb/typec/built-in.a
  CC      drivers/opp/core.o
  CC      drivers/input/touchscreen/silead.o
  CC      drivers/power/supply/twl4030_charger.o
  CC      fs/xfs/libxfs/xfs_da_btree.o
  AR      drivers/thermal/qcom/built-in.a
  CC      drivers/bluetooth/btintel.o
  CC      drivers/thermal/tegra/tegra-bpmp-thermal.o
  CC      fs/nilfs2/recovery.o
  CC      fs/gfs2/dir.o
  CC      drivers/edac/edac_device.o
  CC      fs/f2fs/inode.o
  CC      drivers/md/bcache/btree.o
  CC      drivers/md/md.o
  CC      drivers/input/touchscreen/st1232.o
  CC      drivers/hwmon/atxp1.o
  CC      drivers/usb/gadget/function/f_printer.o
  CC      drivers/input/touchscreen/stmfts.o
  AR      drivers/thermal/tegra/built-in.a
  CC      drivers/thermal/hisi_thermal.o
  CC      drivers/power/supply/gpio-charger.o
  CC      drivers/opp/cpu.o
  CC      fs/nilfs2/the_nilfs.o
  CC      drivers/edac/edac_mc_sysfs.o
  CC      drivers/power/supply/lt3651-charger.o
  CC      fs/xfs/libxfs/xfs_defer.o
  CC      drivers/hwmon/cros_ec_hwmon.o
  AR      drivers/thermal/mediatek/built-in.a
  CC      fs/gfs2/xattr.o
  AR      drivers/thermal/spacemit/built-in.a
  CC      drivers/thermal/khadas_mcu_fan.o
  CC      drivers/md/bcache/debug.o
  AR      drivers/usb/gadget/function/built-in.a
  AR      drivers/usb/gadget/built-in.a
  CC      drivers/opp/of.o
  AR      drivers/usb/built-in.a
  CC      drivers/bluetooth/ath3k.o
  CC      drivers/edac/edac_module.o
  CC      drivers/input/touchscreen/stmpe-ts.o
  CC      fs/f2fs/namei.o
  CC      fs/nilfs2/segbuf.o
  CC      drivers/edac/edac_device_sysfs.o
  CC      drivers/md/bcache/extents.o
  CC      fs/pstore/inode.o
  CC      drivers/power/supply/max14577_charger.o
  CC      drivers/hwmon/da9055-hwmon.o
  AR      drivers/thermal/built-in.a
  CC      fs/xfs/libxfs/xfs_dir2.o
  CC      fs/pstore/platform.o
  CC      fs/pstore/pmsg.o
  CC      drivers/opp/debugfs.o
  CC      drivers/input/touchscreen/touchright.o
  CC      fs/gfs2/glock.o
  CC      drivers/input/touchscreen/tsc200x-core.o
  CC      drivers/bluetooth/btmrvl_main.o
  CC      drivers/hwmon/dme1737.o
  CC      drivers/edac/wq.o
  CC      fs/nilfs2/segment.o
  CC      drivers/bluetooth/btmrvl_debugfs.o
  CC      fs/f2fs/hash.o
  CC      drivers/md/md-bitmap.o
  CC      drivers/power/supply/max14656_charger_detector.o
  CC      drivers/md/bcache/io.o
  AR      drivers/opp/built-in.a
  CC      fs/gfs2/glops.o
  AR      fs/pstore/built-in.a
  CC      fs/nilfs2/cpfile.o
  CC      drivers/power/supply/max77650-charger.o
  CC      fs/xfs/libxfs/xfs_dir2_block.o
  CC      drivers/input/touchscreen/tsc2004.o
  CC      drivers/edac/debugfs.o
  CC      fs/f2fs/super.o
  CC      drivers/md/bcache/journal.o
  CC      drivers/hwmon/drivetemp.o
  CC      drivers/md/md-llbitmap.o
  CC      drivers/bluetooth/btmrvl_sdio.o
  CC      drivers/input/touchscreen/tsc2007_core.o
  CC      drivers/power/supply/max77693_charger.o
  CC      fs/f2fs/inline.o
  CC      drivers/md/bcache/movinggc.o
  CC      fs/gfs2/log.o
  CC      drivers/cpufreq/cpufreq.o
  CC      fs/f2fs/checkpoint.o
  CC      fs/nilfs2/sufile.o
  CC      drivers/edac/scrub.o
  CC      drivers/power/supply/max77705_charger.o
  CC      drivers/hwmon/ds620.o
  CC      fs/xfs/libxfs/xfs_dir2_data.o
  CC      fs/nilfs2/ifile.o
  CC      drivers/input/touchscreen/tsc2007_iio.o
  CC      drivers/md/bcache/request.o
  CC      drivers/input/touchscreen/wacom_w8001.o
  CC      drivers/edac/edac_pci.o
  CC      drivers/edac/edac_pci_sysfs.o
  CC      drivers/bluetooth/btrtl.o
  CC      drivers/power/supply/max77976_charger.o
  CC      drivers/input/touchscreen/wacom_i2c.o
  CC      fs/erofs/super.o
  CC      drivers/hwmon/ds1621.o
  CC      fs/gfs2/lops.o
  CC      fs/nilfs2/alloc.o
  CC      drivers/hwmon/emc1812.o
  CC      fs/erofs/inode.o
  CC      fs/xfs/libxfs/xfs_dir2_leaf.o
  CC      drivers/hwmon/emc2103.o
  CC      fs/gfs2/main.o
  CC      drivers/cpufreq/freq_table.o
  CC      fs/f2fs/gc.o
  CC      drivers/edac/thunderx_edac.o
  CC      drivers/md/bcache/stats.o
  CC      drivers/input/touchscreen/wacom_w9000.o
  CC      drivers/power/supply/max8971_charger.o
  CC      fs/gfs2/meta_io.o
  CC      drivers/md/md-autodetect.o
  CC      drivers/bluetooth/virtio_bt.o
  CC      drivers/cpufreq/cpufreq_stats.o
  CC      fs/nilfs2/gcinode.o
  CC      fs/xfs/libxfs/xfs_dir2_node.o
  CC      fs/erofs/data.o
  CC      drivers/cpufreq/cpufreq_performance.o
  CC      fs/vboxsf/dir.o
  CC      drivers/hwmon/emc2305.o
  CC      drivers/md/bcache/super.o
  CC      drivers/power/supply/max8997_charger.o
  CC      drivers/input/touchscreen/wdt87xx_i2c.o
  CC      drivers/md/bcache/sysfs.o
  CC      fs/gfs2/aops.o
  CC      drivers/cpufreq/cpufreq_userspace.o
  CC      drivers/cpuidle/cpuidle.o
  CC      drivers/cpufreq/cpufreq_ondemand.o
  CC      drivers/edac/xgene_edac.o
  CC      fs/nilfs2/ioctl.o
  CC      fs/vboxsf/file.o
  CC      fs/erofs/namei.o
  AR      drivers/bluetooth/built-in.a
  CC      drivers/cpuidle/driver.o
  CC      drivers/hwmon/emc6w201.o
  CC      fs/f2fs/data.o
  CC      fs/vboxsf/utils.o
  CC      drivers/power/supply/bq2415x_charger.o
  CC      fs/xfs/libxfs/xfs_dir2_sf.o
  CC      drivers/input/touchscreen/tps6507x-ts.o
  CC      drivers/cpufreq/cpufreq_conservative.o
  CC      fs/gfs2/dentry.o
  CC      drivers/cpufreq/cpufreq_governor.o
  CC      drivers/cpuidle/governor.o
  CC      fs/erofs/dir.o
  CC      drivers/hwmon/f71882fg.o
  CC      fs/xfs/libxfs/xfs_dquot_buf.o
  CC      drivers/edac/qcom_edac.o
  CC      fs/nilfs2/sysfs.o
  CC      fs/xfs/libxfs/xfs_exchmaps.o
  CC      drivers/md/bcache/trace.o
  CC      drivers/input/touchscreen/zforce_ts.o
  CC      fs/vboxsf/vboxsf_wrappers.o
  CC      drivers/input/touchscreen/colibri-vf50-ts.o
  CC      drivers/cpuidle/sysfs.o
  CC      drivers/power/supply/bq24190_charger.o
  CC      fs/gfs2/export.o
  CC      drivers/cpufreq/cpufreq_governor_attr_set.o
  CC      fs/erofs/sysfs.o
  CC      drivers/edac/dmc520_edac.o
  CC      drivers/md/dm-uevent.o
  CC      drivers/input/touchscreen/rohm_bu21023.o
  CC      drivers/md/bcache/util.o
  AR      fs/nilfs2/built-in.a
  CC      fs/gfs2/file.o
  CC      fs/vboxsf/super.o
  CC      drivers/hwmon/f75375s.o
  CC      drivers/cpuidle/governors/ladder.o
  CC      drivers/cpufreq/cpufreq-dt.o
  CC      drivers/md/bcache/writeback.o
  CC      fs/xfs/libxfs/xfs_ialloc.o
  CC      drivers/cpufreq/cpufreq-dt-platdev.o
  CC      fs/erofs/xattr.o
  CC      fs/erofs/decompressor.o
  CC      fs/f2fs/node.o
  CC      drivers/md/dm-audit.o
  AR      drivers/edac/built-in.a
  CC      drivers/power/supply/bq2515x_charger.o
  CC      drivers/cpuidle/governors/menu.o
  CC      drivers/input/touchscreen/iqs5xx.o
  CC      drivers/mmc/core/core.o
  CC      drivers/hwmon/g760a.o
  CC      drivers/mmc/core/bus.o
  AR      fs/vboxsf/built-in.a
  CC      drivers/mmc/host/mmci.o
  CC      drivers/cpufreq/virtual-cpufreq.o
  CC      drivers/cpufreq/airoha-cpufreq.o
  CC      fs/gfs2/ops_fstype.o
  AR      drivers/cpuidle/governors/built-in.a
  CC      drivers/md/bcache/features.o
  AR      drivers/cpuidle/built-in.a
  CC      drivers/md/dm.o
  CC      drivers/power/supply/bq25980_charger.o
  CC      fs/erofs/zmap.o
  CC      fs/erofs/zdata.o
  CC      drivers/input/touchscreen/zinitix.o
  CC      drivers/hwmon/gl518sm.o
  CC      fs/erofs/zutil.o
  CC      drivers/hwmon/gsc-hwmon.o
  CC      drivers/cpufreq/apple-soc-cpufreq.o
  CC      fs/erofs/decompressor_lzma.o
  CC      fs/xfs/libxfs/xfs_ialloc_btree.o
  AR      drivers/md/bcache/built-in.a
  CC      drivers/md/dm-table.o
  CC      drivers/mmc/core/host.o
  CC      drivers/mmc/host/mmci_stm32_sdmmc.o
  CC      drivers/power/supply/bq256xx_charger.o
  CC      fs/erofs/fileio.o
  CC      fs/xfs/libxfs/xfs_iext_tree.o
  CC      drivers/cpufreq/armada-37xx-cpufreq.o
  CC      fs/gfs2/inode.o
  CC      fs/f2fs/segment.o
  AR      drivers/input/touchscreen/built-in.a
  AR      drivers/input/built-in.a
  CC      drivers/cpufreq/armada-8k-cpufreq.o
  CC      drivers/cpufreq/qcom-cpufreq-hw.o
  CC      fs/f2fs/recovery.o
  CC      drivers/hwmon/gpio-fan.o
  CC      fs/xfs/libxfs/xfs_inode_fork.o
  CC      drivers/power/supply/smb347-charger.o
  CC      drivers/mmc/core/mmc.o
  CC      drivers/mmc/core/mmc_ops.o
  CC      drivers/mmc/host/sdhci.o
  CC      drivers/power/supply/tps65090-charger.o
  CC      drivers/md/dm-target.o
  AR      fs/erofs/built-in.a
  CC      drivers/md/dm-linear.o
  CC      fs/gfs2/quota.o
  AR      drivers/ufs/built-in.a
  CC      fs/f2fs/shrinker.o
  CC      drivers/firmware/arm_sdei.o
  CC      drivers/cpufreq/scmi-cpufreq.o
  AR      drivers/crypto/stm32/built-in.a
  CC      drivers/hwmon/hih6130.o
  AR      drivers/crypto/inside-secure/eip93/built-in.a
  AR      drivers/crypto/inside-secure/built-in.a
  AR      drivers/crypto/xilinx/built-in.a
  AR      drivers/crypto/intel/keembay/built-in.a
  AR      drivers/crypto/intel/built-in.a
  AR      drivers/crypto/built-in.a
  CC      drivers/cpufreq/tegra20-cpufreq.o
  CC      drivers/cpufreq/tegra124-cpufreq.o
  CC      drivers/power/supply/cros_usbpd-charger.o
  CC      drivers/mmc/core/sd.o
  CC      fs/xfs/libxfs/xfs_inode_buf.o
  CC      drivers/md/dm-stripe.o
  CC      fs/xfs/libxfs/xfs_inode_util.o
  CC      fs/f2fs/extent_cache.o
  CC      fs/xfs/libxfs/xfs_log_rlimit.o
  CC      fs/gfs2/recovery.o
  CC      drivers/mmc/core/sd_ops.o
  CC      drivers/mmc/core/sdio.o
  CC      drivers/cpufreq/tegra186-cpufreq.o
  CC      drivers/hwmon/hs3001.o
  CC      drivers/power/supply/stc3117_fuel_gauge.o
  CC      drivers/firmware/ti_sci.o
  CC      drivers/firmware/turris-mox-rwtm.o
  CC      drivers/md/dm-ioctl.o
  CC      drivers/mmc/host/sdhci-uhs2.o
  AR      drivers/firmware/arm_ffa/built-in.a
  CC      fs/xfs/libxfs/xfs_metadir.o
  CC      drivers/clocksource/timer-of.o
  CC      fs/gfs2/rgrp.o
  CC      fs/f2fs/sysfs.o
  CC      drivers/cpufreq/tegra194-cpufreq.o
  CC      fs/xfs/libxfs/xfs_metafile.o
  CC      drivers/hwmon/htu31.o
  CC      drivers/power/supply/ucs1002_power.o
  CC      drivers/md/dm-io.o
  CC      drivers/mmc/host/sdhci-pci-core.o
  CC      drivers/mmc/core/sdio_ops.o
  CC      drivers/firmware/arm_scmi/transports/smc.o
  CC      drivers/hwmon/i5k_amb.o
  CC      drivers/clocksource/timer-probe.o
  AR      drivers/cpufreq/built-in.a
  CC      drivers/clocksource/mmio.o
  CC      drivers/clocksource/dw_apb_timer.o
  CC      drivers/clocksource/dw_apb_timer_of.o
  CC      drivers/mmc/core/sdio_bus.o
  CC      drivers/hwmon/ibmaem.o
  CC      drivers/power/supply/bd71828-power.o
  CC      drivers/md/dm-kcopyd.o
  CC      drivers/of/base.o
  CC      fs/xfs/libxfs/xfs_parent.o
  CC      drivers/hwmon/iio_hwmon.o
  CC      drivers/firmware/arm_scmi/transports/mailbox.o
  CC      fs/f2fs/debug.o
  CC      fs/gfs2/super.o
  AR      drivers/firmware/broadcom/built-in.a
  CC      fs/gfs2/sys.o
  CC      drivers/firmware/cirrus/cs_dsp.o
  CC      drivers/mmc/host/sdhci-pci-o2micro.o
  CC      drivers/power/supply/surface-rt-ec.o
  CC      drivers/ssb/main.o
  CC      drivers/clocksource/timer-rockchip.o
  CC      drivers/hwmon/ina2xx.o
  CC      drivers/md/dm-sysfs.o
  CC      drivers/mmc/core/sdio_cis.o
  AR      drivers/firmware/arm_scmi/transports/built-in.a
  CC      drivers/mmc/host/sdhci-pci-arasan.o
  AR      drivers/firmware/arm_scmi/vendors/imx/built-in.a
  CC      drivers/firmware/arm_scmi/bus.o
  CC      drivers/of/cpu.o
  CC      drivers/vhost/vringh.o
  CC      fs/xfs/libxfs/xfs_rmap.o
  CC      drivers/clocksource/timer-nxp-pit.o
  CC      drivers/vhost/iotlb.o
  CC      drivers/power/supply/mm8013.o
  CC      fs/f2fs/xattr.o
  CC      drivers/mmc/host/sdhci-pci-dwc-mshc.o
  CC      fs/gfs2/trans.o
  CC      drivers/ssb/scan.o
  CC      drivers/md/dm-stats.o
  CC      drivers/of/device.o
  CC      drivers/hwmon/ina238.o
  CC      drivers/firmware/arm_scmi/driver.o
  AR      drivers/firmware/cirrus/built-in.a
  CC      drivers/mmc/core/sdio_io.o
  CC      drivers/firmware/meson/meson_sm.o
  CC      drivers/platform/chrome/chromeos_of_hw_prober.o
  CC      drivers/mailbox/mailbox.o
  CC      drivers/clocksource/arm_arch_timer.o
  AR      drivers/vhost/built-in.a
  CC      drivers/clocksource/arm_arch_timer_mmio.o
  CC      drivers/power/supply/macsmc-power.o
  CC      drivers/mmc/host/sdhci-pci-gli.o
  CC      drivers/ssb/driver_chipcommon.o
  CC      fs/gfs2/util.o
  CC      drivers/of/module.o
  CC      drivers/platform/chrome/cros_ec.o
  AR      drivers/firmware/meson/built-in.a
  CC      drivers/of/platform.o
  CC      fs/f2fs/acl.o
  CC      drivers/mmc/core/sdio_irq.o
  CC      drivers/mailbox/mailbox-test.o
  CC      drivers/hwmon/ina3221.o
  CC      fs/xfs/libxfs/xfs_rmap_btree.o
  CC      drivers/md/dm-rq.o
  CC      fs/xfs/libxfs/xfs_refcount.o
  CC      drivers/power/supply/max77759_charger.o
  CC      drivers/clocksource/timer-sp804.o
  AR      drivers/firmware/efi/built-in.a
  CC      fs/xfs/libxfs/xfs_refcount_btree.o
  CC      drivers/ssb/driver_chipcommon_pmu.o
  CC      drivers/firmware/arm_scmi/notify.o
  CC      drivers/platform/chrome/cros_ec_i2c.o
  AR      fs/gfs2/built-in.a
  CC      drivers/mailbox/armada-37xx-rwtm-mailbox.o
  CC      drivers/mmc/core/sd_uhs2.o
  CC      drivers/of/property.o
  CC      drivers/rpmsg/rpmsg_core.o
  CC      fs/f2fs/verity.o
  CC      drivers/clocksource/dummy_timer.o
  CC      drivers/md/dm-io-rewind.o
  CC      drivers/hwmon/kbatt.o
  CC      drivers/mmc/host/sdhci-pxav3.o
  AR      drivers/power/supply/built-in.a
  AR      drivers/ssb/built-in.a
  CC      fs/xfs/libxfs/xfs_rtrefcount_btree.o
  AR      drivers/power/built-in.a
  CC      drivers/mmc/host/sdhci-pxav2.o
  CC      drivers/rpmsg/rpmsg_char.o
  CC      drivers/mailbox/ti-msgmgr.o
  CC      drivers/rpmsg/rpmsg_ctrl.o
  CC      drivers/platform/chrome/cros_ec_rpmsg.o
  CC      drivers/virt/vmgenid.o
  CC      drivers/mmc/core/slot-gpio.o
  AR      drivers/clocksource/built-in.a
  CC      drivers/of/kobj.o
  CC      drivers/hwmon/kfan.o
  CC      drivers/firmware/arm_scmi/quirks.o
  CC      drivers/hv/vmbus_drv.o
  CC      drivers/md/dm-builtin.o
  CC      fs/f2fs/compress.o
  CC      drivers/extcon/extcon.o
  CC      drivers/hv/hv.o
  CC      drivers/of/dynamic.o
  CC      drivers/mmc/host/sdhci_f_sdh30.o
  CC      drivers/platform/chrome/cros_ec_typec.o
  CC      drivers/mailbox/hi3660-mailbox.o
  CC      drivers/extcon/devres.o
  CC      drivers/virt/vboxguest/vboxguest_linux.o
  CC      drivers/rpmsg/qcom_glink_native.o
  CC      drivers/firmware/arm_scmi/base.o
  CC      drivers/hwmon/lineage-pem.o
  CC      drivers/mmc/core/regulator.o
  CC      fs/xfs/libxfs/xfs_rtrmap_btree.o
  CC      drivers/virt/vboxguest/vboxguest_core.o
  CC      drivers/md/dm-unstripe.o
  CC      drivers/extcon/extcon-adc-jack.o
  CC      drivers/virt/vboxguest/vboxguest_utils.o
  CC      drivers/of/fdt.o
  CC      drivers/mailbox/qcom-apcs-ipc-mailbox.o
  CC      drivers/mmc/host/sdhci-milbeaut.o
  CC      drivers/firmware/arm_scmi/clock.o
  CC      drivers/platform/chrome/cros_typec_vdm.o
  CC      drivers/firmware/arm_scmi/perf.o
  CC      drivers/hv/connection.o
  CC      drivers/hwmon/lm63.o
  CC      drivers/mmc/core/pwrseq.o
  CC      drivers/rpmsg/qcom_glink_ssr.o
  AR      fs/f2fs/built-in.a
  AR      drivers/firmware/imx/built-in.a
  CC      drivers/memory/omap-gpmc.o
  CC      drivers/extcon/extcon-gpio.o
  CC      drivers/md/dm-bufio.o
  CC      drivers/mailbox/tegra-hsp.o
  CC      fs/xfs/libxfs/xfs_sb.o
  CC      drivers/platform/chrome/cros_ec_proto.o
  CC      drivers/mmc/host/sdhci_am654.o
  CC      drivers/iio/industrialio-core.o
  AR      drivers/virt/vboxguest/built-in.a
  CC      drivers/virt/nitro_enclaves/ne_pci_dev.o
  CC      drivers/mmc/host/mtk-sd.o
  AS      drivers/of/empty_root.dtb.o
  CC      drivers/of/fdt_address.o
  CC      drivers/rpmsg/qcom_glink_rpm.o
  CC      drivers/mmc/core/debugfs.o
  CC      drivers/hv/channel.o
  CC      drivers/firmware/arm_scmi/power.o
  CC      drivers/extcon/extcon-max77693.o
  CC      drivers/hwmon/lm73.o
  CC      drivers/platform/chrome/cros_ec_trace.o
  CC      drivers/mailbox/qcom-cpucp-mbox.o
  CC      drivers/of/address.o
  CC      drivers/memory/fsl_ifc.o
  CC      drivers/virt/nitro_enclaves/ne_misc_dev.o
  CC      drivers/firmware/arm_scmi/reset.o
  CC      drivers/virt/coco/arm-cca-guest/arm-cca-guest.o
  CC      drivers/iio/industrialio-event.o
  AR      drivers/rpmsg/built-in.a
  CC      drivers/ipack/ipack.o
  CC      drivers/mmc/core/pwrseq_sd8787.o
  CC      drivers/md/dm-bio-prison-v1.o
  CC      drivers/platform/chrome/cros_kbd_led_backlight.o
  CC      fs/xfs/libxfs/xfs_symlink_remote.o
  CC      drivers/hv/channel_mgmt.o
  CC      drivers/extcon/extcon-max77843.o
  CC      drivers/mailbox/qcom-ipcc.o
  CC      drivers/hwmon/lm75.o
  CC      drivers/firmware/arm_scmi/sensors.o
  AR      drivers/virt/coco/arm-cca-guest/built-in.a
  CC      drivers/virt/coco/tsm-core.o
  CC      drivers/memory/stm32-fmc2-ebi.o
  CC      drivers/mmc/host/tifm_sd.o
  CC      drivers/of/irq.o
  CC      drivers/iio/inkern.o
  CC      drivers/platform/chrome/cros_ec_lightbar.o
  AR      drivers/ipack/built-in.a
  CC      drivers/md/dm-bio-prison-v2.o
  CC      drivers/mmc/core/pwrseq_emmc.o
  CC      drivers/virt/coco/guest/report.o
  AR      drivers/mailbox/built-in.a
  AR      drivers/virt/nitro_enclaves/built-in.a
  CC      fs/xfs/libxfs/xfs_trans_inode.o
  CC      drivers/firmware/psci/psci.o
  CC      drivers/hwmon/lm80.o
  CC      drivers/extcon/extcon-max8997.o
  CC      drivers/iio/industrialio-buffer.o
  CC      drivers/hv/ring_buffer.o
  CC      drivers/firmware/arm_scmi/system.o
  CC      drivers/hv/hv_trace.o
  CC      drivers/platform/chrome/cros_ec_debugfs.o
  CC      drivers/of/of_reserved_mem.o
  CC      drivers/virt/coco/guest/tsm-mr.o
  CC      drivers/iio/industrialio-trigger.o
  CC      drivers/mmc/core/block.o
  CC      drivers/mmc/host/sdricoh_cs.o
  CC      drivers/md/dm-inlinecrypt.o
  AR      drivers/memory/built-in.a
  CC      drivers/hv/hv_util.o
  CC      drivers/firmware/arm_scmi/voltage.o
  CC      fs/xfs/libxfs/xfs_trans_resv.o
  CC      drivers/of/kexec.o
  CC      drivers/platform/arm64/huawei-gaokun-ec.o
  AR      drivers/firmware/psci/built-in.a
  CC      drivers/extcon/extcon-qcom-spmi-misc.o
  CC      drivers/extcon/extcon-sm5502.o
  CC      drivers/hwmon/lm83.o
  CC      drivers/platform/chrome/cros_usbpd_logger.o
  AR      drivers/virt/coco/guest/built-in.a
  AR      drivers/virt/coco/built-in.a
  CC      drivers/iio/industrialio-configfs.o
  AR      drivers/virt/built-in.a
  CC      drivers/ntb/core.o
  CC      drivers/firmware/qcom/qcom_scm.o
  CC      drivers/md/dm-delay.o
  CC      drivers/mmc/host/tmio_mmc_core.o
  CC      drivers/ntb/msi.o
  CC      drivers/firmware/arm_scmi/powercap.o
  CC      drivers/hv/hv_kvp.o
  CC      drivers/firmware/qcom/qcom_scm-smc.o
  CC      drivers/iio/industrialio-gts-helper.o
  AR      drivers/of/built-in.a
  CC      drivers/platform/chrome/cros_usbpd_notify.o
  CC      drivers/mmc/host/uniphier-sd.o
  CC      drivers/platform/arm64/lenovo-yoga-c630.o
  CC      drivers/extcon/extcon-usbc-cros-ec.o
  CC      drivers/hwmon/lm85.o
  CC      drivers/mmc/core/queue.o
  CC      fs/xfs/libxfs/xfs_trans_space.o
  CC      drivers/firmware/qcom/qcom_scm-legacy.o
  CC      drivers/md/dm-dust.o
  CC      drivers/ntb/hw/idt/ntb_hw_idt.o
  CC      fs/xfs/libxfs/xfs_types.o
  CC      drivers/firmware/arm_scmi/pinctrl.o
  AR      drivers/platform/chrome/built-in.a
  CC      drivers/ntb/test/ntb_pingpong.o
  CC      fs/xfs/xfs_aops.o
  CC      drivers/extcon/extcon-usbc-tusb320.o
  CC      drivers/ntb/test/ntb_tool.o
  CC      drivers/iio/industrialio-sw-trigger.o
  CC      drivers/platform/arm64/lenovo-thinkpad-t14s.o
  CC      drivers/firmware/qcom/qcom_tzmem.o
  CC      drivers/hv/hv_snapshot.o
  CC      drivers/mmc/host/cb710-mmc.o
  CC      drivers/mmc/core/mmc_test.o
  CC      drivers/hv/hv_utils_transport.o
  CC      drivers/hwmon/lm87.o
  CC      drivers/md/dm-flakey.o
  CC      drivers/firmware/arm_scmi/shmem.o
  CC      drivers/iio/industrialio-backend.o
  CC      drivers/iio/accel/adxl313_core.o
  CC      drivers/extcon/extcon-rtk-type-c.o
  AR      drivers/ntb/hw/idt/built-in.a
  CC      drivers/ntb/hw/epf/ntb_hw_epf.o
  AR      drivers/firmware/qcom/built-in.a
  CC      fs/xfs/xfs_attr_inactive.o
  CC      drivers/mmc/host/via-sdmmc.o
  AR      drivers/firmware/samsung/built-in.a
  CC      drivers/mcb/mcb-core.o
  AR      drivers/platform/arm64/built-in.a
  AR      drivers/platform/built-in.a
  CC      drivers/ntb/test/ntb_msi_test.o
  CC      drivers/iio/accel/adxl313_i2c.o
  CC      drivers/iio/adc/88pm886-gpadc.o
  CC      fs/xfs/xfs_attr_list.o
  CC      drivers/firmware/arm_scmi/scmi_power_control.o
  CC      drivers/firmware/smccc/smccc.o
  CC      drivers/hwmon/lm95234.o
  CC      drivers/hv/hv_common.o
  CC      drivers/md/dm-path-selector.o
  CC      drivers/firmware/smccc/kvm_guest.o
  CC      drivers/mcb/mcb-parse.o
  AR      drivers/mmc/core/built-in.a
  CC      drivers/hwmon/lm95241.o
  AR      drivers/ntb/hw/epf/built-in.a
  CC      drivers/ntb/hw/mscc/ntb_hw_switchtec.o
  CC      drivers/mmc/host/ushc.o
  AR      drivers/extcon/built-in.a
  CC      drivers/md/dm-mpath.o
  AR      drivers/ntb/test/built-in.a
  CC      drivers/iio/adc/ad7091r-base.o
  CC      drivers/firmware/tegra/bpmp.o
  CC      drivers/iio/accel/adxl355_core.o
  CC      drivers/iio/accel/adxl355_i2c.o
  CC      drivers/hwmon/lm95245.o
  AR      drivers/firmware/arm_scmi/built-in.a
  CC      drivers/iio/accel/adxl372.o
  CC      drivers/firmware/smccc/soc_id.o
  CC      drivers/iio/adc/ad7091r5.o
  AR      drivers/mcb/built-in.a
  CC      fs/xfs/xfs_bmap_util.o
  AR      drivers/hv/built-in.a
  CC      drivers/firmware/tegra/bpmp-tegra186.o
  CC      drivers/mmc/host/usdhi6rol0.o
  CC      drivers/perf/arm-cci.o
  CC      drivers/ras/ras.o
  CC      drivers/md/dm-ps-round-robin.o
  CC      drivers/ras/debugfs.o
  AR      drivers/ntb/hw/mscc/built-in.a
  CC      drivers/perf/arm-ccn.o
  CC      drivers/mmc/host/rtsx_pci_sdmmc.o
  AR      drivers/ntb/hw/built-in.a
  AR      drivers/ntb/built-in.a
  CC      drivers/thunderbolt/nhi.o
  AR      drivers/firmware/smccc/built-in.a
  CC      fs/xfs/xfs_bio_io.o
  CC      fs/xfs/xfs_buf.o
  CC      drivers/hwmon/ltc2945.o
  CC      drivers/iio/adc/ad7291.o
  CC      drivers/firmware/tegra/bpmp-debugfs.o
  CC      drivers/iio/accel/adxl372_i2c.o
  CC      drivers/md/dm-ps-service-time.o
  CC      drivers/iio/accel/adxl380.o
  AR      drivers/ras/built-in.a
  CC      drivers/perf/arm_dsu_pmu.o
  CC      drivers/mmc/host/rtsx_usb_sdmmc.o
  CC      drivers/thunderbolt/ctl.o
  AR      drivers/firmware/xilinx/built-in.a
  CC      fs/xfs/xfs_dahash_test.o
  CC      drivers/mmc/host/sdhci-pltfm.o
  CC      drivers/hwmon/ltc2947-core.o
  CC      drivers/firmware/tegra/ivc.o
  CC      drivers/iio/adc/ad7405.o
  CC      drivers/iio/accel/adxl380_i2c.o
  CC      drivers/hwtracing/intel_th/core.o
  CC      drivers/iio/accel/bma180.o
  CC      drivers/md/dm-ps-historical-service-time.o
  CC      drivers/hwtracing/coresight/coresight-core.o
  CC      drivers/perf/arm-ni.o
  CC      drivers/thunderbolt/tb.o
  CC      drivers/hwmon/ltc2947-i2c.o
  CC      drivers/mmc/host/sdhci-esdhc-imx.o
  CC      drivers/hwtracing/intel_th/debug.o
  CC      drivers/mmc/host/sdhci-of-arasan.o
  CC      drivers/iio/adc/ad799x.o
  CC      fs/xfs/xfs_dir2_readdir.o
  AR      drivers/firmware/tegra/built-in.a
  AR      drivers/firmware/built-in.a
  CC      drivers/thunderbolt/switch.o
  CC      drivers/hwtracing/coresight/coresight-etm-perf.o
  CC      drivers/hwtracing/coresight/coresight-platform.o
  CC      drivers/hwtracing/intel_th/pci.o
  CC      drivers/md/dm-ps-io-affinity.o
  CC      drivers/iio/afe/iio-rescale.o
  CC      drivers/iio/accel/bma400_core.o
  CC      drivers/iio/amplifiers/adl8113.o
  CC      drivers/hwmon/ltc2990.o
  CC      drivers/perf/arm_pmu.o
  CC      drivers/iio/amplifiers/hmc425a.o
  CC      drivers/iio/adc/cc10001_adc.o
  CC      drivers/hwtracing/intel_th/msu.o
  CC      drivers/mmc/host/sdhci-of-at91.o
  CC      fs/xfs/xfs_discard.o
  AR      drivers/iio/afe/built-in.a
  CC      drivers/hwtracing/stm/core.o
  CC      drivers/md/dm-switch.o
  CC      drivers/thunderbolt/cap.o
  CC      drivers/iio/accel/bma400_i2c.o
  CC      drivers/hwtracing/coresight/coresight-sysfs.o
  CC      drivers/hwmon/ltc2991.o
  CC      drivers/iio/buffer/industrialio-buffer-cb.o
  CC      drivers/perf/arm_pmu_platform.o
  AR      drivers/iio/amplifiers/built-in.a
  CC      drivers/hwtracing/intel_th/pti.o
  CC      drivers/perf/arm_pmuv3.o
  CC      drivers/iio/adc/da9150-gpadc.o
  CC      fs/xfs/xfs_error.o
  CC      drivers/iio/adc/envelope-detector.o
  CC      drivers/mmc/host/sdhci-of-esdhc.o
  CC      drivers/thunderbolt/pci.o
  CC      drivers/iio/buffer/industrialio-buffer-dma.o
  CC      drivers/md/dm-snap.o
  CC      drivers/iio/accel/bmi088-accel-core.o
  CC      drivers/hwtracing/stm/policy.o
  CC      drivers/iio/buffer/industrialio-buffer-dmaengine.o
  CC      drivers/hwtracing/ptt/hisi_ptt.o
  CC      drivers/hwtracing/coresight/coresight-syscfg.o
  CC      drivers/hwmon/ltc4151.o
  CC      drivers/hwtracing/intel_th/msu-sink.o
  CC      drivers/perf/arm_smmuv3_pmu.o
  CC      drivers/hwmon/ltc4215.o
  CC      drivers/iio/adc/gehc-pmc-adc.o
  CC      fs/xfs/xfs_exchrange.o
  CC      drivers/hwtracing/stm/p_basic.o
  CC      drivers/iio/accel/bmi088-accel-i2c.o
  CC      drivers/thunderbolt/path.o
  CC      drivers/iio/adc/ltc2471.o
  CC      drivers/iio/buffer/industrialio-hw-consumer.o
  CC      drivers/mmc/host/sdhci-of-dwcmshc.o
  CC      drivers/hwmon/ltc4222.o
  CC      drivers/iio/cdc/ad7150.o
  AR      drivers/hwtracing/intel_th/built-in.a
  CC      drivers/hwtracing/stm/p_sys-t.o
  CC      drivers/hwtracing/coresight/coresight-config.o
  CC      drivers/md/dm-exception-store.o
  CC      drivers/md/dm-snap-transient.o
  CC      drivers/hwmon/ltc4260.o
  CC      drivers/android/binder.o
  AR      drivers/hwtracing/ptt/built-in.a
  CC      drivers/android/binder_alloc.o
  CC      drivers/iio/buffer/industrialio-triggered-buffer.o
  CC      drivers/perf/arm_spe_pmu.o
  CC      drivers/iio/accel/dmard06.o
  CC      drivers/iio/adc/ltc2485.o
  CC      drivers/hwtracing/stm/console.o
  CC      drivers/thunderbolt/tunnel.o
  CC      drivers/iio/cdc/ad7746.o
  CC      fs/xfs/xfs_export.o
  CC      drivers/mmc/host/sdhci-msm.o
  CC      drivers/md/dm-snap-persistent.o
  CC      drivers/hwtracing/coresight/coresight-cfg-preload.o
  CC      drivers/iio/chemical/ags02ma.o
  CC      drivers/iio/buffer/kfifo_buf.o
  CC      drivers/hwmon/ltc4261.o
  CC      drivers/hwtracing/stm/heartbeat.o
  CC      drivers/iio/accel/dmard09.o
  CC      drivers/iio/adc/max1363.o
  CC      drivers/hwtracing/coresight/coresight-cfg-afdo.o
  CC      drivers/android/binder_netlink.o
  AR      drivers/iio/buffer/built-in.a
  CC      fs/xfs/xfs_extent_busy.o
  CC      drivers/nvmem/core.o
  AR      drivers/iio/cdc/built-in.a
  AR      drivers/hwtracing/stm/built-in.a
  CC      drivers/nvmem/layouts.o
  CC      drivers/md/dm-zero.o
  CC      drivers/md/persistent-data/dm-array.o
  CC      drivers/iio/chemical/atlas-sensor.o
  CC      drivers/thunderbolt/eeprom.o
  CC      drivers/hwtracing/coresight/coresight-cfg-pstop.o
  CC      drivers/perf/marvell_cn10k_tad_pmu.o
  CC      drivers/hwmon/ltc4282.o
  CC      drivers/iio/accel/dmard10.o
  CC      drivers/mmc/host/cqhci-core.o
  CC      drivers/mmc/host/mmc_hsq.o
  CC      drivers/iio/adc/max34408.o
  CC      drivers/md/dm-raid.o
  CC      drivers/nvmem/layouts/sl28vpd.o
  CC      drivers/fpga/fpga-mgr.o
  CC      drivers/hwtracing/coresight/coresight-syscfg-configfs.o
  CC      drivers/md/persistent-data/dm-bitset.o
  CC      drivers/md/persistent-data/dm-block-manager.o
  CC      drivers/thunderbolt/domain.o
  CC      fs/xfs/xfs_file.o
  CC      drivers/iio/chemical/atlas-ezo-sensor.o
  CC      drivers/perf/marvell_cn10k_ddr_pmu.o
  AR      drivers/android/built-in.a
  CC      drivers/iio/accel/fxls8962af-core.o
  CC      drivers/fsi/fsi-core.o
  CC      drivers/fsi/fsi-master-hub.o
  CC      drivers/iio/adc/max9611.o
  CC      drivers/hwmon/ltc4283.o
  AR      drivers/mmc/host/built-in.a
  AR      drivers/mmc/built-in.a
  CC      drivers/hwtracing/coresight/coresight-trace-id.o
  CC      drivers/fpga/xilinx-core.o
  CC      drivers/thunderbolt/dma_port.o
  CC      drivers/fpga/xilinx-selectmap.o
  CC      drivers/nvmem/layouts/onie-tlv.o
  CC      drivers/md/persistent-data/dm-space-map-common.o
  CC      drivers/iio/chemical/bme680_core.o
  CC      drivers/md/dm-thin.o
  CC      drivers/perf/marvell_pem_pmu.o
  CC      drivers/iio/accel/fxls8962af-i2c.o
  CC      drivers/fsi/fsi-master-gpio.o
  CC      drivers/nvmem/layouts/u-boot-env.o
  CC      drivers/iio/adc/mcp3422.o
  CC      drivers/hwmon/max1668.o
  CC      fs/xfs/xfs_filestream.o
  CC      drivers/hwtracing/coresight/coresight-tmc-core.o
  CC      drivers/fpga/altera-pr-ip-core.o
  CC      drivers/hwmon/max31760.o
  CC      drivers/nvmem/apple-efuses.o
  CC      drivers/thunderbolt/icm.o
  CC      drivers/perf/apple_m1_cpu_pmu.o
  CC      drivers/perf/dwc_pcie_pmu.o
  CC      drivers/md/persistent-data/dm-space-map-disk.o
  CC      drivers/iio/accel/kionix-kx022a.o
  CC      drivers/iio/chemical/bme680_i2c.o
  CC      drivers/fsi/fsi-master-i2cr.o
  CC      drivers/iio/accel/kionix-kx022a-i2c.o
  AR      drivers/nvmem/layouts/built-in.a
  CC      drivers/iio/adc/mt6359-auxadc.o
  CC      drivers/fpga/altera-pr-ip-core-plat.o
  CC      drivers/iio/chemical/ens160_core.o
  CC      drivers/nvmem/layerscape-sfp.o
  CC      fs/xfs/xfs_fsmap.o
  CC      drivers/hwtracing/coresight/coresight-tmc-etf.o
  CC      drivers/hwmon/max6620.o
  CC      drivers/iio/chemical/ens160_i2c.o
  CC      drivers/md/persistent-data/dm-space-map-metadata.o
  CC      drivers/hwtracing/coresight/coresight-tmc-etr.o
  CC      drivers/md/dm-thin-metadata.o
  CC      drivers/fpga/fpga-bridge.o
  CC      drivers/mux/core.o
  CC      drivers/fsi/fsi-scom.o
  CC      drivers/hwmon/max6621.o
  CC      drivers/iio/accel/kxcjk-1013.o
  CC      drivers/iio/adc/men_z188_adc.o
  CC      drivers/nvmem/max77759-nvmem.o
  CC      drivers/thunderbolt/property.o
  CC      drivers/perf/cxl_pmu.o
  CC      drivers/iio/chemical/ams-iaq-core.o
  CC      drivers/interconnect/core.o
  CC      drivers/interconnect/bulk.o
  CC      drivers/md/persistent-data/dm-transaction-manager.o
  CC      drivers/fpga/altera-freeze-bridge.o
  CC      fs/xfs/xfs_fsops.o
  CC      drivers/fsi/fsi-sbefifo.o
  CC      drivers/mux/adg792a.o
  CC      drivers/iio/adc/meson_saradc.o
  CC      drivers/nvmem/meson-efuse.o
  CC      drivers/hwmon/max6639.o
  CC      drivers/thunderbolt/xdomain.o
  CC      drivers/thunderbolt/lc.o
  CC      drivers/iio/accel/kxsd9.o
  CC      drivers/iio/adc/nau7802.o
  CC      drivers/hwtracing/coresight/coresight-tpiu.o
  CC      drivers/fpga/xilinx-pr-decoupler.o
  CC      drivers/nvmem/meson-mx-efuse.o
  CC      drivers/iio/chemical/mhz19b.o
  CC      drivers/md/persistent-data/dm-btree.o
  CC      drivers/interconnect/debugfs-client.o
  AR      drivers/perf/built-in.a
  CC      drivers/most/core.o
  CC      drivers/mux/mmio.o
  AR      drivers/fsi/built-in.a
  CC      drivers/peci/core.o
  CC      fs/xfs/xfs_globals.o
  CC      drivers/hwmon/max6650.o
  CC      drivers/peci/request.o
  CC      drivers/iio/accel/kxsd9-i2c.o
  CC      drivers/nvmem/qfprom.o
  CC      drivers/fpga/fpga-region.o
  CC      drivers/interconnect/qcom/icc-common.o
  CC      drivers/iio/adc/pac1921.o
  CC      drivers/iio/accel/mc3230.o
  CC      drivers/hwtracing/coresight/coresight-etb10.o
  CC      drivers/iio/chemical/pms7003.o
  CC      drivers/thunderbolt/tmu.o
  AR      drivers/mux/built-in.a
  CC      drivers/interconnect/icc-clk.o
  CC      drivers/iio/accel/mma9551_core.o
  CC      drivers/md/persistent-data/dm-btree-remove.o
  CC      fs/xfs/xfs_handle.o
  CC      drivers/interconnect/qcom/msm8916.o
  CC      drivers/fpga/of-fpga-region.o
  CC      drivers/most/configfs.o
  CC      drivers/peci/device.o
  CC      drivers/thunderbolt/usb4.o
  CC      drivers/nvmem/sec-qfprom.o
  CC      drivers/hwmon/max6697.o
  CC      drivers/most/most_usb.o
  CC      drivers/iio/chemical/scd30_core.o
  CC      drivers/interconnect/qcom/msm8953.o
  CC      drivers/iio/adc/pac1934.o
  CC      drivers/fpga/dfl.o
  CC      drivers/hwtracing/coresight/coresight-funnel.o
  CC      drivers/nvmem/qnap-mcu-eeprom.o
  CC      drivers/iio/accel/mma9551.o
  CC      drivers/iio/chemical/scd30_serial.o
  CC      drivers/peci/sysfs.o
  CC      drivers/fpga/dfl-fme-main.o
  CC      drivers/most/most_cdev.o
  CC      drivers/md/persistent-data/dm-btree-spine.o
  CC      drivers/interconnect/qcom/msm8976.o
  CC      fs/xfs/xfs_health.o
  CC      drivers/hwmon/max31790.o
  CC      fs/xfs/xfs_healthmon.o
  CC      drivers/nvmem/rmem.o
  CC      drivers/peci/cpu.o
  CC      drivers/md/dm-verity-fec.o
  CC      drivers/thunderbolt/usb4_port.o
  AR      drivers/most/built-in.a
  CC      drivers/iio/chemical/scd4x.o
  CC      drivers/nvmem/rockchip-efuse.o
  CC      drivers/iio/accel/mxc4005.o
  CC      drivers/hwtracing/coresight/coresight-replicator.o
  CC      drivers/iio/adc/rtq6056.o
  AR      drivers/md/persistent-data/built-in.a
  CC      drivers/interconnect/qcom/msm8996.o
  CC      drivers/fpga/dfl-fme-pr.o
  CC      drivers/hwmon/max31827.o
  CC      drivers/iio/adc/stm32-adc-core.o
  CC      fs/xfs/xfs_icache.o
  AR      drivers/peci/controller/built-in.a
  AR      drivers/peci/built-in.a
  CC      drivers/iio/chemical/sen0322.o
  CC      drivers/thunderbolt/nvm.o
  CC      drivers/interconnect/qcom/qcs404.o
  CC      drivers/nvmem/rockchip-otp.o
  CC      drivers/md/dm-verity-target.o
  CC      drivers/iio/accel/mxc6255.o
  CC      drivers/hwtracing/coresight/coresight-tnoc.o
  CC      drivers/thunderbolt/retimer.o
  CC      drivers/iio/chemical/sunrise_co2.o
  CC      drivers/fpga/dfl-fme-error.o
  CC      drivers/iio/adc/stm32-dfsdm-adc.o
  CC      drivers/hte/hte.o
  CC      drivers/iio/common/inv_sensors/inv_sensors_timestamp.o
  CC      drivers/hwmon/max77705-hwmon.o
  CC      drivers/iio/common/ms_sensors/ms_sensors_i2c.o
  AR      drivers/iio/common/scmi_sensors/built-in.a
  CC      drivers/nvmem/u-boot-env.o
  CC      drivers/interconnect/qcom/shikra.o
  CC      drivers/md/dm-cache-target.o
  CC      drivers/iio/adc/stm32-dfsdm-core.o
  AR      drivers/iio/common/inv_sensors/built-in.a
  AR      drivers/iio/accel/built-in.a
  CC      drivers/fpga/dfl-fme-perf.o
  CC      drivers/hwmon/mc13783-adc.o
  CC      drivers/hwtracing/coresight/coresight-stm.o
  CC      drivers/iio/chemical/sgp40.o
  AR      drivers/hte/built-in.a
  CC      drivers/interconnect/qcom/sm6115.o
  CC      drivers/thunderbolt/quirks.o
  CC      drivers/nvmem/uniphier-efuse.o
  CC      drivers/md/dm-cache-metadata.o
  CC      fs/xfs/xfs_ioctl.o
  CC      drivers/interconnect/qcom/smd-rpm.o
  CC      drivers/iio/adc/stmpe-adc.o
  CC      fs/xfs/xfs_iomap.o
  CC      drivers/iio/chemical/sps30.o
  AR      drivers/iio/common/ms_sensors/built-in.a
  CC      drivers/hwmon/mcp9982.o
  CC      drivers/iio/common/st_sensors/st_sensors_i2c.o
  CC      drivers/dpll/dpll_core.o
  CC      drivers/iio/chemical/sps30_serial.o
  AR      drivers/nvmem/built-in.a
  CC      drivers/interconnect/qcom/icc-rpm.o
  CC      drivers/hwtracing/coresight/coresight-cpu-debug.o
  CC      drivers/thunderbolt/clx.o
  CC      drivers/iio/dac/ad3552r-hs.o
  CC      drivers/md/dm-cache-policy.o
  CC      drivers/fpga/dfl-fme-mgr.o
  CC      drivers/iio/adc/ti-adc081c.o
  CC      drivers/iio/dac/ad3552r-common.o
  CC      drivers/hwmon/tc654.o
  CC      drivers/thunderbolt/debugfs.o
  CC      drivers/iio/common/st_sensors/st_sensors_core.o
  CC      drivers/iio/chemical/vz89x.o
  CC      drivers/interconnect/qcom/icc-rpm-clocks.o
  CC      drivers/dibs/dibs_main.o
  CC      drivers/hwmon/tps23861.o
  CC      drivers/dibs/dibs_loopback.o
  CC      drivers/hwmon/mr75203.o
  CC      drivers/md/dm-cache-background-tracker.o
  CC      fs/xfs/xfs_iops.o
  CC      drivers/fpga/dfl-fme-region.o
  CC      drivers/hwtracing/coresight/coresight-catu.o
  CC      drivers/dpll/dpll_netlink.o
  CC      drivers/iio/adc/ti-ads1015.o
  CC      drivers/iio/dac/ad5380.o
  AR      drivers/interconnect/qcom/built-in.a
  AR      drivers/interconnect/built-in.a
  CC      drivers/iio/common/st_sensors/st_sensors_buffer.o
  CC      drivers/fpga/dfl-afu-main.o
  CC      drivers/dpll/dpll_nl.o
  CC      drivers/thunderbolt/configfs.o
  AR      drivers/iio/dummy/built-in.a
  CC      fs/xfs/xfs_inode.o
  AR      drivers/iio/chemical/built-in.a
  CC      drivers/hwtracing/coresight/coresight-cti-core.o
  CC      fs/xfs/xfs_itable.o
  CC      drivers/md/dm-cache-policy-smq.o
  AR      drivers/dibs/built-in.a
  CC      fs/xfs/xfs_iwalk.o
  CC      drivers/hwmon/nct6775-core.o
  CC      drivers/iio/gyro/bmg160_core.o
  CC      drivers/iio/dac/ad5446.o
  CC      drivers/iio/common/st_sensors/st_sensors_trigger.o
  CC      drivers/iio/adc/ti-ads7138.o
  CC      drivers/dpll/zl3073x/chan.o
  CC      drivers/md/dm-ebs-target.o
  CC      drivers/thunderbolt/dma_test.o
  CC      drivers/fpga/dfl-afu-region.o
  CC      drivers/hwtracing/coresight/coresight-cti-platform.o
  CC      drivers/hwmon/nct6775-platform.o
  CC      drivers/iio/dac/ad5446-i2c.o
  CC      drivers/iio/gyro/bmg160_i2c.o
  CC      drivers/iio/dac/dpot-dac.o
  CC      drivers/iio/gyro/mpu3050-core.o
  CC      drivers/dpll/zl3073x/core.o
  CC      drivers/iio/adc/twl4030-madc.o
  CC      drivers/iio/gyro/mpu3050-i2c.o
  AR      drivers/iio/common/st_sensors/built-in.a
  AR      drivers/iio/common/built-in.a
  CC      drivers/fpga/dfl-afu-dma-region.o
  CC      drivers/hwmon/nct6775-i2c.o
  CC      fs/xfs/xfs_message.o
  CC      drivers/thunderbolt/stream.o
  CC      drivers/hwtracing/coresight/coresight-cti-sysfs.o
  CC      drivers/md/dm-era-target.o
  CC      drivers/iio/gyro/itg3200_core.o
  CC      drivers/iio/gyro/itg3200_buffer.o
  CC      drivers/fpga/dfl-afu-error.o
  CC      drivers/fpga/dfl-n3000-nios.o
  CC      drivers/hwmon/nct7363.o
  CC      drivers/iio/dac/ds4424.o
  CC      drivers/hwmon/npcm750-pwm-fan.o
  CC      drivers/iio/adc/twl6030-gpadc.o
  CC      drivers/hwmon/ntc_thermistor.o
  CC      drivers/dpll/zl3073x/devlink.o
  CC      fs/xfs/xfs_mount.o
  CC      drivers/iio/frequency/admfm2000.o
  CC      drivers/hwtracing/coresight/coresight-tpda.o
  AR      drivers/iio/gyro/built-in.a
  CC      fs/xfs/xfs_mru_cache.o
  CC      drivers/hwmon/pcf8591.o
  CC      drivers/md/dm-integrity.o
  CC      fs/xfs/xfs_pwork.o
  AR      drivers/thunderbolt/built-in.a
  CC      drivers/hwmon/powerz.o
  CC      drivers/dpll/zl3073x/dpll.o
  CC      drivers/iio/dac/m62332.o
  CC      drivers/dpll/zl3073x/flash.o
  AR      drivers/fpga/built-in.a
  CC      drivers/md/dm-writecache.o
  CC      fs/xfs/xfs_reflink.o
  CC      drivers/iio/adc/vf610_adc.o
  AR      drivers/iio/frequency/built-in.a
  CC      drivers/hwmon/powr1220.o
  CC      drivers/iio/health/afe4404.o
  CC      drivers/iio/health/max30102.o
  CC      fs/xfs/xfs_stats.o
  CC      drivers/dpll/zl3073x/fw.o
  CC      drivers/hwtracing/coresight/coresight-dummy.o
  CC      drivers/iio/adc/viperboard_adc.o
  CC      fs/xfs/xfs_super.o
  CC      drivers/iio/dac/mcp4725.o
  CC      drivers/hwtracing/coresight/coresight-ctcu-core.o
  CC      drivers/hwmon/sbtsi_temp.o
  CC      fs/xfs/xfs_symlink.o
  CC      drivers/iio/dac/mcp4728.o
  CC      drivers/iio/adc/xilinx-xadc-core.o
  CC      drivers/hwmon/sht15.o
  CC      fs/xfs/xfs_sysfs.o
  CC      drivers/iio/dac/mcp47feb02.o
  CC      fs/xfs/xfs_trans.o
  AR      drivers/iio/health/built-in.a
  CC      drivers/iio/humidity/am2315.o
  CC      drivers/hwmon/sht4x.o
  CC      drivers/iio/imu/bmi160/bmi160_core.o
  CC      drivers/dpll/zl3073x/out.o
  AR      drivers/hwtracing/coresight/built-in.a
  CC      drivers/hwmon/sis5595.o
  CC      drivers/iio/imu/bmi160/bmi160_i2c.o
  CC      drivers/iio/adc/xilinx-xadc-events.o
  CC      drivers/iio/imu/bmi270/bmi270_core.o
  CC      drivers/iio/light/al3320a.o
  CC      drivers/iio/humidity/dht11.o
  CC      drivers/hwmon/smpro-hwmon.o
  CC      drivers/dpll/zl3073x/prop.o
  CC      fs/xfs/xfs_verify_media.o
  AR      drivers/md/built-in.a
  CC      drivers/iio/imu/bmi270/bmi270_i2c.o
  CC      drivers/iio/multiplexer/iio-mux.o
  CC      drivers/iio/magnetometer/af8133j.o
  CC      drivers/iio/humidity/ens210.o
  CC      drivers/iio/dac/ti-dac5571.o
  CC      drivers/iio/magnetometer/ak8974.o
  AR      drivers/iio/adc/built-in.a
  CC      drivers/hwmon/smsc47m192.o
  AR      drivers/iio/imu/bmi160/built-in.a
  AR      drivers/iio/imu/bmi323/built-in.a
  CC      drivers/iio/humidity/hdc2010.o
  CC      drivers/dpll/zl3073x/ref.o
  CC      drivers/iio/light/apds9160.o
  CC      drivers/iio/magnetometer/ak8975.o
  CC      drivers/hwmon/stts751.o
  CC      fs/xfs/xfs_xattr.o
  AR      drivers/iio/multiplexer/built-in.a
  CC      drivers/dpll/zl3073x/synth.o
  CC      drivers/iio/imu/bno055/bno055.o
  AR      drivers/iio/imu/bmi270/built-in.a
  CC      drivers/iio/light/apds9300.o
  CC      drivers/iio/magnetometer/als31300.o
  CC      drivers/iio/imu/bno055/bno055_ser_core.o
  AR      drivers/iio/dac/built-in.a
  CC      drivers/hwmon/sy7636a-hwmon.o
  CC      drivers/iio/magnetometer/mag3110.o
  CC      drivers/iio/humidity/hdc3020.o
  CC      fs/xfs/xfs_log.o
  CC      drivers/iio/magnetometer/mmc5633.o
  CC      drivers/iio/position/iqs624-pos.o
  CC      fs/xfs/xfs_log_cil.o
  CC      drivers/dpll/zl3073x/i2c.o
  CC      drivers/iio/magnetometer/mmc5983.o
  CC      drivers/iio/humidity/hts221_core.o
  CC      drivers/hwmon/tc74.o
  CC      drivers/iio/imu/fxos8700_core.o
  CC      drivers/hwmon/tmp102.o
  CC      drivers/iio/imu/bno055/bno055_i2c.o
  CC      drivers/iio/potentiometer/max5432.o
  CC      drivers/iio/light/apds9306.o
  AR      drivers/iio/position/built-in.a
  CC      fs/xfs/xfs_bmap_item.o
  CC      drivers/iio/potentiostat/lmp91000.o
  CC      drivers/iio/humidity/hts221_buffer.o
  CC      drivers/iio/imu/fxos8700_i2c.o
  CC      drivers/iio/magnetometer/st_magn_core.o
  AR      drivers/iio/imu/inv_icm42600/built-in.a
  CC      drivers/hwmon/tmp103.o
  AR      drivers/dpll/zl3073x/built-in.a
  AR      drivers/dpll/built-in.a
  CC      drivers/iio/potentiometer/mcp4018.o
  CC      drivers/iio/light/apds9960.o
  CC      fs/xfs/xfs_buf_item.o
  CC      drivers/iio/magnetometer/st_magn_buffer.o
  AR      drivers/iio/imu/bno055/built-in.a
  CC      drivers/iio/light/as73211.o
  CC      fs/xfs/xfs_buf_item_recover.o
  CC      drivers/iio/pressure/abp060mg.o
  CC      drivers/iio/imu/inv_icm45600/inv_icm45600_core.o
  CC      drivers/iio/humidity/hts221_i2c.o
  AR      drivers/iio/potentiostat/built-in.a
  CC      drivers/iio/imu/inv_icm45600/inv_icm45600_buffer.o
  CC      drivers/iio/imu/inv_icm45600/inv_icm45600_gyro.o
  CC      drivers/iio/imu/inv_icm45600/inv_icm45600_accel.o
  CC      drivers/iio/pressure/adp810.o
  CC      fs/xfs/xfs_dquot_item_recover.o
  CC      drivers/iio/pressure/rohm-bm1390.o
  AR      drivers/iio/potentiometer/built-in.a
  CC      drivers/hwmon/tmp401.o
  CC      drivers/iio/imu/inv_icm45600/inv_icm45600_i2c.o
  CC      drivers/iio/magnetometer/tlv493d.o
  CC      drivers/iio/light/bh1750.o
  CC      drivers/iio/imu/inv_icm45600/inv_icm45600_i3c.o
  CC      drivers/iio/imu/inv_mpu6050/inv_mpu_core.o
  CC      drivers/hwmon/tmp421.o
  CC      drivers/iio/humidity/htu21.o
  CC      drivers/iio/magnetometer/hmc5843_core.o
  CC      drivers/iio/imu/inv_mpu6050/inv_mpu_ring.o
  CC      drivers/iio/magnetometer/hmc5843_i2c.o
  CC      drivers/iio/imu/kmx61.o
  CC      drivers/iio/light/cm32181.o
  CC      drivers/hwmon/tmp464.o
  CC      fs/xfs/xfs_exchmaps_item.o
  CC      drivers/iio/humidity/si7005.o
  CC      drivers/iio/pressure/dlhl60d.o
  CC      drivers/iio/proximity/d3323aa.o
  CC      drivers/iio/proximity/hx9023s.o
  CC      drivers/iio/pressure/hp03.o
  AR      drivers/iio/imu/inv_icm45600/built-in.a
  CC      drivers/iio/magnetometer/rm3100-core.o
  CC      drivers/iio/imu/smi330/smi330_core.o
  CC      drivers/iio/light/cm3232.o
  CC      drivers/iio/light/gp2ap020a00f.o
  CC      drivers/iio/light/iqs621-als.o
  CC      drivers/iio/magnetometer/rm3100-i2c.o
  CC      drivers/hwmon/tmp513.o
  CC      drivers/iio/imu/inv_mpu6050/inv_mpu_trigger.o
  CC      drivers/iio/pressure/hp206c.o
  CC      drivers/iio/humidity/si7020.o
  CC      fs/xfs/xfs_extfree_item.o
  CC      drivers/hwmon/vexpress-hwmon.o
  CC      drivers/iio/imu/st_lsm6dsx/st_lsm6dsx_core.o
  CC      drivers/iio/magnetometer/si7210.o
  CC      drivers/iio/light/isl29018.o
  CC      drivers/iio/pressure/hsc030pa.o
  CC      drivers/iio/imu/smi330/smi330_i2c.o
  CC      drivers/iio/proximity/pulsedlight-lidar-lite-v2.o
  CC      drivers/iio/magnetometer/tmag5273.o
  CC      drivers/iio/light/isl29028.o
  CC      drivers/iio/magnetometer/yamaha-yas530.o
  CC      drivers/iio/proximity/mb1232.o
  CC      drivers/iio/imu/inv_mpu6050/inv_mpu_aux.o
  CC      drivers/iio/pressure/hsc030pa_i2c.o
  CC      drivers/hwmon/vt1211.o
  CC      drivers/iio/imu/st_lsm6dsx/st_lsm6dsx_buffer.o
  AR      drivers/iio/humidity/built-in.a
  CC      drivers/iio/pressure/mprls0025pa.o
  CC      drivers/iio/temperature/iqs620at-temp.o
  CC      drivers/iio/light/jsa1212.o
  CC      drivers/iio/temperature/max30208.o
  AR      drivers/iio/imu/smi330/built-in.a
  CC      drivers/iio/pressure/mprls0025pa_i2c.o
  CC      drivers/iio/imu/st_lsm6dsx/st_lsm6dsx_shub.o
  CC      fs/xfs/xfs_attr_item.o
  CC      drivers/iio/imu/st_lsm6dsx/st_lsm6dsx_fusion.o
  CC      drivers/iio/proximity/rfd77402.o
  CC      drivers/hwmon/vt8231.o
  CC      drivers/iio/light/ltr390.o
  CC      drivers/iio/imu/inv_mpu6050/inv_mpu_magn.o
  CC      drivers/iio/temperature/mcp9600.o
  CC      drivers/iio/light/lv0104cs.o
  CC      drivers/iio/temperature/mlx90614.o
  CC      fs/xfs/xfs_icreate_item.o
  CC      drivers/iio/temperature/mlx90632.o
  CC      drivers/iio/temperature/mlx90635.o
  CC      drivers/iio/imu/st_lsm6dsx/st_lsm6dsx_i2c.o
  CC      drivers/iio/pressure/ms5611_core.o
  CC      drivers/iio/proximity/sx9310.o
  AR      drivers/iio/magnetometer/built-in.a
  CC      drivers/hwmon/w83627ehf.o
  CC      drivers/iio/pressure/sdp500.o
  CC      drivers/iio/pressure/st_pressure_core.o
  CC      drivers/iio/trigger/iio-trig-hrtimer.o
  CC      drivers/iio/imu/inv_mpu6050/inv_mpu_i2c.o
  CC      drivers/iio/pressure/st_pressure_buffer.o
  CC      drivers/iio/temperature/tmp006.o
  CC      drivers/iio/proximity/sx9324.o
  CC      drivers/iio/light/max44000.o
  CC      drivers/iio/temperature/tmp007.o
  AR      drivers/iio/imu/st_lsm6dsx/built-in.a
  CC      drivers/iio/temperature/tsys02d.o
  CC      drivers/iio/trigger/stm32-timer-trigger.o
  CC      fs/xfs/xfs_inode_item.o
  CC      drivers/iio/light/noa1305.o
  CC      drivers/iio/pressure/st_pressure_i2c.o
  CC      fs/xfs/xfs_inode_item_recover.o
  CC      drivers/hwmon/w83l785ts.o
  CC      drivers/iio/imu/inv_mpu6050/inv_mpu_acpi.o
  CC      drivers/iio/proximity/sx_common.o
  CC      drivers/hwmon/w83l786ng.o
  CC      drivers/iio/light/opt3001.o
  CC      drivers/iio/pressure/t5403.o
  CC      fs/xfs/xfs_iunlink_item.o
  CC      drivers/iio/light/opt4060.o
  CC      drivers/iio/proximity/sx9500.o
  CC      drivers/iio/pressure/zpa2326.o
  AR      drivers/iio/temperature/built-in.a
  CC      drivers/iio/trigger/iio-trig-sysfs.o
  CC      drivers/iio/proximity/vl53l1x-i2c.o
  CC      fs/xfs/xfs_refcount_item.o
  CC      drivers/iio/light/pa12203001.o
  AR      drivers/iio/imu/inv_mpu6050/built-in.a
  CC      drivers/hwmon/occ/common.o
  AR      drivers/iio/imu/built-in.a
  CC      drivers/iio/proximity/aw96103.o
  CC      fs/xfs/xfs_rmap_item.o
  CC      drivers/iio/trigger/iio-trig-loop.o
  CC      drivers/iio/pressure/zpa2326_i2c.o
  CC      drivers/iio/light/stk3310.o
  CC      drivers/iio/light/st_uvis25_core.o
  CC      drivers/hwmon/peci/cputemp.o
  CC      drivers/hwmon/occ/sysfs.o
  CC      fs/xfs/xfs_log_recover.o
  CC      fs/xfs/xfs_trans_ail.o
  CC      drivers/hwmon/pmbus/pmbus_core.o
  CC      drivers/hwmon/peci/dimmtemp.o
  CC      drivers/hwmon/occ/p8_i2c.o
  CC      drivers/hwmon/pmbus/adm1266.o
  CC      fs/xfs/xfs_trans_buf.o
  AR      drivers/iio/trigger/built-in.a
  CC      fs/xfs/xfs_dquot.o
  CC      drivers/iio/light/st_uvis25_i2c.o
  CC      drivers/hwmon/pmbus/adm1275.o
  AR      drivers/iio/proximity/built-in.a
  CC      drivers/iio/light/tcs3414.o
  CC      fs/xfs/xfs_dquot_item.o
  CC      drivers/iio/light/tsl2563.o
  AR      drivers/iio/pressure/built-in.a
  CC      drivers/hwmon/pmbus/adp1050.o
  CC      drivers/iio/light/tsl2583.o
  CC      fs/xfs/xfs_trans_dquot.o
  AR      drivers/hwmon/peci/built-in.a
  CC      fs/xfs/xfs_qm_syscalls.o
  AR      drivers/hwmon/occ/built-in.a
  CC      fs/xfs/xfs_qm_bhv.o
  CC      drivers/hwmon/pmbus/bel-pfe.o
  CC      drivers/iio/light/tsl2591.o
  CC      fs/xfs/xfs_qm.o
  CC      drivers/iio/light/tsl2772.o
  CC      drivers/hwmon/pmbus/bpa-rs600.o
  CC      drivers/iio/light/tsl4531.o
  CC      fs/xfs/xfs_quotaops.o
  CC      drivers/hwmon/pmbus/delta-ahe50dc-fan.o
  CC      drivers/iio/light/vcnl4000.o
  CC      drivers/iio/light/vcnl4035.o
  CC      drivers/hwmon/pmbus/fsp-3y.o
  CC      fs/xfs/xfs_acl.o
  CC      drivers/hwmon/pmbus/hac300s.o
  CC      drivers/hwmon/pmbus/ibm-cffps.o
  CC      drivers/iio/light/veml3235.o
  CC      drivers/hwmon/pmbus/ina233.o
  CC      drivers/iio/light/veml3328.o
  CC      drivers/hwmon/pmbus/inspur-ipsps.o
  CC      drivers/iio/light/veml6030.o
  CC      drivers/hwmon/pmbus/ir35221.o
  CC      drivers/hwmon/pmbus/ir38064.o
  CC      drivers/iio/light/veml6040.o
  CC      drivers/hwmon/pmbus/isl68137.o
  CC      drivers/iio/light/veml6046x00.o
  CC      drivers/iio/light/veml6070.o
  CC      drivers/hwmon/pmbus/lm25066.o
  CC      drivers/hwmon/pmbus/lt7182s.o
  CC      drivers/iio/light/vl6180.o
  AR      fs/xfs/built-in.a
  AR      fs/built-in.a
  CC      drivers/hwmon/pmbus/ltc3815.o
  CC      drivers/iio/light/zopt2201.o
  CC      drivers/hwmon/pmbus/lx1308.o
  CC      drivers/hwmon/pmbus/max15301.o
  CC      drivers/hwmon/pmbus/max16064.o
  CC      drivers/hwmon/pmbus/max16601.o
  CC      drivers/hwmon/pmbus/max17616.o
  CC      drivers/hwmon/pmbus/max20730.o
  CC      drivers/hwmon/pmbus/max20751.o
  CC      drivers/hwmon/pmbus/max31785.o
  CC      drivers/hwmon/pmbus/mp2856.o
  CC      drivers/hwmon/pmbus/mp2888.o
  CC      drivers/hwmon/pmbus/mp2891.o
  CC      drivers/hwmon/pmbus/mp2925.o
  CC      drivers/hwmon/pmbus/mp2975.o
  CC      drivers/hwmon/pmbus/mp2985.o
  CC      drivers/hwmon/pmbus/mp2993.o
  CC      drivers/hwmon/pmbus/mp5920.o
  CC      drivers/hwmon/pmbus/mp5926.o
  AR      drivers/iio/light/built-in.a
  AR      drivers/iio/built-in.a
  CC      drivers/hwmon/pmbus/mp5990.o
  CC      drivers/hwmon/pmbus/mp9941.o
  CC      drivers/hwmon/pmbus/mp9945.o
  CC      drivers/hwmon/pmbus/mpq7932.o
  CC      drivers/hwmon/pmbus/mpq8785.o
  CC      drivers/hwmon/pmbus/pli1209bc.o
  CC      drivers/hwmon/pmbus/pm6764tr.o
  CC      drivers/hwmon/pmbus/pxe1610.o
  CC      drivers/hwmon/pmbus/q54sj108a2.o
  CC      drivers/hwmon/pmbus/stpddc60.o
  CC      drivers/hwmon/pmbus/tda38640.o
  CC      drivers/hwmon/pmbus/tps40422.o
  CC      drivers/hwmon/pmbus/tps53679.o
  CC      drivers/hwmon/pmbus/ucd9000.o
  CC      drivers/hwmon/pmbus/xdp720.o
  CC      drivers/hwmon/pmbus/xdpe12284.o
  CC      drivers/hwmon/pmbus/xdpe152c4.o
  CC      drivers/hwmon/pmbus/pim4328.o
  CC      drivers/hwmon/pmbus/crps.o
  CC      drivers/hwmon/pmbus/d1u74t.o
  AR      drivers/hwmon/pmbus/built-in.a
  AR      drivers/hwmon/built-in.a
  AR      drivers/built-in.a
  AR      built-in.a
  AR      built-in-fixup.a
  COPY    vmlinux.a
  LD      vmlinux.o
  MODPOST vmlinux.symvers
  CC      .vmlinux.export.o
  UPD     include/generated/utsversion.h
  CC      init/version-timestamp.o
  LD      vmlinux.unstripped
  NM      System.map
  SORTTAB vmlinux.unstripped
  OBJCOPY vmlinux
  GEN     modules.builtin.modinfo
  GEN     modules.builtin
  OBJCOPY arch/arm64/boot/Image
make[3]: Leaving directory '/home/benni/git/kernel-test/build/randconfig-arm64'
make[2]: Leaving directory '/home/benni/git/linux'
