make[3]: Entering directory '/home/benni/git/linux'
make[4]: Entering directory '/home/benni/git/kernel-test/build/randdefconfig-i386'
*** Default configuration is based on 'i386_defconfig'
#
# configuration written to .config
#
make[4]: Leaving directory '/home/benni/git/kernel-test/build/randdefconfig-i386'
make[3]: Leaving directory '/home/benni/git/linux'
make[3]: Entering directory '/home/benni/git/linux'
make[4]: Entering directory '/home/benni/git/kernel-test/build/randdefconfig-i386'
.config:5274:warning: override: reassigning to symbol QUOTA_NETLINK_INTERFACE
.config:5275:warning: override: reassigning to symbol X86_REQUIRED_FEATURE_FPU
.config:5276:warning: override: reassigning to symbol DMA_ACPI
.config:5277:warning: override: reassigning to symbol E100
.config:5278:warning: override: reassigning to symbol AMD_NB
.config:5279:warning: override: reassigning to symbol INPUT_EVDEV
.config:5280:warning: override: reassigning to symbol RD_BZIP2
.config:5281:warning: override: reassigning to symbol CC_HAS_MIN_FUNCTION_ALIGNMENT
.config:5282:warning: override: reassigning to symbol TASK_IO_ACCOUNTING
.config:5283:warning: override: reassigning to symbol OLD_SIGSUSPEND3
.config:5284:warning: override: reassigning to symbol NETFILTER_XT_TARGET_CONNSECMARK
.config:5285:warning: override: reassigning to symbol ACPI_MDIO
.config:5286:warning: override: reassigning to symbol RUNTIME_TESTING_MENU
.config:5287:warning: override: reassigning to symbol HALTPOLL_CPUIDLE
.config:5288:warning: override: reassigning to symbol RTC_INTF_SYSFS
.config:5289:warning: override: reassigning to symbol HAVE_DYNAMIC_FTRACE_NO_PATCHABLE
.config:5290:warning: override: reassigning to symbol I8253_LOCK
.config:5291:warning: override: reassigning to symbol ARCH_HAS_CACHE_LINE_SIZE
.config:5292:warning: override: reassigning to symbol CDROM
.config:5293:warning: override: reassigning to symbol RSEQ
.config:5294:warning: override: reassigning to symbol ELFCORE
.config:5295:warning: override: reassigning to symbol NET_VENDOR_HISILICON
.config:5296:warning: override: reassigning to symbol VMCORE_INFO
.config:5297:warning: override: reassigning to symbol HAVE_HW_BREAKPOINT
.config:5298:warning: override: reassigning to symbol KCMP
.config:5299:warning: override: reassigning to symbol ACPI_BUTTON
.config:5300:warning: override: reassigning to symbol ACPI_EC
.config:5301:warning: override: reassigning to symbol CFG80211_REQUIRE_SIGNED_REGDB
.config:5302:warning: override: reassigning to symbol HAVE_DYNAMIC_FTRACE_WITH_REGS
.config:5303:warning: override: reassigning to symbol BNX2
.config:5304:warning: override: reassigning to symbol IP_MULTIPLE_TABLES
.config:5305:warning: override: reassigning to symbol NLS
.config:5306:warning: override: reassigning to symbol WLAN_VENDOR_ATMEL
.config:5307:warning: override: reassigning to symbol RANDSTRUCT_NONE
.config:5308:warning: override: reassigning to symbol CACHESTAT_SYSCALL
.config:5309:warning: override: reassigning to symbol HAVE_PCSPKR_PLATFORM
.config:5310:warning: override: reassigning to symbol NET_VENDOR_3COM
.config:5311:warning: override: reassigning to symbol NET_VENDOR_HUAWEI
.config:5312:warning: override: reassigning to symbol TASKSTATS
.config:5313:warning: override: reassigning to symbol NET_VENDOR_ALIBABA
.config:5314:warning: override: reassigning to symbol BLK_RQ_ALLOC_TIME
.config:5315:warning: override: reassigning to symbol NLATTR
.config:5316:warning: override: reassigning to symbol BLOCK_HOLDER_DEPRECATED
.config:5317:warning: override: reassigning to symbol CRYPTO_SKCIPHER
.config:5318:warning: override: reassigning to symbol BLK_DEV_DM
.config:5319:warning: override: reassigning to symbol DM_ZERO
.config:5320:warning: override: reassigning to symbol MOUSE_PS2_LOGIPS2PP
.config:5321:warning: override: reassigning to symbol HAVE_MOVE_PMD
.config:5322:warning: override: reassigning to symbol PM_SLEEP
.config:5323:warning: override: reassigning to symbol HAVE_ARCH_WITHIN_STACK_FRAMES
.config:5324:warning: override: reassigning to symbol USB_ARCH_HAS_HCD
.config:5325:warning: override: reassigning to symbol X86_REROUTE_FOR_BROKEN_BOOT_IRQS
.config:5326:warning: override: reassigning to symbol EFI_DXE_MEM_ATTRIBUTES
.config:5327:warning: override: reassigning to symbol CPU_ISOLATION
.config:5328:warning: override: reassigning to symbol DEFAULT_CUBIC
.config:5329:warning: override: reassigning to symbol M686
.config:5330:warning: override: reassigning to symbol SND_HDA_CORE
.config:5331:warning: override: reassigning to symbol SCHED_MC
.config:5332:warning: override: reassigning to symbol HAVE_KERNEL_LZMA
.config:5333:warning: override: reassigning to symbol FS_MBCACHE
.config:5334:warning: override: reassigning to symbol HID_PETALYNX
.config:5335:warning: override: reassigning to symbol GENERIC_IRQ_MIGRATION
.config:5336:warning: override: reassigning to symbol ARCH_HAS_CPU_ATTACK_VECTORS
.config:5337:warning: override: reassigning to symbol ARCH_SUPPORTS_KEXEC
.config:5338:warning: override: reassigning to symbol HAVE_EBPF_JIT
.config:5339:warning: override: reassigning to symbol NET_VENDOR_INTEL
.config:5340:warning: override: reassigning to symbol NET_VENDOR_NATSEMI
.config:5341:warning: override: reassigning to symbol PATA_TIMINGS
.config:5342:warning: override: reassigning to symbol HAVE_IRQ_TIME_ACCOUNTING
.config:5343:warning: override: reassigning to symbol VIRTIO_NET
.config:5344:warning: override: reassigning to symbol KALLSYMS_ALL
.config:5345:warning: override: reassigning to symbol I2C_I801
.config:5346:warning: override: reassigning to symbol GENERIC_BITREVERSE
.config:5347:warning: override: reassigning to symbol SND_INTEL_NHLT
.config:5348:warning: override: reassigning to symbol CPU_FREQ
.config:5349:warning: override: reassigning to symbol ACPI_WMI
.config:5350:warning: override: reassigning to symbol BLK_DEV
.config:5351:warning: override: reassigning to symbol ACPI_BATTERY
.config:5352:warning: override: reassigning to symbol ARCH_SUPPORTS_RT
.config:5353:warning: override: reassigning to symbol NEED_SG_DMA_LENGTH
.config:5354:warning: override: reassigning to symbol MTRR
.config:5355:warning: override: reassigning to symbol PGTABLE_HAS_HUGE_LEAVES
.config:5356:warning: override: reassigning to symbol USB_SUPPORT
.config:5357:warning: override: reassigning to symbol MD
.config:5358:warning: override: reassigning to symbol SYSVIPC
.config:5359:warning: override: reassigning to symbol HIBERNATE_CALLBACKS
.config:5360:warning: override: reassigning to symbol EXCLUSIVE_SYSTEM_RAM
.config:5361:warning: override: reassigning to symbol ARCH_CLOCKSOURCE_INIT
.config:5362:warning: override: reassigning to symbol SERIAL_8250
.config:5363:warning: override: reassigning to symbol KRETPROBE_ON_RETHOOK
.config:5364:warning: override: reassigning to symbol NET_VENDOR_GOOGLE
.config:5365:warning: override: reassigning to symbol CONNECTOR
.config:5366:warning: override: reassigning to symbol EARLY_PRINTK
.config:5367:warning: override: reassigning to symbol NET_VENDOR_AMAZON
.config:5368:warning: override: reassigning to symbol BLOCK
.config:5369:warning: override: reassigning to symbol NET_SELFTESTS
.config:5370:warning: override: reassigning to symbol GENERIC_IRQ_ENTRY
.config:5371:warning: override: reassigning to symbol IO_URING_ZCRX
.config:5372:warning: override: reassigning to symbol SND_HRTIMER
.config:5373:warning: override: reassigning to symbol CC_HAS_ASM_INLINE
.config:5374:warning: override: reassigning to symbol GENERIC_ISA_DMA
.config:5375:warning: override: reassigning to symbol MMU_LAZY_TLB_REFCOUNT
.config:5376:warning: override: reassigning to symbol MQ_IOSCHED_KYBER
.config:5377:warning: override: reassigning to symbol ACPI_CPU_FREQ_PSS
.config:5378:warning: override: reassigning to symbol LOCK_DEBUGGING_SUPPORT
.config:5379:warning: override: reassigning to symbol I2C
.config:5380:warning: override: reassigning to symbol CPU_SUP_HYGON
.config:5381:warning: override: reassigning to symbol PNPACPI
.config:5382:warning: override: reassigning to symbol PREEMPT_COUNT
.config:5383:warning: override: reassigning to symbol PATA_MPIIX
.config:5384:warning: override: reassigning to symbol TRACE_CLOCK
.config:5385:warning: override: reassigning to symbol GROUP_SCHED_WEIGHT
.config:5386:warning: override: reassigning to symbol ARCH_WANTS_NO_INSTR
.config:5387:warning: override: reassigning to symbol SCHED_HRTICK
.config:5388:warning: override: reassigning to symbol ARCH_SUPPORTS_SCHED_CLUSTER
.config:5389:warning: override: reassigning to symbol VGA_ARB
.config:5390:warning: override: reassigning to symbol DRM_DISPLAY_HELPER
.config:5391:warning: override: reassigning to symbol BITREVERSE
.config:5392:warning: override: reassigning to symbol USB_EHCI_TT_NEWSCHED
.config:5393:warning: override: reassigning to symbol IP_PNP
.config:5394:warning: override: reassigning to symbol CGROUP_CPUACCT
.config:5395:warning: override: reassigning to symbol PAGE_POOL
.config:5396:warning: override: reassigning to symbol WLAN_VENDOR_RSI
.config:5397:warning: override: reassigning to symbol SBITMAP
.config:5398:warning: override: reassigning to symbol MITIGATION_GDS
.config:5399:warning: override: reassigning to symbol HAVE_ARCH_MMAP_RND_BITS
.config:5400:warning: override: reassigning to symbol ACPI_NHLT
.config:5401:warning: override: reassigning to symbol DEBUG_KERNEL
.config:5402:warning: override: reassigning to symbol X86_AMD_PSTATE
.config:5403:warning: override: reassigning to symbol SECCOMP
.config:5404:warning: override: reassigning to symbol DRM_PANEL_BRIDGE
.config:5405:warning: override: reassigning to symbol DECOMPRESS_LZMA
.config:5406:warning: override: reassigning to symbol HAVE_OPTPROBES
.config:5407:warning: override: reassigning to symbol HID_TOPSEED
.config:5408:warning: override: reassigning to symbol DRM_DISPLAY_DP_HELPER
.config:5409:warning: override: reassigning to symbol HARDIRQS_SW_RESEND
.config:5410:warning: override: reassigning to symbol EFI_ESRT
.config:5411:warning: override: reassigning to symbol BLK_DEV_IO_TRACE
.config:5412:warning: override: reassigning to symbol HAS_SECURITY_AUDIT
.config:5413:warning: override: reassigning to symbol NET_9P_VIRTIO
.config:5414:warning: override: reassigning to symbol CC_NO_STRINGOP_OVERFLOW
.config:5415:warning: override: reassigning to symbol CPU_SUP_TRANSMETA_32
.config:5416:warning: override: reassigning to symbol CPUFREQ_ARCH_CUR_FREQ
.config:5417:warning: override: reassigning to symbol KEXEC_CORE
.config:5418:warning: override: reassigning to symbol PNFS_FLEXFILE_LAYOUT
.config:5419:warning: override: reassigning to symbol TRACING
.config:5420:warning: override: reassigning to symbol NET_VENDOR_MICROSOFT
.config:5421:warning: override: reassigning to symbol X86_MCE
.config:5422:warning: override: reassigning to symbol SERIO_SERPORT
.config:5423:warning: override: reassigning to symbol MICROCODE
.config:5424:warning: override: reassigning to symbol NET_SCHED
.config:5425:warning: override: reassigning to symbol WLAN_VENDOR_MICROCHIP
.config:5426:warning: override: reassigning to symbol NET_CLS_CGROUP
.config:5427:warning: override: reassigning to symbol DCACHE_WORD_ACCESS
.config:5428:warning: override: reassigning to symbol NEED_PER_CPU_PAGE_FIRST_CHUNK
.config:5429:warning: override: reassigning to symbol SND_PROC_FS
.config:5430:warning: override: reassigning to symbol HW_RANDOM_AMD
.config:5431:warning: override: reassigning to symbol SYNC_FILE
.config:5432:warning: override: reassigning to symbol SND_SEQ_DEVICE
.config:5433:warning: override: reassigning to symbol WIRELESS
.config:5434:warning: override: reassigning to symbol X86_32
.config:5435:warning: override: reassigning to symbol ARCH_MIGHT_HAVE_PC_PARPORT
.config:5436:warning: override: reassigning to symbol CPU_FREQ_DEFAULT_GOV_USERSPACE
.config:5437:warning: override: reassigning to symbol X86_THERMAL_VECTOR
.config:5438:warning: override: reassigning to symbol CRYPTO_CAMELLIA
.config:5439:warning: override: reassigning to symbol SCSI_LOWLEVEL
.config:5440:warning: override: reassigning to symbol LEGACY_DIRECT_IO
.config:5441:warning: override: reassigning to symbol NET_VENDOR_ROCKER
.config:5442:warning: override: reassigning to symbol MOUSE_PS2_CYPRESS
.config:5443:warning: override: reassigning to symbol HID
.config:5444:warning: override: reassigning to symbol MEMFD_CREATE
.config:5445:warning: override: reassigning to symbol SYSTEM_TRUSTED_KEYRING
.config:5446:warning: override: reassigning to symbol USB
.config:5447:warning: override: reassigning to symbol X86_NEED_RELOCS
.config:5448:warning: override: reassigning to symbol JOLIET
.config:5449:warning: override: reassigning to symbol HAS_DMA
.config:5450:warning: override: reassigning to symbol PID_NS
.config:5451:warning: override: reassigning to symbol NF_CONNTRACK_SIP
.config:5452:warning: override: reassigning to symbol NF_NAT_SIP
.config:5453:warning: override: reassigning to symbol FUTEX_PRIVATE_HASH
.config:5454:warning: override: reassigning to symbol PAGE_SIZE_LESS_THAN_64KB
.config:5455:warning: override: reassigning to symbol PNFS_BLOCK
.config:5456:warning: override: reassigning to symbol TRACE_IRQFLAGS_NMI_SUPPORT
.config:5457:warning: override: reassigning to symbol IOMMU_API
.config:5458:warning: override: reassigning to symbol SERIAL_8250_RSA
.config:5459:warning: override: reassigning to symbol VIRTIO_PCI_LEGACY
.config:5460:warning: override: reassigning to symbol PCI_MSI
.config:5461:warning: override: reassigning to symbol ETHERNET
.config:5462:warning: override: reassigning to symbol ARCH_USE_BUILTIN_BSWAP
.config:5463:warning: override: reassigning to symbol X86_DISABLED_FEATURE_LASS
.config:5464:warning: override: reassigning to symbol EXT4_USE_FOR_EXT2
.config:5465:warning: override: reassigning to symbol CGROUP_NET_CLASSID
.config:5466:warning: override: reassigning to symbol AF_UNIX_OOB
.config:5467:warning: override: reassigning to symbol NET_CLS_ACT
.config:5468:warning: override: reassigning to symbol MMU_GATHER_MERGE_VMAS
.config:5469:warning: override: reassigning to symbol GENERIC_EARLY_IOREMAP
.config:5470:warning: override: reassigning to symbol BLK_CGROUP_IOLATENCY
.config:5471:warning: override: reassigning to symbol BUILDTIME_TABLE_SORT
.config:5472:warning: override: reassigning to symbol DMIID
.config:5473:warning: override: reassigning to symbol CRYPTO_ACOMP2
.config:5474:warning: override: reassigning to symbol CFG80211_CRDA_SUPPORT
.config:5475:warning: override: reassigning to symbol ARCH_SUPPORTS_KEXEC_PURGATORY
.config:5476:warning: override: reassigning to symbol GRACE_PERIOD
.config:5477:warning: override: reassigning to symbol DRM_I915_USERPTR
.config:5478:warning: override: reassigning to symbol CARDBUS
.config:5479:warning: override: reassigning to symbol NET_TULIP
.config:5480:warning: override: reassigning to symbol DRM_PANEL
.config:5481:warning: override: reassigning to symbol NFS_COMMON
.config:5482:warning: override: reassigning to symbol ARCH_HAS_CPU_CACHE_INVALIDATE_MEMREGION
.config:5483:warning: override: reassigning to symbol FSNOTIFY
.config:5484:warning: override: reassigning to symbol HAVE_FUNCTION_ERROR_INJECTION
.config:5485:warning: override: reassigning to symbol NETFILTER_XT_MATCH_STATE
.config:5486:warning: override: reassigning to symbol PNP
.config:5487:warning: override: reassigning to symbol ZSTD_DECOMPRESS
.config:5488:warning: override: reassigning to symbol PCI_QUIRKS
.config:5489:warning: override: reassigning to symbol MITIGATION_RFDS
.config:5490:warning: override: reassigning to symbol MITIGATION_SPECTRE_BHI
.config:5491:warning: override: reassigning to symbol BUG
.config:5492:warning: override: reassigning to symbol HAVE_MMIOTRACE_SUPPORT
.config:5493:warning: override: reassigning to symbol HAVE_KPROBES
.config:5494:warning: override: reassigning to symbol NET_VENDOR_QUALCOMM
.config:5495:warning: override: reassigning to symbol SECRETMEM
.config:5496:warning: override: reassigning to symbol CC_HAS_WORKING_NOSANITIZE_ADDRESS
.config:5497:warning: override: reassigning to symbol X86_DISABLED_FEATURE_XENPV
.config:5498:warning: override: reassigning to symbol PERF_EVENTS_INTEL_CSTATE
.config:5499:warning: override: reassigning to symbol RFKILL_LEDS
.config:5500:warning: override: reassigning to symbol MD_BITMAP
.config:5501:warning: override: reassigning to symbol WLAN_VENDOR_QUANTENNA
.config:5502:warning: override: reassigning to symbol HAVE_DYNAMIC_FTRACE
.config:5503:warning: override: reassigning to symbol WLAN_VENDOR_SILABS
.config:5504:warning: override: reassigning to symbol KERNFS
.config:5505:warning: override: reassigning to symbol GENERIC_BUG
.config:5506:warning: override: reassigning to symbol ARCH_USE_MEMREMAP_PROT
.config:5507:warning: override: reassigning to symbol SCSI_CONSTANTS
.config:5508:warning: override: reassigning to symbol ARCH_HAVE_EXTRA_ELF_NOTES
.config:5509:warning: override: reassigning to symbol TASKS_RCU
.config:5510:warning: override: reassigning to symbol CRYPTO_AUTHENC
.config:5511:warning: override: reassigning to symbol HID_SUNPLUS
.config:5512:warning: override: reassigning to symbol HAVE_GCC_PLUGINS
.config:5513:warning: override: reassigning to symbol HAVE_ARCH_TRACEHOOK
.config:5514:warning: override: reassigning to symbol CRYPTO_LIB_SHA256
.config:5515:warning: override: reassigning to symbol BQL
.config:5516:warning: override: reassigning to symbol USB_XHCI_PCI
.config:5517:warning: override: reassigning to symbol SCHED_OMIT_FRAME_POINTER
.config:5518:warning: override: reassigning to symbol ARCH_SUPPORTS_LTO_CLANG
.config:5519:warning: override: reassigning to symbol HAVE_GENERIC_TIF_BITS
.config:5520:warning: override: reassigning to symbol PCI_BIOS
.config:5521:warning: override: reassigning to symbol EFI_RUNTIME_MAP
.config:5522:warning: override: reassigning to symbol MOUSE_PS2_SYNAPTICS
.config:5523:warning: override: reassigning to symbol TCP_CONG_CUBIC
.config:5524:warning: override: reassigning to symbol LD_IS_BFD
.config:5525:warning: override: reassigning to symbol USB_OHCI_HCD
.config:5526:warning: override: reassigning to symbol SND_HDA_I915
.config:5527:warning: override: reassigning to symbol AUDITSYSCALL
.config:5528:warning: override: reassigning to symbol ACPI_VIDEO
.config:5529:warning: override: reassigning to symbol HPET
.config:5530:warning: override: reassigning to symbol TRACING_SUPPORT
.config:5531:warning: override: reassigning to symbol VIRTIO_PCI_ADMIN_LEGACY
.config:5532:warning: override: reassigning to symbol SND
.config:5533:warning: override: reassigning to symbol X86_DISABLED_FEATURE_IBT
.config:5534:warning: override: reassigning to symbol DNOTIFY
.config:5535:warning: override: reassigning to symbol EARLY_PRINTK_USB
.config:5536:warning: override: reassigning to symbol VT_CONSOLE_SLEEP
.config:5537:warning: override: reassigning to symbol ARCH_HAS_DEBUG_VIRTUAL
.config:5538:warning: override: reassigning to symbol PCMCIA
.config:5539:warning: override: reassigning to symbol HAVE_ARCH_RANDOMIZE_KSTACK_OFFSET
.config:5540:warning: override: reassigning to symbol SOCK_CGROUP_DATA
.config:5541:warning: override: reassigning to symbol NET_VENDOR_EZCHIP
.config:5542:warning: override: reassigning to symbol NET_VENDOR_SEEQ
.config:5543:warning: override: reassigning to symbol AUXILIARY_BUS
.config:5544:warning: override: reassigning to symbol FW_LOADER
.config:5545:warning: override: reassigning to symbol MAGIC_SYSRQ_SERIAL
.config:5546:warning: override: reassigning to symbol NLS_CODEPAGE_437
.config:5547:warning: override: reassigning to symbol NET_VENDOR_SAMSUNG
.config:5548:warning: override: reassigning to symbol MD_BITMAP_FILE
.config:5549:warning: override: reassigning to symbol CRYPTO_LIB_SHA1
.config:5550:warning: override: reassigning to symbol LZ4_COMPRESS
.config:5551:warning: override: reassigning to symbol ARCH_HAS_PARANOID_L1D_FLUSH
.config:5552:warning: override: reassigning to symbol NFS_FS
.config:5553:warning: override: reassigning to symbol ZLIB_DEFLATE
.config:5554:warning: override: reassigning to symbol PKCS7_MESSAGE_PARSER
.config:5555:warning: override: reassigning to symbol XFRM_ALGO
.config:5556:warning: override: reassigning to symbol CPU_SUP_CENTAUR
.config:5557:warning: override: reassigning to symbol NEW_LEDS
.config:5558:warning: override: reassigning to symbol UPROBE_EVENTS
.config:5559:warning: override: reassigning to symbol RD_XZ
.config:5560:warning: override: reassigning to symbol AIO
.config:5561:warning: override: reassigning to symbol NET_POLL_CONTROLLER
.config:5562:warning: override: reassigning to symbol CC_HAS_ASSUME
.config:5563:warning: override: reassigning to symbol HZ_1000
.config:5564:warning: override: reassigning to symbol ARCH_HAS_PREEMPT_LAZY
.config:5565:warning: override: reassigning to symbol PROC_EVENTS
.config:5566:warning: override: reassigning to symbol NF_LOG_SYSLOG
.config:5567:warning: override: reassigning to symbol SOCK_RX_QUEUE_MAPPING
.config:5568:warning: override: reassigning to symbol MITIGATION_TSA
.config:5569:warning: override: reassigning to symbol HAS_IOPORT_MAP
.config:5570:warning: override: reassigning to symbol CC_NO_ARRAY_BOUNDS
.config:5571:warning: override: reassigning to symbol ARCH_HAS_CURRENT_STACK_POINTER
.config:5572:warning: override: reassigning to symbol X86_DISABLED_FEATURE_OSPKE
.config:5573:warning: override: reassigning to symbol NET_VENDOR_OKI
.config:5587:warning: override: reassigning to symbol PRINTK
.config:5591:warning: override: reassigning to symbol TTY
.config:5592:warning: override: reassigning to symbol SERIAL_8250
.config:5593:warning: override: reassigning to symbol SERIAL_8250_CONSOLE
.config:5599:warning: override: reassigning to symbol BLK_DEV_INITRD
.config:5600:warning: override: reassigning to symbol RD_GZIP
.config:5603:warning: override: reassigning to symbol BINFMT_ELF
.config:5604:warning: override: reassigning to symbol BINFMT_SCRIPT
.config:5607:warning: override: reassigning to symbol TMPFS
.config:5610:warning: override: reassigning to symbol KERNEL_GZIP
.config:5613:warning: override: reassigning to symbol DRM
.config:5614:warning: override: reassigning to symbol SOUND
.config:5615:warning: override: reassigning to symbol STAGING
.config:5616:warning: override: reassigning to symbol INFINIBAND
.config:5617:warning: override: reassigning to symbol MEDIA_SUPPORT
#
# configuration written to .config
#
make[4]: Leaving directory '/home/benni/git/kernel-test/build/randdefconfig-i386'
make[3]: Leaving directory '/home/benni/git/linux'
make[3]: Entering directory '/home/benni/git/linux'
make[4]: Entering directory '/home/benni/git/kernel-test/build/randdefconfig-i386'
  SYNC    include/config/auto.conf
  UPD     arch/x86/include/generated/asm/cpufeaturemasks.h
  HOSTCC  scripts/selinux/mdp/mdp
  CC      scripts/mod/empty.o
  CC      scripts/mod/devicetable-offsets.s
  MKELF   scripts/mod/elfconfig.h
  HOSTCC  scripts/mod/modpost.o
  HOSTCC  scripts/mod/sumversion.o
  HOSTCC  scripts/mod/symsearch.o
  HOSTCC  scripts/mod/file2alias.o
  HOSTLD  scripts/mod/modpost
  CC      kernel/bounds.s
  UPD     include/generated/timeconst.h
  CC      arch/x86/kernel/asm-offsets.s
  UPD     include/generated/asm-offsets.h
  CC      kernel/sched/rq-offsets.s
  CALL    /home/benni/git/linux/scripts/checksyscalls.sh 
  GEN     usr/initramfs_data.cpio
  CC      certs/system_keyring.o
  AS      arch/x86/entry/entry.o
  CC      arch/x86/realmode/init.o
  CC      ipc/mqueue.o
  CC      arch/x86/events/core.o
  CC      init/main.o
  COPY    usr/initramfs_inc_data
  AS      usr/initramfs_data.o
  AS      arch/x86/lib/atomic64_cx8_32.o
  CC      security/keys/gc.o
  AR      usr/built-in.a
  CC      block/bdev.o
  AS      arch/x86/lib/checksum_32.o
  AS      arch/x86/entry/entry_32.o
  CC      io_uring/io_uring.o
  CC      lib/argv_split.o
  CC      fs/open.o
  CC      mm/filemap.o
  CC      crypto/api.o
  CC      arch/x86/entry/syscall_32.o
  UPD     init/utsversion-tmp.h
  CC      kernel/fork.o
  CC      arch/x86/lib/cmdline.o
  AS      arch/x86/lib/cmpxchg8b_emu.o
  AR      drivers/leds/built-in.a
  CC      arch/x86/lib/cpu.o
  CC      drivers/pci/access.o
  AS      certs/system_certificates.o
  AR      certs/built-in.a
  AS      arch/x86/realmode/rm/header.o
  CC      io_uring/opdef.o
  AS      arch/x86/realmode/rm/trampoline_32.o
  CC      lib/bug.o
  AS      arch/x86/realmode/rm/stack.o
  CC      security/keys/key.o
  AS      arch/x86/realmode/rm/reboot.o
  AS      arch/x86/realmode/rm/wakeup_asm.o
  CC      arch/x86/lib/delay.o
  CC      arch/x86/realmode/rm/wakemain.o
  CC      crypto/cipher.o
  CC      ipc/msgutil.o
  CC      arch/x86/realmode/rm/video-mode.o
  AS      arch/x86/realmode/rm/copy.o
  CC      arch/x86/realmode/rm/regs.o
  CC      arch/x86/entry/common.o
  CC      lib/buildid.o
  CC      arch/x86/realmode/rm/video-vga.o
  AS      arch/x86/lib/getuser.o
  CC      arch/x86/realmode/rm/video-vesa.o
  CC      block/fops.o
  CC      arch/x86/realmode/rm/video-bios.o
  CC      drivers/pci/bus.o
  PASYMS  arch/x86/realmode/rm/pasyms.h
  CC      init/do_mounts.o
  LDS     arch/x86/realmode/rm/realmode.lds
  CC      security/commoncap.o
  LD      arch/x86/realmode/rm/realmode.elf
  RELOCS  arch/x86/realmode/rm/realmode.relocs
  OBJCOPY arch/x86/realmode/rm/realmode.bin
  AS      arch/x86/realmode/rmpiggy.o
  CC      arch/x86/lib/inat.o
  AR      arch/x86/realmode/built-in.a
  CC      fs/read_write.o
  CC      arch/x86/lib/insn-eval.o
  CC      arch/x86/events/probe.o
  CC      ipc/namespace.o
  CC      crypto/algapi.o
  AS      arch/x86/kernel/head_32.o
  CC      security/keys/keyring.o
  CC      lib/clz_tab.o
  CC      arch/x86/entry/vdso/vma.o
  CC      arch/x86/kernel/head32.o
  CC      lib/cmdline.o
  CC      lib/cpumask.o
  CC      arch/x86/events/utils.o
  CC      block/bio.o
  CC      ipc/mq_sysctl.o
  CC      drivers/pci/probe.o
  CC      arch/x86/lib/insn.o
  CC      io_uring/kbuf.o
  CC      init/do_mounts_initrd.o
  CC      kernel/exec_domain.o
  CC      arch/x86/entry/vdso/extable.o
  CC      arch/x86/kernel/ebda.o
  CC      drivers/video/screen_info_generic.o
  CC      arch/x86/lib/kaslr.o
  AR      ipc/built-in.a
  CC      arch/x86/kernel/platform-quirks.o
  CC      mm/mempool.o
  CC      drivers/video/screen_info_pci.o
  CC      lib/ctype.o
  CC      arch/x86/lib/memcpy_32.o
  CC      arch/x86/events/rapl.o
  CC      crypto/scatterwalk.o
  CC      fs/file_table.o
  CC      security/keys/keyctl.o
  CC      lib/dec_and_lock.o
  CC      kernel/exec_state.o
  AS      arch/x86/lib/memmove_32.o
  CC      lib/decompress.o
  CC      init/initramfs.o
  CC      arch/x86/entry/vdso/vdso32-setup.o
  CC      arch/x86/kernel/process_32.o
  CC      io_uring/rsrc.o
  LDS     arch/x86/entry/vdso/vdso32/vdso32.lds
  CC      mm/oom_kill.o
  CC      kernel/panic.o
  CC      arch/x86/events/amd/core.o
  CC      arch/x86/lib/misc.o
  CC      arch/x86/entry/vdso/vdso32/vclock_gettime.o
  CC      security/keys/permission.o
  CC      lib/decompress_inflate.o
  CC      crypto/proc.o
  CC      security/keys/process_keys.o
  CC      drivers/pci/host-bridge.o
  CC      drivers/video/console/dummycon.o
  CC      arch/x86/lib/pc-conf-reg.o
  CC      block/elevator.o
  CC      fs/super.o
  AS      arch/x86/lib/putuser.o
  CC      arch/x86/entry/vdso/vdso32/vgetcpu.o
  CC      arch/x86/kernel/signal.o
  CC      lib/decompress_unlz4.o
  CC      init/calibrate.o
  CC      crypto/aead.o
  AS      arch/x86/entry/vdso/vdso32/system_call.o
  CC      arch/x86/events/amd/lbr.o
  AS      arch/x86/entry/vdso/vdso32/sigreturn.o
  AS      arch/x86/lib/retpoline.o
  CC      arch/x86/entry/vdso/vdso32/vfutex.o
  CC      kernel/cpu.o
  CC      io_uring/notif.o
  VDSO    arch/x86/entry/vdso/vdso32/vdso32.so.dbg
  OBJCOPY arch/x86/entry/vdso/vdso32/vdso32.so
  VDSO2C  arch/x86/entry/vdso/vdso32/vdso32-image.c
  CC      arch/x86/entry/vdso/vdso32/vdso32-image.o
  CC      drivers/video/console/vgacon.o
  CC      init/init_task.o
  CC      arch/x86/lib/string_32.o
  CC      drivers/pci/remove.o
  CC      kernel/exit.o
  CC      lib/decompress_unlzma.o
  CC      arch/x86/lib/strstr_32.o
  CC      arch/x86/lib/usercopy.o
  AR      arch/x86/entry/vdso/vdso32/built-in.a
  AR      arch/x86/entry/vdso/built-in.a
  AS      arch/x86/entry/thunk.o
  CC      mm/fadvise.o
  CC      security/keys/request_key.o
  CC      arch/x86/kernel/signal_32.o
  CC      arch/x86/events/amd/ibs.o
  CC      block/blk-core.o
  AR      arch/x86/entry/built-in.a
  CC      arch/x86/kernel/traps.o
  CC      lib/decompress_unlzo.o
  CC      arch/x86/lib/usercopy_32.o
  CC      crypto/geniv.o
  CC      fs/char_dev.o
  CC      init/version.o
  CC      io_uring/tctx.o
  CC      drivers/pci/pci.o
  AR      drivers/video/console/built-in.a
  CC      drivers/video/backlight/backlight.o
  CC      block/blk-sysfs.o
  CC      lib/decompress_unzstd.o
  CC      arch/x86/lib/msr-smp.o
  CC      mm/maccess.o
  CC      security/keys/request_key_auth.o
  CC      arch/x86/kernel/idt.o
  AR      init/built-in.a
  CC      lib/dump_stack.o
  CC      block/blk-flush.o
  CC      arch/x86/lib/cache-smp.o
  CC      io_uring/filetable.o
  CC      fs/stat.o
  CC      security/keys/user_defined.o
  AR      drivers/video/backlight/built-in.a
  AR      drivers/video/built-in.a
  CC      arch/x86/events/amd/uncore.o
  CC      security/lsm_syscalls.o
  CC      crypto/lskcipher.o
  CC      kernel/softirq.o
  CC      arch/x86/lib/msr.o
  CC      lib/earlycpio.o
  CC      net/devres.o
  CC      crypto/skcipher.o
  CC      arch/x86/kernel/irq.o
  CC      mm/page-writeback.o
  CC      io_uring/rw.o
  CC      lib/extable.o
  CC      kernel/resource.o
  CC      crypto/seqiv.o
  CC      security/keys/proc.o
  CC      block/blk-settings.o
  AR      arch/x86/events/amd/built-in.a
  CC      arch/x86/events/msr.o
  CC      lib/flex_proportions.o
  AS      arch/x86/lib/msr-reg.o
  CC      fs/exec.o
  CC      arch/x86/events/intel/core.o
  CC      arch/x86/lib/msr-reg-export.o
  CC      lib/idr.o
  CC      net/socket.o
  CC      security/keys/sysctl.o
  CC      drivers/pci/pci-driver.o
  CC      block/blk-ioc.o
  CC      crypto/echainiv.o
  AS      arch/x86/lib/hweight.o
  CC      io_uring/poll.o
  CC      security/min_addr.o
  CC      arch/x86/lib/iomem.o
  CC      arch/x86/mm/init.o
  CC      lib/iomem_copy.o
  CC      security/keys/keyctl_pkey.o
  CC      kernel/sysctl.o
  CC      drivers/pci/search.o
  CC      crypto/ahash.o
  CC      arch/x86/kernel/irq_32.o
  CC      lib/irq_regs.o
  CC      mm/folio-compat.o
  CC      arch/x86/lib/atomic64_32.o
  CC      crypto/shash.o
  CC      block/blk-map.o
  CC      lib/is_single_threaded.o
  AR      arch/x86/lib/lib.a
  AR      arch/x86/lib/built-in.a
  AR      security/keys/built-in.a
  CC      security/security.o
  CC      drivers/pci/rebar.o
  CC      arch/x86/kernel/dumpstack_32.o
  CC      arch/x86/events/intel/bts.o
  CC      lib/klist.o
  CC      io_uring/tw.o
  CC      security/lsm_notifier.o
  CC      fs/pipe.o
  CC      arch/x86/mm/init_32.o
  CC      kernel/capability.o
  CC      mm/readahead.o
  CC      lib/kobject.o
  CC      arch/x86/kernel/time.o
  CC      security/lsm_init.o
  CC      drivers/pci/rom.o
  CC      block/blk-merge.o
  CC      lib/kobject_uevent.o
  CC      crypto/akcipher.o
  CC      net/core/sock.o
  CC      io_uring/wait.o
  CC      net/core/skbuff.o
  CC      arch/x86/events/zhaoxin/core.o
  CC      arch/x86/kernel/ioport.o
  CC      arch/x86/mm/fault.o
  CC      arch/x86/events/intel/ds.o
  CC      drivers/pci/setup-res.o
  CC      kernel/ptrace.o
  CC      fs/namei.o
  CC      crypto/sig.o
  CC      mm/swap.o
  CC      drivers/acpi/tables.o
  CC      arch/x86/kernel/dumpstack.o
  AR      arch/x86/events/zhaoxin/built-in.a
  CC      fs/fcntl.o
  CC      io_uring/eventfd.o
  CC      lib/logic_pio.o
  CC      block/blk-timeout.o
  CC      security/selinux/avc.o
  CC      arch/x86/mm/ioremap.o
  CC      drivers/pci/irq.o
  CC      crypto/rsapubkey.asn1.o
  CC      lib/maple_tree.o
  CC      arch/x86/kernel/nmi.o
  CC      crypto/rsaprivkey.asn1.o
  CC      io_uring/uring_cmd.o
  CC      crypto/rsa.o
  CC      drivers/acpi/osi.o
  CC      kernel/user.o
  CC      arch/x86/events/intel/knc.o
  CC      block/blk-lib.o
  CC      mm/truncate.o
  CC      security/selinux/hooks.o
  CC      arch/x86/mm/extable.o
  CC      drivers/pci/vpd.o
  CC      crypto/rsa_helper.o
  CC      drivers/acpi/osl.o
  CC      lib/memcat_p.o
  CC      kernel/signal.o
  CC      arch/x86/events/intel/lbr.o
  CC      arch/x86/events/intel/p4.o
  CC      arch/x86/kernel/ldt.o
  CC      crypto/rsa-pkcs1pad.o
  CC      block/blk-mq.o
  CC      io_uring/openclose.o
  CC      lib/nmi_backtrace.o
  CC      arch/x86/mm/mmap.o
  CC      fs/ioctl.o
  CC      drivers/pci/setup-bus.o
  CC      mm/vmscan.o
  CC      crypto/rsassa-pkcs1.o
  CC      arch/x86/kernel/setup.o
  CC      arch/x86/mm/pgtable.o
  CC      drivers/acpi/utils.o
  CC      net/core/datagram.o
  CC      arch/x86/events/intel/p6.o
  CC      block/blk-mq-tag.o
  CC      io_uring/sqpoll.o
  CC      mm/shrinker.o
  CC      crypto/acompress.o
  CC      fs/readdir.o
  CC      arch/x86/mm/physaddr.o
  CC      drivers/acpi/reboot.o
  CC      arch/x86/events/intel/pt.o
  CC      kernel/sys.o
  CC      drivers/pci/vc.o
  CC      security/selinux/selinuxfs.o
  CC      arch/x86/pci/i386.o
  CC      arch/x86/kernel/x86_init.o
  CC      arch/x86/mm/tlb.o
  CC      io_uring/xattr.o
  CC      lib/objpool.o
  CC      drivers/acpi/nvs.o
  CC      drivers/acpi/wakeup.o
  CC      crypto/scompress.o
  CC      fs/select.o
  CC      net/core/stream.o
  CC      arch/x86/events/intel/uncore.o
  CC      block/blk-mq-dma.o
  CC      drivers/pci/mmap.o
  CC      lib/plist.o
  CC      crypto/algboss.o
  CC      lib/radix-tree.o
  CC      io_uring/nop.o
  CC      arch/x86/pci/init.o
  CC      drivers/acpi/sleep.o
  CC      arch/x86/kernel/i8259.o
  CC      mm/shmem.o
  CC      drivers/pci/devres.o
  CC      arch/x86/mm/cpu_entry_area.o
  CC      kernel/umh.o
  CC      security/selinux/netlink.o
  CC      arch/x86/pci/pcbios.o
  CC      lib/ratelimit.o
  CC      crypto/testmgr.o
  CC      block/blk-stat.o
  CC      io_uring/fs.o
  CC      lib/rbtree.o
  CC      arch/x86/kernel/irqinit.o
  CC      arch/x86/events/intel/uncore_nhmex.o
  CC      crypto/cmac.o
  CC      net/core/scm.o
  CC      arch/x86/mm/maccess.o
  CC      security/selinux/nlmsgtab.o
  CC      drivers/acpi/device_sysfs.o
  CC      lib/seq_buf.o
  CC      drivers/pci/msi/pcidev_msi.o
  CC      fs/dcache.o
  CC      io_uring/splice.o
  CC      arch/x86/pci/mmconfig_32.o
  CC      drivers/pci/pcie/portdrv.o
  CC      crypto/hmac.o
  CC      kernel/workqueue.o
  CC      block/blk-mq-sysfs.o
  CC      arch/x86/mm/pgprot.o
  CC      arch/x86/kernel/jump_label.o
  CC      arch/x86/events/intel/uncore_snb.o
  AR      drivers/pci/msi/built-in.a
  CC      lib/siphash.o
  CC      lib/string.o
  CC      drivers/acpi/device_pm.o
  CC      arch/x86/pci/direct.o
  CC      security/selinux/netif.o
  CC      crypto/sha1.o
  CC      io_uring/sync.o
  CC      mm/util.o
  CC      arch/x86/kernel/irq_work.o
  CC      block/blk-mq-cpumap.o
  CC      security/lsm_audit.o
  CC      arch/x86/mm/pat/set_memory.o
  CC      net/core/gen_stats.o
  CC      lib/sys_info.o
  CC      drivers/pci/pcie/rcec.o
  CC      arch/x86/pci/mmconfig-shared.o
  CC      arch/x86/events/intel/uncore_snbep.o
  CC      lib/timerqueue.o
  CC      crypto/sha256.o
  CC      io_uring/msg_ring.o
  CC      drivers/pci/pcie/bwctrl.o
  CC      fs/inode.o
  CC      security/selinux/netnode.o
  CC      arch/x86/kernel/probe_roms.o
  CC      block/blk-mq-sched.o
  CC      drivers/acpi/proc.o
  CC      crypto/sha512.o
  CC      lib/union_find.o
  CC      lib/vsprintf.o
  CC      mm/mmzone.o
  CC      arch/x86/pci/fixup.o
  CC      net/core/gen_estimator.o
  CC      arch/x86/mm/pat/memtype.o
  CC      drivers/pci/pcie/aspm.o
  CC      io_uring/advise.o
  CC      drivers/acpi/bus.o
  CC      net/core/net_namespace.o
  CC      mm/vmstat.o
  CC      arch/x86/kernel/sys_ia32.o
  CC      security/selinux/netport.o
  CC      kernel/pid.o
  CC      crypto/ecb.o
  CC      arch/x86/pci/acpi.o
  CC      arch/x86/events/intel/uncore_discovery.o
  CC      block/ioctl.o
  CC      io_uring/statx.o
  CC      crypto/cbc.o
  CC      arch/x86/mm/pat/memtype_interval.o
  CC      arch/x86/kernel/ksysfs.o
  CC      net/ethernet/eth.o
  CC      arch/x86/pci/legacy.o
  CC      crypto/cts.o
  CC      drivers/acpi/glue.o
  CC      security/selinux/status.o
  CC      fs/attr.o
  CC      drivers/pci/pcie/pme.o
  AR      arch/x86/events/intel/built-in.a
  CC      block/genhd.o
  CC      io_uring/timeout.o
  AR      arch/x86/mm/pat/built-in.a
  AR      arch/x86/events/built-in.a
  CC      arch/x86/mm/pgtable_32.o
  CC      crypto/ctr.o
  CC      net/core/secure_seq.o
  CC      arch/x86/kernel/bootflag.o
  CC      mm/backing-dev.o
  CC      kernel/task_work.o
  CC      lib/win_minmax.o
  CC      crypto/gcm.o
  CC      net/core/flow_dissector.o
  CC      arch/x86/pci/irq.o
  AR      drivers/pci/pcie/built-in.a
  CC      drivers/pci/proc.o
  CC      arch/x86/kernel/e820.o
  CC      drivers/acpi/scan.o
  CC      security/selinux/initcalls.o
  CC      kernel/extable.o
  CC      arch/x86/mm/iomap_32.o
  CC      io_uring/cancel.o
  CC      lib/xarray.o
  CC      security/selinux/ss/ebitmap.o
  CC      fs/bad_inode.o
  AR      net/ethernet/built-in.a
  CC      arch/x86/mm/hugetlbpage.o
  CC      crypto/ccm.o
  CC      block/ioprio.o
  CC      drivers/pci/pci-sysfs.o
  CC      mm/mm_init.o
  CC      arch/x86/pci/common.o
  CC      arch/x86/kernel/pci-dma.o
  CC      fs/file.o
  CC      drivers/acpi/mipi-disco-img.o
  CC      kernel/params.o
  CC      arch/x86/pci/early.o
  CC      io_uring/waitid.o
  AR      arch/x86/mm/built-in.a
  CC      security/device_cgroup.o
  CC      security/selinux/ss/hashtab.o
  CC      lib/lockref.o
  CC      crypto/aes.o
  CC      block/badblocks.o
  CC      lib/bcd.o
  CC      drivers/acpi/resource.o
  CC      security/selinux/ss/symtab.o
  CC      security/integrity/iint.o
  CC      arch/x86/kernel/quirks.o
  CC      arch/x86/pci/bus_numa.o
  CC      lib/sort.o
  CC      mm/percpu.o
  CC      drivers/pci/slot.o
  CC      net/core/sysctl_net_core.o
  CC      security/selinux/ss/sidtab.o
  CC      crypto/camellia_generic.o
  CC      io_uring/register.o
  CC      block/partitions/core.o
  CC      lib/parser.o
  CC      kernel/kthread.o
  CC      drivers/pci/pci-acpi.o
  CC      arch/x86/pci/amd_bus.o
  CC      security/integrity/integrity_audit.o
  CC      drivers/acpi/acpi_processor.o
  CC      fs/filesystems.o
  CC      fs/namespace.o
  CC      arch/x86/kernel/kdebugfs.o
  CC      lib/debug_locks.o
  CC      arch/x86/power/cpu.o
  CC      crypto/authenc.o
  CC      security/selinux/ss/avtab.o
  CC      lib/random32.o
  AR      arch/x86/pci/built-in.a
  CC      io_uring/truncate.o
  CC      security/integrity/efi_secureboot.o
  CC      block/partitions/msdos.o
  CC      arch/x86/kernel/alternative.o
  CC      lib/bust_spinlocks.o
  CC      net/core/dev.o
  CC      drivers/pci/iomap.o
  CC      fs/seq_file.o
  CC      drivers/acpi/processor_core.o
  CC      fs/xattr.o
  CC      kernel/sys_ni.o
  CC      mm/slab_common.o
  AR      security/integrity/built-in.a
  CC      lib/kasprintf.o
  CC      io_uring/memmap.o
  CC      arch/x86/power/hibernate_32.o
  CC      block/partitions/efi.o
  CC      kernel/nsproxy.o
  CC      security/selinux/ss/policydb.o
  CC      drivers/pci/quirks.o
  CC      crypto/authencesn.o
  CC      drivers/acpi/processor_pdc.o
  CC      security/selinux/ss/services.o
  CC      lib/bitmap.o
  AS      arch/x86/power/hibernate_asm_32.o
  CC      arch/x86/kernel/i8253.o
  CC      block/blk-rq-qos.o
  CC      io_uring/alloc_cache.o
  CC      arch/x86/power/hibernate.o
  AR      block/partitions/built-in.a
  CC      drivers/pnp/core.o
  CC      kernel/nstree.o
  CC      drivers/acpi/dock.o
  CC      crypto/krb5enc.o
  CC      arch/x86/kernel/hw_breakpoint.o
  CC      arch/x86/kernel/tsc.o
  CC      fs/libfs.o
  CC      lib/scatterlist.o
  CC      io_uring/query.o
  CC      block/disk-events.o
  AR      arch/x86/power/built-in.a
  CC      io_uring/loop.o
  CC      drivers/acpi/pci_root.o
  CC      drivers/pnp/card.o
  CC      drivers/pci/hotplug/pci_hotplug_core.o
  CC      fs/fs-writeback.o
  CC      mm/compaction.o
  CC      drivers/pci/pci-label.o
  CC      kernel/nscommon.o
  CC      security/selinux/ss/conditional.o
  CC      crypto/lzo.o
  CC      io_uring/io-wq.o
  CC      fs/pnode.o
  CC      arch/x86/kernel/tsc_msr.o
  CC      block/blk-ia-ranges.o
  CC      lib/list_sort.o
  CC      drivers/pnp/driver.o
  CC      lib/uuid.o
  CC      kernel/notifier.o
  CC      drivers/acpi/pci_link.o
  CC      io_uring/futex.o
  CC      drivers/pci/hotplug/acpi_pcihp.o
  CC      lib/iov_iter.o
  CC      arch/x86/kernel/io_delay.o
  CC      lib/clz_ctz.o
  CC      crypto/lzo-rle.o
  CC      block/early-lookup.o
  CC      arch/x86/platform/efi/memmap.o
  CC      security/selinux/ss/mls.o
  CC      net/core/dev_api.o
  CC      arch/x86/kernel/rtc.o
  CC      drivers/pnp/resource.o
  CC      crypto/lz4.o
  CC      lib/bsearch.o
  CC      drivers/acpi/pci_irq.o
  CC      block/bsg.o
  CC      io_uring/epoll.o
  AR      drivers/pci/hotplug/built-in.a
  CC      drivers/pci/vgaarb.o
  CC      arch/x86/platform/efi/quirks.o
  CC      mm/show_mem.o
  CC      kernel/ksysfs.o
  CC      fs/splice.o
  CC      crypto/asymmetric_keys/asymmetric_type.o
  CC      arch/x86/kernel/resource.o
  CC      drivers/acpi/acpi_apd.o
  CC      net/sched/sch_generic.o
  CC      security/selinux/ss/context.o
  AS      arch/x86/kernel/irqflags.o
  CC      io_uring/napi.o
  CC      lib/find_bit.o
  CC      drivers/pnp/manager.o
  CC      net/core/dev_addr_lists.o
  CC      block/blk-cgroup.o
  CC      drivers/acpi/acpi_platform.o
  CC      arch/x86/kernel/static_call.o
  CC      kernel/cred.o
  CC      lib/llist.o
  CC      arch/x86/platform/efi/efi.o
  CC      crypto/asymmetric_keys/restrict.o
  CC      mm/interval_tree.o
  CC      mm/list_lru.o
  CC      lib/lwq.o
  CC      drivers/pci/setup-cardbus.o
  CC      security/selinux/netlabel.o
  CC      arch/x86/kernel/process.o
  CC      drivers/pnp/support.o
  CC      lib/memweight.o
  CC      crypto/asymmetric_keys/signature.o
  CC      drivers/acpi/acpi_pnp.o
  CC      lib/kfifo.o
  CC      fs/sync.o
  CC      arch/x86/platform/efi/efi_32.o
  CC      io_uring/net.o
  CC      lib/percpu-refcount.o
  CC      kernel/reboot.o
  CC      drivers/pnp/interface.o
  CC      drivers/pci/trace.o
  CC      mm/workingset.o
  CC      net/core/dst.o
  CC      block/blk-ioprio.o
  CC      crypto/asymmetric_keys/public_key.o
  CC      drivers/acpi/power.o
  AR      security/selinux/built-in.a
  AS      arch/x86/platform/efi/efi_stub_32.o
  AR      security/built-in.a
  CC      crypto/asymmetric_keys/x509.asn1.o
  CC      arch/x86/platform/efi/runtime-map.o
  CC      net/sched/sch_mq.o
  CC      net/core/netevent.o
  CC      net/sched/sch_frag.o
  CC      lib/rhashtable.o
  CC      fs/utimes.o
  CC      drivers/pnp/quirks.o
  CC      mm/debug.o
  CC      arch/x86/kernel/fpu/init.o
  CC      drivers/acpi/event.o
  CC      crypto/asymmetric_keys/x509_akid.asn1.o
  CC      block/blk-iocost.o
  CC      kernel/async.o
  AR      drivers/pci/built-in.a
  CC      crypto/asymmetric_keys/x509_cert_parser.o
  CC      io_uring/cmd_net.o
  CC      arch/x86/kernel/ptrace.o
  AR      arch/x86/platform/efi/built-in.a
  CC      arch/x86/platform/intel/iosf_mbi.o
  CC      arch/x86/kernel/fpu/bugs.o
  CC      arch/x86/kernel/fpu/core.o
  CC      drivers/pnp/system.o
  CC      crypto/asymmetric_keys/x509_loader.o
  CC      kernel/range.o
  CC      net/core/neighbour.o
  CC      fs/d_path.o
  CC      io_uring/fdinfo.o
  CC      kernel/smpboot.o
  CC      crypto/asymmetric_keys/x509_public_key.o
  AR      net/sched/built-in.a
  CC      mm/gup.o
  CC      drivers/acpi/evged.o
  CC      lib/base64.o
  CC      mm/mmap_lock.o
  CC      mm/vma_init.o
  AR      arch/x86/platform/intel/built-in.a
  CC      net/core/rtnetlink.o
  AR      arch/x86/platform/built-in.a
  CC      drivers/pnp/pnpacpi/core.o
  CC      lib/once.o
  CC      crypto/krb5/krb5_kdf.o
  CC      drivers/dma/dmaengine.o
  CC      crypto/asymmetric_keys/pkcs7.asn1.o
  CC      drivers/acpi/sysfs.o
  CC      kernel/ucount.o
  CC      crypto/asymmetric_keys/pkcs7_parser.o
  CC      io_uring/bpf_filter.o
  CC      lib/refcount.o
  CC      crypto/krb5/krb5_api.o
  CC      fs/stack.o
  CC      drivers/pnp/pnpacpi/rsparser.o
  CC      kernel/regset.o
  CC      block/mq-deadline.o
  CC      arch/x86/kernel/fpu/regset.o
  CC      crypto/asymmetric_keys/pkcs7_trust.o
  CC      arch/x86/kernel/tls.o
  CC      lib/rcuref.o
  CC      drivers/acpi/property.o
  CC      mm/highmem.o
  CC      lib/usercopy.o
  CC      kernel/ksyms_common.o
  CC      fs/fs_struct.o
  CC      crypto/asymmetric_keys/pkcs7_verify.o
  CC      arch/x86/kernel/fpu/signal.o
  AR      drivers/pnp/pnpacpi/built-in.a
  CC      crypto/krb5/rfc3961_simplified.o
  CC      fs/statfs.o
  AR      io_uring/built-in.a
  AR      drivers/pnp/built-in.a
  CC      drivers/dma/virt-dma.o
  CC      kernel/groups.o
  CC      arch/x86/kernel/step.o
  CC      lib/errseq.o
  CC      block/blk-mq-debugfs.o
  CC      fs/fs_pin.o
  CC      lib/bucket_locks.o
  CC      drivers/acpi/debugfs.o
  CC      net/core/utils.o
  CC      mm/memory.o
  CC      kernel/sched/core.o
  CC      kernel/sched/fair.o
  CC      arch/x86/kernel/fpu/xstate.o
  AR      crypto/asymmetric_keys/built-in.a
  CC      arch/x86/kernel/i8237.o
  CC      drivers/dma/acpi-dma.o
  CC      drivers/dma/dw/core.o
  CC      drivers/dma/hsu/hsu.o
  CC      crypto/krb5/rfc3962_aes.o
  CC      fs/nsfs.o
  CC      drivers/dma/dw/dw.o
  CC      net/core/link_watch.o
  CC      lib/generic-radix-tree.o
  CC      block/blk-pm.o
  CC      drivers/acpi/acpi_lpat.o
  CC      crypto/krb5/rfc6803_camellia.o
  CC      fs/fs_dirent.o
  CC      lib/bitmap-str.o
  CC      net/netlink/af_netlink.o
  AR      drivers/dma/hsu/built-in.a
  CC      net/netlink/genetlink.o
  AR      arch/x86/kernel/fpu/built-in.a
  CC      kernel/sched/build_policy.o
  CC      arch/x86/kernel/stacktrace.o
  CC      mm/mincore.o
  CC      crypto/krb5/rfc8009_aes2.o
  CC      drivers/dma/dw/idma32.o
  CC      fs/fs_context.o
  AR      block/built-in.a
  CC      net/netlink/policy.o
  CC      arch/x86/kernel/cpu/cacheinfo.o
  CC      drivers/acpi/acpica/dsargs.o
  CC      net/core/filter.o
  CC      mm/mlock.o
  AR      crypto/krb5/built-in.a
  AR      crypto/built-in.a
  CC      arch/x86/kernel/cpu/scattered.o
  CC      lib/string_helpers.o
  CC      drivers/acpi/acpica/dscontrol.o
  CC      drivers/dma/dw/acpi.o
  CC      net/ethtool/ioctl.o
  CC      arch/x86/kernel/cpu/topology_common.o
  CC      drivers/virtio/virtio.o
  CC      drivers/acpi/acpica/dsdebug.o
  CC      net/netfilter/core.o
  CC      fs/fs_parser.o
  CC      arch/x86/kernel/cpu/topology_ext.o
  CC      kernel/locking/mutex.o
  CC      drivers/acpi/acpica/dsfield.o
  CC      lib/hexdump.o
  CC      drivers/acpi/acpica/dsinit.o
  CC      mm/mmap.o
  AR      drivers/dma/dw/built-in.a
  CC      lib/kstrtox.o
  AR      drivers/dma/built-in.a
  CC      arch/x86/kernel/cpu/topology_amd.o
  CC      mm/mmu_gather.o
  CC      kernel/sched/build_utility.o
  CC      drivers/acpi/acpica/dsmethod.o
  AR      net/netlink/built-in.a
  CC      drivers/virtio/virtio_ring.o
  CC      mm/mprotect.o
  CC      fs/fsopen.o
  CC      arch/x86/kernel/cpu/cpuid_parser.o
  CC      kernel/power/qos.o
  CC      lib/math/div64.o
  CC      drivers/acpi/acpica/dsmthdat.o
  CC      lib/math/gcd.o
  CC      arch/x86/kernel/cpu/common.o
  CC      lib/crc/crc16.o
  CC      net/netfilter/nf_log.o
  CC      lib/math/lcm.o
  CC      kernel/locking/semaphore.o
  CC      lib/math/int_log.o
  CC      kernel/printk/printk.o
  CC      drivers/acpi/acpica/dsobject.o
  CC      fs/init.o
  CC      lib/math/int_pow.o
  CC      lib/crc/crc-ccitt.o
  CC      net/ethtool/common.o
  CC      kernel/irq/irqdesc.o
  CC      lib/math/int_sqrt.o
  CC      mm/mremap.o
  CC      drivers/acpi/acpica/dsopcode.o
  CC      lib/math/reciprocal_div.o
  CC      net/ethtool/netlink.o
  CC      kernel/power/main.o
  CC      lib/math/rational.o
  CC      fs/kernel_read_file.o
  CC      lib/crc/crc32-main.o
  CC      kernel/locking/rwsem.o
  CC      drivers/acpi/acpica/dspkginit.o
  CC      drivers/virtio/virtio_anchor.o
  CC      net/netfilter/nf_queue.o
  AR      lib/math/built-in.a
  CC      kernel/irq/handle.o
  CC      drivers/acpi/ac.o
  CC      drivers/acpi/acpica/dsutils.o
  CC      arch/x86/kernel/cpu/rdrand.o
  AS      lib/crc/x86/crc32-pclmul.o
  CC      mm/msync.o
  AR      lib/crc/built-in.a
  CC      lib/crypto/hash_info.o
  CC      arch/x86/kernel/cpu/match.o
  CC      kernel/locking/percpu-rwsem.o
  CC      fs/mnt_idmapping.o
  CC      net/netfilter/nf_sockopt.o
  CC      mm/page_vma_mapped.o
  CC      kernel/power/console.o
  CC      drivers/acpi/acpica/dswexec.o
  CC      kernel/printk/printk_safe.o
  CC      drivers/virtio/virtio_pci_modern_dev.o
  CC      kernel/irq/manage.o
  CC      net/ethtool/bitset.o
  CC      kernel/locking/spinlock.o
  CC      arch/x86/kernel/cpu/bugs.o
  CC      lib/crypto/memneq.o
  CC      drivers/acpi/acpica/dswload.o
  CC      net/core/sock_diag.o
  CC      fs/remap_range.o
  CC      kernel/power/process.o
  CC      mm/pagewalk.o
  CC      kernel/locking/osq_lock.o
  CC      drivers/acpi/acpica/dswload2.o
  CC      kernel/locking/qspinlock.o
  CC      kernel/printk/nbcon.o
  AR      kernel/sched/built-in.a
  CC      lib/crypto/utils.o
  CC      kernel/irq/spurious.o
  CC      kernel/irq/resend.o
  CC      kernel/printk/printk_ringbuffer.o
  CC      drivers/virtio/virtio_pci_modern.o
  CC      net/netfilter/utils.o
  CC      net/ethtool/strset.o
  CC      drivers/acpi/acpica/dswscope.o
  CC      lib/crypto/aes.o
  CC      kernel/power/suspend.o
  CC      mm/pgtable-generic.o
  CC      kernel/locking/rtmutex_api.o
  CC      net/core/dev_ioctl.o
  CC      kernel/irq/chip.o
  CC      mm/rmap.o
  CC      drivers/acpi/acpica/dswstate.o
  CC      fs/pidfs.o
  CC      kernel/printk/sysctl.o
  CC      drivers/virtio/virtio_pci_common.o
  CC      net/ipv4/route.o
  CC      net/ethtool/linkinfo.o
  CC      arch/x86/kernel/cpu/aperfmperf.o
  AS      lib/crypto/x86/aes-aesni.o
  CC      net/ipv4/inetpeer.o
  CC      drivers/acpi/acpica/evevent.o
  AR      kernel/printk/built-in.a
  CC      lib/crypto/arc4.o
  CC      arch/x86/virt/svm/cmdline.o
  CC      net/netfilter/nfnetlink.o
  CC      kernel/locking/qrwlock.o
  AR      arch/x86/virt/svm/built-in.a
  AR      arch/x86/virt/built-in.a
  CC      arch/x86/kernel/cpu/cpuid-deps.o
  CC      net/ipv4/protocol.o
  CC      drivers/acpi/acpica/evgpe.o
  CC      drivers/virtio/virtio_pci_admin_legacy_io.o
  CC      kernel/irq/dummychip.o
  CC      lib/crypto/blake2s.o
  CC      fs/file_attr.o
  CC      net/ethtool/linkmodes.o
  CC      kernel/power/hibernate.o
  CC      kernel/power/snapshot.o
  CC      arch/x86/kernel/cpu/cpuid_0x2_table.o
  CC      net/core/tso.o
  CC      drivers/acpi/acpica/evgpeblk.o
  AR      kernel/locking/built-in.a
  CC      mm/vmalloc.o
  CC      net/core/sock_reuseport.o
  CC      kernel/irq/devres.o
  CC      arch/x86/kernel/cpu/umwait.o
  CC      net/core/fib_notifier.o
  CC      lib/crypto/chacha-block-generic.o
  CC      drivers/acpi/acpica/evgpeinit.o
  CC      drivers/virtio/virtio_input.o
  CC      net/netfilter/nfnetlink_log.o
  CC      lib/crypto/gf128hash.o
  CC      net/ethtool/rss.o
  CC      lib/crypto/md5.o
  CC      fs/fserror.o
  CC      drivers/acpi/acpica/evgpeutil.o
  CC      net/core/xdp.o
  CC      arch/x86/kernel/cpu/capflags.o
  CC      arch/x86/kernel/cpu/powerflags.o
  CC      kernel/power/swap.o
  CC      kernel/irq/kexec.o
  AR      drivers/virtio/built-in.a
  CC      drivers/tty/tty_io.o
  CC      kernel/rcu/update.o
  CC      kernel/irq/autoprobe.o
  CC      arch/x86/kernel/cpu/topology.o
  CC      net/ipv4/ip_input.o
  CC      drivers/acpi/acpica/evglock.o
  CC      drivers/tty/n_tty.o
  CC      fs/nullfs.o
  CC      net/netfilter/nf_conntrack_core.o
  CC      net/core/flow_offload.o
  CC      lib/crypto/sha1.o
  CC      lib/crypto/sha256.o
  CC      drivers/acpi/acpica/evhandler.o
  CC      net/ethtool/linkstate.o
  CC      kernel/irq/irqdomain.o
  CC      arch/x86/kernel/cpu/proc.o
  CC      kernel/power/user.o
  CC      drivers/acpi/acpica/evmisc.o
  CC      fs/buffer.o
  CC      mm/vma.o
  CC      lib/crypto/sha512.o
  CC      net/ethtool/debug.o
  CC      drivers/acpi/acpica/evregion.o
  CC      drivers/tty/tty_ioctl.o
  CC      arch/x86/kernel/cpu/feat_ctl.o
  CC      arch/x86/kernel/acpi/boot.o
  CC      drivers/tty/tty_ldisc.o
  CC      kernel/rcu/sync.o
  CC      net/xfrm/xfrm_policy.o
  CC      kernel/power/poweroff.o
  CC      net/core/gro.o
  CC      kernel/rcu/srcutree.o
  CC      net/ipv4/ip_fragment.o
  CC      drivers/acpi/acpica/evrgnini.o
  CC      arch/x86/kernel/cpu/intel.o
  CC      lib/crypto/mpi/generic_mpih-lshift.o
  AR      kernel/power/built-in.a
  CC      drivers/acpi/acpica/evsci.o
  CC      kernel/irq/proc.o
  CC      net/ethtool/wol.o
  CC      drivers/acpi/acpica/evxface.o
  CC      drivers/char/mem.o
  CC      drivers/acpi/acpica/evxfevnt.o
  CC      net/netfilter/nf_conntrack_standalone.o
  CC      mm/vma_exec.o
  CC      arch/x86/kernel/cpu/tsx.o
  CC      drivers/tty/tty_buffer.o
  CC      lib/crypto/mpi/generic_mpih-mul1.o
  CC      arch/x86/kernel/acpi/sleep.o
  CC      kernel/irq/migration.o
  CC      mm/process_vm_access.o
  CC      arch/x86/kernel/cpu/intel_epb.o
  CC      drivers/acpi/acpica/evxfgpe.o
  CC      kernel/rcu/tree.o
  CC      net/ethtool/features.o
  CC      lib/crypto/mpi/generic_mpih-mul2.o
  CC      drivers/char/random.o
  CC      net/core/netdev-genl.o
  CC      fs/mpage.o
  CC      net/ipv4/ip_forward.o
  AS      arch/x86/kernel/acpi/wakeup_32.o
  CC      kernel/irq/cpuhotplug.o
  CC      arch/x86/kernel/cpu/amd.o
  CC      drivers/tty/tty_port.o
  CC      arch/x86/kernel/acpi/cstate.o
  CC      drivers/acpi/acpica/evxfregn.o
  CC      lib/crypto/mpi/generic_mpih-mul3.o
  CC      net/netfilter/nf_conntrack_expect.o
  CC      net/xfrm/xfrm_state.o
  CC      mm/page_alloc.o
  CC      kernel/irq/pm.o
  CC      net/ethtool/privflags.o
  AR      arch/x86/kernel/acpi/built-in.a
  CC      drivers/acpi/acpica/exconcat.o
  CC      drivers/char/misc.o
  CC      lib/crypto/mpi/generic_mpih-rshift.o
  CC      arch/x86/kernel/cpu/amd_cache_disable.o
  CC      drivers/tty/tty_mutex.o
  CC      arch/x86/kernel/cpu/hygon.o
  CC      fs/proc_namespace.o
  CC      net/ipv4/ip_options.o
  CC      kernel/irq/affinity.o
  CC      net/xfrm/xfrm_hash.o
  CC      drivers/acpi/acpica/exconfig.o
  CC      drivers/char/virtio_console.o
  CC      lib/crypto/mpi/generic_mpih-sub1.o
  CC      net/ethtool/rings.o
  CC      arch/x86/kernel/cpu/cyrix.o
  CC      lib/vdso/datastore.o
  CC      drivers/acpi/acpica/exconvrt.o
  CC      net/netfilter/nf_conntrack_helper.o
  CC      kernel/irq/matrix.o
  CC      net/core/netdev-genl-gen.o
  CC      fs/direct-io.o
  CC      kernel/rcu/rcu_segcblist.o
  CC      drivers/tty/tty_ldsem.o
  CC      lib/crypto/mpi/generic_mpih-add1.o
  CC      mm/page_frag_cache.o
  CC      drivers/acpi/acpica/excreate.o
  AR      lib/vdso/built-in.a
  CC      net/ipv4/ip_output.o
  CC      arch/x86/kernel/cpu/centaur.o
  AR      kernel/rcu/built-in.a
  CC      drivers/acpi/fan_core.o
  CC      net/ethtool/channels.o
  CC      drivers/tty/tty_baudrate.o
  CC      lib/crypto/mpi/mpicoder.o
  CC      drivers/char/nvram.o
  CC      net/core/netdev_work.o
  CC      drivers/acpi/acpica/exdebug.o
  CC      net/xfrm/xfrm_input.o
  AR      kernel/irq/built-in.a
  CC      kernel/dma/mapping.o
  CC      arch/x86/kernel/cpu/transmeta.o
  CC      fs/notify/fsnotify.o
  CC      mm/init-mm.o
  CC      net/netfilter/nf_conntrack_proto.o
  CC      drivers/acpi/acpica/exdump.o
  CC      net/ethtool/coalesce.o
  CC      net/unix/af_unix.o
  CC      drivers/tty/tty_jobctrl.o
  CC      net/unix/garbage.o
  CC      lib/crypto/mpi/mpi-add.o
  CC      kernel/entry/common.o
  CC      drivers/acpi/acpica/exfield.o
  CC      drivers/char/hw_random/core.o
  CC      arch/x86/kernel/cpu/zhaoxin.o
  CC      mm/memblock.o
  CC      net/core/gso.o
  CC      arch/x86/kernel/cpu/vortex.o
  CC      drivers/acpi/acpica/exfldio.o
  CC      net/ethtool/pause.o
  CC      drivers/tty/n_null.o
  CC      lib/crypto/mpi/mpi-bit.o
  CC      kernel/entry/syscall-common.o
  CC      fs/notify/notification.o
  CC      net/unix/sysctl_net_unix.o
  CC      arch/x86/kernel/cpu/mtrr/mtrr.o
  CC      net/xfrm/xfrm_output.o
  CC      drivers/char/hw_random/intel-rng.o
  CC      net/ipv4/ip_sockglue.o
  CC      drivers/acpi/acpica/exmisc.o
  CC      drivers/tty/pty.o
  CC      net/netfilter/nf_conntrack_proto_generic.o
  CC      drivers/acpi/acpica/exmutex.o
  CC      net/ethtool/eee.o
  CC      lib/crypto/mpi/mpi-cmp.o
  CC      net/core/net-sysfs.o
  CC      mm/slub.o
  CC      kernel/entry/syscall_user_dispatch.o
  CC      drivers/char/hw_random/geode-rng.o
  CC      kernel/dma/direct.o
  CC      fs/notify/group.o
  CC      net/core/hotdata.o
  AR      net/unix/built-in.a
  CC      fs/notify/mark.o
  CC      arch/x86/kernel/cpu/mtrr/if.o
  CC      drivers/tty/tty_audit.o
  CC      drivers/acpi/acpica/exnames.o
  CC      net/netfilter/nf_conntrack_proto_tcp.o
  CC      drivers/char/hw_random/via-rng.o
  AR      kernel/entry/built-in.a
  CC      drivers/tty/sysrq.o
  CC      arch/x86/kernel/cpu/mtrr/generic.o
  CC      net/ethtool/tsinfo.o
  CC      lib/crypto/mpi/mpi-sub-ui.o
  CC      drivers/acpi/acpica/exoparg1.o
  CC      kernel/dma/ops_helpers.o
  CC      fs/notify/fdinfo.o
  AR      drivers/char/hw_random/built-in.a
  CC      drivers/char/agp/backend.o
  CC      net/xfrm/xfrm_sysctl.o
  CC      drivers/char/agp/generic.o
  CC      arch/x86/kernel/cpu/mtrr/cleanup.o
  CC      drivers/acpi/acpica/exoparg2.o
  CC      net/ipv4/inet_hashtables.o
  CC      kernel/dma/remap.o
  CC      arch/x86/kernel/reboot.o
  CC      lib/crypto/mpi/mpi-div.o
  CC      arch/x86/kernel/msr.o
  CC      fs/notify/inotify/inotify_fsnotify.o
  CC      drivers/acpi/acpica/exoparg3.o
  CC      net/netfilter/nf_conntrack_proto_udp.o
  CC      net/ethtool/cabletest.o
  CC      net/core/netdev_config.o
  CC      arch/x86/kernel/cpu/mtrr/amd.o
  AR      kernel/dma/built-in.a
  CC      arch/x86/kernel/cpu/mtrr/cyrix.o
  CC      net/xfrm/xfrm_replay.o
  CC      kernel/module/main.o
  CC      drivers/tty/vt/vt_ioctl.o
  CC      drivers/acpi/acpica/exoparg6.o
  CC      fs/notify/inotify/inotify_user.o
  CC      lib/crypto/mpi/mpi-mod.o
  CC      drivers/char/agp/isoch.o
  CC      drivers/tty/hvc/hvc_console.o
  CC      drivers/acpi/acpica/exprep.o
  CC      arch/x86/kernel/cpu/mtrr/centaur.o
  CC      arch/x86/kernel/cpu/microcode/core.o
  CC      kernel/module/strict_rwx.o
  CC      lib/crypto/mpi/mpi-mul.o
  CC      net/netfilter/nf_conntrack_proto_icmp.o
  CC      drivers/acpi/acpica/exregion.o
  CC      mm/madvise.o
  AR      fs/notify/inotify/built-in.a
  CC      drivers/char/agp/amd64-agp.o
  CC      net/core/netdev_rx_queue.o
  AR      fs/notify/built-in.a
  CC      fs/eventpoll.o
  CC      net/ethtool/tunnels.o
  CC      arch/x86/kernel/cpu/microcode/intel.o
  CC      fs/anon_inodes.o
  CC      drivers/tty/vt/vc_screen.o
  CC      arch/x86/kernel/cpu/mtrr/legacy.o
  CC      net/ipv4/inet_timewait_sock.o
  CC      drivers/acpi/acpica/exresnte.o
  CC      net/xfrm/xfrm_device.o
  AR      drivers/tty/hvc/built-in.a
  CC      lib/crypto/mpi/mpih-cmp.o
  CC      drivers/iommu/iommu.o
  AR      arch/x86/kernel/cpu/mtrr/built-in.a
  CC      drivers/acpi/acpica/exresolv.o
  CC      kernel/freezer.o
  CC      drivers/char/agp/intel-agp.o
  CC      net/netfilter/nf_conntrack_extend.o
  CC      drivers/tty/vt/selection.o
  CC      lib/crypto/mpi/mpih-div.o
  CC      kernel/module/kmod.o
  CC      arch/x86/kernel/cpu/microcode/amd.o
  CC      drivers/acpi/acpica/exresop.o
  CC      net/ethtool/fec.o
  CC      kernel/profile.o
  CC      mm/page_io.o
  CC      net/xfrm/xfrm_nat_keepalive.o
  CC      drivers/char/agp/intel-gtt.o
  CC      net/core/netdev_queues.o
  CC      fs/signalfd.o
  CC      drivers/acpi/acpica/exserial.o
  CC      lib/crypto/mpi/mpih-mul.o
  CC      net/ipv4/inet_connection_sock.o
  CC      drivers/tty/vt/keyboard.o
  CC      kernel/module/tree_lookup.o
  CC      net/netfilter/nf_conntrack_acct.o
  AR      arch/x86/kernel/cpu/microcode/built-in.a
  CC      arch/x86/kernel/cpu/perfctr-watchdog.o
  CC      drivers/acpi/acpica/exstore.o
  CC      arch/x86/kernel/cpuid.o
  CC      net/ethtool/eeprom.o
  CC      mm/swap_state.o
  CC      fs/timerfd.o
  CC      drivers/iommu/iommu-pages.o
  CC      arch/x86/kernel/cpu/vmware.o
  CC      lib/crypto/mpi/mpi-pow.o
  CC      net/core/net-procfs.o
  CC      kernel/module/kallsyms.o
  CC      drivers/acpi/acpica/exstoren.o
  AR      drivers/char/agp/built-in.a
  AR      drivers/char/built-in.a
  CC      lib/iomap.o
  CC      net/netfilter/nf_conntrack_seqadj.o
  CC      net/xfrm/xfrm_algo.o
  CC      net/ipv6/af_inet6.o
  CC      drivers/tty/serial/serial_core.o
  CC      arch/x86/kernel/cpu/hypervisor.o
  CC      drivers/acpi/acpica/exstorob.o
  CC      drivers/iommu/iommu-traces.o
  CC      fs/eventfd.o
  CC      net/ethtool/stats.o
  CC      kernel/module/procfs.o
  CC      drivers/tty/vt/vt.o
  CC      mm/swapfile.o
  CC      lib/crypto/mpi/mpiutil.o
  CC      net/core/netpoll.o
  CC      drivers/acpi/acpica/exsystem.o
  CC      arch/x86/kernel/cpu/mshyperv.o
  CC      net/ipv4/tcp.o
  CC      kernel/module/sysfs.o
  CC      drivers/acpi/acpica/extrace.o
  CC      net/ipv6/anycast.o
  AR      lib/crypto/mpi/built-in.a
  AR      lib/crypto/built-in.a
  CC      lib/iomap_copy.o
  CC      drivers/acpi/acpica/exutils.o
  CC      drivers/iommu/iommu-sysfs.o
  CC      fs/aio.o
  CC      net/xfrm/xfrm_user.o
  CC      kernel/module/version.o
  CC      net/netfilter/nf_conntrack_proto_icmpv6.o
  CC      lib/devres.o
  CC      net/ethtool/phc_vclocks.o
  CC      drivers/acpi/acpica/hwacpi.o
  CC      arch/x86/kernel/cpu/debugfs.o
  CC      net/ipv6/ip6_output.o
  CC      drivers/tty/serial/serial_base_bus.o
  CC      drivers/acpi/fan_attr.o
  CC      lib/assoc_array.o
  CC      drivers/acpi/acpica/hwesleep.o
  CC      net/core/net-traces.o
  CC      drivers/iommu/dma-iommu.o
  AR      kernel/module/built-in.a
  CC      kernel/stacktrace.o
  CC      drivers/tty/vt/defkeymap.o
  CC      arch/x86/kernel/cpu/bus_lock.o
  CC      mm/dmapool.o
  CC      net/packet/af_packet.o
  CC      drivers/tty/serial/serial_ctrl.o
  CC      net/ethtool/mm.o
  CC      drivers/acpi/acpica/hwgpe.o
  CC      net/netfilter/nf_conntrack_netlink.o
  CC      drivers/tty/vt/consolemap.o
  CC      lib/bitrev.o
  CC      fs/locks.o
  CC      drivers/tty/serial/serial_port.o
  CC      drivers/acpi/acpica/hwregs.o
  CC      kernel/time/time.o
  CC      lib/xxhash.o
  AR      arch/x86/kernel/cpu/built-in.a
  CC      mm/hugetlb.o
  CC      arch/x86/kernel/early-quirks.o
  CC      drivers/acpi/acpica/hwsleep.o
  CC      drivers/iommu/iova.o
  AR      net/xfrm/built-in.a
  CC      net/core/selftests.o
  CC      drivers/tty/vt/consolemap_deftbl.o
  CC      net/ethtool/module.o
  CC      drivers/tty/vt/ucs.o
  CC      drivers/tty/serial/earlycon.o
  CC      drivers/acpi/acpica/hwvalid.o
  CC      lib/zlib_inflate/inffast.o
  CC      net/ipv4/tcp_input.o
  AR      drivers/tty/vt/built-in.a
  CC      net/netfilter/nf_conntrack_ftp.o
  CC      kernel/futex/core.o
  CC      lib/zlib_inflate/inflate.o
  CC      net/ipv6/ip6_input.o
  CC      drivers/acpi/acpica/hwxface.o
  CC      kernel/time/timer.o
  CC      arch/x86/kernel/smp.o
  CC      drivers/tty/serial/8250/8250_core.o
  CC      lib/zlib_inflate/infutil.o
  AR      drivers/iommu/built-in.a
  CC      net/ethtool/cmis_fw_update.o
  CC      drivers/acpi/acpica/hwxfsleep.o
  CC      lib/zlib_inflate/inftrees.o
  AR      net/packet/built-in.a
  CC      fs/binfmt_misc.o
  CC      kernel/futex/syscalls.o
  CC      mm/hugetlb_sysfs.o
  CC      net/ipv6/addrconf.o
  CC      lib/zlib_inflate/inflate_syms.o
  CC      mm/hugetlb_sysctl.o
  CC      net/ipv6/addrlabel.o
  CC      drivers/acpi/acpica/hwpci.o
  CC      net/ethtool/cmis_cdb.o
  CC      drivers/tty/serial/8250/8250_platform.o
  CC      net/netfilter/nf_conntrack_irc.o
  AR      lib/zlib_inflate/built-in.a
  CC      net/ipv6/route.o
  CC      lib/lzo/lzo1x_compress.o
  CC      arch/x86/kernel/smpboot.o
  CC      net/core/ptp_classifier.o
  CC      drivers/acpi/acpica/nsaccess.o
  CC      fs/binfmt_script.o
  CC      kernel/futex/pi.o
  CC      mm/migrate.o
  CC      lib/lzo/lzo1x_compress_safe.o
  CC      kernel/time/hrtimer.o
  CC      drivers/acpi/acpica/nsalloc.o
  CC      kernel/futex/requeue.o
  CC      drivers/acpi/acpica/nsarguments.o
  CC      fs/binfmt_elf.o
  CC      net/ethtool/pse-pd.o
  CC      drivers/tty/serial/8250/8250_pnp.o
  CC      net/ipv4/tcp_output.o
  CC      lib/lzo/lzo1x_decompress_safe.o
  CC      drivers/acpi/acpica/nsconvert.o
  CC      drivers/base/component.o
  CC      arch/x86/kernel/tsc_sync.o
  CC      kernel/futex/waitwake.o
  CC      net/netfilter/nf_nat_core.o
  CC      net/core/netprio_cgroup.o
  CC      drivers/acpi/acpica/nsdump.o
  CC      drivers/tty/serial/8250/8250_port.o
  AR      lib/lzo/built-in.a
  CC      lib/lz4/lz4_compress.o
  CC      fs/mbcache.o
  CC      arch/x86/kernel/setup_percpu.o
  CC      mm/page_counter.o
  CC      drivers/acpi/acpica/nseval.o
  AR      kernel/futex/built-in.a
  CC      drivers/base/core.o
  CC      kernel/time/sleep_timeout.o
  CC      kernel/time/timekeeping.o
  CC      mm/hugetlb_cgroup.o
  CC      kernel/dma.o
  CC      net/ethtool/plca.o
  CC      net/core/dst_cache.o
  CC      drivers/acpi/acpica/nsinit.o
  CC      drivers/tty/serial/8250/8250_dma.o
  CC      fs/posix_acl.o
  CC      arch/x86/kernel/mpparse.o
  CC      kernel/smp.o
  CC      net/core/gro_cells.o
  CC      drivers/acpi/acpica/nsload.o
  CC      mm/early_ioremap.o
  CC      lib/lz4/lz4_decompress.o
  CC      net/netfilter/nf_nat_proto.o
  CC      net/ethtool/phy.o
  CC      drivers/acpi/acpica/nsnames.o
  CC      kernel/time/ntp.o
  CC      net/ipv6/ip6_fib.o
  CC      drivers/tty/serial/8250/8250_dwlib.o
  CC      arch/x86/kernel/apic/apic.o
  CC      mm/secretmem.o
  CC      lib/zstd/zstd_decompress_module.o
  CC      drivers/acpi/fan_hwmon.o
  CC      drivers/acpi/acpica/nsobject.o
  CC      fs/coredump.o
  CC      net/ipv4/tcp_timer.o
  CC      kernel/time/clocksource.o
  CC      drivers/acpi/acpica/nsparse.o
  CC      net/core/failover.o
  CC      drivers/tty/serial/8250/8250_pcilib.o
  CC      net/ethtool/tsconfig.o
  AR      lib/lz4/built-in.a
  CC      drivers/acpi/processor_driver.o
  CC      drivers/tty/serial/8250/8250_early.o
  CC      lib/zstd/decompress/huf_decompress.o
  CC      mm/memfd.o
  CC      arch/x86/kernel/trace_clock.o
  CC      drivers/base/bus.o
  CC      drivers/acpi/acpica/nspredef.o
  CC      lib/zstd/decompress/zstd_ddict.o
  CC      drivers/base/dd.o
  CC      net/netfilter/nf_nat_helper.o
  CC      lib/xz/xz_dec_syms.o
  CC      drivers/base/syscore.o
  CC      kernel/time/jiffies.o
  CC      drivers/acpi/acpica/nsprepkg.o
  CC      drivers/tty/serial/8250/8250_exar.o
  CC      net/ethtool/mse.o
  CC      lib/percpu_counter.o
  CC      mm/execmem.o
  CC      lib/xz/xz_dec_stream.o
  AR      net/core/built-in.a
  CC      arch/x86/kernel/apic/apic_common.o
  CC      drivers/acpi/acpica/nsrepair.o
  CC      net/ipv6/ipv6_sockglue.o
  CC      net/ipv4/tcp_ipv4.o
  CC      net/netfilter/nf_nat_masquerade.o
  CC      kernel/time/timer_list.o
  CC      drivers/acpi/acpica/nsrepair2.o
  CC      drivers/acpi/processor_thermal.o
  CC      lib/xz/xz_dec_lzma2.o
  CC      lib/zstd/decompress/zstd_decompress.o
  CC      arch/x86/kernel/apic/apic_noop.o
  CC      drivers/tty/serial/8250/8250_lpss.o
  AR      mm/built-in.a
  CC      fs/drop_caches.o
  CC      arch/x86/kernel/trace.o
  CC      drivers/base/driver.o
  CC      kernel/uid16.o
  AR      net/ethtool/built-in.a
  CC      net/ipv4/tcp_minisocks.o
  CC      kernel/time/timeconv.o
  CC      drivers/acpi/acpica/nssearch.o
  CC      arch/x86/kernel/apic/ipi.o
  CC      kernel/kallsyms.o
  CC      lib/xz/xz_dec_bcj.o
  CC      fs/sysctls.o
  CC      lib/zstd/decompress/zstd_decompress_block.o
  CC      kernel/time/timecounter.o
  CC      drivers/base/class.o
  CC      drivers/base/platform.o
  CC      fs/fhandle.o
  CC      drivers/tty/serial/8250/8250_mid.o
  CC      drivers/acpi/acpica/nsutils.o
  CC      kernel/time/alarmtimer.o
  CC      net/wireless/core.o
  CC      arch/x86/kernel/apic/vector.o
  AR      lib/xz/built-in.a
  CC      lib/zstd/zstd_common_module.o
  CC      net/mac80211/main.o
  CC      net/netfilter/nf_nat_ftp.o
  CC      drivers/acpi/acpica/nswalk.o
  CC      drivers/tty/serial/8250/8250_pci.o
  CC      net/ipv6/ndisc.o
  CC      lib/audit.o
  CC      drivers/acpi/processor_idle.o
  CC      fs/iomap/trace.o
  CC      net/ipv4/tcp_cong.o
  CC      drivers/acpi/acpica/nsxfeval.o
  CC      drivers/base/cpu.o
  CC      net/wireless/sysfs.o
  CC      drivers/acpi/acpica/nsxfname.o
  CC      net/wireless/radiotap.o
  CC      net/netfilter/nf_nat_irc.o
  CC      kernel/time/posix-timers.o
  CC      drivers/acpi/acpica/nsxfobj.o
  CC      fs/iomap/iter.o
  CC      net/mac80211/status.o
  CC      drivers/base/firmware.o
  CC      arch/x86/kernel/apic/init.o
  CC      drivers/tty/serial/8250/8250_pericom.o
  CC      arch/x86/kernel/apic/hw_nmi.o
  CC      lib/zstd/common/debug.o
  CC      lib/zstd/common/entropy_common.o
  CC      drivers/acpi/acpica/psargs.o
  CC      net/netfilter/x_tables.o
  CC      lib/zstd/common/error_private.o
  CC      fs/iomap/buffered-io.o
  CC      lib/zstd/common/fse_decompress.o
  CC      net/ipv6/udp.o
  CC      drivers/base/init.o
  CC      kernel/time/posix-cpu-timers.o
  CC      net/ipv6/raw.o
  CC      kernel/time/posix-clock.o
  CC      arch/x86/kernel/apic/io_apic.o
  CC      net/ipv4/tcp_metrics.o
  AR      drivers/tty/serial/8250/built-in.a
  CC      drivers/acpi/acpica/psloop.o
  AR      drivers/tty/serial/built-in.a
  AR      drivers/tty/built-in.a
  CC      net/netfilter/xt_tcpudp.o
  CC      net/mac80211/driver-ops.o
  CC      lib/zstd/common/zstd_common.o
  AR      lib/zstd/built-in.a
  CC      lib/syscall.o
  CC      drivers/base/map.o
  CC      net/wireless/util.o
  CC      drivers/acpi/acpica/psobject.o
  CC      net/ipv4/tcp_fastopen.o
  CC      drivers/base/devres.o
  CC      net/netfilter/xt_NFLOG.o
  CC      lib/errname.o
  CC      drivers/acpi/acpica/psopcode.o
  CC      kernel/time/itimer.o
  CC      lib/nlattr.o
  CC      kernel/acct.o
  CC      kernel/time/clockevents.o
  CC      drivers/acpi/acpica/psopinfo.o
  CC      drivers/base/attribute_container.o
  CC      fs/iomap/direct-io.o
  CC      arch/x86/kernel/apic/probe_32.o
  CC      net/netfilter/xt_SECMARK.o
  CC      drivers/acpi/acpica/psparse.o
  CC      net/ipv4/tcp_recovery.o
  CC      net/wireless/reg.o
  CC      net/netlabel/netlabel_user.o
  CC      kernel/vmcore_info.o
  CC      net/mac80211/sta_info.o
  CC      kernel/time/tick-common.o
  CC      fs/quota/dquot.o
  CC      drivers/base/transport_class.o
  CC      net/ipv6/icmp.o
  CC      net/ipv6/mcast.o
  AR      arch/x86/kernel/apic/built-in.a
  CC      drivers/acpi/acpica/psscope.o
  CC      arch/x86/kernel/rethook.o
  CC      lib/cpu_rmap.o
  CC      net/netfilter/xt_TCPMSS.o
  CC      drivers/acpi/acpica/pstree.o
  CC      drivers/base/topology.o
  CC      fs/iomap/ioend.o
  CC      net/netlabel/netlabel_kapi.o
  CC      arch/x86/kernel/vmcore_info_32.o
  CC      drivers/misc/eeprom/eeprom_93cx6.o
  CC      net/ipv4/tcp_ulp.o
  CC      lib/glob.o
  CC      drivers/acpi/acpica/psutils.o
  CC      arch/x86/kernel/machine_kexec_32.o
  CC      kernel/time/tick-broadcast.o
  AR      drivers/misc/eeprom/built-in.a
  CC      drivers/acpi/acpica/pswalk.o
  CC      drivers/base/container.o
  AR      drivers/misc/built-in.a
  CC      drivers/acpi/acpica/psxface.o
  CC      net/netfilter/xt_conntrack.o
  CC      lib/dim/dim.o
  CC      fs/iomap/fiemap.o
  CC      net/wireless/scan.o
  CC      drivers/base/property.o
  CC      drivers/acpi/acpica/rsaddr.o
  CC      lib/dim/net_dim.o
  CC      fs/quota/quota_v2.o
  AS      arch/x86/kernel/relocate_kernel_32.o
  CC      kernel/time/tick-broadcast-hrtimer.o
  CC      arch/x86/kernel/kprobes/core.o
  CC      fs/quota/quota_tree.o
  CC      net/netlabel/netlabel_domainhash.o
  CC      drivers/acpi/acpica/rscalc.o
  CC      fs/proc/task_mmu.o
  CC      arch/x86/kernel/kprobes/opt.o
  CC      net/ipv4/tcp_offload.o
  CC      kernel/time/tick-oneshot.o
  CC      net/netfilter/xt_policy.o
  CC      net/ipv6/reassembly.o
  CC      fs/iomap/seek.o
  CC      drivers/acpi/acpica/rscreate.o
  CC      fs/quota/quota.o
  CC      kernel/time/tick-sched.o
  CC      lib/dim/rdma_dim.o
  CC      fs/proc/inode.o
  AR      arch/x86/kernel/kprobes/built-in.a
  CC      arch/x86/kernel/module.o
  CC      net/netlabel/netlabel_addrlist.o
  CC      drivers/base/cacheinfo.o
  CC      drivers/acpi/acpica/rsdumpinfo.o
  CC      net/ipv6/tcp_ipv6.o
  CC      fs/iomap/bio.o
  AR      lib/dim/built-in.a
  AR      net/netfilter/built-in.a
  CC      net/mac80211/wep.o
  CC      lib/strncpy_from_user.o
  CC      net/rfkill/core.o
  CC      net/9p/mod.o
  CC      drivers/acpi/acpica/rsinfo.o
  CC      drivers/acpi/acpica/rsio.o
  CC      fs/proc/root.o
  CC      arch/x86/kernel/doublefault_32.o
  CC      drivers/base/swnode.o
  CC      fs/quota/kqid.o
  CC      fs/kernfs/mount.o
  CC      drivers/acpi/acpica/rsirq.o
  CC      kernel/time/timer_migration.o
  CC      net/ipv4/tcp_plb.o
  CC      net/netlabel/netlabel_mgmt.o
  CC      lib/strnlen_user.o
  CC      net/9p/client.o
  CC      drivers/acpi/acpica/rslist.o
  CC      fs/iomap/swapfile.o
  CC      net/mac80211/aead_api.o
  CC      fs/proc/base.o
  CC      net/rfkill/input.o
  AR      fs/quota/built-in.a
  CC      net/sysctl_net.o
  CC      arch/x86/kernel/early_printk.o
  CC      drivers/base/faux.o
  CC      fs/kernfs/inode.o
  CC      drivers/acpi/acpica/rsmemory.o
  CC      net/mac80211/wpa.o
  CC      lib/net_utils.o
  AR      net/rfkill/built-in.a
  CC      net/mac80211/scan.o
  CC      drivers/acpi/acpica/rsmisc.o
  CC      net/netlabel/netlabel_unlabeled.o
  CC      drivers/base/auxiliary.o
  CC      arch/x86/kernel/amd_nb.o
  AR      fs/iomap/built-in.a
  CC      net/wireless/nl80211.o
  CC      kernel/time/vsyscall.o
  CC      fs/kernfs/dir.o
  CC      lib/sg_pool.o
  CC      net/ipv4/datagram.o
  CC      drivers/acpi/acpica/rsserial.o
  CC      net/ipv6/ping.o
  CC      kernel/time/timekeeping_debug.o
  CC      net/9p/error.o
  CC      kernel/time/namespace.o
  CC      net/ipv4/raw.o
  CC      drivers/acpi/acpica/rsutils.o
  CC      drivers/base/devtmpfs.o
  CC      fs/proc/generic.o
  CC      lib/stackdepot.o
  CC      arch/x86/kernel/amd_node.o
  CC      net/ipv4/udp.o
  CC      net/netlabel/netlabel_cipso_v4.o
  CC      drivers/acpi/acpica/rsxface.o
  CC      net/9p/protocol.o
  CC      net/mac80211/offchannel.o
  CC      kernel/time/namespace_vdso.o
  CC      drivers/acpi/processor_throttling.o
  CC      drivers/base/power/sysfs.o
  CC      drivers/acpi/acpica/tbdata.o
  AR      kernel/time/built-in.a
  CC      fs/proc/array.o
  CC      fs/kernfs/file.o
  CC      kernel/elfcorehdr.o
  CC      lib/asn1_decoder.o
  CC      net/netlabel/netlabel_calipso.o
  CC      arch/x86/kernel/kvm.o
  CC      net/9p/trans_common.o
  CC      net/ipv4/udp_offload.o
  CC      net/ipv6/exthdrs.o
  CC      arch/x86/kernel/kvmclock.o
  CC      drivers/base/power/generic_ops.o
  CC      drivers/acpi/acpica/tbfadt.o
  CC      fs/proc/fd.o
  CC      lib/fonts/fonts.o
  CC      net/9p/trans_fd.o
  CC      kernel/kexec_core.o
  CC      net/mac80211/ht.o
  CC      drivers/acpi/acpica/tbfind.o
  CC      drivers/base/power/common.o
  CC      fs/kernfs/symlink.o
  AR      net/netlabel/built-in.a
  CC      arch/x86/kernel/paravirt.o
  CC      lib/fonts/font_8x16.o
  CC      net/mac80211/agg-tx.o
  CC      fs/proc/proc_tty.o
  CC      drivers/acpi/acpica/tbinstal.o
  CC      fs/sysfs/file.o
  CC      fs/sysfs/dir.o
  CC      net/ipv4/arp.o
  CC      kernel/kexec.o
  CC      drivers/base/power/qos.o
  CC      net/wireless/mlme.o
  AR      lib/fonts/built-in.a
  CC      drivers/acpi/acpica/tbprint.o
  CC      lib/oid_registry.o
  AR      fs/kernfs/built-in.a
  CC      net/wireless/ibss.o
  AR      net/9p/built-in.a
  CC      net/ipv6/datagram.o
  CC      drivers/acpi/acpica/tbutils.o
  CC      fs/proc/cmdline.o
  CC      fs/sysfs/symlink.o
  CC      drivers/acpi/container.o
  CC      arch/x86/kernel/paravirt-spinlocks.o
  CC      drivers/acpi/acpica/tbxface.o
  CC      net/ipv4/icmp.o
  CC      lib/ucs2_string.o
  CC      fs/proc/consoles.o
  CC      kernel/cgroup/cgroup.o
  CC      arch/x86/kernel/pvclock.o
  CC      net/mac80211/agg-rx.o
  CC      drivers/acpi/acpica/tbxfload.o
  CC      lib/sbitmap.o
  CC      fs/proc/cpuinfo.o
  CC      drivers/base/power/runtime.o
  CC      fs/sysfs/mount.o
  CC      drivers/acpi/acpica/tbxfroot.o
  CC      fs/proc/devices.o
  CC      arch/x86/kernel/pcspeaker.o
  CC      fs/devpts/inode.o
  CC      fs/netfs/buffered_read.o
  CC      net/ipv6/ip6_flowlabel.o
  CC      drivers/acpi/acpica/utaddress.o
  CC      arch/x86/kernel/check.o
  CC      lib/group_cpus.o
  CC      fs/sysfs/group.o
  CC      drivers/base/firmware_loader/main.o
  CC      fs/proc/loadavg.o
  CC      drivers/acpi/acpica/utalloc.o
  CC      drivers/base/power/wakeirq.o
  AR      fs/devpts/built-in.a
  CC      net/ipv4/devinet.o
  CC      kernel/utsname.o
  CC      arch/x86/kernel/perf_regs.o
  CC      arch/x86/kernel/umip.o
  CC      fs/proc/meminfo.o
  CC      drivers/acpi/acpica/utascii.o
  CC      lib/fw_table.o
  AR      fs/sysfs/built-in.a
  CC      fs/netfs/buffered_write.o
  CC      drivers/base/firmware_loader/builtin/main.o
  CC      fs/netfs/direct_read.o
  CC      drivers/acpi/acpica/utbuffer.o
  CC      kernel/cgroup/rstat.o
  CC      drivers/base/power/main.o
  CC      net/ipv6/inet6_connection_sock.o
  CC      drivers/acpi/acpica/utcksum.o
  CC      net/mac80211/vht.o
  AR      lib/lib.a
  AR      lib/built-in.a
  CC      arch/x86/kernel/unwind_frame.o
  LDS     arch/x86/kernel/vmlinux.lds
  CC      net/ipv4/af_inet.o
  CC      fs/proc/stat.o
  CC      drivers/base/module.o
  AR      drivers/base/firmware_loader/builtin/built-in.a
  CC      fs/proc/uptime.o
  AR      drivers/base/firmware_loader/built-in.a
  CC      drivers/acpi/acpica/utcopy.o
  CC      fs/ext4/balloc.o
  CC      net/dns_resolver/dns_key.o
  CC      fs/jbd2/transaction.o
  CC      net/ipv4/igmp.o
  CC      drivers/acpi/acpica/utexcep.o
  CC      fs/proc/util.o
  CC      kernel/cgroup/namespace.o
  AR      arch/x86/kernel/built-in.a
  AR      arch/x86/built-in.a
  CC      fs/ramfs/inode.o
  CC      fs/netfs/direct_write.o
  CC      fs/ramfs/file-mmu.o
  CC      net/dns_resolver/dns_query.o
  CC      drivers/base/power/wakeup.o
  CC      drivers/acpi/acpica/utdebug.o
  CC      fs/proc/version.o
  CC      net/ipv6/udp_offload.o
  CC      net/mac80211/he.o
  AR      fs/ramfs/built-in.a
  CC      net/ipv6/seg6.o
  CC      drivers/acpi/thermal_lib.o
  CC      kernel/cgroup/cgroup-v1.o
  CC      fs/ext4/bitmap.o
  CC      fs/proc/softirqs.o
  CC      drivers/acpi/acpica/utdecode.o
  AR      net/dns_resolver/built-in.a
  CC      fs/jbd2/commit.o
  CC      fs/netfs/iterator.o
  CC      kernel/cgroup/freezer.o
  CC      kernel/cgroup/legacy_freezer.o
  CC      net/wireless/sme.o
  CC      drivers/base/auxiliary_sysfs.o
  CC      drivers/acpi/acpica/utdelete.o
  CC      kernel/stop_machine.o
  CC      drivers/base/power/wakeup_stats.o
  CC      fs/jbd2/recovery.o
  CC      fs/proc/namespaces.o
  CC      net/ipv6/fib6_notifier.o
  CC      fs/ext4/block_validity.o
  CC      drivers/base/physical_location.o
  CC      drivers/acpi/acpica/uterror.o
  CC      net/ipv4/fib_frontend.o
  CC      drivers/base/power/trace.o
  CC      fs/jbd2/checkpoint.o
  CC      fs/netfs/locking.o
  CC      kernel/cgroup/pids.o
  CC      fs/proc/self.o
  CC      drivers/acpi/acpica/uteval.o
  CC      fs/ext4/dir.o
  CC      drivers/acpi/thermal.o
  CC      fs/proc/thread_self.o
  CC      drivers/acpi/acpi_memhotplug.o
  CC      net/ipv6/rpl.o
  CC      fs/proc/proc_sysctl.o
  CC      net/mac80211/s1g.o
  CC      drivers/acpi/acpica/utglobal.o
  CC      fs/jbd2/revoke.o
  CC      kernel/cgroup/rdma.o
  CC      fs/netfs/main.o
  CC      drivers/acpi/acpica/uthex.o
  AR      drivers/base/power/built-in.a
  CC      drivers/acpi/acpica/utids.o
  CC      drivers/base/trace.o
  CC      drivers/macintosh/mac_hid.o
  CC      fs/ext4/ext4_jbd2.o
  CC      fs/proc/proc_net.o
  CC      net/ipv6/ioam6.o
  CC      drivers/scsi/scsi.o
  CC      fs/jbd2/journal.o
  CC      fs/ext4/extents.o
  CC      drivers/acpi/acpica/utinit.o
  CC      net/ipv4/fib_semantics.o
  CC      kernel/cgroup/cpuset.o
  CC      kernel/audit.o
  AR      drivers/macintosh/built-in.a
  CC      drivers/acpi/acpica/utlock.o
  AR      drivers/base/built-in.a
  CC      fs/ext4/extents_status.o
  CC      fs/hugetlbfs/inode.o
  CC      net/mac80211/ibss.o
  CC      fs/ext4/file.o
  CC      drivers/acpi/acpica/utmath.o
  CC      fs/proc/kcore.o
  CC      net/ipv6/sysctl_net_ipv6.o
  CC      net/ipv4/fib_trie.o
  CC      fs/netfs/misc.o
  CC      drivers/scsi/hosts.o
  CC      drivers/acpi/acpica/utmisc.o
  CC      net/wireless/chan.o
  CC      drivers/acpi/acpica/utmutex.o
  CC      fs/proc/kmsg.o
  CC      net/ipv6/xfrm6_policy.o
  AR      fs/hugetlbfs/built-in.a
  CC      net/ipv6/xfrm6_state.o
  CC      kernel/cgroup/misc.o
  CC      net/ipv6/xfrm6_input.o
  AR      fs/jbd2/built-in.a
  CC      drivers/acpi/ioapic.o
  CC      drivers/acpi/acpica/utnonansi.o
  CC      net/wireless/ethtool.o
  CC      fs/proc/page.o
  CC      drivers/scsi/scsi_ioctl.o
  CC      fs/ext4/fsmap.o
  CC      drivers/acpi/bgrt.o
  CC      drivers/acpi/acpica/utobject.o
  CC      kernel/auditfilter.o
  CC      fs/netfs/objects.o
  AR      kernel/cgroup/built-in.a
  CC      fs/fat/cache.o
  CC      net/ipv6/xfrm6_output.o
  CC      fs/fat/dir.o
  CC      net/wireless/mesh.o
  CC      net/mac80211/iface.o
  CC      drivers/scsi/scsicam.o
  CC      drivers/acpi/acpica/utosi.o
  AR      fs/proc/built-in.a
  CC      net/ipv6/xfrm6_protocol.o
  CC      net/ipv4/fib_notifier.o
  CC      net/ipv4/inet_fragment.o
  CC      drivers/acpi/acpica/utownerid.o
  CC      fs/netfs/read_collect.o
  CC      drivers/ata/libata-core.o
  CC      net/wireless/ap.o
  CC      kernel/auditsc.o
  CC      drivers/acpi/acpica/utpredef.o
  CC      drivers/scsi/scsi_error.o
  CC      fs/ext4/fsync.o
  CC      net/wireless/trace.o
  CC      fs/fat/fatent.o
  CC      net/ipv6/netfilter.o
  CC      drivers/acpi/acpica/utresdecode.o
  CC      drivers/scsi/scsi_lib.o
  CC      drivers/acpi/acpica/utresrc.o
  CC      fs/isofs/namei.o
  CC      drivers/scsi/scsi_lib_dma.o
  CC      fs/netfs/read_pgpriv2.o
  CC      drivers/net/loopback.o
  CC      fs/ext4/hash.o
  CC      drivers/acpi/acpica/utstate.o
  CC      net/ipv4/ping.o
  CC      net/mac80211/link.o
  CC      fs/isofs/inode.o
  CC      net/ipv4/ip_tunnel_core.o
  CC      kernel/audit_watch.o
  CC      fs/fat/file.o
  CC      drivers/net/netconsole.o
  CC      drivers/acpi/acpica/utstring.o
  CC      fs/netfs/read_retry.o
  CC      drivers/scsi/scsi_scan.o
  CC      net/ipv6/proc.o
  CC      fs/ext4/ialloc.o
  CC      drivers/acpi/acpica/utstrsuppt.o
  CC      drivers/acpi/acpica/utstrtoul64.o
  CC      drivers/acpi/spcr.o
  CC      fs/isofs/dir.o
  CC      drivers/ata/libata-scsi.o
  CC      kernel/audit_fsnotify.o
  CC      fs/fat/inode.o
  CC      fs/netfs/read_single.o
  CC      drivers/acpi/acpica/utxface.o
  CC      drivers/net/phy/stubs.o
  CC      fs/exportfs/expfs.o
  CC      drivers/scsi/scsi_sysfs.o
  CC      net/ipv6/syncookies.o
  CC      fs/isofs/util.o
  CC      fs/fat/misc.o
  CC      net/ipv4/gre_offload.o
  CC      net/wireless/ocb.o
  CC      drivers/acpi/acpica/utxfinit.o
  CC      kernel/audit_tree.o
  CC      fs/netfs/rolling_buffer.o
  AR      fs/exportfs/built-in.a
  CC      net/mac80211/rate.o
  CC      drivers/acpi/acpica/utxferror.o
  CC      fs/isofs/rock.o
  CC      fs/ext4/indirect.o
  CC      drivers/firewire/init_ohci1394_dma.o
  CC      drivers/net/phy/mdio_bus.o
  CC      drivers/ata/libata-eh.o
  CC      drivers/acpi/acpica/utxfmutex.o
  CC      fs/fat/nfs.o
  CC      net/ipv4/metrics.o
  CC      drivers/scsi/scsi_devinfo.o
  CC      kernel/kprobes.o
  CC      drivers/ata/libata-transport.o
  CC      fs/isofs/export.o
  AR      drivers/firewire/built-in.a
  CC      fs/ext4/inline.o
  CC      fs/netfs/write_collect.o
  AR      drivers/acpi/acpica/built-in.a
  CC      net/ipv6/calipso.o
  CC      drivers/acpi/x86/apple.o
  CC      fs/fat/namei_vfat.o
  CC      drivers/scsi/scsi_sysctl.o
  CC      fs/isofs/compress.o
  CC      drivers/net/phy/phy.o
  CC      drivers/net/phy/phy-c45.o
  CC      drivers/acpi/x86/cmos_rtc.o
  CC      drivers/ata/libata-trace.o
  CC      net/ipv4/netlink.o
  CC      fs/nls/nls_base.o
  CC      drivers/scsi/scsi_proc.o
  CC      fs/ext4/inode.o
  AR      fs/isofs/built-in.a
  CC      fs/nls/nls_ascii.o
  CC      kernel/relay.o
  CC      drivers/acpi/x86/lpss.o
  CC      fs/netfs/write_issue.o
  CC      fs/fat/namei_msdos.o
  CC      net/wireless/michael-mic.o
  CC      net/ipv6/ah6.o
  CC      net/ipv4/nexthop.o
  CC      drivers/ata/libata-sata.o
  CC      fs/nls/nls_iso8859-1.o
  CC      net/mac80211/tkip.o
  CC      fs/nls/nls_utf8.o
  CC      drivers/scsi/scsi_debugfs.o
  CC      drivers/acpi/x86/s2idle.o
  CC      fs/ext4/ioctl.o
  CC      drivers/ata/libata-sff.o
  CC      drivers/net/phy/phy-core.o
  AR      fs/fat/built-in.a
  CC      fs/netfs/write_retry.o
  CC      kernel/utsname_sysctl.o
  AR      fs/nls/built-in.a
  CC      net/wireless/pmsr.o
  CC      kernel/tracepoint.o
  CC      drivers/scsi/scsi_trace.o
  CC      net/ipv6/esp6.o
  CC      drivers/ata/libata-pmp.o
  CC      net/mac80211/aes_cmac.o
  CC      kernel/trace/trace_clock.o
  CC      kernel/trace/ring_buffer.o
  AR      fs/netfs/built-in.a
  CC      net/ipv4/udp_tunnel_stub.o
  CC      drivers/acpi/x86/utils.o
  CC      drivers/net/mdio/acpi_mdio.o
  CC      drivers/scsi/scsi_logging.o
  CC      net/ipv4/sysctl_net_ipv4.o
  CC      drivers/net/phy/phy_device.o
  CC      fs/autofs/init.o
  CC      drivers/net/mdio/fwnode_mdio.o
  CC      drivers/pcmcia/cs.o
  CC      drivers/pcmcia/socket_sysfs.o
  CC      drivers/ata/libata-acpi.o
  CC      drivers/acpi/x86/blacklist.o
  CC      net/mac80211/aes_gmac.o
  CC      fs/ext4/mballoc.o
  CC      fs/autofs/inode.o
  CC      drivers/scsi/scsi_pm.o
  CC      drivers/pcmcia/cardbus.o
  CC      net/ipv6/netfilter/nf_defrag_ipv6_hooks.o
  CC      drivers/ata/libata-pata-timings.o
  AR      drivers/acpi/x86/built-in.a
  CC      drivers/usb/early/ehci-dbgp.o
  AR      drivers/acpi/built-in.a
  CC      fs/9p/vfs_super.o
  CC      net/ipv4/proc.o
  AR      drivers/net/mdio/built-in.a
  CC      drivers/ata/ahci.o
  CC      drivers/net/phy/linkmode.o
  CC      net/mac80211/fils_aead.o
  CC      drivers/ata/libahci.o
  CC      drivers/pcmcia/rsrc_mgr.o
  CC      fs/autofs/root.o
  CC      kernel/trace/trace.o
  CC      net/wireless/shipped-certs.o
  CC      drivers/scsi/scsi_bsg.o
  CC      fs/9p/vfs_inode.o
  AR      drivers/usb/early/built-in.a
  AR      drivers/usb/built-in.a
  CC      drivers/ata/ata_piix.o
  CC      drivers/scsi/scsi_common.o
  CC      fs/9p/vfs_inode_dotl.o
  CC      kernel/irq_work.o
  CC      drivers/net/phy/phy_link_topology.o
  CC      drivers/pcmcia/yenta_socket.o
  CC      fs/autofs/symlink.o
  CC      net/ipv4/ipmr.o
  CC      net/mac80211/cfg.o
  CC      net/ipv6/netfilter/nf_conntrack_reasm.o
  CC      drivers/net/phy/phy_caps.o
  CC      drivers/scsi/scsi_transport_spi.o
  AR      net/wireless/built-in.a
  CC      drivers/input/serio/serio.o
  CC      drivers/scsi/sd.o
  CC      drivers/scsi/sg.o
  CC      fs/9p/vfs_addr.o
  CC      drivers/net/phy/mdio_bus_provider.o
  CC      fs/autofs/waitq.o
  CC      drivers/ata/pata_amd.o
  AR      drivers/pcmcia/built-in.a
  CC      drivers/net/phy/phy_port.o
  CC      drivers/input/serio/i8042.o
  CC      net/ipv6/addrconf_core.o
  CC      net/ipv4/ipmr_base.o
  CC      fs/ext4/migrate.o
  CC      fs/9p/vfs_file.o
  CC      fs/autofs/expire.o
  CC      drivers/ata/pata_oldpiix.o
  CC      fs/debugfs/inode.o
  CC      fs/debugfs/file.o
  CC      net/ipv6/netfilter/ip6t_ipv6header.o
  CC      kernel/trace/trace_output.o
  AR      drivers/scsi/built-in.a
  CC      fs/ext4/mmp.o
  CC      kernel/bpf/core.o
  CC      net/ipv4/syncookies.o
  CC      fs/9p/vfs_dir.o
  CC      fs/ext4/move_extent.o
  CC      drivers/net/phy/mdio_device.o
  CC      fs/autofs/dev-ioctl.o
  CC      drivers/ata/pata_sch.o
  CC      drivers/ata/ata_generic.o
  CC      drivers/input/serio/libps2.o
  CC      net/mac80211/ethtool.o
  AR      drivers/net/wireless/built-in.a
  CC      drivers/net/net_failover.o
  AR      net/ipv6/netfilter/built-in.a
  CC      net/ipv6/exthdrs_core.o
  CC      fs/9p/vfs_dentry.o
  CC      net/mac80211/rx.o
  AR      fs/debugfs/built-in.a
  AR      fs/autofs/built-in.a
  CC      drivers/net/phy/mdio_devres.o
  AR      drivers/ata/built-in.a
  CC      drivers/input/input.o
  CC      net/ipv4/netfilter.o
  CC      kernel/trace/trace_seq.o
  AR      drivers/input/serio/built-in.a
  CC      net/mac80211/spectmgmt.o
  CC      net/ipv4/netfilter/nf_defrag_ipv4.o
  CC      kernel/trace/trace_stat.o
  CC      fs/9p/v9fs.o
  CC      fs/ext4/namei.o
  CC      kernel/trace/trace_printk.o
  CC      kernel/static_call.o
  CC      net/mac80211/tx.o
  CC      drivers/net/phy/phy_package.o
  CC      net/ipv6/ip6_checksum.o
  CC      net/ipv4/cipso_ipv4.o
  CC      net/ipv6/ip6_icmp.o
  CC      net/ipv4/xfrm4_policy.o
  CC      drivers/rtc/lib.o
  CC      fs/9p/fid.o
  CC      fs/tracefs/inode.o
  AR      kernel/bpf/built-in.a
  CC      drivers/rtc/class.o
  CC      drivers/input/input-compat.o
  CC      drivers/net/phy/realtek/realtek_main.o
  AR      net/ipv4/netfilter/built-in.a
  CC      kernel/trace/trace_pid.o
  CC      net/mac80211/key.o
  CC      fs/9p/xattr.o
  CC      net/ipv6/output_core.o
  CC      drivers/rtc/interface.o
  CC      drivers/input/input-mt.o
  CC      fs/ext4/page-io.o
  CC      drivers/input/input-poller.o
  CC      fs/tracefs/event_inode.o
  CC      kernel/trace/pid_list.o
  CC      net/mac80211/util.o
  CC      kernel/events/core.o
  CC      net/ipv4/xfrm4_state.o
  AR      drivers/net/phy/realtek/built-in.a
  AR      drivers/net/phy/built-in.a
  AR      drivers/net/built-in.a
  CC      fs/ext4/readpage.o
  AR      fs/9p/built-in.a
  CC      drivers/rtc/nvmem.o
  CC      kernel/trace/trace_sched_switch.o
  CC      net/ipv6/protocol.o
  CC      drivers/input/ff-core.o
  CC      net/ipv6/ip6_offload.o
  AR      fs/tracefs/built-in.a
  CC      kernel/trace/trace_nop.o
  CC      net/ipv6/exthdrs_offload.o
  CC      net/ipv4/xfrm4_input.o
  CC      kernel/padata.o
  CC      kernel/trace/blktrace.o
  CC      drivers/rtc/dev.o
  CC      fs/ext4/resize.o
  CC      drivers/input/touchscreen.o
  CC      kernel/events/ring_buffer.o
  CC      fs/ext4/super.o
  CC      net/ipv4/xfrm4_output.o
  CC      drivers/input/touch-overlay.o
  CC      kernel/events/callchain.o
  CC      drivers/rtc/proc.o
  CC      net/ipv4/xfrm4_protocol.o
  CC      net/ipv6/inet6_hashtables.o
  CC      drivers/rtc/rtc-mc146818-lib.o
  CC      fs/ext4/symlink.o
  CC      kernel/jump_label.o
  CC      kernel/trace/trace_events.o
  CC      net/ipv6/mcast_snoop.o
  CC      kernel/events/hw_breakpoint.o
  CC      kernel/context_tracking.o
  CC      drivers/input/ff-memless.o
  CC      drivers/pps/pps.o
  CC      drivers/rtc/rtc-cmos.o
  CC      net/mac80211/parse.o
  CC      drivers/pps/kapi.o
  CC      kernel/iomem.o
  CC      fs/ext4/sysfs.o
  CC      kernel/rseq.o
  CC      drivers/ptp/ptp_clock.o
  CC      drivers/input/sparse-keymap.o
  AR      net/ipv4/built-in.a
  CC      drivers/input/vivaldi-fmap.o
  AR      drivers/rtc/built-in.a
  CC      kernel/trace/trace_export.o
  CC      net/mac80211/wme.o
  CC      fs/ext4/xattr.o
  CC      drivers/ptp/ptp_chardev.o
  CC      drivers/pps/sysfs.o
  AR      net/ipv6/built-in.a
  CC      kernel/trace/trace_event_perf.o
  CC      kernel/trace/trace_events_filter.o
  CC      drivers/power/supply/power_supply_core.o
  CC      net/mac80211/chan.o
  CC      drivers/input/keyboard/atkbd.o
  CC      net/mac80211/ap.o
  AR      drivers/pps/built-in.a
  CC      drivers/ptp/ptp_sysfs.o
  CC      fs/ext4/xattr_hurd.o
  AR      kernel/events/built-in.a
  CC      kernel/trace/trace_events_trigger.o
  CC      net/mac80211/trace.o
  CC      drivers/input/mouse/psmouse-base.o
  CC      drivers/hwmon/hwmon.o
  CC      fs/ext4/xattr_trusted.o
  CC      drivers/thermal/thermal_core.o
  CC      drivers/power/supply/power_supply_sysfs.o
  CC      drivers/ptp/ptp_vclock.o
  CC      kernel/trace/trace_eprobe.o
  AR      drivers/input/keyboard/built-in.a
  CC      drivers/input/mouse/synaptics.o
  CC      drivers/input/mouse/focaltech.o
  CC      net/mac80211/mlme.o
  CC      drivers/ptp/ptp_kvm_x86.o
  CC      net/mac80211/tdls.o
  CC      net/mac80211/ocb.o
  CC      drivers/power/supply/power_supply_hwmon.o
  CC      drivers/input/mouse/alps.o
  CC      fs/ext4/xattr_user.o
  CC      drivers/ptp/ptp_kvm_common.o
  CC      drivers/input/mouse/byd.o
  CC      drivers/cpuidle/cpuidle.o
  AR      drivers/power/supply/built-in.a
  CC      kernel/trace/trace_kprobe.o
  CC      drivers/cpuidle/driver.o
  AR      drivers/power/built-in.a
  AR      drivers/hwmon/built-in.a
  CC      drivers/input/mouse/logips2pp.o
  CC      kernel/trace/error_report-traces.o
  CC      drivers/thermal/thermal_sysfs.o
  CC      fs/ext4/fast_commit.o
  CC      net/mac80211/airtime.o
  AR      drivers/ptp/built-in.a
  CC      drivers/firmware/dmi_scan.o
  CC      kernel/trace/power-traces.o
  CC      net/mac80211/eht.o
  CC      drivers/input/mouse/lifebook.o
  CC      drivers/thermal/thermal_trip.o
  CC      kernel/trace/rpm-traces.o
  CC      drivers/input/mouse/trackpoint.o
  CC      drivers/input/mouse/cypress_ps2.o
  CC      drivers/cpuidle/governor.o
  CC      fs/ext4/orphan.o
  CC      drivers/clocksource/acpi_pm.o
  CC      drivers/thermal/thermal_helpers.o
  CC      drivers/cpuidle/sysfs.o
  CC      drivers/firmware/memmap.o
  CC      drivers/cpuidle/governors/menu.o
  CC      net/mac80211/uhr.o
  AR      drivers/input/mouse/built-in.a
  AR      drivers/input/built-in.a
  CC      kernel/trace/trace_dynevent.o
  CC      drivers/cpuidle/governors/haltpoll.o
  CC      drivers/thermal/thermal_thresholds.o
  CC      net/mac80211/nan.o
  CC      drivers/thermal/thermal_netlink.o
  CC      drivers/clocksource/i8253.o
  CC      drivers/cpuidle/poll_state.o
  CC      drivers/thermal/thermal_hwmon.o
  CC      fs/ext4/acl.o
  CC      net/mac80211/pm.o
  AR      drivers/hid/built-in.a
  CC      drivers/thermal/gov_step_wise.o
  CC      drivers/firmware/efi/efi-bgrt.o
  CC      kernel/trace/trace_probe.o
  CC      drivers/firmware/efi/efi.o
  CC      kernel/trace/rethook.o
  CC      fs/ext4/xattr_security.o
  AR      drivers/clocksource/built-in.a
  CC      drivers/firmware/efi/vars.o
  CC      net/mac80211/rc80211_minstrel_ht.o
  CC      drivers/firmware/efi/reboot.o
  AR      drivers/cpuidle/governors/built-in.a
  AR      drivers/cpuidle/built-in.a
  CC      drivers/firmware/efi/memattr.o
  CC      drivers/thermal/intel/intel_tcc.o
  AR      drivers/platform/x86/built-in.a
  AR      drivers/platform/built-in.a
  CC      net/mac80211/wbrf.o
  CC      drivers/thermal/intel/therm_throt.o
  CC      drivers/firmware/efi/tpm.o
  CC      drivers/firmware/efi/memmap.o
  AR      fs/ext4/built-in.a
  CC      drivers/nvmem/core.o
  AR      fs/built-in.a
  CC      drivers/firmware/efi/capsule.o
  CC      drivers/firmware/efi/esrt.o
  CC      drivers/firmware/efi/runtime-wrappers.o
  AR      kernel/trace/built-in.a
  AR      kernel/built-in.a
  CC      drivers/firmware/efi/capsule-loader.o
  CC      drivers/firmware/efi/earlycon.o
  CC      drivers/firmware/efi/libstub/alignedmem.o
  CC      drivers/firmware/efi/libstub/efi-stub-helper.o
  CC      drivers/firmware/efi/libstub/file.o
  CC      drivers/firmware/efi/libstub/gop.o
  CC      drivers/firmware/efi/libstub/lib-cmdline.o
  CC      drivers/firmware/efi/libstub/lib-ctype.o
  CC      drivers/firmware/efi/libstub/mem.o
  CC      drivers/firmware/efi/libstub/pci.o
  CC      drivers/firmware/efi/libstub/printk.o
  CC      drivers/firmware/efi/libstub/random.o
  CC      drivers/firmware/efi/libstub/randomalloc.o
  CC      drivers/firmware/efi/libstub/secureboot.o
  AR      drivers/thermal/intel/built-in.a
  AR      drivers/thermal/built-in.a
  AR      drivers/firmware/efi/built-in.a
  AR      drivers/nvmem/built-in.a
  CC      drivers/firmware/efi/libstub/skip_spaces.o
  CC      drivers/firmware/efi/libstub/smbios.o
  CC      drivers/firmware/efi/libstub/tpm.o
  CC      drivers/firmware/efi/libstub/vsprintf.o
  CC      drivers/firmware/efi/libstub/x86-stub.o
  STUBCPY drivers/firmware/efi/libstub/alignedmem.stub.o
  STUBCPY drivers/firmware/efi/libstub/efi-stub-helper.stub.o
  STUBCPY drivers/firmware/efi/libstub/lib-cmdline.stub.o
  STUBCPY drivers/firmware/efi/libstub/lib-ctype.stub.o
  STUBCPY drivers/firmware/efi/libstub/skip_spaces.stub.o
  STUBCPY drivers/firmware/efi/libstub/file.stub.o
  STUBCPY drivers/firmware/efi/libstub/vsprintf.stub.o
  STUBCPY drivers/firmware/efi/libstub/gop.stub.o
  STUBCPY drivers/firmware/efi/libstub/mem.stub.o
  STUBCPY drivers/firmware/efi/libstub/pci.stub.o
  STUBCPY drivers/firmware/efi/libstub/printk.stub.o
  STUBCPY drivers/firmware/efi/libstub/random.stub.o
  STUBCPY drivers/firmware/efi/libstub/secureboot.stub.o
  STUBCPY drivers/firmware/efi/libstub/randomalloc.stub.o
  STUBCPY drivers/firmware/efi/libstub/smbios.stub.o
  STUBCPY drivers/firmware/efi/libstub/tpm.stub.o
  STUBCPY drivers/firmware/efi/libstub/x86-stub.stub.o
  AR      drivers/firmware/efi/libstub/lib.a
  AR      drivers/firmware/built-in.a
  AR      drivers/built-in.a
  AR      net/mac80211/built-in.a
  AR      net/built-in.a
  AR      built-in.a
  AR      built-in-fixup.a
  COPY    vmlinux.a
  LD      vmlinux.o
  GEN     .vmlinux.objs
  MODPOST vmlinux.symvers
  CC      .vmlinux.export.o
  UPD     include/generated/utsversion.h
  CC      init/version-timestamp.o
  KSYMS   .tmp_vmlinux0.kallsyms.S
  AS      .tmp_vmlinux0.kallsyms.o
  LD      .tmp_vmlinux1
  NM      .tmp_vmlinux1.syms
  KSYMS   .tmp_vmlinux1.kallsyms.S
  AS      .tmp_vmlinux1.kallsyms.o
  LD      .tmp_vmlinux2
  NM      .tmp_vmlinux2.syms
  KSYMS   .tmp_vmlinux2.kallsyms.S
  AS      .tmp_vmlinux2.kallsyms.o
  LD      vmlinux.unstripped
  NM      System.map
  SORTTAB vmlinux.unstripped
  OBJCOPY vmlinux
  GEN     modules.builtin.modinfo
  GEN     modules.builtin
  CC      arch/x86/boot/a20.o
  CC      arch/x86/boot/cmdline.o
  AS      arch/x86/boot/copy.o
  CC      arch/x86/boot/cpu.o
  CC      arch/x86/boot/cpuflags.o
  CC      arch/x86/boot/cpucheck.o
  CC      arch/x86/boot/early_serial_console.o
  CC      arch/x86/boot/edd.o
  CC      arch/x86/boot/main.o
  CC      arch/x86/boot/memory.o
  CC      arch/x86/boot/pm.o
  AS      arch/x86/boot/pmjump.o
  CC      arch/x86/boot/printf.o
  CC      arch/x86/boot/regs.o
  CC      arch/x86/boot/string.o
  CC      arch/x86/boot/tty.o
  CC      arch/x86/boot/video.o
  CC      arch/x86/boot/video-mode.o
  CC      arch/x86/boot/version.o
  CC      arch/x86/boot/video-vga.o
  CC      arch/x86/boot/video-vesa.o
  CC      arch/x86/boot/video-bios.o
  LDS     arch/x86/boot/compressed/vmlinux.lds
  AS      arch/x86/boot/compressed/head_32.o
  VOFFSET arch/x86/boot/compressed/../voffset.h
  CC      arch/x86/boot/compressed/string.o
  CC      arch/x86/boot/compressed/cmdline.o
  CC      arch/x86/boot/compressed/error.o
  OBJCOPY arch/x86/boot/compressed/vmlinux.bin
  RELOCS  arch/x86/boot/compressed/vmlinux.relocs
  CC      arch/x86/boot/compressed/cpuflags.o
  CC      arch/x86/boot/compressed/early_serial_console.o
  CC      arch/x86/boot/compressed/kaslr.o
  CC      arch/x86/boot/compressed/acpi.o
  CC      arch/x86/boot/compressed/efi.o
  GZIP    arch/x86/boot/compressed/vmlinux.bin.gz
  CC      arch/x86/boot/compressed/misc.o
  MKPIGGY arch/x86/boot/compressed/piggy.S
  AS      arch/x86/boot/compressed/piggy.o
  LD      arch/x86/boot/compressed/vmlinux
  ZOFFSET arch/x86/boot/zoffset.h
  OBJCOPY arch/x86/boot/vmlinux.bin
  AS      arch/x86/boot/header.o
  LD      arch/x86/boot/setup.elf
  OBJCOPY arch/x86/boot/setup.bin
  BUILD   arch/x86/boot/bzImage
Kernel: arch/x86/boot/bzImage is ready  (#15)
make[4]: Leaving directory '/home/benni/git/kernel-test/build/randdefconfig-i386'
make[3]: Leaving directory '/home/benni/git/linux'
