make[3]: Entering directory '/home/benni/git/linux-stable-rc'
make[4]: Entering directory '/home/benni/git/kernel-test-stable-rc/build/defconfig-riscv'
  HOSTCC  scripts/kconfig/confdata.o
  HOSTLD  scripts/kconfig/conf
*** Default configuration is based on 'defconfig'
#
# configuration written to .config
#
make[4]: Leaving directory '/home/benni/git/kernel-test-stable-rc/build/defconfig-riscv'
make[3]: Leaving directory '/home/benni/git/linux-stable-rc'
make[3]: Entering directory '/home/benni/git/linux-stable-rc'
make[4]: Entering directory '/home/benni/git/kernel-test-stable-rc/build/defconfig-riscv'
.config:7290:warning: override: reassigning to symbol WATCHDOG
.config:7291:warning: override: reassigning to symbol SOFT_WATCHDOG
.config:7292:warning: override: reassigning to symbol WATCHDOG_SYSFS
.config:7297:warning: override: reassigning to symbol BPF_SYSCALL
#
# configuration written to .config
#
make[4]: Leaving directory '/home/benni/git/kernel-test-stable-rc/build/defconfig-riscv'
make[3]: Leaving directory '/home/benni/git/linux-stable-rc'
make[3]: Entering directory '/home/benni/git/linux-stable-rc'
make[4]: Entering directory '/home/benni/git/kernel-test-stable-rc/build/defconfig-riscv'
  SYNC    include/config/auto.conf
  WRAP    arch/riscv/include/generated/uapi/asm/errno.h
  WRAP    arch/riscv/include/generated/uapi/asm/fcntl.h
  UPD     include/generated/uapi/linux/version.h
  WRAP    arch/riscv/include/generated/asm/vmlinux.lds.h
  WRAP    arch/riscv/include/generated/asm/percpu_types.h
  HOSTCC  scripts/sorttable.o
  HOSTLD  scripts/sorttable
  UPD     include/config/kernel.release
  UPD     include/generated/utsrelease.h
  CC      scripts/mod/empty.o
  CC      scripts/mod/devicetable-offsets.s
  MKELF   scripts/mod/elfconfig.h
  HOSTCC  scripts/mod/modpost.o
  HOSTCC  scripts/mod/sumversion.o
  HOSTCC  scripts/mod/symsearch.o
  HOSTCC  scripts/mod/file2alias.o
  HOSTLD  scripts/mod/modpost
  CC      kernel/bounds.s
  UPD     include/generated/bounds.h
  CC      arch/riscv/kernel/asm-offsets.s
  UPD     include/generated/asm-offsets.h
  CC      kernel/sched/rq-offsets.s
  CALL    /home/benni/git/linux-stable-rc/scripts/checksyscalls.sh 
  AS      arch/riscv/kernel/vdso/rt_sigreturn.o
  CC      arch/riscv/kernel/vdso/vgettimeofday.o
  AS      arch/riscv/kernel/vdso/getcpu.o
  AS      arch/riscv/kernel/vdso/flush_icache.o
  CC      arch/riscv/kernel/vdso/hwprobe.o
  AS      arch/riscv/kernel/vdso/sys_hwprobe.o
  CC      arch/riscv/kernel/vdso/getrandom.o
  AS      arch/riscv/kernel/vdso/note.o
  AS      arch/riscv/kernel/vdso/vgetrandom-chacha.o
  VDSOLD  arch/riscv/kernel/vdso/vdso.so.dbg
  VDSOSYM include/generated/vdso-offsets.h
  AS      arch/riscv/kernel/vdso_cfi/rt_sigreturn.o
  CC      arch/riscv/kernel/vdso_cfi/vgettimeofday.o
  AS      arch/riscv/kernel/vdso_cfi/getcpu.o
  AS      arch/riscv/kernel/vdso_cfi/flush_icache.o
  CC      arch/riscv/kernel/vdso_cfi/hwprobe.o
  AS      arch/riscv/kernel/vdso_cfi/sys_hwprobe.o
  CC      arch/riscv/kernel/vdso_cfi/getrandom.o
  AS      arch/riscv/kernel/vdso_cfi/vgetrandom-chacha.o
  AS      arch/riscv/kernel/vdso_cfi/note.o
  VDSOLD  arch/riscv/kernel/vdso_cfi/vdso-cfi.so.dbg
riscv64-linux-gnu-ld: warning: arch/riscv/kernel/vdso_cfi/rt_sigreturn.o: unsupported GNU_PROPERTY_TYPE (5) type: 0xc0000000
riscv64-linux-gnu-ld: warning: arch/riscv/kernel/vdso_cfi/vgettimeofday.o: unsupported GNU_PROPERTY_TYPE (5) type: 0xc0000000
riscv64-linux-gnu-ld: warning: arch/riscv/kernel/vdso_cfi/getcpu.o: unsupported GNU_PROPERTY_TYPE (5) type: 0xc0000000
riscv64-linux-gnu-ld: warning: arch/riscv/kernel/vdso_cfi/flush_icache.o: unsupported GNU_PROPERTY_TYPE (5) type: 0xc0000000
riscv64-linux-gnu-ld: warning: arch/riscv/kernel/vdso_cfi/hwprobe.o: unsupported GNU_PROPERTY_TYPE (5) type: 0xc0000000
riscv64-linux-gnu-ld: warning: arch/riscv/kernel/vdso_cfi/sys_hwprobe.o: unsupported GNU_PROPERTY_TYPE (5) type: 0xc0000000
riscv64-linux-gnu-ld: warning: arch/riscv/kernel/vdso_cfi/getrandom.o: unsupported GNU_PROPERTY_TYPE (5) type: 0xc0000000
riscv64-linux-gnu-ld: warning: arch/riscv/kernel/vdso_cfi/note.o: unsupported GNU_PROPERTY_TYPE (5) type: 0xc0000000
riscv64-linux-gnu-ld: warning: arch/riscv/kernel/vdso_cfi/vgetrandom-chacha.o: unsupported GNU_PROPERTY_TYPE (5) type: 0xc0000000
riscv64-linux-gnu-objcopy: warning: arch/riscv/kernel/vdso_cfi/vdso-cfi.so.dbg.tmp: unsupported GNU_PROPERTY_TYPE (5) type: 0xc0000000
riscv64-linux-gnu-objcopy: warning: arch/riscv/kernel/vdso_cfi/vdso-cfi.so.dbg.tmp: unsupported GNU_PROPERTY_TYPE (5) type: 0xc0000000
riscv64-linux-gnu-objcopy: warning: arch/riscv/kernel/vdso_cfi/vdso-cfi.so.dbg.tmp: unsupported GNU_PROPERTY_TYPE (5) type: 0xc0000000
riscv64-linux-gnu-objcopy: warning: arch/riscv/kernel/vdso_cfi/vdso-cfi.so.dbg.tmp: unsupported GNU_PROPERTY_TYPE (5) type: 0xc0000000
riscv64-linux-gnu-objcopy: warning: arch/riscv/kernel/vdso_cfi/vdso-cfi.so.dbg.tmp: unsupported GNU_PROPERTY_TYPE (5) type: 0xc0000000
  VDSOSYM include/generated/vdso-cfi-offsets.h
riscv64-linux-gnu-nm: warning: arch/riscv/kernel/vdso_cfi/vdso-cfi.so.dbg: unsupported GNU_PROPERTY_TYPE (5) type: 0xc0000000
riscv64-linux-gnu-nm: warning: arch/riscv/kernel/vdso_cfi/vdso-cfi.so.dbg: unsupported GNU_PROPERTY_TYPE (5) type: 0xc0000000
riscv64-linux-gnu-nm: warning: arch/riscv/kernel/vdso_cfi/vdso-cfi.so.dbg: unsupported GNU_PROPERTY_TYPE (5) type: 0xc0000000
riscv64-linux-gnu-nm: warning: arch/riscv/kernel/vdso_cfi/vdso-cfi.so.dbg: unsupported GNU_PROPERTY_TYPE (5) type: 0xc0000000
riscv64-linux-gnu-nm: warning: arch/riscv/kernel/vdso_cfi/vdso-cfi.so.dbg: unsupported GNU_PROPERTY_TYPE (5) type: 0xc0000000
  VDSOAS  arch/riscv/kernel/compat_vdso/rt_sigreturn.o
  VDSOAS  arch/riscv/kernel/compat_vdso/getcpu.o
  VDSOAS  arch/riscv/kernel/compat_vdso/flush_icache.o
  VDSOAS  arch/riscv/kernel/compat_vdso/note.o
  VDSOLD  arch/riscv/kernel/compat_vdso/compat_vdso.so.dbg
  VDSOSYM include/generated/compat_vdso-offsets.h
  GEN     usr/initramfs_data.cpio
  CC      arch/riscv/purgatory/purgatory.o
  CC      arch/riscv/errata/andes/errata.o
  AS      arch/riscv/errata/sifive/errata_cip_453.o
  CC      init/main.o
  CC      ipc/compat.o
  COPY    usr/initramfs_inc_data
  AS      usr/initramfs_data.o
  CC      arch/riscv/mm/init.o
  CC      arch/riscv/errata/sifive/errata.o
  AS      arch/riscv/lib/clear_page.o
  CC      arch/riscv/lib/csum.o
  CC      security/keys/gc.o
  AR      usr/built-in.a
  CC      arch/riscv/lib/delay.o
  CC      block/bdev.o
  AS      arch/riscv/kernel/head.o
  CC      arch/riscv/purgatory/sha256.o
  CC      io_uring/io_uring.o
  CC      arch/riscv/kernel/soc.o
  CC      kernel/fork.o
  CC      fs/open.o
  CC      mm/filemap.o
  CC      lib/argv_split.o
  CC      io_uring/opdef.o
  AS      arch/riscv/lib/memcpy.o
  AS      arch/riscv/lib/memmove.o
  AS      arch/riscv/lib/memset.o
  CC      arch/riscv/kernel/alternative.o
  CC      arch/riscv/lib/riscv_v_helpers.o
  CC      lib/bug.o
  AR      arch/riscv/errata/sifive/built-in.a
  AR      arch/riscv/errata/andes/built-in.a
  CC      arch/riscv/kernel/cpu.o
  CC      arch/riscv/errata/thead/errata.o
  AS      arch/riscv/purgatory/entry.o
  CC      ipc/util.o
  CC      arch/riscv/purgatory/string.o
  CC      security/keys/key.o
  CC      arch/riscv/purgatory/ctype.o
  CC      arch/riscv/mm/extable.o
  AS      arch/riscv/purgatory/memcpy.o
  AS      arch/riscv/purgatory/memset.o
  CC      fs/read_write.o
  AS      arch/riscv/purgatory/strcmp.o
  CC      security/commoncap.o
  AS      arch/riscv/purgatory/strlen.o
  AS      arch/riscv/purgatory/strncmp.o
  AS      arch/riscv/lib/strchr.o
  CC      lib/buildid.o
  AR      arch/riscv/errata/thead/built-in.a
  CC      arch/riscv/kernel/cpufeature.o
  AS      arch/riscv/purgatory/strnlen.o
  AR      arch/riscv/errata/built-in.a
  AS      arch/riscv/lib/strcmp.o
  AS      arch/riscv/lib/strlen.o
  CC      block/fops.o
  CC      security/keys/keyring.o
  AS      arch/riscv/lib/strncmp.o
  AS      arch/riscv/purgatory/strchr.o
  AS      arch/riscv/purgatory/strrchr.o
  AS      arch/riscv/lib/strnlen.o
  UPD     init/utsversion-tmp.h
  LD      arch/riscv/purgatory/purgatory.ro
  CC      init/do_mounts.o
  AS      arch/riscv/lib/strrchr.o
  LD      arch/riscv/purgatory/purgatory.chk
  AS      arch/riscv/purgatory/kexec-purgatory.o
  AS      arch/riscv/lib/tishift.o
  AR      arch/riscv/purgatory/built-in.a
  CC      security/lsm_syscalls.o
  AS      arch/riscv/lib/uaccess.o
  CC      security/min_addr.o
  AS      arch/riscv/lib/uaccess_vector.o
  AR      arch/riscv/lib/lib.a
  CC      lib/clz_tab.o
  CC      mm/mempool.o
  CC      arch/riscv/mm/fault.o
  CC      ipc/msgutil.o
  CC      mm/oom_kill.o
  CC      lib/cmdline.o
  AS      arch/riscv/kernel/entry.o
  CC      arch/riscv/kernel/irq.o
  CC      lib/cpumask.o
  CC      block/bio.o
  CC      lib/ctype.o
  CC      mm/fadvise.o
  CC      security/security.o
  CC      kernel/exec_domain.o
  CC      io_uring/kbuf.o
  CC      ipc/msg.o
  CC      security/keys/keyctl.o
  CC      init/do_mounts_initrd.o
  CC      arch/riscv/mm/pageattr.o
  CC      drivers/cache/sifive_ccache.o
  CC      fs/file_table.o
  CC      arch/riscv/kernel/process.o
  CC      lib/dec_and_lock.o
  CC      sound/sound_core.o
  CC      init/initramfs.o
  CC      kernel/exec_state.o
  CC      lib/decompress.o
  CC      net/devres.o
  CC      lib/decompress_bunzip2.o
  CC      io_uring/rsrc.o
  CC      block/elevator.o
  CC      arch/riscv/mm/pgtable.o
  CC      mm/maccess.o
  CC      ipc/sem.o
  CC      sound/core/sound.o
  CC      security/keys/permission.o
  CC      kernel/panic.o
  AR      drivers/cache/built-in.a
  CC      drivers/irqchip/irqchip.o
  CC      drivers/irqchip/irq-msi-lib.o
  CC      arch/riscv/kernel/ptrace.o
  CC      fs/super.o
  CC      lib/decompress_inflate.o
  CC      init/calibrate.o
  CC      net/socket.o
  CC      sound/core/init.o
  CC      arch/riscv/mm/tlbflush.o
  CC      mm/page-writeback.o
  CC      mm/folio-compat.o
  CC      security/keys/process_keys.o
  CC      init/init_task.o
  CC      block/blk-core.o
  CC      drivers/irqchip/irq-riscv-intc.o
  CC      kernel/cpu.o
  CC      lib/decompress_unlz4.o
  CC      arch/riscv/kernel/reset.o
  CC      io_uring/notif.o
  CC      arch/riscv/kernel/return_address.o
  CC      lib/decompress_unlzma.o
  CC      init/version.o
  CC      sound/core/memory.o
  CC      arch/riscv/mm/cacheflush.o
  CC      net/core/sock.o
  CC      security/keys/request_key.o
  CC      ipc/shm.o
  CC      fs/char_dev.o
  CC      drivers/irqchip/irq-riscv-aplic-main.o
  CC      mm/readahead.o
  CC      arch/riscv/kernel/setup.o
  AR      init/built-in.a
  CC      lib/decompress_unlzo.o
  CC      sound/core/control.o
  CC      ipc/syscall.o
  CC      arch/riscv/mm/context.o
  CC      io_uring/tctx.o
  CC      security/keys/request_key_auth.o
  CC      fs/stat.o
  CC      drivers/irqchip/irq-riscv-aplic-direct.o
  CC      drivers/bus/simple-pm-bus.o
  CC      security/lsm_notifier.o
  CC      block/blk-sysfs.o
  CC      kernel/exit.o
  CC      arch/riscv/kernel/signal.o
  CC      lib/decompress_unxz.o
  CC      drivers/phy/phy-core.o
  CC      arch/riscv/mm/pmem.o
  CC      ipc/ipc_sysctl.o
  CC      security/keys/user_defined.o
  CC      mm/swap.o
  AR      drivers/bus/built-in.a
  CC      net/compat.o
  CC      io_uring/filetable.o
  CC      lib/decompress_unzstd.o
  CC      drivers/irqchip/irq-riscv-aplic-msi.o
  CC      fs/exec.o
  CC      drivers/pinctrl/core.o
  CC      arch/riscv/kernel/syscall_table.o
  CC      ipc/mqueue.o
  CC      block/blk-flush.o
  CC      arch/riscv/mm/hugetlbpage.o
  CC      security/keys/compat.o
  CC      sound/core/misc.o
  CC      lib/dump_stack.o
  CC      drivers/phy/phy-core-mipi-dphy.o
  CC      io_uring/rw.o
  CC      drivers/irqchip/irq-riscv-imsic-state.o
  CC      kernel/softirq.o
  CC      net/core/skbuff.o
  CC      lib/earlycpio.o
  CC      sound/core/device.o
  CC      mm/truncate.o
  CC      arch/riscv/kernel/sys_riscv.o
  CC      arch/riscv/mm/dma-noncoherent.o
  CC      drivers/irqchip/irq-riscv-imsic-early.o
  CC      lib/extable.o
  CC      block/blk-settings.o
  CC      security/keys/proc.o
  CC      drivers/pinctrl/pinctrl-utils.o
  AR      drivers/phy/axiado/built-in.a
  CC      drivers/phy/spacemit/phy-k1-pcie.o
  CC      fs/pipe.o
  CC      sound/core/info.o
  CC      io_uring/poll.o
  CC      lib/fdt.o
  CC      arch/riscv/mm/cache-ops.o
  CC      ipc/namespace.o
  CC      security/keys/sysctl.o
  CC      drivers/pinctrl/pinmux.o
  CC      lib/fdt_addresses.o
  CC      drivers/irqchip/irq-riscv-imsic-platform.o
  CC      arch/riscv/kernel/sys_hwprobe.o
  CC      drivers/irqchip/irq-riscv-rpmi-sysmsi.o
  CC      lib/fdt_empty_tree.o
  CC      kernel/resource.o
  CC      lib/fdt_ro.o
  CC      block/blk-ioc.o
  CC      mm/vmscan.o
  AR      arch/riscv/mm/built-in.a
  CC      lib/fdt_rw.o
  AR      security/keys/built-in.a
  CC      mm/shrinker.o
  CC      security/lsm_init.o
  CC      ipc/mq_sysctl.o
  CC      sound/core/ctljack.o
  AR      drivers/phy/spacemit/built-in.a
  AR      drivers/phy/built-in.a
  CC      security/inode.o
  CC      drivers/pinctrl/pinconf.o
  CC      fs/namei.o
  CC      lib/fdt_strerror.o
  CC      drivers/irqchip/irq-sifive-plic.o
  CC      lib/fdt_sw.o
  CC      drivers/irqchip/irq-starfive-jhb100-intc.o
  AR      ipc/built-in.a
  CC      io_uring/tw.o
  CC      arch/riscv/kernel/time.o
  CC      block/blk-map.o
  CC      sound/core/jack.o
  CC      lib/fdt_wip.o
  CC      kernel/sysctl.o
  CC      net/ethernet/eth.o
  CC      drivers/pinctrl/pinconf-generic.o
  CC      lib/flex_proportions.o
  CC      lib/idr.o
  CC      drivers/pinctrl/pinctrl-generic.o
  CC      security/selinux/avc.o
  CC      arch/riscv/kernel/traps.o
  CC      lib/iomem_copy.o
  AR      drivers/irqchip/built-in.a
  CC      lib/irq_regs.o
  CC      drivers/gpio/gpiolib.o
  CC      sound/core/timer.o
  CC      io_uring/wait.o
  CC      fs/fcntl.o
  CC      block/blk-merge.o
  CC      drivers/gpio/gpiolib-devres.o
  CC      sound/core/pcm.o
  CC      drivers/pinctrl/devicetree.o
  CC      lib/is_single_threaded.o
  CC      kernel/capability.o
  AR      net/ethernet/built-in.a
  CC      drivers/gpio/gpiolib-legacy.o
  CC      sound/core/pcm_native.o
  CC      lib/klist.o
  CC      drivers/pinctrl/pinctrl-th1520.o
  CC      arch/riscv/kernel/riscv_ksyms.o
  CC      mm/shmem.o
  CC      mm/util.o
  CC      net/core/datagram.o
  CC      lib/kobject.o
  CC      security/selinux/hooks.o
  CC      mm/mmzone.o
  CC      kernel/ptrace.o
  CC      io_uring/eventfd.o
  CC      arch/riscv/kernel/stacktrace.o
  CC      mm/vmstat.o
  CC      block/blk-timeout.o
  CC      net/core/stream.o
  CC      fs/ioctl.o
  AR      drivers/pinctrl/airoha/built-in.a
  CC      lib/kobject_uevent.o
  CC      drivers/pinctrl/sophgo/pinctrl-sophgo-common.o
  CC      block/blk-lib.o
  CC      arch/riscv/kernel/cacheinfo.o
  CC      io_uring/uring_cmd.o
  CC      kernel/user.o
  CC      lib/logic_pio.o
  CC      drivers/gpio/gpiolib-of.o
  CC      lib/maple_tree.o
  CC      drivers/pinctrl/sophgo/pinctrl-cv18xx.o
  CC      fs/readdir.o
  CC      security/lsm_audit.o
  CC      arch/riscv/kernel/patch.o
  CC      drivers/gpio/gpiolib-cdev.o
  CC      block/blk-mq.o
  CC      net/core/scm.o
  CC      mm/backing-dev.o
  CC      kernel/signal.o
  CC      net/core/gen_stats.o
  CC      io_uring/openclose.o
  CC      net/core/gen_estimator.o
  CC      sound/core/pcm_lib.o
  CC      io_uring/sqpoll.o
  CC      drivers/pinctrl/sophgo/pinctrl-cv1800b.o
  CC      arch/riscv/kernel/vendor_extensions.o
  CC      fs/select.o
  CC      arch/riscv/kernel/vendor_extensions/andes.o
  CC      security/selinux/selinuxfs.o
  CC      drivers/gpio/gpiolib-acpi-core.o
  CC      mm/mm_init.o
  CC      fs/dcache.o
  CC      arch/riscv/kernel/vendor_extensions/mips.o
  CC      drivers/gpio/gpiolib-acpi-quirks.o
  CC      fs/inode.o
  CC      drivers/pinctrl/sophgo/pinctrl-cv1812h.o
  CC      net/core/net_namespace.o
  CC      arch/riscv/kernel/vendor_extensions/mips_hwprobe.o
  CC      mm/percpu.o
  CC      sound/core/pcm_misc.o
  CC      arch/riscv/kernel/vendor_extensions/sifive.o
  CC      io_uring/xattr.o
  CC      drivers/pinctrl/sophgo/pinctrl-sg2000.o
  CC      arch/riscv/kernel/vendor_extensions/sifive_hwprobe.o
  CC      drivers/gpio/gpiolib-swnode.o
  CC      io_uring/nop.o
  CC      kernel/sys.o
  CC      arch/riscv/kernel/vendor_extensions/thead.o
  CC      security/device_cgroup.o
  CC      sound/core/pcm_memory.o
  CC      security/apparmor/apparmorfs.o
  CC      block/blk-mq-tag.o
  CC      arch/riscv/kernel/vendor_extensions/thead_hwprobe.o
  CC      security/apparmor/audit.o
  CC      net/core/secure_seq.o
  CC      security/selinux/netlink.o
  CC      drivers/gpio/gpio-mmio.o
  CC      drivers/pinctrl/sophgo/pinctrl-sg2002.o
  CC      security/integrity/iint.o
  AR      arch/riscv/kernel/vendor_extensions/built-in.a
  CC      arch/riscv/kernel/probes/uprobes.o
  CC      fs/attr.o
  CC      io_uring/fs.o
  CC      lib/memcat_p.o
  CC      sound/core/memalloc.o
  CC      lib/nmi_backtrace.o
  CC      security/selinux/nlmsgtab.o
  CC      drivers/pwm/core.o
  CC      block/blk-mq-dma.o
  CC      drivers/gpio/gpio-dwapb.o
  AR      drivers/pinctrl/sophgo/built-in.a
  CC      mm/slab_common.o
  CC      security/integrity/integrity_audit.o
  CC      drivers/pinctrl/spacemit/pinctrl-k1.o
  CC      arch/riscv/kernel/probes/decode-insn.o
  CC      net/core/flow_dissector.o
  CC      io_uring/splice.o
  CC      fs/bad_inode.o
  CC      net/sched/sch_generic.o
  CC      sound/core/pcm_timer.o
  CC      kernel/umh.o
  CC      lib/objpool.o
  CC      arch/riscv/kernel/probes/simulate-insn.o
  CC      block/blk-stat.o
  CC      security/integrity/efi_secureboot.o
  CC      security/apparmor/capability.o
  CC      fs/file.o
  CC      security/selinux/netif.o
  CC      io_uring/sync.o
  CC      drivers/gpio/gpio-sifive.o
  CC      lib/plist.o
  CC      sound/core/pcm_dmaengine.o
  CC      lib/radix-tree.o
  CC      kernel/workqueue.o
  AR      arch/riscv/kernel/probes/built-in.a
  CC      arch/riscv/kernel/vdso.o
  AR      drivers/pwm/built-in.a
  CC      io_uring/msg_ring.o
  CC      block/blk-mq-sysfs.o
  AR      drivers/pinctrl/spacemit/built-in.a
  AR      security/integrity/built-in.a
  CC      net/sched/sch_mq.o
  CC      drivers/pinctrl/starfive/pinctrl-starfive-jh7100.o
  CC      drivers/gpio/gpio-spacemit-k1.o
  CC      net/sched/sch_frag.o
  AR      sound/core/built-in.a
  CC      mm/compaction.o
  CC      net/core/sysctl_net_core.o
  OBJCOPY arch/riscv/kernel/vdso/vdso.so
  AS      arch/riscv/kernel/vdso/vdso.o
  CC      security/selinux/netnode.o
  CC      fs/filesystems.o
  AR      arch/riscv/kernel/vdso/built-in.a
  CC      lib/ratelimit.o
  CC      security/apparmor/task.o
  OBJCOPY arch/riscv/kernel/vdso_cfi/vdso-cfi.so
riscv64-linux-gnu-objcopy: warning: arch/riscv/kernel/vdso_cfi/vdso-cfi.so.dbg: unsupported GNU_PROPERTY_TYPE (5) type: 0xc0000000
riscv64-linux-gnu-objcopy: warning: arch/riscv/kernel/vdso_cfi/vdso-cfi.so.dbg: unsupported GNU_PROPERTY_TYPE (5) type: 0xc0000000
riscv64-linux-gnu-objcopy: warning: arch/riscv/kernel/vdso_cfi/vdso-cfi.so.dbg: unsupported GNU_PROPERTY_TYPE (5) type: 0xc0000000
riscv64-linux-gnu-objcopy: warning: arch/riscv/kernel/vdso_cfi/vdso-cfi.so.dbg: unsupported GNU_PROPERTY_TYPE (5) type: 0xc0000000
riscv64-linux-gnu-objcopy: warning: arch/riscv/kernel/vdso_cfi/vdso-cfi.so.dbg: unsupported GNU_PROPERTY_TYPE (5) type: 0xc0000000
  AS      arch/riscv/kernel/vdso_cfi/vdso-cfi.o
  AR      arch/riscv/kernel/vdso_cfi/built-in.a
  CC      arch/riscv/kernel/traps_misaligned.o
  CC      io_uring/advise.o
  CC      lib/rbtree.o
  CC      block/blk-mq-cpumap.o
  CC      arch/riscv/kernel/unaligned_access_speed.o
  CC      sound/soc/soc-core.o
  AR      drivers/gpio/built-in.a
  CC      net/core/dev.o
  CC      drivers/pinctrl/starfive/pinctrl-starfive-jh7110.o
  AS      arch/riscv/kernel/copy-unaligned.o
  CC      lib/seq_buf.o
  CC      sound/soc/soc-dapm.o
  CC      fs/namespace.o
  CC      net/sched/sch_api.o
  CC      block/blk-mq-sched.o
  CC      io_uring/statx.o
  CC      security/selinux/netport.o
  CC      drivers/pci/access.o
  AS      arch/riscv/kernel/vec-copy-unaligned.o
  CC      lib/siphash.o
  AS      arch/riscv/kernel/fpu.o
  CC      security/apparmor/ipc.o
  CC      net/core/dev_api.o
  CC      arch/riscv/kernel/kernel_mode_fpu.o
  CC      drivers/pinctrl/starfive/pinctrl-starfive-jh7110-sys.o
  CC      lib/string.o
  CC      arch/riscv/kernel/vector.o
  CC      lib/sys_info.o
  CC      io_uring/timeout.o
  CC      kernel/pid.o
  CC      block/ioctl.o
  CC      drivers/pci/bus.o
  CC      drivers/pinctrl/starfive/pinctrl-starfive-jh7110-aon.o
  CC      mm/show_mem.o
  CC      security/selinux/status.o
  CC      arch/riscv/kernel/kernel_mode_vector.o
  CC      arch/riscv/kernel/smpboot.o
  CC      security/apparmor/lib.o
  CC      arch/riscv/kernel/smp.o
  CC      lib/timerqueue.o
  CC      net/sched/sch_blackhole.o
  CC      sound/soc/soc-jack.o
  CC      lib/union_find.o
  CC      io_uring/cancel.o
  AR      drivers/pinctrl/starfive/built-in.a
  CC      lib/vsprintf.o
  CC      drivers/video/cmdline.o
  CC      drivers/pinctrl/sunxi/pinctrl-sunxi.o
  CC      drivers/pci/probe.o
  CC      drivers/video/nomodeset.o
  CC      mm/interval_tree.o
  CC      kernel/task_work.o
  CC      block/genhd.o
  CC      arch/riscv/kernel/cpu_ops.o
  CC      security/selinux/initcalls.o
  CC      net/sched/cls_api.o
  CC      fs/seq_file.o
  CC      security/selinux/ss/ebitmap.o
  CC      drivers/pci/host-bridge.o
  CC      sound/soc/soc-utils.o
  CC      drivers/video/hdmi.o
  CC      security/apparmor/match.o
  CC      io_uring/waitid.o
  CC      arch/riscv/kernel/module.o
  CC      kernel/extable.o
  CC      mm/list_lru.o
  CC      drivers/pinctrl/sunxi/pinctrl-sunxi-dt.o
  CC      block/ioprio.o
  CC      fs/xattr.o
  CC      kernel/params.o
  CC      sound/soc/soc-dai.o
  CC      drivers/pci/remove.o
  CC      drivers/video/console/dummycon.o
  AS      arch/riscv/kernel/suspend_entry.o
  CC      arch/riscv/kernel/suspend.o
  CC      io_uring/register.o
  CC      security/apparmor/path.o
  CC      security/selinux/ss/hashtab.o
  CC      drivers/pinctrl/sunxi/pinctrl-sun20i-d1.o
  CC      security/selinux/ss/symtab.o
  CC      mm/workingset.o
  CC      lib/win_minmax.o
  AR      drivers/video/console/built-in.a
  CC      block/badblocks.o
  CC      drivers/pci/pci.o
  CC      mm/debug.o
  CC      security/selinux/ss/sidtab.o
  CC      drivers/video/fbdev/core/fb_notify.o
  CC      sound/soc/soc-component.o
  CC      kernel/kthread.o
  AR      drivers/pinctrl/sunxi/built-in.a
  AR      drivers/pinctrl/tegra/built-in.a
  CC      arch/riscv/kernel/perf_callchain.o
  CC      drivers/pinctrl/ultrarisc/pinctrl-ultrarisc.o
  CC      net/sched/sch_fifo.o
  CC      net/core/dev_addr_lists.o
  CC      lib/xarray.o
  CC      drivers/pinctrl/ultrarisc/pinctrl-dp1000.o
  CC      fs/libfs.o
  CC      security/apparmor/domain.o
  CC      block/partitions/core.o
  CC      drivers/video/fbdev/core/fb_info.o
  CC      mm/gup.o
  CC      io_uring/truncate.o
  CC      sound/soc/soc-pcm.o
  CC      arch/riscv/kernel/perf_regs.o
  CC      security/apparmor/policy.o
  CC      security/selinux/ss/avtab.o
  CC      kernel/sys_ni.o
  AR      drivers/pinctrl/ultrarisc/built-in.a
  AR      drivers/pinctrl/built-in.a
  CC      sound/soc/soc-devres.o
  AR      net/sched/built-in.a
  CC      security/selinux/ss/policydb.o
  CC      kernel/nsproxy.o
  CC      drivers/video/fbdev/core/fbmem.o
  CC      lib/lockref.o
  CC      net/core/dst.o
  CC      io_uring/memmap.o
  CC      block/partitions/msdos.o
  CC      arch/riscv/kernel/sbi.o
  CC      fs/fs-writeback.o
  CC      lib/bcd.o
  CC      lib/sort.o
  CC      net/core/netevent.o
  CC      drivers/pci/pci-driver.o
  CC      lib/parser.o
  CC      net/core/neighbour.o
  CC      sound/soc/soc-ops.o
  CC      arch/riscv/kernel/sbi_ecall.o
  CC      io_uring/alloc_cache.o
  CC      block/partitions/efi.o
  CC      drivers/video/fbdev/core/fbcmap.o
  CC      kernel/nstree.o
  CC      mm/mmap_lock.o
  CC      lib/debug_locks.o
  CC      kernel/nscommon.o
  CC      security/apparmor/policy_unpack.o
  CC      block/blk-rq-qos.o
  CC      lib/random32.o
  CC      drivers/acpi/tables.o
  CC      io_uring/query.o
  CC      sound/soc/soc-link.o
  CC      drivers/pci/search.o
  CC      lib/bust_spinlocks.o
  AR      block/partitions/built-in.a
  CC      lib/kasprintf.o
  CC      io_uring/loop.o
  CC      arch/riscv/kernel/sbi-ipi.o
  CC      drivers/video/fbdev/core/modedb.o
  CC      kernel/notifier.o
  CC      block/disk-events.o
  CC      security/selinux/ss/services.o
  CC      mm/vma_init.o
  CC      sound/soc/soc-card.o
  CC      arch/riscv/kernel/cpu_ops_sbi.o
  CC      lib/bitmap.o
  CC      drivers/acpi/osi.o
  CC      sound/soc/soc-generic-dmaengine-pcm.o
  CC      net/core/rtnetlink.o
  CC      drivers/pci/rebar.o
  CC      io_uring/zcrx.o
  CC      drivers/video/fbdev/core/fbcvt.o
  CC      block/blk-ia-ranges.o
  CC      arch/riscv/kernel/cpu-hotplug.o
  CC      security/apparmor/procattr.o
  CC      mm/highmem.o
  CC      net/netlink/af_netlink.o
  CC      kernel/ksysfs.o
  CC      drivers/acpi/osl.o
  CC      fs/pnode.o
  CC      net/bpf/test_run.o
  CC      lib/scatterlist.o
  CC      drivers/pci/rom.o
  CC      block/early-lookup.o
  CC      drivers/video/fbdev/core/fb_cmdline.o
  CC      arch/riscv/kernel/jump_label.o
  CC      kernel/cred.o
  AR      sound/soc/built-in.a
  CC      sound/last.o
  CC      mm/memory.o
  CC      fs/splice.o
  CC      drivers/pci/setup-res.o
  CC      security/selinux/ss/conditional.o
  CC      security/apparmor/lsm.o
  CC      arch/riscv/kernel/efi.o
  CC      drivers/acpi/utils.o
  CC      block/bsg.o
  AR      sound/built-in.a
  CC      lib/list_sort.o
  CC      drivers/video/fbdev/core/fb_backlight.o
  CC      lib/uuid.o
  CC      io_uring/io-wq.o
  CC      net/ethtool/ioctl.o
  CC      lib/iov_iter.o
  CC      kernel/reboot.o
  CC      drivers/pci/irq.o
  CC      arch/riscv/kernel/compat_syscall_table.o
  AR      net/bpf/built-in.a
  CC      drivers/acpi/reboot.o
  CC      fs/sync.o
  CC      drivers/video/fbdev/core/fbmon.o
  CC      block/blk-cgroup.o
  CC      net/netlink/genetlink.o
  CC      mm/mincore.o
  CC      security/selinux/ss/mls.o
  CC      drivers/pci/vpd.o
  CC      net/core/utils.o
  CC      kernel/async.o
  CC      arch/riscv/kernel/compat_signal.o
  CC      drivers/acpi/nvs.o
  CC      io_uring/futex.o
  CC      drivers/video/fbdev/core/fb_defio.o
  CC      fs/utimes.o
  CC      lib/clz_ctz.o
  CC      kernel/range.o
  CC      net/core/link_watch.o
  CC      security/apparmor/resource.o
  CC      lib/bsearch.o
  CC      kernel/smpboot.o
  CC      drivers/acpi/wakeup.o
  CC      security/selinux/ss/context.o
  CC      drivers/pci/setup-bus.o
  CC      block/blk-cgroup-rwstat.o
  CC      net/ethtool/common.o
  CC      net/netlink/policy.o
  OBJCOPY arch/riscv/kernel/compat_vdso/compat_vdso.so
  AS      arch/riscv/kernel/compat_vdso/compat_vdso.o
  AR      arch/riscv/kernel/compat_vdso/built-in.a
  CC      io_uring/epoll.o
  CC      drivers/video/fbdev/core/fb_chrdev.o
  CC      fs/d_path.o
  CC      arch/riscv/kernel/pi/cmdline_early.o
  CC      block/blk-throttle.o
  CC      lib/find_bit.o
  CC      mm/mlock.o
  CC      drivers/acpi/device_sysfs.o
  CC      kernel/ucount.o
  CC      kernel/regset.o
  CC      arch/riscv/kernel/pi/fdt_early.o
  CC      arch/riscv/kernel/pi/string.o
  AR      security/selinux/built-in.a
  CC      net/core/filter.o
  CC      drivers/acpi/device_pm.o
  CC      lib/llist.o
  CC      security/apparmor/secid.o
  CC      net/netlink/diag.o
  CC      io_uring/napi.o
  CC      drivers/video/display_timing.o
  CC      lib/lwq.o
  CC      kernel/ksyms_common.o
  CC      arch/riscv/kernel/pi/ctype.o
  CC      arch/riscv/kernel/pi/lib-fdt.o
  CC      drivers/video/fbdev/core/fb_procfs.o
  CC      net/ethtool/netlink.o
  CC      fs/stack.o
  CC      security/apparmor/file.o
  CC      drivers/pci/vc.o
  CC      arch/riscv/kernel/pi/lib-fdt_ro.o
  CC      lib/memweight.o
  CC      block/mq-deadline.o
  CC      arch/riscv/kernel/acpi.o
  CC      lib/kfifo.o
  CC      arch/riscv/kernel/pi/archrandom_early.o
  CC      mm/mmap.o
  OBJCOPY arch/riscv/kernel/pi/cmdline_early.pi.o
  CC      fs/fs_struct.o
  OBJCOPY arch/riscv/kernel/pi/fdt_early.pi.o
  OBJCOPY arch/riscv/kernel/pi/string.pi.o
  OBJCOPY arch/riscv/kernel/pi/ctype.pi.o
  OBJCOPY arch/riscv/kernel/pi/lib-fdt.pi.o
  OBJCOPY arch/riscv/kernel/pi/lib-fdt_ro.pi.o
  OBJCOPY arch/riscv/kernel/pi/archrandom_early.pi.o
  AR      arch/riscv/kernel/pi/built-in.a
  CC      block/kyber-iosched.o
  CC      kernel/groups.o
  CC      drivers/acpi/bus.o
  CC      drivers/video/fbdev/core/fbsysfs.o
  AR      net/netlink/built-in.a
  CC      kernel/sched/core.o
  CC      drivers/video/fbdev/core/fbcon.o
  CC      drivers/pci/mmap.o
  CC      arch/riscv/kernel/bugs.o
  CC      lib/percpu-refcount.o
  CC      io_uring/net.o
  CC      net/ethtool/bitset.o
  CC      fs/statfs.o
  CC      lib/rhashtable.o
  CC      security/apparmor/policy_ns.o
  CC      drivers/video/videomode.o
  CC      drivers/pci/devres.o
  CC      arch/riscv/kernel/usercfi.o
  CC      drivers/pnp/core.o
  LDS     arch/riscv/kernel/vmlinux.lds
  CC      drivers/acpi/glue.o
  CC      net/netfilter/core.o
  CC      drivers/video/of_display_timing.o
  CC      mm/mmu_gather.o
  CC      block/bfq-iosched.o
  CC      fs/fs_pin.o
  CC      drivers/pnp/card.o
  CC      drivers/amba/bus.o
  CC      drivers/video/fbdev/core/bitblit.o
  CC      net/ethtool/strset.o
  CC      lib/base64.o
  CC      drivers/pci/msi/pcidev_msi.o
  CC      drivers/acpi/scan.o
  AR      arch/riscv/kernel/built-in.a
  AR      arch/riscv/built-in.a
  CC      security/apparmor/label.o
  CC      lib/once.o
  CC      lib/refcount.o
  CC      io_uring/cmd_net.o
  CC      mm/mprotect.o
  CC      fs/nsfs.o
  CC      kernel/locking/mutex.o
  CC      drivers/pnp/driver.o
  CC      net/netfilter/nf_log.o
  CC      drivers/pci/msi/api.o
  CC      lib/rcuref.o
  CC      drivers/video/fbdev/core/softcursor.o
  AR      drivers/amba/built-in.a
  CC      kernel/sched/fair.o
  CC      lib/usercopy.o
  CC      net/ethtool/linkinfo.o
  CC      drivers/pnp/resource.o
  CC      drivers/acpi/mipi-disco-img.o
  CC      io_uring/fdinfo.o
  CC      fs/fs_dirent.o
  CC      mm/mremap.o
  CC      drivers/pci/msi/msi.o
  CC      lib/errseq.o
  CC      fs/fs_context.o
  CC      block/bfq-wf2q.o
  CC      drivers/video/fbdev/core/cfbfillrect.o
  CC      lib/bucket_locks.o
  CC      net/netfilter/nf_queue.o
  CC      kernel/locking/semaphore.o
  CC      security/apparmor/mount.o
  CC      drivers/acpi/resource.o
  CC      net/ethtool/linkmodes.o
  CC      io_uring/bpf_filter.o
  CC      drivers/pnp/manager.o
  CC      net/core/sock_diag.o
  CC      lib/generic-radix-tree.o
  CC      drivers/pnp/support.o
  CC      fs/fs_parser.o
  CC      drivers/pci/msi/irqdomain.o
  CC      drivers/video/fbdev/core/cfbcopyarea.o
  CC      block/bfq-cgroup.o
  CC      kernel/locking/rwsem.o
  CC      mm/msync.o
  CC      lib/bitmap-str.o
  CC      kernel/locking/percpu-rwsem.o
  CC      drivers/acpi/acpi_processor.o
  CC      drivers/pnp/interface.o
  CC      net/ethtool/rss.o
  CC      net/netfilter/nf_sockopt.o
  AR      drivers/pci/msi/built-in.a
  AR      io_uring/built-in.a
  CC      net/core/dev_ioctl.o
  CC      drivers/pci/pcie/portdrv.o
  CC      fs/fsopen.o
  CC      block/blk-mq-debugfs.o
  CC      drivers/video/fbdev/core/cfbimgblt.o
  GEN     security/apparmor/net_names.h
  GEN     security/apparmor/net_names.h
  CC      security/apparmor/policy_compat.o
  CC      kernel/locking/spinlock.o
  CC      lib/string_helpers.o
  CC      kernel/power/qos.o
  CC      drivers/pci/pwrctrl/core.o
  CC      mm/page_vma_mapped.o
  CC      drivers/pnp/quirks.o
  CC      drivers/acpi/processor_core.o
  CC      net/netfilter/utils.o
  CC      drivers/pci/pcie/rcec.o
  CC      kernel/locking/osq_lock.o
  CC      fs/init.o
  CC      block/blk-pm.o
  CC      lib/hexdump.o
  CC      drivers/video/fbdev/core/fb_io_fops.o
  CC      drivers/pci/pwrctrl/generic.o
  CC      net/ethtool/linkstate.o
  CC      drivers/acpi/pci_root.o
  CC      drivers/pnp/system.o
  CC      kernel/locking/qspinlock.o
  CC      kernel/sched/build_policy.o
  CC      lib/kstrtox.o
  CC      mm/pagewalk.o
  CC      kernel/power/main.o
  CC      security/apparmor/af_unix.o
  CC      net/core/tso.o
  CC      block/holder.o
  CC      drivers/pci/pcie/bwctrl.o
  CC      drivers/pnp/pnpacpi/core.o
  CC      lib/math/div64.o
  CC      fs/kernel_read_file.o
  CC      drivers/video/fbdev/core/sysfillrect.o
  AR      drivers/pci/pwrctrl/built-in.a
  CC      drivers/pci/pcie/aspm.o
  CC      lib/math/gcd.o
  CC      kernel/locking/rtmutex_api.o
  CC      drivers/acpi/pci_link.o
  CC      lib/math/lcm.o
  CC      net/netfilter/nf_bpf_link.o
  CC      net/ethtool/debug.o
  CC      lib/math/int_log.o
  CC      mm/pgtable-generic.o
  CC      kernel/power/console.o
  CC      lib/math/int_pow.o
  AR      block/built-in.a
  CC      drivers/acpi/pci_irq.o
  CC      drivers/pnp/pnpacpi/rsparser.o
  CC      lib/math/int_sqrt.o
  CC      net/ethtool/wol.o
  CC      net/core/sock_reuseport.o
  CC      lib/math/reciprocal_div.o
  CC      fs/mnt_idmapping.o
  CC      drivers/video/fbdev/core/syscopyarea.o
  CC      lib/math/rational.o
  CC      security/apparmor/crypto.o
  CC      mm/rmap.o
  CC      kernel/locking/qrwlock.o
  CC      net/ethtool/features.o
  CC      drivers/pci/pcie/pme.o
  CC      drivers/acpi/acpi_apd.o
  CC      kernel/power/process.o
  CC      fs/remap_range.o
  AR      net/netfilter/built-in.a
  CC      net/core/fib_notifier.o
  CC      fs/pidfs.o
  AR      drivers/pnp/pnpacpi/built-in.a
  AR      drivers/pnp/built-in.a
  AR      lib/math/built-in.a
  CC      net/core/xdp.o
  CC      lib/crc/crc7.o
  CC      lib/crc/crc16.o
  AR      kernel/locking/built-in.a
  CC      drivers/pci/proc.o
  CC      drivers/video/fbdev/core/sysimgblt.o
  CC      drivers/acpi/acpi_platform.o
  CC      drivers/video/of_videomode.o
  CC      security/apparmor/net.o
  AR      drivers/pci/pcie/built-in.a
  CC      mm/vmalloc.o
  CC      drivers/acpi/acpi_pnp.o
  CC      lib/crc/crc-itu-t.o
  CC      kernel/power/suspend.o
  CC      net/ethtool/privflags.o
  CC      drivers/pci/pci-sysfs.o
  CC      drivers/acpi/power.o
  CC      net/ipv4/route.o
  CC      kernel/sched/build_utility.o
  CC      lib/crypto/hash_info.o
  CC      lib/crc/crc32-main.o
  CC      net/ethtool/rings.o
  CC      kernel/printk/printk.o
  CC      fs/file_attr.o
  CC      drivers/video/fbdev/core/fb_sys_fops.o
  CC      mm/vma.o
  CC      net/core/flow_offload.o
  CC      drivers/acpi/event.o
  CC      kernel/printk/printk_safe.o
  CC      lib/crc/riscv/crc32_lsb.o
  AR      kernel/power/built-in.a
  CC      lib/crypto/blake2s.o
  CC      kernel/printk/nbcon.o
  AR      security/apparmor/built-in.a
  AR      security/built-in.a
  CC      lib/crc/riscv/crc32_msb.o
  CC      net/xfrm/xfrm_policy.o
  AR      drivers/video/fbdev/core/built-in.a
  AR      drivers/video/fbdev/built-in.a
  AR      drivers/video/built-in.a
  AR      lib/crc/built-in.a
  CC      fs/fserror.o
  CC      net/xfrm/xfrm_state.o
  CC      drivers/pci/slot.o
  CC      net/ethtool/channels.o
  CC      net/core/gro.o
  CC      drivers/pci/pci-acpi.o
  CC      mm/vma_exec.o
  CC      drivers/acpi/evged.o
  CC      fs/nullfs.o
  CC      lib/crypto/chacha-block-generic.o
  CC      drivers/pci/iomap.o
  CC      lib/crypto/sha1.o
  CC      net/ethtool/coalesce.o
  CC      net/unix/af_unix.o
  CC      kernel/printk/printk_ringbuffer.o
  CC      net/unix/garbage.o
  CC      drivers/acpi/sysfs.o
  CC      net/ipv4/inetpeer.o
  CC      lib/crypto/sha256.o
  CC      mm/process_vm_access.o
  CC      net/xfrm/xfrm_hash.o
  CC      drivers/pci/of.o
  CC      fs/buffer.o
  CC      kernel/printk/sysctl.o
  CC      net/ipv6/af_inet6.o
  CC      net/core/netdev-genl.o
  CC      net/xfrm/xfrm_input.o
  CC      drivers/acpi/property.o
  AR      kernel/printk/built-in.a
  CC      net/ethtool/pause.o
  CC      net/ethtool/eee.o
  AR      lib/crypto/built-in.a
  CC      lib/vdso/datastore.o
  CC      mm/mseal.o
  CC      drivers/pci/quirks.o
  CC      mm/page_alloc.o
  AR      kernel/sched/built-in.a
  CC      kernel/irq/irqdesc.o
  CC      net/ipv4/protocol.o
  CC      kernel/irq/handle.o
  CC      drivers/acpi/debugfs.o
  AR      lib/vdso/built-in.a
  AR      lib/raid/raid6/built-in.a
  AR      lib/raid/built-in.a
  CC      lib/iomap_copy.o
  CC      net/packet/af_packet.o
  CC      net/unix/sysctl_net_unix.o
  CC      net/unix/unix_bpf.o
  CC      net/ethtool/tsinfo.o
  CC      net/devlink/core.o
  CC      fs/mpage.o
  CC      lib/devres.o
  CC      net/ipv6/anycast.o
  CC      lib/hweight.o
  CC      drivers/acpi/acpi_lpat.o
  CC      kernel/irq/manage.o
  CC      net/core/netdev-genl-gen.o
  CC      kernel/irq/spurious.o
  CC      net/ipv4/ip_input.o
  CC      net/xfrm/xfrm_output.o
  CC      lib/interval_tree.o
  CC      drivers/pci/pci-label.o
  CC      kernel/irq/resend.o
  CC      drivers/acpi/irq.o
  CC      kernel/rcu/update.o
  CC      fs/proc_namespace.o
  CC      lib/assoc_array.o
  CC      net/ethtool/cabletest.o
  AR      net/unix/built-in.a
  CC      net/ipv4/ip_fragment.o
  CC      net/core/netdev_work.o
  CC      net/ipv6/ip6_output.o
  CC      lib/bitrev.o
  CC      kernel/irq/chip.o
  CC      drivers/pci/ecam.o
  CC      drivers/acpi/acpi_pcc.o
  CC      net/devlink/netlink.o
  CC      net/xfrm/xfrm_sysctl.o
  CC      net/ipv6/ip6_input.o
  CC      mm/page_frag_cache.o
  CC      fs/direct-io.o
  CC      lib/linear_ranges.o
  CC      net/xfrm/xfrm_replay.o
  CC      drivers/acpi/acpica/dsargs.o
  CC      net/core/gso.o
  CC      drivers/pci/vgaarb.o
  CC      net/ethtool/tunnels.o
  AR      net/packet/built-in.a
  CC      net/ipv4/ip_forward.o
  CC      lib/xxhash.o
  CC      kernel/irq/dummychip.o
  CC      drivers/acpi/acpica/dscontrol.o
  CC      net/core/net-sysfs.o
  CC      mm/init-mm.o
  CC      fs/notify/fsnotify.o
  CC      kernel/rcu/sync.o
  CC      drivers/acpi/acpica/dsdebug.o
  CC      net/devlink/netlink_gen.o
  CC      fs/notify/notification.o
  CC      lib/genalloc.o
  CC      kernel/irq/devres.o
  CC      kernel/rcu/srcutree.o
  CC      lib/zlib_inflate/inffast.o
  CC      drivers/pci/controller/pci-host-common.o
  CC      net/xfrm/xfrm_device.o
  CC      drivers/acpi/acpica/dsfield.o
  CC      net/core/hotdata.o
  CC      net/ethtool/fec.o
  CC      mm/memblock.o
  CC      lib/zlib_inflate/inflate.o
  CC      net/ipv4/ip_options.o
  CC      net/xfrm/xfrm_nat_keepalive.o
  CC      net/ipv6/addrconf.o
  CC      kernel/irq/kexec.o
  CC      net/devlink/dev.o
  CC      drivers/acpi/acpica/dsinit.o
  CC      mm/slub.o
  CC      lib/zlib_inflate/infutil.o
  CC      drivers/pci/controller/pci-host-generic.o
  CC      fs/notify/group.o
  CC      kernel/rcu/tree.o
  CC      drivers/pci/controller/pcie-xilinx.o
  CC      lib/zlib_inflate/inftrees.o
  CC      drivers/acpi/acpica/dsmethod.o
  CC      net/core/netdev_config.o
  CC      net/ethtool/eeprom.o
  CC      lib/zlib_inflate/inflate_syms.o
  CC      kernel/irq/irqdomain.o
  CC      net/sunrpc/clnt.o
  CC      net/sunrpc/xprt.o
  CC      fs/eventpoll.o
  CC      fs/notify/mark.o
  AR      net/xfrm/built-in.a
  CC      net/sunrpc/socklib.o
  CC      drivers/acpi/acpica/dsmthdat.o
  CC      net/ipv4/ip_output.o
  AR      lib/zlib_inflate/built-in.a
  CC      lib/lzo/lzo1x_decompress_safe.o
  CC      drivers/pci/controller/dwc/pcie-designware.o
  CC      drivers/acpi/acpica/dsobject.o
  CC      net/devlink/port.o
  CC      net/core/netdev_rx_queue.o
  CC      net/ethtool/stats.o
  CC      fs/notify/fdinfo.o
  CC      kernel/irq/proc.o
  AR      lib/lzo/built-in.a
  CC      lib/lz4/lz4_decompress.o
  CC      drivers/acpi/acpica/dsopcode.o
  CC      fs/notify/dnotify/dnotify.o
  CC      drivers/pci/controller/dwc/pcie-designware-host.o
  CC      drivers/clk/clk-devres.o
  CC      drivers/acpi/acpica/dspkginit.o
  CC      drivers/clk/clk-bulk.o
  CC      net/devlink/sb.o
  CC      kernel/irq/migration.o
  CC      net/core/netdev_queues.o
  CC      net/ethtool/phc_vclocks.o
  CC      net/sunrpc/xprtsock.o
  AR      fs/notify/dnotify/built-in.a
  CC      drivers/acpi/acpica/dsutils.o
  CC      fs/notify/inotify/inotify_fsnotify.o
  CC      net/ipv6/addrlabel.o
  CC      fs/notify/inotify/inotify_user.o
  CC      net/ipv4/ip_sockglue.o
  CC      net/core/page_pool.o
  CC      drivers/clk/clkdev.o
  CC      kernel/rcu/rcu_segcblist.o
  AR      lib/lz4/built-in.a
  CC      lib/zstd/zstd_compress_module.o
  CC      kernel/irq/cpuhotplug.o
  CC      drivers/acpi/acpica/dswexec.o
  CC      drivers/pci/controller/dwc/pcie-fu740.o
  CC      lib/zstd/compress/fse_compress.o
  CC      net/ethtool/mm.o
  CC      mm/madvise.o
  CC      drivers/clk/clk.o
  CC      lib/zstd/compress/hist.o
  AR      kernel/rcu/built-in.a
  CC      drivers/pci/trace.o
  CC      lib/zstd/compress/huf_compress.o
  CC      net/devlink/dpipe.o
  CC      drivers/acpi/acpica/dswload.o
  CC      lib/xz/xz_dec_syms.o
  CC      net/8021q/vlan_core.o
  AR      fs/notify/inotify/built-in.a
  CC      kernel/irq/pm.o
  AR      fs/notify/built-in.a
  CC      fs/anon_inodes.o
  CC      net/ipv6/route.o
  CC      drivers/pci/controller/dwc/pcie-spacemit-k1.o
  CC      drivers/acpi/acpica/dswload2.o
  CC      lib/xz/xz_dec_stream.o
  CC      net/core/page_pool_user.o
  CC      lib/zstd/compress/zstd_compress.o
  CC      net/ipv4/inet_hashtables.o
  CC      net/ethtool/module.o
  CC      kernel/irq/msi.o
  CC      drivers/acpi/acpica/dswscope.o
  CC      net/core/net-procfs.o
  CC      fs/signalfd.o
  CC      lib/xz/xz_dec_lzma2.o
  CC      net/sunrpc/sched.o
  CC      drivers/pci/controller/dwc/pcie-ultrarisc.o
  CC      mm/page_io.o
  AR      net/8021q/built-in.a
  CC      net/devlink/resource.o
  CC      lib/percpu_counter.o
  CC      drivers/acpi/acpica/dswstate.o
  CC      lib/xz/xz_dec_bcj.o
  CC      fs/timerfd.o
  CC      drivers/acpi/pci_mcfg.o
  CC      net/ethtool/cmis_fw_update.o
  CC      drivers/acpi/acpica/evevent.o
  CC      fs/eventfd.o
  AR      drivers/pci/controller/dwc/built-in.a
  CC      drivers/pci/controller/plda/pcie-plda-host.o
  CC      kernel/irq/ipi.o
  CC      net/core/net-traces.o
  AR      lib/xz/built-in.a
  CC      lib/audit.o
  CC      mm/swap_state.o
  CC      drivers/acpi/acpica/evgpe.o
  CC      drivers/clk/clk-divider.o
  CC      net/ipv4/inet_timewait_sock.o
  CC      drivers/clk/clk-fixed-factor.o
  CC      drivers/acpi/acpica/evgpeblk.o
  CC      lib/zstd/compress/zstd_compress_literals.o
  CC      net/devlink/param.o
  CC      kernel/irq/ipi-mux.o
  CC      drivers/dma/dmaengine.o
  CC      lib/zstd/compress/zstd_compress_sequences.o
  CC      fs/aio.o
  CC      net/ethtool/cmis_cdb.o
  CC      lib/zstd/compress/zstd_compress_superblock.o
  AR      drivers/pci/controller/plda/built-in.a
  AR      drivers/pci/controller/built-in.a
  AR      drivers/pci/built-in.a
  CC      net/ethtool/pse-pd.o
  CC      drivers/acpi/acpica/evgpeinit.o
  CC      kernel/dma/mapping.o
  CC      lib/zstd/compress/zstd_double_fast.o
  CC      drivers/clk/clk-fixed-rate.o
  CC      kernel/entry/common.o
  CC      kernel/irq/affinity.o
  CC      drivers/acpi/acpica/evgpeutil.o
  CC      mm/swapfile.o
  CC      net/ipv6/ip6_fib.o
  CC      drivers/acpi/acpica/evglock.o
  CC      net/ipv4/inet_connection_sock.o
  CC      drivers/clk/clk-gate.o
  CC      drivers/acpi/acpica/evhandler.o
  CC      drivers/dma/virt-dma.o
  CC      net/devlink/region.o
  CC      kernel/irq/matrix.o
  CC      net/ethtool/plca.o
  CC      lib/syscall.o
  CC      drivers/acpi/acpica/evmisc.o
  CC      fs/locks.o
  CC      kernel/entry/syscall-common.o
  CC      drivers/clk/clk-multiplier.o
  CC      drivers/dma/acpi-dma.o
  CC      lib/zstd/compress/zstd_fast.o
  CC      drivers/acpi/acpica/evregion.o
  CC      drivers/dma/of-dma.o
  CC      drivers/clk/clk-mux.o
  CC      kernel/dma/direct.o
  CC      net/ethtool/phy.o
  AR      kernel/irq/built-in.a
  CC      net/devlink/health.o
  CC      net/ipv6/ipv6_sockglue.o
  CC      mm/dmapool.o
  CC      drivers/acpi/acpica/evrgnini.o
  CC      lib/zstd/compress/zstd_lazy.o
  CC      kernel/entry/syscall_user_dispatch.o
  CC      mm/hugetlb.o
  CC      net/sunrpc/auth.o
  CC      drivers/dma/dw-axi-dmac/dw-axi-dmac-platform.o
  CC      net/ipv4/tcp.o
  CC      drivers/clk/clk-composite.o
  CC      net/core/selftests.o
  CC      drivers/acpi/acpica/evsci.o
  CC      drivers/clk/clk-fractional-divider.o
  CC      kernel/entry/virt.o
  CC      kernel/dma/coherent.o
  CC      drivers/acpi/acpica/evxface.o
  CC      net/ethtool/tsconfig.o
  CC      fs/binfmt_script.o
  CC      drivers/acpi/acpica/evxfevnt.o
  CC      net/ipv6/ndisc.o
  CC      net/ipv4/tcp_input.o
  CC      drivers/clk/clk-gpio.o
  CC      drivers/acpi/acpica/evxfgpe.o
  AR      drivers/dma/dw-axi-dmac/built-in.a
  AR      drivers/dma/built-in.a
  CC      drivers/clk/clk-conf.o
  CC      net/devlink/trap.o
  CC      net/sunrpc/auth_null.o
  CC      fs/binfmt_elf.o
  CC      net/core/netprio_cgroup.o
  AR      kernel/entry/built-in.a
  CC      kernel/dma/swiotlb.o
  CC      drivers/clk/clk-rpmi.o
  CC      kernel/dma/pool.o
  CC      drivers/acpi/acpica/evxfregn.o
  CC      net/ethtool/mse.o
  CC      kernel/dma/remap.o
  CC      mm/hugetlb_sysfs.o
  CC      drivers/acpi/acpica/exconcat.o
  CC      drivers/clk/analogbits/wrpll-cln28hpc.o
  CC      lib/errname.o
  CC      net/sunrpc/auth_tls.o
  CC      drivers/acpi/ac.o
  CC      net/core/netclassid_cgroup.o
  CC      mm/hugetlb_sysctl.o
  CC      drivers/acpi/acpica/exconfig.o
  CC      net/ipv6/udp.o
  CC      drivers/acpi/button.o
  AR      kernel/dma/built-in.a
  CC      kernel/module/main.o
  CC      fs/compat_binfmt_elf.o
  AR      drivers/clk/analogbits/built-in.a
  CC      kernel/module/strict_rwx.o
  CC      drivers/clk/eswin/clk.o
  CC      net/devlink/rate.o
  AR      net/ethtool/built-in.a
  CC      net/devlink/linecard.o
  CC      drivers/acpi/acpica/exconvrt.o
  CC      net/sunrpc/auth_unix.o
  CC      drivers/soc/microchip/mpfs-irqmux.o
  CC      mm/hugetlb_vmemmap.o
  CC      drivers/soc/microchip/mpfs-control-scb.o
  CC      fs/backing-file.o
  CC      drivers/pmdomain/starfive/jh71xx-pmu.o
  CC      drivers/acpi/acpica/excreate.o
  CC      net/core/dst_cache.o
  CC      drivers/clk/eswin/clk-eic7700.o
  CC      net/ipv6/raw.o
  CC      drivers/soc/microchip/mpfs-mss-top-sysreg.o
  CC      drivers/acpi/acpica/exdebug.o
  CC      net/core/gro_cells.o
  CC      net/sunrpc/svc.o
  AR      drivers/clk/eswin/built-in.a
  CC      drivers/virtio/virtio.o
  CC      net/devlink/sh_dev.o
  CC      drivers/clk/microchip/clk-mpfs.o
  AR      drivers/pmdomain/starfive/built-in.a
  CC      mm/sparse.o
  CC      drivers/pmdomain/sunxi/sun20i-ppu.o
  CC      fs/mbcache.o
  CC      drivers/acpi/acpica/exdump.o
  AR      drivers/soc/microchip/built-in.a
  CC      kernel/module/kmod.o
  CC      drivers/soc/sunxi/sunxi_sram.o
  CC      kernel/module/tree_lookup.o
  CC      fs/posix_acl.o
  CC      drivers/clk/microchip/clk-mpfs-ccc.o
  CC      drivers/pmdomain/sunxi/sun55i-pck600.o
  CC      drivers/acpi/acpica/exfield.o
  CC      drivers/virtio/virtio_ring.o
  CC      net/ipv4/tcp_output.o
  CC      mm/sparse-vmemmap.o
  CC      drivers/regulator/core.o
  CC      net/core/failover.o
  AR      drivers/soc/sunxi/built-in.a
  AR      drivers/soc/built-in.a
  CC      fs/nfs_common/grace.o
  CC      net/ipv4/tcp_timer.o
  CC      kernel/module/kallsyms.o
  AR      net/devlink/built-in.a
  CC      lib/nlattr.o
  AR      drivers/clk/microchip/built-in.a
  CC      drivers/acpi/acpica/exfldio.o
  CC      drivers/clk/sifive/sifive-prci.o
  CC      net/ipv6/icmp.o
  AR      drivers/pmdomain/sunxi/built-in.a
  CC      drivers/pmdomain/core.o
  CC      drivers/regulator/dummy.o
  CC      net/sunrpc/svcsock.o
  CC      drivers/acpi/acpica/exmisc.o
  CC      mm/mmu_notifier.o
  CC      fs/nfs_common/nfs_ssc.o
  AR      drivers/clk/sifive/built-in.a
  CC      kernel/module/procfs.o
  CC      drivers/clk/sophgo/clk-cv1800.o
  CC      net/core/skmsg.o
  CC      drivers/acpi/acpica/exmutex.o
  CC      lib/checksum.o
  CC      drivers/clk/sophgo/clk-cv18xx-common.o
  CC      kernel/module/sysfs.o
  CC      net/ipv6/mcast.o
  CC      mm/memtest.o
  CC      drivers/acpi/acpica/exnames.o
  CC      lib/zstd/compress/zstd_ldm.o
  CC      net/sunrpc/svcauth.o
  CC      fs/nfs_common/common.o
  CC      drivers/clk/sophgo/clk-cv18xx-ip.o
  CC      drivers/pmdomain/governor.o
  CC      kernel/kcmp.o
  CC      drivers/virtio/virtio_anchor.o
  CC      net/sunrpc/svcauth_unix.o
  CC      lib/zstd/compress/zstd_opt.o
  CC      drivers/acpi/acpica/exoparg1.o
  AR      kernel/module/built-in.a
  CC      fs/coredump.o
  CC      mm/migrate.o
  CC      drivers/regulator/fixed-helper.o
  CC      drivers/clk/sophgo/clk-cv18xx-pll.o
  AR      fs/nfs_common/built-in.a
  CC      drivers/regulator/helpers.o
  CC      drivers/virtio/virtio_pci_modern_dev.o
  AR      drivers/pmdomain/built-in.a
  CC      net/ipv4/tcp_ipv4.o
  CC      net/ipv4/tcp_minisocks.o
  CC      drivers/acpi/acpica/exoparg2.o
  CC      drivers/acpi/fan_core.o
  CC      kernel/freezer.o
  CC      net/core/sock_map.o
  CC      drivers/regulator/devres.o
  CC      lib/cpu_rmap.o
  CC      drivers/acpi/acpica/exoparg3.o
  CC      drivers/clk/sophgo/clk-sg2042-clkgen.o
  CC      drivers/virtio/virtio_pci_legacy_dev.o
  CC      drivers/acpi/acpica/exoparg6.o
  CC      drivers/clk/spacemit/ccu_common.o
  CC      drivers/virtio/virtio_mmio.o
  CC      kernel/profile.o
  CC      lib/zstd/compress/zstd_preSplit.o
  CC      net/sunrpc/addr.o
  CC      drivers/acpi/acpica/exprep.o
  CC      mm/page_counter.o
  CC      lib/zstd/zstd_decompress_module.o
  CC      fs/drop_caches.o
  CC      drivers/clk/sophgo/clk-sg2042-pll.o
  CC      drivers/regulator/irq_helpers.o
  CC      net/ipv6/reassembly.o
  CC      mm/memcontrol.o
  CC      mm/vmpressure.o
  CC      drivers/clk/spacemit/ccu_pll.o
  CC      drivers/reset/core.o
  CC      drivers/acpi/acpica/exregion.o
  CC      drivers/virtio/virtio_pci_modern.o
  CC      mm/bpf_memcontrol.o
  CC      lib/zstd/decompress/huf_decompress.o
  CC      kernel/stacktrace.o
  CC      drivers/clk/sophgo/clk-sg2042-rpgate.o
  CC      fs/sysctls.o
  CC      net/core/bpf_sk_storage.o
  CC      drivers/acpi/acpica/exresnte.o
  CC      drivers/regulator/of_regulator.o
  CC      net/ipv4/tcp_cong.o
  CC      net/sunrpc/rpcb_clnt.o
  CC      drivers/clk/spacemit/ccu_mix.o
  CC      net/core/of_net.o
  CC      fs/fhandle.o
  CC      drivers/acpi/acpica/exresolv.o
  AR      drivers/clk/sophgo/built-in.a
  CC      drivers/reset/spacemit/reset-spacemit-common.o
  CC      net/ipv6/tcp_ipv6.o
  CC      kernel/futex/core.o
  CC      drivers/virtio/virtio_pci_common.o
  CC      kernel/time/time.o
  CC      drivers/regulator/fixed.o
  CC      drivers/clk/spacemit/ccu_ddn.o
  CC      drivers/acpi/acpica/exresop.o
  CC      drivers/reset/starfive/reset-starfive-jh71x0.o
  CC      kernel/futex/syscalls.o
  CC      drivers/reset/spacemit/reset-spacemit-k1.o
  CC      fs/iomap/trace.o
  CC      net/core/devmem.o
  CC      drivers/regulator/axp20x-regulator.o
  CC      drivers/clk/spacemit/ccu-k1.o
  CC      drivers/acpi/acpica/exserial.o
  CC      lib/zstd/decompress/zstd_ddict.o
  CC      drivers/virtio/virtio_pci_legacy.o
  CC      net/ipv4/tcp_metrics.o
  CC      lib/zstd/decompress/zstd_decompress.o
  CC      kernel/time/timer.o
  CC      drivers/reset/starfive/reset-starfive-jh7100.o
  CC      net/sunrpc/timer.o
  CC      drivers/reset/spacemit/reset-spacemit-k3.o
  CC      net/sunrpc/xdr.o
  CC      drivers/acpi/acpica/exstore.o
  CC      drivers/clk/spacemit/ccu-k3.o
  CC      drivers/virtio/virtio_balloon.o
  CC      kernel/futex/pi.o
  CC      drivers/reset/starfive/reset-starfive-jh7110.o
  CC      lib/zstd/decompress/zstd_decompress_block.o
  AR      drivers/reset/spacemit/built-in.a
  CC      lib/dynamic_queue_limits.o
  CC      mm/hugetlb_cgroup.o
  CC      drivers/regulator/gpio-regulator.o
  CC      drivers/acpi/acpica/exstoren.o
  CC      fs/iomap/iter.o
  CC      net/ipv6/ping.o
  CC      drivers/acpi/acpica/exstorob.o
  AR      drivers/clk/spacemit/built-in.a
  CC      drivers/clk/starfive/clk-starfive-jh71x0.o
  CC      net/ipv4/tcp_fastopen.o
  AR      net/core/built-in.a
  AR      drivers/reset/starfive/built-in.a
  CC      drivers/clk/starfive/clk-starfive-jh7100.o
  CC      drivers/reset/reset-eic7700.o
  CC      kernel/futex/requeue.o
  CC      drivers/acpi/acpica/exsystem.o
  CC      lib/zstd/zstd_common_module.o
  CC      drivers/virtio/virtio_input.o
  CC      drivers/regulator/spacemit-p1.o
  CC      kernel/time/hrtimer.o
  CC      fs/iomap/buffered-io.o
  CC      fs/iomap/direct-io.o
  CC      mm/early_ioremap.o
  CC      kernel/futex/waitwake.o
  CC      drivers/clk/starfive/clk-starfive-jh7110-pll.o
  CC      drivers/reset/reset-k230.o
  CC      drivers/acpi/acpica/extrace.o
  CC      drivers/reset/reset-mpfs.o
  CC      drivers/clk/starfive/clk-starfive-jh7110-sys.o
  CC      lib/zstd/common/debug.o
  CC      lib/zstd/common/entropy_common.o
  CC      net/sunrpc/sunrpc_syms.o
  CC      net/ipv6/exthdrs.o
  CC      drivers/regulator/sun20i-regulator.o
  AR      drivers/virtio/built-in.a
  CC      drivers/reset/reset-simple.o
  CC      lib/zstd/common/error_private.o
  CC      drivers/acpi/acpica/exutils.o
  CC      lib/zstd/common/fse_decompress.o
  CC      mm/balloon.o
  CC      net/ipv4/tcp_recovery.o
  CC      drivers/acpi/acpica/hwacpi.o
  CC      net/ipv6/datagram.o
  AR      kernel/futex/built-in.a
  AR      drivers/clk/starfive/built-in.a
  CC      lib/glob.o
  CC      lib/zstd/common/zstd_common.o
  CC      drivers/clk/sunxi-ng/ccu_common.o
  CC      mm/secretmem.o
  CC      drivers/clk/sunxi-ng/ccu_mmc_timing.o
  AR      lib/zstd/built-in.a
  CC      net/9p/mod.o
  CC      drivers/acpi/fan_attr.o
  CC      drivers/acpi/acpica/hwesleep.o
  CC      drivers/reset/reset-sunxi.o
  CC      kernel/time/sleep_timeout.o
  AR      drivers/regulator/built-in.a
  CC      net/ipv4/tcp_ulp.o
  CC      fs/iomap/ioend.o
  CC      drivers/acpi/acpica/hwgpe.o
  CC      net/sunrpc/cache.o
  CC      lib/dim/dim.o
  CC      net/ipv6/ip6_flowlabel.o
  CC      drivers/clk/sunxi-ng/ccu_reset.o
  CC      lib/dim/net_dim.o
  CC      net/9p/client.o
  CC      net/9p/error.o
  CC      drivers/reset/reset-tenstorrent-atlantis.o
  CC      kernel/time/timekeeping.o
  CC      drivers/acpi/acpica/hwregs.o
  CC      mm/memfd.o
  CC      net/ipv4/tcp_offload.o
  CC      drivers/clk/sunxi-ng/ccu_div.o
  CC      drivers/tty/tty_io.o
  CC      net/sysctl_net.o
  CC      drivers/tty/n_tty.o
  CC      drivers/tty/tty_ioctl.o
  CC      fs/iomap/fiemap.o
  CC      drivers/acpi/acpica/hwsleep.o
  AR      drivers/reset/built-in.a
  CC      kernel/smp.o
  CC      drivers/clk/sunxi-ng/ccu_frac.o
  CC      mm/page_reporting.o
  CC      lib/dim/rdma_dim.o
  CC      drivers/acpi/acpica/hwvalid.o
  CC      fs/iomap/seek.o
  CC      net/ipv6/inet6_connection_sock.o
  CC      drivers/clk/sunxi-ng/ccu_gate.o
  CC      drivers/acpi/fan_hwmon.o
  CC      drivers/acpi/processor_driver.o
  CC      kernel/time/ntp.o
  CC      drivers/acpi/acpica/hwxface.o
  AR      lib/dim/built-in.a
  CC      lib/strncpy_from_user.o
  CC      net/9p/protocol.o
  CC      fs/proc/task_mmu.o
  CC      net/sunrpc/rpc_pipe.o
  CC      mm/ioremap.o
  CC      net/ipv4/tcp_plb.o
  CC      fs/proc/inode.o
  CC      drivers/clk/sunxi-ng/ccu_mux.o
  CC      fs/iomap/bio.o
  CC      drivers/tty/tty_ldisc.o
  CC      drivers/acpi/acpica/hwxfsleep.o
  CC      kernel/time/clocksource.o
  CC      net/ipv6/udp_offload.o
  CC      lib/strnlen_user.o
  CC      mm/execmem.o
  CC      drivers/tty/tty_buffer.o
  CC      drivers/clk/sunxi-ng/ccu_mult.o
  CC      drivers/acpi/acpica/hwpci.o
  CC      net/9p/trans_common.o
  CC      fs/kernfs/mount.o
  CC      net/sunrpc/sysfs.o
  CC      drivers/clk/tenstorrent/atlantis-prcm.o
  CC      fs/iomap/swapfile.o
  CC      kernel/time/jiffies.o
  CC      lib/net_utils.o
  CC      drivers/acpi/acpica/nsaccess.o
  CC      drivers/clk/sunxi-ng/ccu_phase.o
  CC      kernel/kallsyms.o
  AR      mm/built-in.a
  CC      fs/proc/root.o
  CC      drivers/tty/tty_port.o
  CC      net/ipv4/datagram.o
  CC      net/9p/trans_fd.o
  CC      fs/kernfs/inode.o
  CC      net/ipv6/seg6.o
  CC      drivers/tty/tty_mutex.o
  CC      drivers/clk/sunxi-ng/ccu_sdm.o
  CC      drivers/tty/tty_ldsem.o
  AR      drivers/clk/tenstorrent/built-in.a
  CC      lib/sg_pool.o
  CC      drivers/acpi/acpica/nsalloc.o
  CC      kernel/time/timer_list.o
  CC      drivers/clk/thead/clk-th1520-ap.o
  AR      fs/iomap/built-in.a
  CC      drivers/acpi/processor_thermal.o
  CC      net/sunrpc/svc_xprt.o
  CC      drivers/clk/sunxi-ng/ccu_nk.o
  CC      drivers/char/mem.o
  CC      drivers/acpi/acpica/nsarguments.o
  CC      fs/proc/base.o
  CC      fs/proc/generic.o
  CC      fs/kernfs/dir.o
  CC      drivers/tty/tty_baudrate.o
  CC      lib/memregion.o
  CC      lib/stackdepot.o
  CC      net/ipv4/raw.o
  CC      kernel/time/timeconv.o
  CC      net/9p/trans_virtio.o
  CC      drivers/clk/sunxi-ng/ccu_nkm.o
  CC      net/ipv6/fib6_notifier.o
  CC      drivers/clk/sunxi-ng/ccu_nkmp.o
  CC      drivers/acpi/acpica/nsconvert.o
  CC      drivers/clk/sunxi-ng/ccu_nm.o
  AR      drivers/clk/thead/built-in.a
  CC      drivers/clk/sunxi-ng/ccu_mp.o
  CC      drivers/tty/tty_jobctrl.o
  CC      net/sunrpc/xprtmultipath.o
  CC      lib/fonts/fonts.o
  CC      lib/fonts/font_8x8.o
  CC      kernel/time/timecounter.o
  CC      drivers/char/random.o
  CC      drivers/acpi/acpica/nsdump.o
  CC      drivers/acpi/acpica/nseval.o
  CC      kernel/time/alarmtimer.o
  CC      fs/sysfs/file.o
  CC      fs/sysfs/dir.o
  CC      drivers/clk/sunxi-ng/ccu-sun20i-d1.o
  CC      fs/kernfs/file.o
  CC      net/ipv4/udp.o
  CC      drivers/acpi/acpica/nsinit.o
  CC      net/ipv6/rpl.o
  CC      drivers/tty/n_null.o
  CC      lib/fonts/font_8x16.o
  AR      net/9p/built-in.a
  CC      net/dns_resolver/dns_key.o
  CC      net/l3mdev/l3mdev.o
  CC      net/handshake/alert.o
  CC      fs/proc/array.o
  CC      fs/sysfs/symlink.o
  CC      drivers/acpi/processor_idle.o
  CC      drivers/clk/sunxi-ng/ccu-sun20i-d1-r.o
  CC      drivers/acpi/acpica/nsload.o
  AR      lib/fonts/built-in.a
  CC      lib/ucs2_string.o
  CC      net/sunrpc/netlink.o
  CC      drivers/tty/pty.o
  CC      kernel/time/posix-timers.o
  CC      drivers/char/misc.o
  CC      net/dns_resolver/dns_query.o
  CC      drivers/acpi/acpica/nsnames.o
  CC      fs/kernfs/symlink.o
  CC      drivers/clk/sunxi-ng/ccu-sun6i-rtc.o
  CC      net/ipv6/ioam6.o
  CC      fs/sysfs/mount.o
  AR      net/l3mdev/built-in.a
  CC      lib/sbitmap.o
  CC      net/handshake/genl.o
  CC      drivers/acpi/acpica/nsobject.o
  CC      fs/proc/fd.o
  CC      drivers/char/virtio_console.o
  CC      fs/devpts/inode.o
  CC      drivers/acpi/acpica/nsparse.o
  CC      net/sunrpc/backchannel_rqst.o
  CC      drivers/tty/tty_audit.o
  AR      net/dns_resolver/built-in.a
  CC      kernel/compat.o
  AR      drivers/clk/sunxi-ng/built-in.a
  AR      drivers/clk/built-in.a
  CC      kernel/cgroup/cgroup.o
  AR      fs/kernfs/built-in.a
  CC      kernel/cgroup/rstat.o
  CC      drivers/tty/vt/vt_ioctl.o
  CC      drivers/acpi/acpica/nspredef.o
  CC      fs/sysfs/group.o
  CC      net/handshake/netlink.o
  CC      kernel/time/posix-cpu-timers.o
  CC      lib/group_cpus.o
  CC      kernel/utsname.o
  CC      fs/proc/proc_tty.o
  AR      fs/devpts/built-in.a
  CC      drivers/tty/vt/vc_screen.o
  CC      drivers/acpi/acpica/nsprepkg.o
  CC      fs/proc/cmdline.o
  AR      fs/sysfs/built-in.a
  CC      net/ipv6/sysctl_net_ipv6.o
  CC      net/ipv4/udp_offload.o
  CC      net/sunrpc/stats.o
  CC      drivers/char/hw_random/core.o
  CC      drivers/tty/vt/selection.o
  CC      kernel/user_namespace.o
  CC      lib/devmem_is_allowed.o
  CC      net/ipv6/xfrm6_policy.o
  CC      drivers/acpi/acpica/nsrepair.o
  CC      lib/fw_table.o
  CC      drivers/tty/vt/keyboard.o
  CC      kernel/time/posix-clock.o
  CC      fs/proc/consoles.o
  CC      net/handshake/request.o
  CC      drivers/iommu/riscv/iommu.o
  CC      drivers/acpi/acpica/nsrepair2.o
  CC      drivers/iommu/generic_pt/fmt/iommu_riscv64.o
  CC      drivers/char/hw_random/atmel-rng.o
  CC      drivers/iommu/riscv/iommu-platform.o
  AR      lib/lib.a
  CC      net/sunrpc/sysctl.o
  CC      fs/proc/cpuinfo.o
  AR      lib/built-in.a
  CC      drivers/tty/hvc/hvc_console.o
  CC      drivers/acpi/processor_perflib.o
  CC      kernel/time/itimer.o
  CC      drivers/acpi/acpica/nssearch.o
  CC      kernel/time/clockevents.o
  CC      net/ipv6/xfrm6_state.o
  CC      drivers/char/hw_random/virtio-rng.o
  CC      net/ipv4/arp.o
  CC      fs/proc/devices.o
  CC      drivers/tty/vt/vt.o
  CC      drivers/acpi/acpica/nsutils.o
  CC      net/ipv6/xfrm6_input.o
  CC      net/handshake/tlshd.o
  CC      drivers/gpu/drm/drm_mipi_dsi.o
  AR      drivers/iommu/generic_pt/fmt/built-in.a
  CC      kernel/time/tick-common.o
  AR      drivers/tty/hvc/built-in.a
  CC      drivers/tty/vt/defkeymap.o
  AR      net/sunrpc/built-in.a
  CC      drivers/block/loop.o
  CC      drivers/misc/eeprom/eeprom_93cx6.o
  CC      drivers/iommu/riscv/iommu-pci.o
  CC      drivers/base/component.o
  AR      drivers/char/hw_random/built-in.a
  AR      drivers/char/built-in.a
  CC      drivers/iommu/iommu.o
  CC      drivers/acpi/acpica/nswalk.o
  CC      net/ipv4/icmp.o
  CC      fs/proc/loadavg.o
  CC      drivers/base/core.o
  CC      kernel/cgroup/namespace.o
  CC      drivers/acpi/acpica/nsxfeval.o
  AR      drivers/misc/eeprom/built-in.a
  AR      drivers/misc/built-in.a
  CC      drivers/tty/vt/consolemap.o
  CC      net/handshake/trace.o
  CC      drivers/mfd/mfd-core.o
  CC      fs/proc/meminfo.o
  CC      kernel/time/tick-broadcast.o
  AR      drivers/iommu/riscv/built-in.a
  CC      kernel/cgroup/cgroup-v1.o
  CC      drivers/block/virtio_blk.o
  AR      drivers/gpu/drm/built-in.a
  CC      net/ipv6/xfrm6_output.o
  AR      drivers/gpu/built-in.a
  CC      drivers/acpi/container.o
  CC      drivers/acpi/acpica/nsxfname.o
  CC      drivers/tty/serial/serial_core.o
  CC      fs/netfs/buffered_read.o
  CC      drivers/base/bus.o
  CC      fs/proc/stat.o
  CC      fs/netfs/buffered_write.o
  CC      drivers/tty/vt/consolemap_deftbl.o
  CC      drivers/acpi/acpica/nsxfobj.o
  CC      drivers/mfd/axp20x.o
  COPY    drivers/tty/vt/ucs_width_table.h
  CC      drivers/tty/vt/ucs.o
  CC      kernel/time/tick-broadcast-hrtimer.o
  CC      drivers/iommu/iommu-pages.o
  AR      drivers/tty/vt/built-in.a
  CC      drivers/mfd/axp20x-i2c.o
  CC      net/ipv4/devinet.o
  AR      net/handshake/built-in.a
  CC      drivers/mfd/syscon.o
  AR      drivers/block/built-in.a
  CC      kernel/cgroup/freezer.o
  CC      drivers/acpi/acpica/psargs.o
  CC      fs/ext4/balloc.o
  CC      net/ipv6/xfrm6_protocol.o
  CC      fs/proc/uptime.o
  CC      drivers/base/dd.o
  CC      fs/jbd2/transaction.o
  CC      kernel/time/sched_clock.o
  CC      drivers/acpi/acpica/psloop.o
  CC      fs/ramfs/inode.o
  CC      fs/ext4/bitmap.o
  CC      drivers/iommu/iommu-traces.o
  CC      fs/netfs/direct_read.o
  CC      drivers/mfd/simple-mfd-i2c.o
  CC      net/ipv6/netfilter.o
  CC      kernel/time/tick-oneshot.o
  CC      fs/proc/util.o
  CC      kernel/cgroup/legacy_freezer.o
  CC      drivers/acpi/acpica/psobject.o
  CC      drivers/tty/serial/serial_base_bus.o
  CC      drivers/base/syscore.o
  CC      fs/ramfs/file-mmu.o
  CC      fs/jbd2/commit.o
  CC      drivers/base/driver.o
  AR      drivers/mfd/built-in.a
  CC      kernel/time/tick-sched.o
  CC      fs/ext4/block_validity.o
  CC      fs/netfs/direct_write.o
  CC      fs/proc/version.o
  CC      drivers/acpi/acpica/psopcode.o
  CC      drivers/iommu/iommu-sysfs.o
  CC      fs/proc/softirqs.o
  CC      net/ipv4/af_inet.o
  CC      kernel/cgroup/pids.o
  CC      fs/jbd2/recovery.o
  CC      drivers/tty/serial/serial_ctrl.o
  CC      drivers/acpi/acpica/psopinfo.o
  CC      net/ipv6/proc.o
  CC      kernel/cgroup/cpuset.o
  AR      fs/ramfs/built-in.a
  CC      fs/ext4/dir.o
  CC      drivers/acpi/thermal_lib.o
  CC      drivers/base/class.o
  CC      drivers/iommu/of_iommu.o
  CC      fs/proc/namespaces.o
  CC      drivers/acpi/acpica/psparse.o
  CC      kernel/time/timer_migration.o
  CC      drivers/nvdimm/core.o
  CC      fs/netfs/iterator.o
  CC      kernel/time/vsyscall.o
  CC      fs/proc/self.o
  CC      drivers/tty/serial/serial_port.o
  CC      net/ipv4/igmp.o
  CC      drivers/acpi/acpica/psscope.o
  CC      fs/proc/thread_self.o
  CC      fs/jbd2/checkpoint.o
  CC      drivers/iommu/sun50i-iommu.o
  CC      drivers/base/platform.o
  CC      fs/jbd2/revoke.o
  CC      drivers/tty/serial/earlycon.o
  CC      fs/ext4/ext4_jbd2.o
  CC      fs/netfs/locking.o
  CC      net/ipv6/addrconf_core.o
  CC      drivers/nvdimm/bus.o
  CC      drivers/acpi/thermal.o
  CC      drivers/acpi/acpica/pstree.o
  CC      fs/proc/proc_sysctl.o
  CC      fs/jbd2/journal.o
  CC      fs/ext4/extents.o
  CC      drivers/acpi/acpica/psutils.o
  CC      kernel/time/timekeeping_debug.o
  AR      drivers/iommu/built-in.a
  CC      drivers/tty/serial/earlycon-riscv-sbi.o
  CC      kernel/pid_namespace.o
  AR      kernel/cgroup/built-in.a
  CC      drivers/acpi/acpi_memhotplug.o
  CC      drivers/base/cpu.o
  CC      drivers/tty/serial/8250/8250_core.o
  CC      fs/netfs/main.o
  CC      drivers/tty/serial/sifive.o
  CC      drivers/tty/serial/serial_mctrl_gpio.o
  CC      drivers/acpi/acpica/pswalk.o
  CC      net/ipv6/exthdrs_core.o
  CC      drivers/nvdimm/dimm_devs.o
  CC      kernel/time/namespace.o
  CC      fs/hugetlbfs/inode.o
  CC      net/ipv4/fib_frontend.o
  CC      fs/proc/proc_net.o
  CC      drivers/acpi/acpica/psxface.o
  CC      drivers/base/firmware.o
  UPD     kernel/config_data
  CC      fs/ext4/extents_status.o
  CC      fs/netfs/misc.o
  CC      fs/proc/kmsg.o
  CC      drivers/tty/serial/8250/8250_platform.o
  CC      net/ipv6/ip6_checksum.o
  CC      drivers/acpi/acpica/rsaddr.o
  CC      kernel/time/namespace_vdso.o
  CC      drivers/base/init.o
  CC      drivers/nvdimm/nd_perf.o
  CC      drivers/dax/super.o
  CC      drivers/acpi/battery.o
  CC      drivers/acpi/acpica/rscalc.o
  CC      fs/proc/page.o
  CC      fs/ext4/file.o
  AR      fs/jbd2/built-in.a
  CC      kernel/stop_machine.o
  CC      drivers/tty/serial/8250/8250_pnp.o
  AR      kernel/time/built-in.a
  CC      fs/netfs/objects.o
  CC      drivers/dma-buf/dma-buf.o
  AR      fs/hugetlbfs/built-in.a
  CC      drivers/dma-buf/dma-fence.o
  CC      drivers/base/map.o
  CC      drivers/acpi/acpica/rscreate.o
  CC      net/ipv6/ip6_icmp.o
  CC      kernel/audit.o
  CC      net/ipv4/fib_semantics.o
  CC      drivers/dax/bus.o
  CC      drivers/nvdimm/dimm.o
  CC      drivers/tty/serial/8250/8250_port.o
  AR      fs/proc/built-in.a
  CC      drivers/acpi/cppc_acpi.o
  CC      drivers/dma-buf/dma-fence-array.o
  CC      drivers/tty/serial/8250/8250_dma.o
  CC      drivers/tty/serial/8250/8250_dwlib.o
  CC      drivers/acpi/acpica/rsdumpinfo.o
  CC      fs/ext4/fsmap.o
  CC      drivers/base/devres.o
  CC      fs/netfs/read_collect.o
  CC      drivers/acpi/acpica/rsinfo.o
  CC      drivers/acpi/spcr.o
  CC      net/ipv6/output_core.o
  CC      drivers/nvdimm/region_devs.o
  CC      drivers/base/attribute_container.o
  CC      drivers/dma-buf/dma-fence-chain.o
  CC      fs/fat/cache.o
  AR      drivers/dax/built-in.a
  CC      net/ipv6/protocol.o
  CC      drivers/tty/serial/8250/8250_pcilib.o
  CC      drivers/acpi/acpica/rsio.o
  CC      drivers/nvdimm/region.o
  CC      drivers/nvdimm/namespace_devs.o
  CC      net/ipv6/ip6_offload.o
  CC      fs/ext4/fsync.o
  CC      drivers/acpi/acpica/rsirq.o
  CC      drivers/dma-buf/dma-fence-unwrap.o
  CC      drivers/base/transport_class.o
  CC      fs/netfs/read_pgpriv2.o
  CC      net/ipv4/fib_trie.o
  CC      drivers/acpi/acpica/rslist.o
  CC      kernel/auditfilter.o
  CC      drivers/tty/serial/8250/8250_early.o
  CC      fs/fat/dir.o
  CC      drivers/nvdimm/label.o
  CC      drivers/base/topology.o
  CC      drivers/nvdimm/badrange.o
  CC      drivers/base/container.o
  CC      drivers/acpi/acpica/rsmemory.o
  CC      drivers/nvdimm/claim.o
  CC      drivers/dma-buf/dma-resv.o
  CC      drivers/scsi/scsi.o
  CC      fs/ext4/hash.o
  CC      drivers/tty/serial/8250/8250_dw.o
  CC      fs/netfs/read_retry.o
  CC      drivers/acpi/acpica/rsmisc.o
  CC      net/ipv4/fib_notifier.o
  CC      drivers/scsi/hosts.o
  CC      drivers/base/property.o
  CC      net/ipv6/exthdrs_offload.o
  CC      net/ipv4/inet_fragment.o
  CC      drivers/scsi/scsi_ioctl.o
  CC      drivers/dma-buf/dma-buf-mapping.o
  CC      drivers/nvdimm/btt_devs.o
  CC      drivers/acpi/acpica/rsserial.o
  CC      kernel/auditsc.o
  CC      fs/fat/fatent.o
  CC      fs/ext4/ialloc.o
  CC      fs/netfs/read_single.o
  CC      net/ipv4/ping.o
  CC      drivers/tty/serial/8250/8250_exar.o
  CC      drivers/acpi/acpica/rsutils.o
  CC      drivers/acpi/pptt.o
  CC      fs/ext4/indirect.o
  CC      net/ipv6/inet6_hashtables.o
  CC      drivers/dma-buf/sync_file.o
  CC      drivers/base/cacheinfo.o
  CC      kernel/audit_watch.o
  CC      drivers/scsi/scsicam.o
  CC      drivers/nvdimm/pmem.o
  CC      drivers/acpi/acpica/rsxface.o
  CC      drivers/tty/serial/8250/8250_of.o
  CC      fs/netfs/rolling_buffer.o
  AR      drivers/dma-buf/built-in.a
  CC      drivers/nvdimm/btt.o
  CC      fs/fat/file.o
  CC      drivers/nvdimm/of_pmem.o
  CC      fs/fat/inode.o
  CC      drivers/acpi/acpica/tbdata.o
  CC      drivers/scsi/scsi_error.o
  CC      fs/netfs/write_collect.o
  CC      fs/fat/misc.o
  CC      drivers/base/swnode.o
  CC      kernel/audit_fsnotify.o
  CC      net/ipv4/ip_tunnel_core.o
  CC      drivers/scsi/scsi_lib.o
  CC      fs/ext4/inline.o
  CC      net/ipv6/mcast_snoop.o
  CC      drivers/tty/serial/8250/8250_pci.o
  CC      drivers/acpi/acpica/tbfadt.o
  CC      fs/isofs/namei.o
  CC      drivers/acpi/acpica/tbfind.o
  CC      drivers/nvdimm/ramdax.o
  CC      fs/isofs/inode.o
  CC      drivers/acpi/acpica/tbinstal.o
  CC      fs/netfs/write_issue.o
  CC      kernel/audit_tree.o
  CC      drivers/base/faux.o
  CC      fs/fat/nfs.o
  CC      fs/isofs/dir.o
  CC      fs/nfs/client.o
  CC      drivers/ata/libata-core.o
  CC      kernel/seccomp.o
  CC      drivers/acpi/acpica/tbprint.o
  AR      drivers/nvdimm/built-in.a
  AR      net/ipv6/built-in.a
  CC      fs/ext4/inode.o
  CC      drivers/tty/serial/8250/8250_pericom.o
  CC      drivers/acpi/acpica/tbutils.o
  CC      net/ipv4/gre_offload.o
  CC      drivers/base/auxiliary.o
  CC      drivers/scsi/scsi_lib_dma.o
  CC      drivers/acpi/acpica/tbxface.o
  CC      fs/netfs/write_retry.o
  CC      drivers/ata/libata-scsi.o
  CC      fs/fat/namei_vfat.o
  CC      fs/nfs/dir.o
  CC      fs/isofs/util.o
  CC      fs/isofs/rock.o
  CC      drivers/acpi/acpica/tbxfload.o
  AR      drivers/tty/serial/8250/built-in.a
  AR      drivers/tty/serial/built-in.a
  AR      drivers/tty/built-in.a
  CC      fs/exportfs/expfs.o
  CC      fs/ext4/ioctl.o
  CC      drivers/base/devtmpfs.o
  CC      drivers/scsi/scsi_scan.o
  CC      drivers/acpi/acpica/tbxfroot.o
  CC      drivers/acpi/acpica/utaddress.o
  AR      fs/netfs/built-in.a
  CC      fs/fat/namei_msdos.o
  CC      kernel/utsname_sysctl.o
  CC      drivers/ata/libata-eh.o
  CC      net/ipv4/metrics.o
  AR      fs/exportfs/built-in.a
  CC      drivers/mtd/mtdcore.o
  CC      drivers/spi/spi.o
  CC      kernel/tracepoint.o
  CC      fs/isofs/export.o
  CC      fs/nfs/file.o
  CC      drivers/acpi/acpica/utalloc.o
  CC      drivers/base/power/sysfs.o
  CC      drivers/acpi/acpica/utascii.o
  CC      drivers/scsi/scsi_sysfs.o
  CC      fs/nfs/getroot.o
  AR      fs/fat/built-in.a
  CC      drivers/scsi/scsi_devinfo.o
  CC      fs/isofs/joliet.o
  CC      kernel/trace/trace_clock.o
  CC      drivers/acpi/acpica/utbuffer.o
  CC      kernel/irq_work.o
  CC      drivers/base/power/generic_ops.o
  CC      net/ipv4/netlink.o
  CC      drivers/mtd/mtdsuper.o
  CC      drivers/mtd/mtdconcat.o
  CC      drivers/acpi/acpica/utcksum.o
  CC      kernel/trace/ring_buffer.o
  CC      fs/ext4/mballoc.o
  CC      drivers/spi/spi-mem.o
  CC      drivers/base/power/common.o
  CC      fs/isofs/compress.o
  CC      drivers/base/power/qos.o
  CC      drivers/base/firmware_loader/main.o
  CC      drivers/acpi/acpica/utcopy.o
  CC      fs/nfs/inode.o
  CC      drivers/scsi/scsi_sysctl.o
  CC      drivers/ata/libata-transport.o
  CC      drivers/base/firmware_loader/builtin/main.o
  CC      drivers/base/power/runtime.o
  CC      net/ipv4/nexthop.o
  CC      drivers/acpi/acpica/utexcep.o
  AR      drivers/base/firmware_loader/builtin/built-in.a
  CC      drivers/base/module.o
  CC      drivers/acpi/riscv/rhct.o
  CC      drivers/mtd/mtdpart.o
  CC      drivers/acpi/riscv/init.o
  CC      drivers/scsi/scsi_proc.o
  AR      fs/isofs/built-in.a
  CC      drivers/base/auxiliary_sysfs.o
  CC      drivers/acpi/acpica/utdebug.o
  AR      drivers/base/firmware_loader/built-in.a
  CC      drivers/acpi/riscv/irq.o
  CC      kernel/trace/trace.o
  CC      drivers/ata/libata-trace.o
  CC      drivers/spi/spi-sifive.o
  CC      fs/nfs/super.o
  CC      kernel/cpu_pm.o
  CC      drivers/base/power/wakeirq.o
  CC      net/ipv4/udp_tunnel_stub.o
  CC      drivers/mtd/mtdchar.o
  CC      drivers/acpi/acpica/utdecode.o
  CC      drivers/mtd/parsers/ofpart_core.o
  CC      drivers/scsi/scsi_debugfs.o
  CC      drivers/acpi/riscv/cpuidle.o
  CC      drivers/base/regmap/regmap.o
  CC      drivers/spi/spi-sun6i.o
  CC      drivers/ata/libata-sata.o
  CC      drivers/acpi/acpica/utdelete.o
  CC      drivers/base/power/main.o
  AR      drivers/mtd/parsers/built-in.a
  CC      drivers/scsi/scsi_trace.o
  CC      kernel/trace/trace_output.o
  CC      fs/ext4/migrate.o
  CC      net/ipv4/sysctl_net_ipv4.o
  CC      drivers/mtd/mtd_blkdevs.o
  CC      drivers/acpi/acpica/uterror.o
  CC      fs/nfs/io.o
  CC      drivers/acpi/riscv/cppc.o
  CC      drivers/net/loopback.o
  CC      kernel/bpf/core.o
  CC      drivers/acpi/riscv/rimt.o
  AR      drivers/spi/built-in.a
  CC      kernel/events/core.o
  CC      drivers/acpi/acpica/uteval.o
  CC      drivers/ata/libata-sff.o
  CC      drivers/scsi/scsi_logging.o
  CC      fs/ext4/mmp.o
  CC      drivers/mtd/mtdblock.o
  CC      drivers/net/phy/stubs.o
  CC      drivers/acpi/acpica/utglobal.o
  AR      drivers/acpi/riscv/built-in.a
  CC      drivers/ata/libata-pmp.o
  CC      drivers/base/power/wakeup.o
  CC      drivers/scsi/scsi_pm.o
  CC      net/ipv4/proc.o
  CC      fs/nfs/direct.o
  CC      drivers/acpi/acpica/uthex.o
  CC      drivers/base/regmap/regcache.o
  CC      kernel/padata.o
  CC      kernel/events/ring_buffer.o
  CC      fs/ext4/move_extent.o
  CC      drivers/mtd/chips/chipreg.o
  CC      kernel/trace/trace_seq.o
  CC      drivers/acpi/acpica/utids.o
  CC      drivers/net/phy/mdio_bus.o
  CC      drivers/scsi/scsi_bsg.o
  CC      drivers/mtd/chips/cfi_probe.o
  CC      drivers/ata/libata-acpi.o
  CC      drivers/base/power/wakeup_stats.o
  CC      kernel/events/callchain.o
  CC      drivers/base/regmap/regcache-rbtree.o
  CC      fs/nfs/pagelist.o
  CC      drivers/acpi/acpica/utinit.o
  CC      kernel/trace/trace_stat.o
  CC      net/ipv4/ipconfig.o
  CC      drivers/scsi/scsi_common.o
  CC      drivers/acpi/acpica/utlock.o
  CC      kernel/bpf/syscall.o
  CC      drivers/scsi/virtio_scsi.o
  CC      fs/ext4/namei.o
  CC      drivers/base/power/clock_ops.o
  CC      drivers/mtd/chips/cfi_util.o
  CC      fs/nfs/read.o
  CC      drivers/base/regmap/regcache-flat.o
  CC      drivers/net/phy/phylink.o
  CC      drivers/acpi/acpica/utmath.o
  CC      drivers/net/mdio/acpi_mdio.o
  CC      net/ipv4/netfilter.o
  CC      drivers/ata/libata-pata-timings.o
  CC      kernel/trace/trace_printk.o
  CC      drivers/acpi/acpica/utmisc.o
  AR      drivers/base/power/built-in.a
  CC      kernel/trace/trace_pid.o
  CC      drivers/base/regmap/regcache-maple.o
  CC      drivers/mtd/chips/gen_probe.o
  CC      drivers/scsi/sd.o
  CC      kernel/jump_label.o
  CC      drivers/acpi/acpica/utmutex.o
  CC      kernel/trace/pid_list.o
  CC      drivers/net/mdio/fwnode_mdio.o
  CC      drivers/ata/ahci.o
  CC      drivers/net/mdio/of_mdio.o
  CC      fs/nfs/symlink.o
  CC      net/ipv4/inet_diag.o
  AR      drivers/mtd/chips/built-in.a
  CC      drivers/base/regmap/regmap-debugfs.o
  CC      kernel/bpf/verifier.o
  CC      drivers/acpi/acpica/utnonansi.o
  CC      drivers/mtd/spi-nor/core.o
  CC      drivers/base/regmap/regmap-i2c.o
  CC      drivers/net/phy/phy.o
  CC      drivers/acpi/acpica/utobject.o
  CC      fs/ext4/page-io.o
  CC      kernel/trace/trace_sched_switch.o
  CC      drivers/mtd/spi-nor/sfdp.o
  CC      drivers/cdrom/cdrom.o
  CC      drivers/ata/libahci.o
  CC      kernel/events/uprobes.o
  AR      drivers/net/mdio/built-in.a
  CC      drivers/scsi/sr.o
  CC      drivers/acpi/acpica/utosi.o
  CC      fs/nfs/unlink.o
  CC      drivers/base/regmap/regmap-spi.o
  CC      net/ipv4/tcp_diag.o
  CC      drivers/acpi/acpica/utownerid.o
  CC      drivers/ata/ahci_platform.o
  CC      fs/ext4/readpage.o
  CC      fs/nfs/write.o
  CC      fs/ext4/resize.o
  CC      kernel/trace/trace_nop.o
  CC      drivers/mtd/spi-nor/swp.o
  CC      drivers/net/phy/phy-c45.o
  CC      drivers/scsi/sr_ioctl.o
  CC      drivers/base/regmap/regmap-mmio.o
  CC      drivers/acpi/acpica/utpredef.o
  AR      drivers/cdrom/built-in.a
  CC      drivers/acpi/acpica/utresdecode.o
  CC      kernel/trace/blktrace.o
  CC      kernel/context_tracking.o
  CC      drivers/ata/libahci_platform.o
  AR      kernel/events/built-in.a
  CC      drivers/base/pinctrl.o
  CC      drivers/net/virtio_net.o
  CC      fs/lockd/clntlock.o
  CC      drivers/base/regmap/regmap-irq.o
  CC      drivers/mtd/spi-nor/otp.o
  CC      drivers/acpi/acpica/utresrc.o
  CC      drivers/scsi/sr_vendor.o
  CC      net/ipv4/tcp_cubic.o
  CC      drivers/net/phy/phy-core.o
  CC      fs/nfs/namespace.o
  CC      drivers/usb/common/common.o
  CC      drivers/acpi/acpica/utstate.o
  CC      fs/ext4/super.o
  CC      drivers/usb/core/usb.o
  CC      kernel/trace/trace_events.o
  AR      drivers/ata/built-in.a
  CC      fs/ext4/symlink.o
  CC      drivers/mtd/spi-nor/sysfs.o
  AR      drivers/scsi/built-in.a
  CC      fs/nfs/mount_clnt.o
  CC      drivers/mtd/spi-nor/atmel.o
  CC      drivers/acpi/acpica/utstring.o
  AR      drivers/base/regmap/built-in.a
  CC      drivers/base/platform-msi.o
  CC      fs/lockd/clntproc.o
  CC      drivers/net/phy/phy_device.o
  CC      drivers/usb/common/debug.o
  CC      net/ipv4/tcp_bpf.o
  CC      drivers/acpi/acpica/utstrsuppt.o
  AR      drivers/usb/common/built-in.a
  CC      drivers/mtd/spi-nor/eon.o
  CC      drivers/net/phy/linkmode.o
  CC      kernel/trace/trace_export.o
  CC      drivers/usb/core/hub.o
  AR      drivers/net/ethernet/alibaba/built-in.a
  CC      drivers/input/serio/serio.o
  CC      drivers/base/arch_topology.o
  CC      drivers/net/ethernet/cadence/macb_main.o
  CC      drivers/acpi/acpica/utstrtoul64.o
  CC      fs/nfs/nfstrace.o
  CC      drivers/mtd/spi-nor/esmt.o
  CC      drivers/acpi/acpica/utxface.o
  CC      drivers/usb/core/hcd.o
  CC      fs/lockd/clntxdr.o
  CC      drivers/usb/core/urb.o
  CC      drivers/input/serio/serport.o
  CC      kernel/trace/trace_event_perf.o
  CC      drivers/acpi/acpica/utxfinit.o
  CC      net/ipv4/udp_bpf.o
  CC      drivers/mtd/spi-nor/everspin.o
  CC      drivers/base/physical_location.o
  CC      drivers/net/phy/phy_link_topology.o
  CC      drivers/input/serio/libps2.o
  CC      drivers/acpi/acpica/utxferror.o
  CC      fs/nfs/export.o
  CC      kernel/trace/trace_events_filter.o
  CC      drivers/usb/phy/phy.o
  CC      fs/lockd/host.o
  CC      drivers/base/trace.o
  CC      drivers/mtd/spi-nor/gigadevice.o
  CC      drivers/acpi/acpica/utxfmutex.o
  CC      drivers/usb/host/pci-quirks.o
  CC      drivers/usb/core/message.o
  CC      drivers/net/phy/phy_caps.o
  AR      drivers/input/serio/built-in.a
  CC      net/ipv4/xfrm4_policy.o
  AR      drivers/acpi/acpica/built-in.a
  AR      drivers/acpi/built-in.a
  CC      drivers/usb/core/driver.o
  CC      drivers/usb/core/config.o
  CC      drivers/usb/phy/of.o
  CC      drivers/mtd/spi-nor/intel.o
  AR      drivers/base/built-in.a
  AR      drivers/net/ethernet/cadence/built-in.a
  CC      fs/ext4/sysfs.o
  CC      drivers/usb/host/ehci-hcd.o
  CC      net/ipv4/xfrm4_state.o
  CC      kernel/trace/trace_events_trigger.o
  CC      drivers/net/ethernet/intel/e1000e/82571.o
  CC      kernel/bpf/inode.o
  CC      fs/lockd/svc.o
  CC      drivers/mtd/spi-nor/issi.o
  CC      drivers/net/phy/mdio_bus_provider.o
  AR      drivers/usb/phy/built-in.a
  CC      fs/ext4/xattr.o
  CC      fs/nls/nls_base.o
  CC      kernel/trace/trace_eprobe.o
  CC      fs/nls/nls_cp437.o
  CC      drivers/usb/core/file.o
  CC      fs/nfs/sysfs.o
  CC      drivers/usb/core/buffer.o
  CC      drivers/mtd/spi-nor/macronix.o
  CC      net/ipv4/xfrm4_input.o
  CC      kernel/iomem.o
  CC      fs/nls/nls_iso8859-1.o
  CC      drivers/usb/core/sysfs.o
  CC      drivers/net/ethernet/intel/e1000e/ich8lan.o
  CC      kernel/trace/bpf_trace.o
  CC      drivers/net/phy/phy_port.o
  CC      fs/lockd/svclock.o
  CC      kernel/bpf/helpers.o
  AR      fs/nls/built-in.a
  CC      net/ipv4/xfrm4_output.o
  CC      drivers/mtd/spi-nor/micron-st.o
  CC      net/ipv4/xfrm4_protocol.o
  CC      drivers/input/input.o
  CC      drivers/mtd/spi-nor/spansion.o
  CC      drivers/input/input-compat.o
  CC      fs/nfs/fs_context.o
  CC      fs/ext4/xattr_hurd.o
  CC      drivers/usb/host/ehci-pci.o
  CC      drivers/usb/core/endpoint.o
  CC      drivers/net/phy/mdio_device.o
  CC      drivers/net/phy/swphy.o
  CC      drivers/usb/host/ehci-platform.o
  CC      kernel/rseq.o
  CC      drivers/mtd/spi-nor/sst.o
  CC      fs/lockd/svcshare.o
  CC      fs/ext4/xattr_trusted.o
  GZIP    kernel/config_data.gz
  CC      kernel/bpf/tnum.o
  AR      net/ipv4/built-in.a
  AR      net/built-in.a
  CC      fs/ext4/xattr_user.o
  CC      drivers/mtd/spi-nor/winbond.o
  CC      drivers/input/input-mt.o
  CC      drivers/usb/core/devio.o
  CC      drivers/input/input-poller.o
  CC      drivers/usb/host/ohci-hcd.o
  CC      fs/ext4/fast_commit.o
  CC      drivers/net/ethernet/intel/e1000e/80003es2lan.o
  CC      drivers/net/phy/mdio_devres.o
  CC      fs/nfs/nfsroot.o
  CC      kernel/bpf/cnum.o
  CC      kernel/bpf/log.o
  CC      drivers/input/ff-core.o
  CC      kernel/trace/error_report-traces.o
  CC      drivers/rtc/lib.o
  CC      drivers/mtd/spi-nor/xmc.o
  CC      drivers/net/ethernet/intel/e1000e/mac.o
  CC      drivers/net/net_failover.o
  CC      drivers/net/phy/phy_package.o
  CC      fs/lockd/svcproc.o
  CC      drivers/net/ethernet/intel/e1000e/manage.o
  CC      drivers/input/touchscreen.o
  CC      drivers/net/ethernet/intel/e1000e/nvm.o
  CC      drivers/rtc/class.o
  CC      drivers/mtd/spi-nor/debugfs.o
  CC      fs/nfs/sysctl.o
  CC      kernel/trace/power-traces.o
  CC      kernel/trace/rpm-traces.o
  CC      drivers/net/phy/fixed_phy.o
  CC      drivers/input/touch-overlay.o
  CC      drivers/usb/core/notify.o
  CC      kernel/bpf/token.o
  CC      kernel/bpf/liveness.o
  CC      fs/lockd/svcsubs.o
  CC      drivers/usb/host/ohci-pci.o
  CC      kernel/trace/trace_dynevent.o
  CC      fs/ext4/orphan.o
  CC      kernel/trace/trace_probe.o
  CC      drivers/rtc/interface.o
  AR      drivers/mtd/spi-nor/built-in.a
  AR      drivers/mtd/built-in.a
  CC      fs/ext4/acl.o
  CC      drivers/net/ethernet/intel/e1000e/phy.o
  CC      drivers/input/vivaldi-fmap.o
  CC      drivers/usb/core/generic.o
  CC      fs/nfs/nfs3super.o
  CC      drivers/rtc/nvmem.o
  CC      drivers/usb/host/ohci-platform.o
  CC      kernel/bpf/const_fold.o
  CC      drivers/net/ethernet/intel/e1000e/param.o
  CC      drivers/net/phy/micrel.o
  CC      drivers/net/phy/mscc/mscc_main.o
  CC      drivers/usb/core/quirks.o
  CC      drivers/input/mousedev.o
  CC      fs/ext4/xattr_security.o
  CC      fs/lockd/mon.o
  CC      drivers/net/phy/mscc/mscc_serdes.o
  CC      kernel/configs.o
  CC      kernel/trace/trace_uprobe.o
  CC      drivers/rtc/dev.o
  CC      drivers/usb/host/xhci.o
  CC      fs/nfs/nfs3client.o
  CC      drivers/usb/core/devices.o
  CC      drivers/i2c/i2c-boardinfo.o
  CC      drivers/input/evdev.o
  CC      drivers/rtc/proc.o
  CC      drivers/i2c/i2c-core-base.o
  CC      kernel/bpf/bpf_iter.o
  AR      fs/ext4/built-in.a
  CC      drivers/net/ethernet/intel/e1000e/ethtool.o
  CC      drivers/i2c/i2c-core-smbus.o
  CC      drivers/i2c/i2c-core-acpi.o
  CC      fs/lockd/trace.o
  CC      fs/nfs/nfs3proc.o
  CC      drivers/rtc/sysfs.o
  AR      drivers/net/phy/mscc/built-in.a
  CC      kernel/bpf/map_iter.o
  CC      drivers/usb/core/phy.o
  CC      drivers/usb/core/port.o
  CC      drivers/usb/core/trace.o
  CC      drivers/net/phy/motorcomm.o
  CC      drivers/input/keyboard/atkbd.o
  CC      fs/lockd/netlink.o
  AR      kernel/trace/built-in.a
  CC      drivers/usb/core/of.o
  CC      drivers/i2c/i2c-core-of.o
  CC      drivers/rtc/rtc-goldfish.o
  CC      drivers/usb/storage/uas.o
  CC      fs/autofs/init.o
  CC      drivers/usb/storage/scsiglue.o
  CC      drivers/input/keyboard/gpio_keys.o
  CC      kernel/bpf/task_iter.o
  CC      drivers/net/ethernet/intel/e1000e/netdev.o
  CC      drivers/usb/storage/protocol.o
  CC      drivers/usb/storage/transport.o
  CC      fs/nfs/nfs3xdr.o
  CC      drivers/usb/host/xhci-mem.o
  CC      drivers/usb/host/xhci-ext-caps.o
  CC      drivers/usb/core/hcd-pci.o
  CC      fs/lockd/nlm3xdr_gen.o
  CC      drivers/rtc/rtc-spacemit-p1.o
  CC      drivers/i2c/busses/i2c-designware-common.o
  CC      fs/autofs/inode.o
  CC      drivers/net/ethernet/intel/e1000e/ptp.o
  CC      drivers/usb/host/xhci-ring.o
  CC      fs/lockd/clnt4xdr.o
  AR      drivers/input/keyboard/built-in.a
  CC      drivers/input/mouse/psmouse-base.o
  CC      drivers/net/phy/realtek/realtek_main.o
  CC      drivers/usb/storage/usb.o
  CC      fs/autofs/root.o
  CC      drivers/rtc/rtc-sun6i.o
  CC      drivers/usb/core/usb-acpi.o
  CC      kernel/bpf/prog_iter.o
  CC      drivers/i2c/busses/i2c-designware-master.o
  CC      drivers/usb/host/xhci-hub.o
  AR      drivers/media/platform/amd/isp4/built-in.a
  AR      drivers/media/platform/amd/built-in.a
  CC      fs/autofs/symlink.o
  CC      fs/autofs/waitq.o
  CC      fs/nfs/nfs4proc.o
  CC      fs/lockd/svc4proc.o
  AR      drivers/usb/core/built-in.a
  CC      drivers/usb/storage/initializers.o
  CC      fs/9p/vfs_super.o
  AR      drivers/rtc/built-in.a
  CC      drivers/input/mouse/synaptics.o
  CC      fs/9p/vfs_inode.o
  CC      kernel/bpf/link_iter.o
  CC      drivers/i2c/busses/i2c-designware-platdrv.o
  AR      drivers/media/platform/built-in.a
  CC      fs/nfs/nfs4xdr.o
  CC      fs/lockd/nlm4xdr_gen.o
  AR      drivers/net/phy/realtek/built-in.a
  AR      drivers/net/phy/built-in.a
  AR      drivers/media/built-in.a
  CC      fs/lockd/procfs.o
  CC      fs/9p/vfs_inode_dotl.o
  CC      drivers/i2c/busses/i2c-k1.o
  CC      drivers/usb/storage/sierra_ms.o
  CC      fs/autofs/expire.o
  CC      drivers/usb/storage/option_ms.o
  CC      drivers/usb/host/xhci-dbg.o
  AR      drivers/net/ethernet/intel/e1000e/built-in.a
  AR      drivers/net/ethernet/intel/built-in.a
  CC      drivers/usb/host/xhci-trace.o
  CC      kernel/bpf/hashtab.o
  CC      drivers/usb/host/xhci-debugfs.o
  CC      drivers/net/ethernet/realtek/r8169_main.o
  CC      drivers/input/mouse/focaltech.o
  CC      fs/debugfs/inode.o
  CC      drivers/usb/host/xhci-pci.o
  CC      drivers/net/ethernet/realtek/r8169_firmware.o
  AR      drivers/i2c/busses/built-in.a
  AR      drivers/i2c/built-in.a
  CC      fs/autofs/dev-ioctl.o
  CC      fs/9p/vfs_addr.o
  CC      drivers/usb/storage/usual-tables.o
  CC      drivers/usb/gadget/udc/core.o
  CC      drivers/power/reset/gpio-restart.o
  AR      fs/lockd/built-in.a
  CC      drivers/net/ethernet/realtek/r8169_phy_config.o
  CC      drivers/input/mouse/alps.o
  CC      drivers/input/mouse/byd.o
  CC      drivers/power/reset/spacemit-p1-reboot.o
  CC      fs/debugfs/file.o
  CC      drivers/input/mouse/logips2pp.o
  AR      drivers/usb/storage/built-in.a
  CC      fs/nfs/nfs4state.o
  CC      kernel/bpf/arraymap.o
  AR      fs/autofs/built-in.a
  CC      drivers/usb/host/xhci-plat.o
  CC      fs/9p/vfs_file.o
  CC      kernel/bpf/percpu_freelist.o
  CC      drivers/usb/gadget/udc/trace.o
  CC      drivers/power/reset/syscon-reboot.o
  CC      drivers/power/sequencing/core.o
  CC      drivers/power/reset/syscon-poweroff.o
  CC      kernel/bpf/bpf_lru_list.o
  CC      drivers/input/mouse/trackpoint.o
  CC      fs/tracefs/inode.o
  CC      fs/9p/vfs_dir.o
  AR      fs/debugfs/built-in.a
  CC      fs/tracefs/event_inode.o
  AR      drivers/usb/host/built-in.a
  CC      drivers/input/mouse/cypress_ps2.o
  CC      drivers/power/supply/power_supply_core.o
  CC      kernel/bpf/lpm_trie.o
  AR      drivers/power/reset/built-in.a
  CC      kernel/bpf/map_in_map.o
  AR      drivers/power/sequencing/built-in.a
  CC      drivers/power/supply/power_supply_sysfs.o
  CC      fs/9p/vfs_dentry.o
  CC      drivers/input/mouse/psmouse-smbus.o
  AR      drivers/usb/gadget/udc/built-in.a
  CC      drivers/hwmon/hwmon.o
  AR      drivers/usb/gadget/built-in.a
  AR      drivers/usb/built-in.a
  CC      kernel/bpf/bloom_filter.o
  AR      drivers/net/ethernet/realtek/built-in.a
  CC      fs/nfs/nfs4renewd.o
  CC      drivers/power/supply/power_supply_hwmon.o
  AR      drivers/net/ethernet/built-in.a
  CC      fs/9p/v9fs.o
  AR      drivers/net/built-in.a
  CC      fs/9p/fid.o
  CC      drivers/thermal/thermal_core.o
  CC      drivers/watchdog/watchdog_core.o
  CC      drivers/thermal/thermal_sysfs.o
  AR      fs/tracefs/built-in.a
  CC      kernel/bpf/local_storage.o
  CC      fs/nfs/nfs4super.o
  CC      drivers/md/dm-builtin.o
  CC      kernel/bpf/queue_stack_maps.o
  CC      drivers/thermal/thermal_trip.o
  AR      drivers/input/mouse/built-in.a
  AR      drivers/input/built-in.a
  AR      drivers/power/supply/built-in.a
  CC      drivers/thermal/thermal_helpers.o
  AR      drivers/power/built-in.a
  CC      drivers/opp/core.o
  CC      fs/9p/xattr.o
  CC      drivers/cpufreq/cpufreq.o
  CC      drivers/cpufreq/freq_table.o
  CC      drivers/opp/cpu.o
  CC      drivers/watchdog/watchdog_dev.o
  CC      drivers/thermal/thermal_thresholds.o
  AR      drivers/hwmon/built-in.a
  CC      drivers/cpuidle/cpuidle.o
  CC      drivers/cpuidle/driver.o
  CC      drivers/watchdog/sunxi_wdt.o
  AR      drivers/md/built-in.a
  CC      drivers/cpuidle/governor.o
  CC      drivers/cpufreq/cpufreq_stats.o
  CC      drivers/mmc/core/core.o
  AR      fs/9p/built-in.a
  CC      fs/nfs/nfs4file.o
  CC      kernel/bpf/ringbuf.o
  CC      drivers/mmc/host/sdhci.o
  CC      drivers/mmc/host/mmc_spi.o
  CC      drivers/watchdog/starfive-wdt.o
  CC      fs/nfs/delegation.o
  CC      drivers/thermal/thermal_hwmon.o
  CC      drivers/cpuidle/sysfs.o
  CC      fs/nfs/nfs4idmap.o
  CC      drivers/mmc/core/bus.o
  CC      kernel/bpf/bpf_insn_array.o
  CC      drivers/cpuidle/governors/menu.o
  CC      drivers/opp/of.o
  CC      drivers/mmc/core/host.o
  CC      drivers/watchdog/softdog.o
  CC      drivers/thermal/thermal_of.o
  CC      drivers/cpufreq/cpufreq_performance.o
  AR      drivers/cpuidle/governors/built-in.a
  CC      drivers/opp/debugfs.o
  CC      drivers/cpuidle/dt_idle_states.o
  CC      drivers/firmware/dmi_scan.o
  CC      drivers/cpufreq/cpufreq_userspace.o
  CC      drivers/mmc/core/mmc.o
  CC      kernel/bpf/bpf_local_storage.o
  CC      drivers/mmc/core/mmc_ops.o
  AR      drivers/watchdog/built-in.a
  CC      drivers/clocksource/timer-of.o
  CC      drivers/cpufreq/cpufreq_ondemand.o
  CC      drivers/thermal/gov_step_wise.o
  CC      drivers/clocksource/timer-probe.o
  CC      drivers/firmware/dmi-id.o
  AR      drivers/opp/built-in.a
  CC      drivers/mmc/host/of_mmc_spi.o
  CC      drivers/hid/hid-core.o
  CC      drivers/cpuidle/dt_idle_genpd.o
  CC      drivers/cpuidle/cpuidle-riscv-sbi.o
  CC      drivers/of/base.o
  CC      fs/nfs/callback.o
  CC      fs/nfs/callback_xdr.o
  CC      drivers/thermal/cpufreq_cooling.o
  CC      kernel/bpf/bpf_task_storage.o
  CC      drivers/clocksource/mmio.o
  CC      drivers/firmware/efi/efi.o
  CC      drivers/mmc/core/sd.o
  CC      kernel/bpf/fixups.o
  CC      drivers/cpufreq/cpufreq_governor.o
  CC      kernel/bpf/cfg.o
  CC      drivers/mmc/host/dw_mmc.o
  CC      drivers/mmc/core/sd_ops.o
  AR      drivers/cpuidle/built-in.a
  CC      drivers/mmc/core/sdio.o
  CC      drivers/clocksource/timer-sun4i.o
  CC      drivers/of/cpu.o
  CC      drivers/thermal/devfreq_cooling.o
  CC      drivers/hid/hid-input.o
  CC      fs/nfs/callback_proc.o
  CC      drivers/of/device.o
  CC      drivers/cpufreq/cpufreq_governor_attr_set.o
  CC      drivers/mmc/core/sdio_ops.o
  CC      drivers/clocksource/dummy_timer.o
  CC      drivers/mmc/core/sdio_bus.o
  CC      fs/nfs/nfs4namespace.o
  CC      drivers/firmware/efi/vars.o
  CC      drivers/mmc/core/sdio_cis.o
  AR      drivers/thermal/spacemit/built-in.a
  AR      drivers/thermal/built-in.a
  CC      kernel/bpf/states.o
  CC      drivers/firmware/efi/reboot.o
  CC      drivers/mailbox/mailbox.o
  CC      drivers/rpmsg/rpmsg_core.o
  CC      drivers/clocksource/timer-riscv.o
  CC      drivers/cpufreq/cpufreq-dt.o
  CC      drivers/mmc/host/dw_mmc-pltfm.o
  CC      drivers/of/module.o
  CC      drivers/of/platform.o
  CC      kernel/bpf/backtrack.o
  CC      drivers/mmc/host/dw_mmc-starfive.o
  CC      drivers/cpufreq/cpufreq-dt-platdev.o
  CC      drivers/mmc/core/sdio_io.o
  CC      drivers/firmware/efi/memattr.o
  CC      drivers/mailbox/pcc.o
  CC      drivers/rpmsg/rpmsg_char.o
  CC      drivers/rpmsg/rpmsg_ctrl.o
  CC      drivers/mmc/core/sdio_irq.o
  CC      fs/nfs/nfs4getroot.o
  CC      drivers/hid/hid-quirks.o
  AR      drivers/clocksource/built-in.a
  CC      drivers/mmc/core/sd_uhs2.o
  CC      drivers/firmware/efi/tpm.o
  AR      drivers/cpufreq/built-in.a
  CC      drivers/mailbox/sun6i-msgbox.o
  CC      drivers/mailbox/riscv-sbi-mpxy-mbox.o
  CC      drivers/of/property.o
  CC      drivers/mmc/host/sunxi-mmc.o
  CC      drivers/rpmsg/rpmsg_ns.o
  CC      drivers/hid/hid-debug.o
  CC      drivers/hid/hid-generic.o
  CC      drivers/hid/usbhid/hid-core.o
  CC      fs/nfs/nfs4client.o
  CC      kernel/bpf/check_btf.o
  CC      drivers/mmc/host/sdhci-pltfm.o
  CC      drivers/mmc/host/sdhci-cadence.o
  CC      drivers/firmware/efi/memmap.o
  CC      kernel/bpf/disasm.o
  CC      drivers/rpmsg/virtio_rpmsg_bus.o
  CC      drivers/mmc/core/slot-gpio.o
  CC      drivers/mmc/host/sdhci-of-dwcmshc.o
  CC      drivers/mmc/core/regulator.o
  AR      drivers/mailbox/built-in.a
  CC      drivers/mmc/core/pwrseq.o
  CC      drivers/mmc/core/debugfs.o
  CC      drivers/of/kobj.o
  CC      drivers/mmc/core/pwrseq_simple.o
  CC      fs/nfs/nfs4session.o
  CC      kernel/bpf/mprog.o
  CC      drivers/firmware/efi/fdtparams.o
  CC      drivers/of/fdt.o
  CC      drivers/devfreq/devfreq.o
  CC      fs/nfs/dns_resolve.o
  CC      drivers/mmc/core/pwrseq_emmc.o
  AR      drivers/rpmsg/built-in.a
  CC      drivers/extcon/extcon.o
  CC      drivers/extcon/devres.o
  AR      drivers/hid/usbhid/built-in.a
  AR      drivers/hid/built-in.a
  CC      fs/nfs/nfs4trace.o
  CC      drivers/iio/industrialio-core.o
  CC      drivers/mmc/host/sdhci-of-k1.o
  CC      drivers/perf/riscv_pmu.o
  CC      drivers/iio/industrialio-event.o
  CC      fs/nfs/pnfs.o
  CC      drivers/firmware/efi/esrt.o
  CC      kernel/bpf/btf.o
  CC      drivers/mmc/core/block.o
  CC      drivers/iio/inkern.o
  AS      drivers/of/empty_root.dtb.o
  CC      drivers/iio/industrialio-acpi.o
  CC      drivers/of/fdt_address.o
  AR      drivers/extcon/built-in.a
  CC      drivers/mmc/core/queue.o
  CC      drivers/perf/riscv_pmu_legacy.o
  CC      drivers/mmc/host/cqhci-core.o
  CC      drivers/firmware/efi/runtime-wrappers.o
  CC      kernel/bpf/memalloc.o
  CC      drivers/of/address.o
  AR      drivers/devfreq/built-in.a
  CC      fs/nfs/pnfs_dev.o
  CC      kernel/bpf/rqspinlock.o
  CC      drivers/firmware/efi/efi-init.o
  CC      kernel/bpf/stream.o
  CC      drivers/of/irq.o
  CC      fs/nfs/pnfs_nfs.o
  CC      drivers/perf/riscv_pmu_sbi.o
  CC      drivers/firmware/efi/riscv-runtime.o
  AR      drivers/iio/built-in.a
  CC      drivers/firmware/efi/earlycon.o
  AR      drivers/mmc/host/built-in.a
  CC      kernel/bpf/arena.o
  AR      drivers/mmc/core/built-in.a
  AR      drivers/mmc/built-in.a
  CC      drivers/of/of_reserved_mem.o
  CC      fs/nfs/nfs4sysctl.o
  CC      kernel/bpf/range_tree.o
  CC      drivers/firmware/efi/libstub/alignedmem.o
  CC      kernel/bpf/devmap.o
  CC      drivers/firmware/efi/libstub/efi-stub-entry.o
  CC      fs/nfs/nfs40client.o
  CC      drivers/firmware/efi/libstub/efi-stub-helper.o
  CC      kernel/bpf/cpumap.o
  CC      drivers/firmware/efi/libstub/efi-stub.o
  CC      drivers/nvmem/core.o
  AR      drivers/of/built-in.a
  AR      drivers/firmware/efi/built-in.a
  CC      drivers/nvmem/layouts.o
  CC      drivers/nvmem/layouts/fixed-layout.o
  AR      drivers/perf/built-in.a
  CC      kernel/bpf/offload.o
  CC      kernel/bpf/net_namespace.o
  CC      drivers/firmware/efi/libstub/fdt.o
  CC      drivers/firmware/efi/libstub/file.o
  CC      drivers/nvmem/sunxi_sid.o
  CC      drivers/firmware/efi/libstub/gop.o
  CC      kernel/bpf/tcx.o
  CC      fs/nfs/nfs40proc.o
  CC      drivers/firmware/efi/libstub/intrinsics.o
  CC      fs/nfs/nfs42proc.o
  AR      drivers/nvmem/layouts/built-in.a
  CC      drivers/firmware/efi/libstub/kaslr.o
  CC      fs/nfs/nfs42xattr.o
  CC      drivers/firmware/efi/libstub/lib-cmdline.o
  AR      drivers/nvmem/built-in.a
  CC      kernel/bpf/stackmap.o
  CC      fs/nfs/filelayout/filelayout.o
  CC      fs/nfs/flexfilelayout/flexfilelayout.o
  CC      fs/nfs/flexfilelayout/flexfilelayoutdev.o
  CC      kernel/bpf/cgroup_iter.o
  CC      fs/nfs/filelayout/filelayoutdev.o
  CC      kernel/bpf/bpf_cgrp_storage.o
  CC      drivers/firmware/efi/libstub/lib-ctype.o
  CC      kernel/bpf/cgroup.o
  CC      drivers/firmware/efi/libstub/lib-fdt.o
  CC      kernel/bpf/reuseport_array.o
  CC      drivers/firmware/efi/libstub/lib-fdt_empty_tree.o
  CC      drivers/firmware/efi/libstub/lib-fdt_ro.o
  CC      kernel/bpf/crypto.o
  CC      drivers/firmware/efi/libstub/lib-fdt_rw.o
  CC      drivers/firmware/efi/libstub/lib-fdt_sw.o
  CC      kernel/bpf/relo_core.o
  CC      drivers/firmware/efi/libstub/lib-fdt_wip.o
  CC      drivers/firmware/efi/libstub/mem.o
  CC      drivers/firmware/efi/libstub/pci.o
  CC      kernel/bpf/btf_iter.o
  CC      kernel/bpf/btf_relocate.o
  CC      drivers/firmware/efi/libstub/primary_display.o
  CC      kernel/bpf/kmem_cache_iter.o
  CC      drivers/firmware/efi/libstub/printk.o
  CC      kernel/bpf/dmabuf_iter.o
  CC      drivers/firmware/efi/libstub/random.o
  CC      drivers/firmware/efi/libstub/randomalloc.o
  CC      drivers/firmware/efi/libstub/riscv-stub.o
  CC      drivers/firmware/efi/libstub/riscv.o
  CC      drivers/firmware/efi/libstub/secureboot.o
  AR      fs/nfs/filelayout/built-in.a
  CC      drivers/firmware/efi/libstub/skip_spaces.o
  CC      drivers/firmware/efi/libstub/string.o
  CC      drivers/firmware/efi/libstub/systable.o
  CC      drivers/firmware/efi/libstub/tpm.o
  CC      drivers/firmware/efi/libstub/vsprintf.o
  STUBCPY drivers/firmware/efi/libstub/alignedmem.stub.o
  STUBCPY drivers/firmware/efi/libstub/efi-stub-entry.stub.o
  STUBCPY drivers/firmware/efi/libstub/efi-stub-helper.stub.o
  STUBCPY drivers/firmware/efi/libstub/efi-stub.stub.o
  STUBCPY drivers/firmware/efi/libstub/fdt.stub.o
  STUBCPY drivers/firmware/efi/libstub/file.stub.o
  STUBCPY drivers/firmware/efi/libstub/gop.stub.o
  STUBCPY drivers/firmware/efi/libstub/intrinsics.stub.o
  STUBCPY drivers/firmware/efi/libstub/kaslr.stub.o
  STUBCPY drivers/firmware/efi/libstub/lib-cmdline.stub.o
  STUBCPY drivers/firmware/efi/libstub/lib-ctype.stub.o
  STUBCPY drivers/firmware/efi/libstub/lib-fdt.stub.o
  STUBCPY drivers/firmware/efi/libstub/lib-fdt_empty_tree.stub.o
  STUBCPY drivers/firmware/efi/libstub/lib-fdt_ro.stub.o
  STUBCPY drivers/firmware/efi/libstub/lib-fdt_rw.stub.o
  STUBCPY drivers/firmware/efi/libstub/lib-fdt_sw.stub.o
  STUBCPY drivers/firmware/efi/libstub/lib-fdt_wip.stub.o
  STUBCPY drivers/firmware/efi/libstub/mem.stub.o
  STUBCPY drivers/firmware/efi/libstub/pci.stub.o
  STUBCPY drivers/firmware/efi/libstub/primary_display.stub.o
  STUBCPY drivers/firmware/efi/libstub/skip_spaces.stub.o
  STUBCPY drivers/firmware/efi/libstub/string.stub.o
  STUBCPY drivers/firmware/efi/libstub/vsprintf.stub.o
  STUBCPY drivers/firmware/efi/libstub/printk.stub.o
  STUBCPY drivers/firmware/efi/libstub/random.stub.o
  AR      fs/nfs/flexfilelayout/built-in.a
  AR      kernel/bpf/built-in.a
  AR      fs/nfs/built-in.a
  STUBCPY drivers/firmware/efi/libstub/randomalloc.stub.o
  AR      kernel/built-in.a
  AR      fs/built-in.a
  STUBCPY drivers/firmware/efi/libstub/riscv-stub.stub.o
  STUBCPY drivers/firmware/efi/libstub/riscv.stub.o
  STUBCPY drivers/firmware/efi/libstub/secureboot.stub.o
  STUBCPY drivers/firmware/efi/libstub/systable.stub.o
  STUBCPY drivers/firmware/efi/libstub/tpm.stub.o
  AR      drivers/firmware/efi/libstub/lib.a
  AR      drivers/firmware/built-in.a
  AR      drivers/built-in.a
  AR      built-in.a
  AR      built-in-fixup.a
  COPY    vmlinux.a
  LD      vmlinux.o
  MODPOST vmlinux.symvers
  CC      .vmlinux.export.o
  UPD     include/generated/utsversion.h
  CC      init/version-timestamp.o
  KSYMS   .tmp_vmlinux0.kallsyms.S
  AS      .tmp_vmlinux0.kallsyms.o
  LD      .tmp_vmlinux1
  NM      .tmp_vmlinux1.syms
  KSYMS   .tmp_vmlinux1.kallsyms.S
  AS      .tmp_vmlinux1.kallsyms.o
  LD      .tmp_vmlinux2
  NM      .tmp_vmlinux2.syms
  KSYMS   .tmp_vmlinux2.kallsyms.S
  AS      .tmp_vmlinux2.kallsyms.o
  LD      vmlinux.unstripped
  NM      System.map
  SORTTAB vmlinux.unstripped
  OBJCOPY vmlinux
  GEN     modules.builtin.modinfo
  GEN     modules.builtin
  OBJCOPY arch/riscv/boot/Image
  Kernel: arch/riscv/boot/Image is ready
make[4]: Leaving directory '/home/benni/git/kernel-test-stable-rc/build/defconfig-riscv'
make[3]: Leaving directory '/home/benni/git/linux-stable-rc'
