make[2]: Entering directory '/home/benni/git/linux'
make[3]: Entering directory '/home/benni/git/kernel-test/build/allmodconfig-arm64'
#
# No change to .config
#
make[3]: Leaving directory '/home/benni/git/kernel-test/build/allmodconfig-arm64'
make[2]: Leaving directory '/home/benni/git/linux'
make[2]: Entering directory '/home/benni/git/linux'
make[3]: Entering directory '/home/benni/git/kernel-test/build/allmodconfig-arm64'
  GEN     usr/initramfs_data.cpio
  UPD     init/utsversion-tmp.h
  CC      init/version.o
  COPY    usr/initramfs_inc_data
  AS      usr/initramfs_data.o
  AR      usr/built-in.a
  CC      security/landlock/fs.o
  CC      security/landlock/tsync.o
  CC      security/landlock/net.o
  AR      init/built-in.a
  CC      security/landlock/id.o
  CC      security/landlock/audit.o
  CC      security/integrity/iint.o
  CC      security/landlock/domain.o
  GEN     kernel/kheaders_data.tar.xz
  CC      security/integrity/integrity_audit.o
  CC      security/integrity/digsig.o
  CC      security/integrity/digsig_asymmetric.o
  CC      security/integrity/platform_certs/platform_keyring.o
/home/benni/git/linux/security/landlock/fs.c: In function 'is_access_to_paths_allowed':
/home/benni/git/linux/security/landlock/fs.c:767:28: error: '_layer_masks_child1' is used uninitialized [-Werror=uninitialized]
  767 |         struct layer_masks _layer_masks_child1, _layer_masks_child2;
      |                            ^~~~~~~~~~~~~~~~~~~
/home/benni/git/linux/security/landlock/fs.c:767:28: note: '_layer_masks_child1' declared here
  767 |         struct layer_masks _layer_masks_child1, _layer_masks_child2;
      |                            ^~~~~~~~~~~~~~~~~~~
/home/benni/git/linux/security/landlock/fs.c:767:49: error: '_layer_masks_child2' is used uninitialized [-Werror=uninitialized]
  767 |         struct layer_masks _layer_masks_child1, _layer_masks_child2;
      |                                                 ^~~~~~~~~~~~~~~~~~~
/home/benni/git/linux/security/landlock/fs.c:767:49: note: '_layer_masks_child2' declared here
  767 |         struct layer_masks _layer_masks_child1, _layer_masks_child2;
      |                                                 ^~~~~~~~~~~~~~~~~~~
/home/benni/git/linux/security/landlock/fs.c: In function 'hook_unix_find':
/home/benni/git/linux/security/landlock/fs.c:1649:28: error: 'layer_masks' is used uninitialized [-Werror=uninitialized]
 1649 |         struct layer_masks layer_masks;
      |                            ^~~~~~~~~~~
/home/benni/git/linux/security/landlock/fs.c:1649:28: note: 'layer_masks' declared here
 1649 |         struct layer_masks layer_masks;
      |                            ^~~~~~~~~~~
cc1: all warnings being treated as errors
  CC      security/integrity/platform_certs/machine_keyring.o
make[7]: *** [/home/benni/git/linux/scripts/Makefile.build:289: security/landlock/fs.o] Error 1
make[6]: *** [/home/benni/git/linux/scripts/Makefile.build:549: security/landlock] Error 2
make[6]: *** Waiting for unfinished jobs....
  CC      security/integrity/platform_certs/efi_parser.o
  CC      security/integrity/platform_certs/load_uefi.o
  CC      security/integrity/platform_certs/keyring_handler.o
  CC      security/integrity/efi_secureboot.o
  CC      security/integrity/ima/ima_fs.o
  CC      security/integrity/evm/evm_main.o
  CC      security/integrity/ima/ima_queue.o
  CC      security/integrity/ima/ima_init.o
  CC      security/integrity/evm/evm_crypto.o
  CC      security/integrity/ima/ima_main.o
  CC      security/integrity/evm/evm_secfs.o
  CC      security/integrity/ima/ima_crypto.o
  CC      security/integrity/evm/evm_posix_acl.o
  CC      security/integrity/ima/ima_api.o
  CC      security/integrity/ima/ima_policy.o
  AR      security/integrity/evm/built-in.a
  CC      security/integrity/ima/ima_template.o
  CC      security/integrity/ima/ima_template_lib.o
  CC      security/integrity/ima/ima_appraise.o
  CC      security/integrity/ima/ima_modsig.o
  CC      security/integrity/ima/ima_kexec.o
  CC      security/integrity/ima/ima_mok.o
  CC      security/integrity/ima/ima_asymmetric_keys.o
  CC      security/integrity/ima/ima_queue_keys.o
  CC      security/integrity/ima/ima_efi.o
  CC      security/integrity/ima/ima_iint.o
  AR      security/integrity/ima/built-in.a
  AR      security/integrity/built-in.a
make[5]: *** [/home/benni/git/linux/scripts/Makefile.build:549: security] Error 2
make[5]: *** Waiting for unfinished jobs....
  CC [M]  drivers/gpu/drm/amd/amdgpu/../display/dc/dce/dce_dmcu.o
  CC [M]  drivers/gpu/drm/amd/amdgpu/../display/dc/dce/dce_abm.o
  CC [M]  drivers/gpu/drm/amd/amdgpu/../display/dc/dce/dce_ipp.o
  CC [M]  drivers/gpu/drm/amd/amdgpu/../display/dc/dce/dce_aux.o
  CC [M]  drivers/gpu/drm/amd/amdgpu/../display/dc/dce/dce_i2c.o
  CC [M]  drivers/gpu/drm/amd/amdgpu/../display/dc/dce/dce_i2c_hw.o
  CC [M]  drivers/gpu/drm/amd/amdgpu/../display/dc/dce/dce_i2c_sw.o
  CC [M]  drivers/net/ethernet/myricom/myri10ge/myri10ge.o
  CC [M]  drivers/net/ethernet/natsemi/natsemi.o
  CC [M]  drivers/gpu/drm/amd/amdgpu/../display/dc/dce/dmub_psr.o
  CC [M]  drivers/net/ethernet/natsemi/ns83820.o
  AR      drivers/net/ethernet/netronome/built-in.a
  CC [M]  drivers/net/ethernet/netronome/nfp/nfpcore/nfp6000_pcie.o
  LD [M]  drivers/gpu/drm/nouveau/ch7006.o
  LD [M]  drivers/gpu/drm/nouveau/sil164.o
  CC [M]  drivers/gpu/drm/amd/amdgpu/../display/dc/dce/dmub_abm.o
  CC [M]  drivers/gpu/drm/amd/amdgpu/../display/dc/dce/dmub_abm_lcd.o
  CC [M]  drivers/gpu/drm/amd/amdgpu/../display/dc/dce/dce_panel_cntl.o
  CC [M]  drivers/gpu/drm/nouveau/nvkm/engine/gr/g84.o
  CC [M]  drivers/gpu/drm/nouveau/nvkm/engine/gr/gt200.o
  CC [M]  drivers/net/ethernet/netronome/nfp/nfpcore/nfp_cppcore.o
  CC [M]  drivers/net/ethernet/netronome/nfp/nfpcore/nfp_cpplib.o
  CC [M]  drivers/gpu/drm/nouveau/nvkm/engine/gr/mcp79.o
  CC [M]  drivers/net/ethernet/netronome/nfp/nfpcore/nfp_dev.o
  CC [M]  drivers/gpu/drm/nouveau/nvkm/engine/gr/gt215.o
  AR      drivers/net/ethernet/ni/built-in.a
  CC [M]  drivers/gpu/drm/nouveau/nvkm/engine/gr/mcp89.o
  CC [M]  drivers/net/ethernet/ni/nixge.o
  CC [M]  drivers/gpu/drm/nouveau/nvkm/engine/gr/gf100.o
  AR      drivers/net/ethernet/nvidia/built-in.a
  CC [M]  drivers/net/ethernet/nvidia/forcedeth.o
  AR      drivers/net/ethernet/oki-semi/built-in.a
  CC [M]  drivers/net/ethernet/oki-semi/pch_gbe/pch_gbe_phy.o
  CC [M]  drivers/gpu/drm/amd/amdgpu/../display/dc/dce/dmub_hw_lock_mgr.o
  AR      drivers/net/ethernet/qlogic/built-in.a
  CC [M]  drivers/net/ethernet/qlogic/qla3xxx.o
  CC [M]  drivers/net/ethernet/oki-semi/pch_gbe/pch_gbe_ethtool.o
  CC [M]  drivers/gpu/drm/nouveau/nvkm/engine/gr/gf104.o
  CC [M]  drivers/net/ethernet/netronome/nfp/nfpcore/nfp_hwinfo.o
  CC [M]  drivers/net/ethernet/netronome/nfp/nfpcore/nfp_mip.o
  CC [M]  drivers/net/ethernet/oki-semi/pch_gbe/pch_gbe_param.o
  CC [M]  drivers/net/ethernet/oki-semi/pch_gbe/pch_gbe_main.o
  CC [M]  drivers/net/ethernet/netronome/nfp/nfpcore/nfp_mutex.o
  CC [M]  drivers/gpu/drm/amd/amdgpu/../display/dc/dce/dmub_outbox.o
  CC [M]  drivers/gpu/drm/nouveau/nvkm/engine/gr/gf108.o
  CC [M]  drivers/net/ethernet/qlogic/qlcnic/qlcnic_hw.o
  CC [M]  drivers/net/ethernet/qlogic/qlcnic/qlcnic_main.o
  CC [M]  drivers/net/ethernet/qlogic/qlcnic/qlcnic_init.o
  CC [M]  drivers/net/ethernet/netronome/nfp/nfpcore/nfp_nffw.o
In file included from /home/benni/git/linux/include/linux/io.h:12,
                 from /home/benni/git/linux/include/linux/irq.h:20,
                 from /home/benni/git/linux/include/asm-generic/hardirq.h:17,
                 from /home/benni/git/linux/arch/arm64/include/asm/hardirq.h:17,
                 from /home/benni/git/linux/include/linux/hardirq.h:11,
                 from /home/benni/git/linux/include/linux/interrupt.h:11,
                 from /home/benni/git/linux/include/linux/trace_recursion.h:5,
                 from /home/benni/git/linux/include/linux/ftrace.h:10,
                 from /home/benni/git/linux/include/linux/kprobes.h:28,
                 from /home/benni/git/linux/include/linux/kgdb.h:17,
                 from /home/benni/git/linux/arch/arm64/include/asm/cacheflush.h:11,
                 from /home/benni/git/linux/include/linux/cacheflush.h:5,
                 from /home/benni/git/linux/include/linux/highmem.h:8,
                 from /home/benni/git/linux/include/linux/bvec.h:10,
                 from /home/benni/git/linux/include/linux/skbuff.h:17,
                 from /home/benni/git/linux/include/linux/tcp.h:17,
                 from /home/benni/git/linux/drivers/net/ethernet/myricom/myri10ge/myri10ge.c:43:
In function '__const_memcpy_toio_aligned64',
    inlined from '__iowrite64_copy' at /home/benni/git/linux/arch/arm64/include/asm/io.h:252:3,
    inlined from 'myri10ge_dummy_rdma' at /home/benni/git/linux/drivers/net/ethernet/myricom/myri10ge/myri10ge.c:535:2:
/home/benni/git/linux/arch/arm64/include/asm/io.h:209:17: error: '*(const u64 *)(&buf[6])' is used uninitialized [-Werror=uninitialized]
  209 |                 asm volatile("str %x0, [%8, #8 * 0]\n"
      |                 ^~~
/home/benni/git/linux/drivers/net/ethernet/myricom/myri10ge/myri10ge.c: In function 'myri10ge_dummy_rdma':
/home/benni/git/linux/drivers/net/ethernet/myricom/myri10ge/myri10ge.c:511:16: note: '*(const u64 *)(&buf[6])' was declared here
  511 |         __be32 buf[16] __attribute__ ((__aligned__(8)));
      |                ^~~
cc1: all warnings being treated as errors
make[10]: *** [/home/benni/git/linux/scripts/Makefile.build:289: drivers/net/ethernet/myricom/myri10ge/myri10ge.o] Error 1
make[9]: *** [/home/benni/git/linux/scripts/Makefile.build:549: drivers/net/ethernet/myricom/myri10ge] Error 2
make[8]: *** [/home/benni/git/linux/scripts/Makefile.build:549: drivers/net/ethernet/myricom] Error 2
make[8]: *** Waiting for unfinished jobs....
  CC [M]  drivers/net/ethernet/qlogic/qlcnic/qlcnic_ethtool.o
  CC [M]  drivers/net/ethernet/qlogic/netxen/netxen_nic_hw.o
  CC [M]  drivers/gpu/drm/nouveau/nvkm/engine/gr/gf110.o
  CC [M]  drivers/net/ethernet/netronome/nfp/nfpcore/nfp_nsp.o
  CC [M]  drivers/gpu/drm/amd/amdgpu/../display/dc/dce/dmub_replay.o
  CC [M]  drivers/gpu/drm/amd/amdgpu/../display/dc/gpio/gpio_base.o
  CC [M]  drivers/net/ethernet/qlogic/qed/qed_chain.o
  CC [M]  drivers/net/ethernet/qlogic/qed/qed_cxt.o
  CC [M]  drivers/gpu/drm/amd/amdgpu/../display/dc/gpio/gpio_service.o
  CC [M]  drivers/gpu/drm/nouveau/nvkm/engine/gr/gf117.o
  CC [M]  drivers/net/ethernet/qlogic/qede/qede_main.o
  CC [M]  drivers/gpu/drm/amd/amdgpu/../display/dc/gpio/hw_factory.o
  CC [M]  kernel/kheaders.o
  LD [M]  drivers/net/ethernet/oki-semi/pch_gbe/pch_gbe.o
  CC [M]  drivers/net/ethernet/qlogic/qed/qed_dcbx.o
  CC [M]  drivers/gpu/drm/nouveau/nvkm/engine/gr/gf119.o
  CC [M]  drivers/net/ethernet/netronome/nfp/nfpcore/nfp_nsp_cmds.o
  CC [M]  drivers/net/ethernet/qlogic/netxen/netxen_nic_main.o
  CC [M]  drivers/net/ethernet/qlogic/netxen/netxen_nic_init.o
  CC [M]  drivers/net/ethernet/qlogic/qede/qede_fp.o
  CC [M]  drivers/gpu/drm/amd/amdgpu/../display/dc/gpio/hw_gpio.o
  CC [M]  drivers/gpu/drm/nouveau/nvkm/engine/gr/gk104.o
  CC [M]  drivers/gpu/drm/amd/amdgpu/../display/dc/gpio/hw_hpd.o
  CC [M]  drivers/net/ethernet/qlogic/qede/qede_filter.o
  CC [M]  drivers/net/ethernet/netronome/nfp/nfpcore/nfp_nsp_eth.o
  CC [M]  drivers/net/ethernet/qlogic/qlcnic/qlcnic_ctx.o
  CC [M]  drivers/net/ethernet/qlogic/netxen/netxen_nic_ethtool.o
  CC [M]  drivers/net/ethernet/qlogic/qed/qed_debug.o
  CC [M]  drivers/gpu/drm/amd/amdgpu/../display/dc/gpio/hw_ddc.o
  CC [M]  drivers/net/ethernet/qlogic/qlcnic/qlcnic_io.o
  CC [M]  drivers/gpu/drm/nouveau/nvkm/engine/gr/gk110.o
  CC [M]  drivers/net/ethernet/qlogic/qed/qed_dev.o
  CC [M]  drivers/net/ethernet/netronome/nfp/nfpcore/nfp_resource.o
  CC [M]  drivers/gpu/drm/nouveau/nvkm/engine/gr/gk110b.o
  CC [M]  drivers/gpu/drm/amd/amdgpu/../display/dc/gpio/hw_generic.o
  CC [M]  drivers/net/ethernet/qlogic/qed/qed_devlink.o
  CC [M]  drivers/net/ethernet/netronome/nfp/nfpcore/nfp_rtsym.o
  CC [M]  drivers/gpu/drm/nouveau/nvkm/engine/gr/gk208.o
  CC [M]  drivers/net/ethernet/qlogic/qede/qede_ethtool.o
  CC [M]  drivers/gpu/drm/nouveau/nvkm/engine/gr/gk20a.o
  CC [M]  drivers/net/ethernet/qlogic/qed/qed_hw.o
  CC [M]  drivers/net/ethernet/qlogic/netxen/netxen_nic_ctx.o
  CC [M]  drivers/net/ethernet/qlogic/qlcnic/qlcnic_sysfs.o
  CC [M]  drivers/net/ethernet/qlogic/qede/qede_ptp.o
  CC [M]  drivers/net/ethernet/qlogic/qlcnic/qlcnic_minidump.o
  CC [M]  drivers/gpu/drm/amd/amdgpu/../display/dc/gpio/hw_translate.o
  CC [M]  drivers/net/ethernet/netronome/nfp/nfpcore/nfp_target.o
  CC [M]  drivers/net/ethernet/qlogic/qlcnic/qlcnic_83xx_hw.o
  CC [M]  drivers/gpu/drm/amd/amdgpu/../display/dc/gpio/dce60/hw_translate_dce60.o
  CC [M]  drivers/net/ethernet/netronome/nfp/ccm.o
  CC [M]  drivers/net/ethernet/qlogic/qlcnic/qlcnic_83xx_init.o
  CC [M]  drivers/gpu/drm/nouveau/nvkm/engine/gr/gm107.o
  CC [M]  drivers/net/ethernet/qlogic/qed/qed_init_fw_funcs.o
  CC [M]  drivers/gpu/drm/nouveau/nvkm/engine/gr/gm200.o
  CC [M]  drivers/net/ethernet/netronome/nfp/ccm_mbox.o
  LD [M]  drivers/net/ethernet/qlogic/netxen/netxen_nic.o
  CC [M]  drivers/gpu/drm/amd/amdgpu/../display/dc/gpio/dce60/hw_factory_dce60.o
  CC [M]  drivers/gpu/drm/nouveau/nvkm/engine/gr/gm20b.o
  CC [M]  drivers/net/ethernet/netronome/nfp/devlink_param.o
  CC [M]  drivers/net/ethernet/qlogic/qede/qede_dcbnl.o
  CC [M]  drivers/net/ethernet/qlogic/qede/qede_rdma.o
  CC [M]  drivers/gpu/drm/amd/amdgpu/../display/dc/gpio/dce80/hw_translate_dce80.o
  CC [M]  drivers/net/ethernet/netronome/nfp/nfp_asm.o
  CC [M]  drivers/gpu/drm/amd/amdgpu/../display/dc/gpio/dce80/hw_factory_dce80.o
  CC [M]  drivers/net/ethernet/qlogic/qed/qed_init_ops.o
  CC [M]  drivers/net/ethernet/qlogic/qed/qed_int.o
  CC [M]  drivers/gpu/drm/nouveau/nvkm/engine/gr/gp100.o
  CC [M]  drivers/net/ethernet/netronome/nfp/nfd3/dp.o
  CC [M]  drivers/gpu/drm/nouveau/nvkm/engine/gr/gp102.o
  CC [M]  drivers/gpu/drm/nouveau/nvkm/engine/gr/gp104.o
  CC [M]  drivers/net/ethernet/qlogic/qlcnic/qlcnic_83xx_vnic.o
  CC [M]  drivers/net/ethernet/qlogic/qlcnic/qlcnic_sriov_common.o
  CC [M]  drivers/gpu/drm/amd/amdgpu/../display/dc/gpio/dce110/hw_translate_dce110.o
  LD [M]  drivers/ata/libata.o
  CC [M]  drivers/gpu/drm/nouveau/nvkm/engine/gr/gp107.o
  CC [M]  drivers/net/ethernet/qlogic/qlcnic/qlcnic_sriov_pf.o
  LD [M]  drivers/net/ethernet/qlogic/qede/qede.o
  CC [M]  drivers/ata/pata_cs5536.o
  CC [M]  drivers/gpu/drm/amd/amdgpu/../display/dc/gpio/dce110/hw_factory_dce110.o
  CC [M]  drivers/net/ethernet/netronome/nfp/nfd3/rings.o
  CC [M]  drivers/net/ethernet/qlogic/qed/qed_l2.o
  CC [M]  drivers/gpu/drm/amd/amdgpu/../display/dc/gpio/dce120/hw_translate_dce120.o
  CC [M]  drivers/net/ethernet/netronome/nfp/nfd3/xsk.o
  CC [M]  drivers/ata/pata_cypress.o
  CC [M]  drivers/ata/pata_efar.o
  CC [M]  drivers/net/ethernet/qlogic/qed/qed_main.o
  CC [M]  drivers/gpu/drm/nouveau/nvkm/engine/gr/gp108.o
  CC [M]  drivers/gpu/drm/amd/amdgpu/../display/dc/gpio/dce120/hw_factory_dce120.o
  CC [M]  drivers/net/ethernet/qlogic/qed/qed_mcp.o
  CC [M]  drivers/gpu/drm/nouveau/nvkm/engine/gr/gp10b.o
  CC [M]  drivers/ata/pata_ep93xx.o
  CC [M]  drivers/gpu/drm/amd/amdgpu/../display/dc/gpio/dcn10/hw_translate_dcn10.o
  CC [M]  drivers/net/ethernet/qlogic/qlcnic/qlcnic_dcb.o
  LD [M]  drivers/mtd/inftl.o
  CC [M]  drivers/gpu/drm/nouveau/nvkm/engine/gr/gv100.o
  CC [M]  drivers/ata/pata_ftide010.o
  LD [M]  drivers/mtd/nand/nandcore.o
  CC [M]  drivers/gpu/drm/amd/amdgpu/../display/dc/gpio/dcn10/hw_factory_dcn10.o
  CC [M]  drivers/net/ethernet/netronome/nfp/nfdk/dp.o
  CC [M]  drivers/ata/pata_hpt366.o
  CC [M]  drivers/gpu/drm/nouveau/nvkm/engine/gr/tu102.o
  LD [M]  drivers/mtd/nand/raw/nand.o
  CC [M]  drivers/net/ethernet/netronome/nfp/nfdk/rings.o
  CC [M]  drivers/mtd/nand/raw/davinci_nand.o
  CC [M]  drivers/mtd/nand/raw/diskonchip.o
  CC [M]  drivers/mtd/nand/spi/core.o
  CC [M]  drivers/mtd/nand/raw/fsmc_nand.o
  CC [M]  drivers/net/ethernet/netronome/nfp/nfp_app.o
  CC [M]  drivers/net/ethernet/qlogic/qed/qed_mng_tlv.o
  CC [M]  drivers/ata/pata_hpt37x.o
  CC [M]  drivers/gpu/drm/amd/amdgpu/../display/dc/gpio/dcn20/hw_translate_dcn20.o
  CC [M]  drivers/net/ethernet/netronome/nfp/nfp_app_nic.o
  LD [M]  drivers/net/ethernet/qlogic/qlcnic/qlcnic.o
  CC [M]  drivers/gpu/drm/nouveau/nvkm/engine/gr/ga102.o
  CC [M]  drivers/gpu/drm/nouveau/nvkm/engine/gr/ctxnv40.o
  CC [M]  drivers/net/ethernet/qlogic/qed/qed_ptp.o
  CC [M]  drivers/net/ethernet/netronome/nfp/nfp_devlink.o
  CC [M]  drivers/gpu/drm/amd/amdgpu/../display/dc/gpio/dcn20/hw_factory_dcn20.o
  CC [M]  drivers/mtd/nand/raw/sharpsl.o
  CC [M]  drivers/ata/pata_hpt3x2n.o
  CC [M]  drivers/net/ethernet/netronome/nfp/nfp_hwmon.o
  CC [M]  drivers/gpu/drm/nouveau/nvkm/engine/gr/ctxnv50.o
  CC [M]  drivers/gpu/drm/nouveau/nvkm/engine/gr/ctxgf100.o
  CC [M]  drivers/net/ethernet/netronome/nfp/nfp_main.o
  CC [M]  drivers/net/ethernet/netronome/nfp/nfp_net_common.o
  CC [M]  drivers/mtd/nand/spi/otp.o
  CC [M]  drivers/net/ethernet/qlogic/qed/qed_selftest.o
  CC [M]  drivers/mtd/nand/raw/nandsim.o
  CC [M]  drivers/ata/pata_hpt3x3.o
  CC [M]  drivers/gpu/drm/amd/amdgpu/../display/dc/gpio/dcn21/hw_translate_dcn21.o
  CC [M]  drivers/mtd/nand/raw/ndfc.o
  CC [M]  drivers/mtd/nand/spi/alliancememory.o
  CC [M]  drivers/net/ethernet/qlogic/qed/qed_sp_commands.o
  CC [M]  drivers/ata/pata_imx.o
  CC [M]  drivers/net/ethernet/qlogic/qed/qed_spq.o
  CC [M]  drivers/mtd/nand/raw/gpio.o
  CC [M]  drivers/gpu/drm/amd/amdgpu/../display/dc/gpio/dcn21/hw_factory_dcn21.o
  CC [M]  drivers/mtd/nand/spi/ato.o
  CC [M]  drivers/mtd/nand/raw/omap2.o
  CC [M]  drivers/gpu/drm/amd/amdgpu/../display/dc/gpio/dcn30/hw_translate_dcn30.o
  CC [M]  drivers/mtd/nand/spi/dosilicon.o
  CC [M]  drivers/mtd/nand/spi/esmt.o
  CC [M]  drivers/mtd/nand/spi/fmsh.o
  CC [M]  drivers/net/ethernet/qlogic/qed/qed_fcoe.o
  CC [M]  drivers/ata/pata_it8213.o
  CC [M]  drivers/gpu/drm/amd/amdgpu/../display/dc/gpio/dcn30/hw_factory_dcn30.o
  CC [M]  drivers/mtd/nand/spi/foresee.o
  CC [M]  drivers/net/ethernet/netronome/nfp/nfp_net_dp.o
  CC [M]  drivers/net/ethernet/netronome/nfp/nfp_net_ctrl.o
  CC [M]  drivers/gpu/drm/nouveau/nvkm/engine/gr/ctxgf104.o
  CC [M]  drivers/mtd/nand/raw/omap_elm.o
  CC [M]  drivers/gpu/drm/amd/amdgpu/../display/dc/gpio/dcn315/hw_translate_dcn315.o
  CC [M]  drivers/ata/pata_it821x.o
  CC [M]  drivers/net/ethernet/qlogic/qed/qed_iscsi.o
  CC [M]  drivers/net/ethernet/qlogic/qed/qed_ll2.o
  CC [M]  drivers/net/ethernet/netronome/nfp/nfp_net_debugdump.o
  CC [M]  drivers/gpu/drm/nouveau/nvkm/engine/gr/ctxgf108.o
  CC [M]  drivers/mtd/nand/spi/gigadevice.o
  CC [M]  drivers/net/ethernet/qlogic/qed/qed_ooo.o
  CC [M]  drivers/mtd/nand/raw/marvell_nand.o
  CC [M]  drivers/ata/pata_jmicron.o
  CC [M]  drivers/ata/pata_marvell.o
  CC [M]  drivers/mtd/nand/spi/macronix.o
  CC [M]  drivers/gpu/drm/amd/amdgpu/../display/dc/gpio/dcn315/hw_factory_dcn315.o
  CC [M]  drivers/mtd/nand/spi/micron.o
  CC [M]  drivers/mtd/nand/spi/paragon.o
  CC [M]  drivers/ata/pata_netcell.o
  CC [M]  drivers/gpu/drm/nouveau/nvkm/engine/gr/ctxgf110.o
  CC [M]  drivers/mtd/nand/spi/skyhigh.o
  CC [M]  drivers/net/ethernet/qlogic/qed/qed_iwarp.o
  CC [M]  drivers/net/ethernet/netronome/nfp/nfp_net_ethtool.o
  CC [M]  drivers/mtd/nand/raw/plat_nand.o
  CC [M]  drivers/net/ethernet/netronome/nfp/nfp_net_main.o
  CC [M]  drivers/hwmon/corsair-cpro.o
  CC [M]  drivers/ata/pata_ninja32.o
  CC [M]  drivers/hwmon/corsair-psu.o
  CC [M]  drivers/net/ethernet/qlogic/qed/qed_rdma.o
  CC [M]  drivers/ata/pata_ns87415.o
  CC [M]  drivers/gpu/drm/amd/amdgpu/../display/dc/gpio/dcn32/hw_translate_dcn32.o
  CC [M]  drivers/mtd/nand/raw/fsl_ifc_nand.o
  CC [M]  drivers/mtd/nand/spi/toshiba.o
  CC [M]  drivers/net/ethernet/netronome/nfp/nfp_net_repr.o
  CC [M]  drivers/gpu/drm/nouveau/nvkm/engine/gr/ctxgf117.o
  CC [M]  drivers/gpu/drm/amd/amdgpu/../display/dc/gpio/dcn32/hw_factory_dcn32.o
  CC [M]  drivers/mtd/nand/spi/winbond.o
  CC [M]  drivers/hwmon/cros_ec_hwmon.o
  CC [M]  drivers/ata/pata_oldpiix.o
  LD [M]  drivers/bluetooth/hci_uart.o
  LD [M]  drivers/bluetooth/btmrvl.o
  CC [M]  drivers/bluetooth/btrsi.o
  CC [M]  drivers/gpu/drm/nouveau/nvkm/engine/gr/ctxgf119.o
  CC [M]  drivers/net/ethernet/netronome/nfp/nfp_net_sriov.o
  CC [M]  drivers/net/ethernet/qlogic/qed/qed_roce.o
  CC [M]  drivers/mtd/nand/spi/xtx.o
  CC [M]  drivers/hwmon/da9052-hwmon.o
  CC [M]  drivers/net/ethernet/netronome/nfp/nfp_net_xsk.o
  CC [M]  drivers/ata/pata_optidma.o
  CC [M]  drivers/mtd/nand/raw/lpc32xx_slc.o
  CC [M]  drivers/hwmon/dme1737.o
  CC [M]  drivers/gpu/drm/amd/amdgpu/../display/dc/gpio/dcn401/hw_translate_dcn401.o
  CC [M]  drivers/infiniband/core/trace.o
  CC [M]  drivers/gpu/drm/nouveau/nvkm/engine/gr/ctxgk104.o
  CC [M]  drivers/infiniband/hw/cxgb4/restrack.o
  CC [M]  drivers/gpu/drm/amd/amdgpu/../display/dc/gpio/dcn401/hw_factory_dcn401.o
  LD [M]  drivers/mtd/nand/spi/spinand.o
  CC [M]  drivers/gpu/drm/amd/amdgpu/../display/dc/gpio/dcn42/hw_translate_dcn42.o
  CC [M]  drivers/infiniband/hw/irdma/i40iw_hw.o
  CC [M]  drivers/hwmon/drivetemp.o
  CC [M]  drivers/ata/pata_pdc2027x.o
  CC [M]  drivers/infiniband/core/lag.o
  CC [M]  drivers/gpu/drm/nouveau/nvkm/engine/gr/ctxgk110.o
  CC [M]  drivers/net/ethernet/netronome/nfp/nfp_netvf_main.o
  LD [M]  drivers/infiniband/ulp/rtrs/rtrs-core.o
  CC [M]  drivers/infiniband/ulp/rtrs/rtrs-clt.o
  CC [M]  drivers/mtd/nand/raw/lpc32xx_mlc.o
  CC [M]  drivers/net/ethernet/qlogic/qed/qed_sriov.o
  CC [M]  drivers/fwctl/main.o
  CC [M]  drivers/net/ethernet/qlogic/qed/qed_vf.o
  CC [M]  drivers/gpu/drm/amd/amdgpu/../display/dc/gpio/dcn42/hw_factory_dcn42.o
  CC [M]  drivers/mtd/nand/raw/sh_flctl.o
  CC [M]  drivers/gpu/drm/nouveau/nvkm/engine/gr/ctxgk110b.o
  CC [M]  drivers/hwmon/ds620.o
  CC [M]  drivers/infiniband/hw/irdma/i40iw_if.o
  LD [M]  drivers/infiniband/hw/cxgb4/iw_cxgb4.o
  CC [M]  drivers/ata/pata_pdc202xx_old.o
  CC [M]  drivers/infiniband/hw/mlx4/mad.o
  CC [M]  drivers/ssb/main.o
  CC [M]  drivers/infiniband/hw/irdma/ig3rdma_if.o
  CC [M]  drivers/infiniband/core/iter.o
  CC [M]  drivers/ssb/scan.o
  CC [M]  drivers/fwctl/bnxt/main.o
  CC [M]  drivers/net/ethernet/netronome/nfp/nfp_port.o
  CC [M]  drivers/gpu/drm/nouveau/nvkm/engine/gr/ctxgk208.o
  CC [M]  drivers/gpu/drm/amd/amdgpu/../display/dc/gpio/dcn42b/hw_translate_dcn42b.o
  CC [M]  drivers/hwmon/ds1621.o
  CC [M]  drivers/infiniband/core/frmr_pools.o
  CC [M]  drivers/ata/pata_radisys.o
  CC [M]  drivers/mtd/nand/raw/mxc_nand.o
  LD [M]  drivers/fwctl/bnxt/bnxt_fwctl.o
  CC [M]  drivers/infiniband/hw/irdma/icrdma_if.o
  CC [M]  drivers/fwctl/mlx5/main.o
  CC [M]  drivers/ssb/sprom.o
  CC [M]  drivers/fwctl/pds/main.o
  CC [M]  drivers/infiniband/hw/mlx5/ah.o
  CC [M]  drivers/gpu/drm/nouveau/nvkm/engine/gr/ctxgk20a.o
  CC [M]  drivers/gpu/drm/amd/amdgpu/../display/dc/gpio/dcn42b/hw_factory_dcn42b.o
  CC [M]  drivers/hwmon/emc1403.o
  CC [M]  drivers/infiniband/sw/rxe/rxe_av.o
  CC [M]  drivers/net/ethernet/netronome/nfp/nfp_shared_buf.o
  CC [M]  drivers/infiniband/ulp/rtrs/rtrs-clt-stats.o
  CC [M]  drivers/ata/pata_rdc.o
  CC [M]  drivers/ssb/pci.o
  CC [M]  drivers/infiniband/core/security.o
  LD [M]  drivers/fwctl/pds/pds_fwctl.o
  CC [M]  drivers/infiniband/core/cgroup.o
  CC [M]  drivers/gpu/drm/nouveau/nvkm/engine/gr/ctxgm107.o
  CC [M]  drivers/mtd/nand/raw/txx9ndfmc.o
  LD [M]  drivers/fwctl/mlx5/mlx5_fwctl.o
  LD [M]  drivers/fwctl/fwctl.o
  CC [M]  drivers/gpu/drm/amd/amdgpu/../display/dc/hwss/dce60/dce60_hwseq.o
  CC [M]  drivers/net/ethernet/netronome/nfp/nic/main.o
  CC [M]  drivers/hwmon/emc1812.o
  CC [M]  drivers/infiniband/hw/irdma/icrdma_hw.o
  CC [M]  drivers/infiniband/hw/mlx4/main.o
  CC [M]  drivers/infiniband/hw/mlx5/cmd.o
  CC [M]  drivers/ata/pata_sc1200.o
  CC [M]  drivers/infiniband/sw/rxe/rxe_srq.o
  CC [M]  drivers/infiniband/sw/siw/siw_main.o
  CC [M]  drivers/infiniband/ulp/rtrs/rtrs-clt-sysfs.o
  CC [M]  drivers/mtd/nand/raw/vf610_nfc.o
  CC [M]  drivers/gpu/drm/nouveau/nvkm/engine/gr/ctxgm200.o
  CC [M]  drivers/infiniband/hw/mlx4/mr.o
  LD [M]  drivers/net/ethernet/qlogic/qed/qed.o
  CC [M]  drivers/infiniband/hw/ocrdma/ocrdma_main.o
  CC [M]  drivers/hwmon/emc2103.o
  CC [M]  drivers/gpu/drm/amd/amdgpu/../display/dc/hwss/dce80/dce80_hwseq.o
  CC [M]  drivers/infiniband/core/umem.o
  CC [M]  drivers/ssb/pcihost_wrapper.o
  CC [M]  drivers/ata/pata_sch.o
  CC [M]  drivers/net/ethernet/netronome/nfp/crypto/tls.o
  CC [M]  drivers/infiniband/hw/irdma/ig3rdma_hw.o
  CC [M]  drivers/infiniband/hw/mlx5/cong.o
  CC [M]  drivers/infiniband/sw/rxe/rxe_qp.o
  CC [M]  drivers/mtd/nand/raw/r852.o
  CC [M]  drivers/infiniband/ulp/rtrs/rtrs-clt-trace.o
  CC [M]  drivers/infiniband/sw/siw/siw_mem.o
  CC [M]  drivers/gpu/drm/nouveau/nvkm/engine/gr/ctxgm20b.o
  CC [M]  drivers/ssb/pcmcia.o
  CC [M]  drivers/ata/pata_serverworks.o
  CC [M]  drivers/gpu/drm/amd/amdgpu/../display/dc/hwss/dce/dce_hwseq.o
  CC [M]  drivers/infiniband/sw/siw/siw_qp.o
  CC [M]  drivers/infiniband/hw/ocrdma/ocrdma_verbs.o
  CC [M]  drivers/hwmon/emc2305.o
  CC [M]  drivers/infiniband/hw/irdma/main.o
  CC [M]  drivers/infiniband/core/umem_dmabuf.o
  CC [M]  drivers/net/ethernet/netronome/nfp/flower/action.o
  CC [M]  drivers/gpu/drm/nouveau/nvkm/engine/gr/ctxgp100.o
  CC [M]  drivers/ata/pata_sil680.o
  CC [M]  drivers/infiniband/ulp/rtrs/rtrs-srv.o
  CC [M]  drivers/mtd/nand/raw/sunxi_nand.o
  CC [M]  drivers/infiniband/hw/mlx5/counters.o
  CC [M]  drivers/ssb/bridge_pcmcia_80211.o
  CC [M]  drivers/gpu/drm/nouveau/nvkm/engine/gr/ctxgp102.o
  CC [M]  drivers/gpu/drm/amd/amdgpu/../display/dc/hwss/dce100/dce100_hwseq.o
  CC [M]  drivers/infiniband/sw/rxe/rxe_cq.o
  CC [M]  drivers/hwmon/emc6w201.o
  CC [M]  drivers/infiniband/hw/mlx4/qp.o
  CC [M]  drivers/infiniband/hw/mlx4/srq.o
  CC [M]  drivers/infiniband/core/umem_odp.o
  CC [M]  drivers/infiniband/hw/irdma/pble.o
  CC [M]  drivers/ssb/sdio.o
  CC [M]  drivers/ata/pata_sis.o
  CC [M]  drivers/infiniband/sw/siw/siw_qp_tx.o
  CC [M]  drivers/gpu/drm/nouveau/nvkm/engine/gr/ctxgp104.o
  CC [M]  drivers/gpu/drm/amd/amdgpu/../display/dc/hwss/dce110/dce110_hwseq.o
  CC [M]  drivers/hwmon/f71805f.o
  CC [M]  drivers/infiniband/sw/rxe/rxe_mr.o
  CC [M]  drivers/net/ethernet/netronome/nfp/flower/cmsg.o
  CC [M]  drivers/infiniband/hw/mlx5/cq.o
  CC [M]  drivers/infiniband/hw/ocrdma/ocrdma_hw.o
  CC [M]  drivers/mtd/nand/raw/hisi504_nand.o
  CC [M]  drivers/ata/pata_piccolo.o
  CC [M]  drivers/gpu/drm/nouveau/nvkm/engine/gr/ctxgp107.o
  CC [M]  drivers/ssb/host_soc.o
  CC [M]  drivers/infiniband/core/ib_core_uverbs.o
  CC [M]  drivers/infiniband/hw/irdma/puda.o
  CC [M]  drivers/infiniband/ulp/rtrs/rtrs-srv-stats.o
  CC [M]  drivers/infiniband/hw/irdma/trace.o
  CC [M]  drivers/hwmon/f71882fg.o
  CC [M]  drivers/gpu/drm/nouveau/nvkm/engine/gr/ctxgv100.o
  CC [M]  drivers/ata/pata_triflex.o
  CC [M]  drivers/ssb/driver_chipcommon.o
  CC [M]  drivers/mtd/nand/raw/qcom_nandc.o
  CC [M]  drivers/infiniband/sw/rxe/rxe_mw.o
  CC [M]  drivers/infiniband/sw/siw/siw_qp_rx.o
  CC [M]  drivers/net/ethernet/netronome/nfp/flower/lag_conf.o
  CC [M]  drivers/infiniband/ulp/rtrs/rtrs-srv-sysfs.o
  CC [M]  drivers/infiniband/core/cm.o
  CC [M]  drivers/ata/pata_via.o
  CC [M]  drivers/ssb/driver_chipcommon_pmu.o
  CC [M]  drivers/gpu/drm/nouveau/nvkm/engine/gr/ctxtu102.o
  CC [M]  drivers/infiniband/hw/mlx5/data_direct.o
  CC [M]  drivers/hwmon/f75375s.o
  CC [M]  drivers/infiniband/sw/rxe/rxe_opcode.o
  CC [M]  drivers/infiniband/hw/mlx5/dm.o
  CC [M]  drivers/infiniband/hw/ocrdma/ocrdma_ah.o
  CC [M]  drivers/infiniband/ulp/rtrs/rtrs-srv-trace.o
  CC [M]  drivers/infiniband/hw/mlx4/mcg.o
  CC [M]  drivers/gpu/drm/amd/amdgpu/../display/dc/hwss/dce112/dce112_hwseq.o
  CC [M]  drivers/infiniband/hw/irdma/uda.o
  CC [M]  drivers/gpu/drm/nouveau/nvkm/engine/gr/ctxga102.o
  CC [M]  drivers/ata/pata_sl82c105.o
  CC [M]  drivers/ssb/driver_pcicore.o
  CC [M]  drivers/mtd/nand/raw/mtk_nand.o
  CC [M]  drivers/net/ethernet/netronome/nfp/flower/main.o
  CC [M]  drivers/infiniband/sw/siw/siw_verbs.o
  LD [M]  drivers/infiniband/ulp/rtrs/rtrs-client.o
  CC [M]  drivers/ssb/driver_gpio.o
  CC [M]  drivers/infiniband/sw/rxe/rxe_mmap.o
  CC [M]  drivers/hwmon/fschmd.o
  CC [M]  drivers/gpu/drm/amd/amdgpu/../display/dc/hwss/dce120/dce120_hwseq.o
  LD [M]  drivers/infiniband/ulp/rtrs/rtrs-server.o
  CC [M]  drivers/infiniband/hw/ocrdma/ocrdma_stats.o
  CC [M]  drivers/gpu/drm/nouveau/nvkm/engine/mpeg/nv31.o
  CC [M]  drivers/hwmon/ftsteutates.o
  CC [M]  drivers/ata/pata_cmd640.o
  CC [M]  drivers/bcma/main.o
  CC [M]  drivers/infiniband/hw/mlx5/dmah.o
  CC [M]  drivers/ssb/b43_pci_bridge.o
  CC [M]  drivers/infiniband/hw/irdma/uk.o
  CC [M]  drivers/infiniband/hw/mlx4/cm.o
  CC [M]  drivers/mtd/nand/raw/mxic_nand.o
  CC [M]  drivers/infiniband/sw/rxe/rxe_icrc.o
  CC [M]  drivers/ata/pata_isapnp.o
  CC [M]  drivers/gpu/drm/amd/amdgpu/../display/dc/hwss/dcn10/dcn10_hwseq.o
  LD [M]  drivers/ssb/ssb.o
  CC [M]  drivers/net/ethernet/netronome/nfp/flower/match.o
  CC [M]  drivers/infiniband/hw/vmw_pvrdma/pvrdma_cmd.o
  CC [M]  drivers/gpu/drm/nouveau/nvkm/engine/mpeg/nv40.o
  CC [M]  drivers/infiniband/core/cm_trace.o
  CC [M]  drivers/bcma/scan.o
  CC [M]  drivers/hwmon/g760a.o
  CC [M]  drivers/infiniband/hw/mlx5/doorbell.o
  LD [M]  drivers/infiniband/sw/siw/siw.o
  CC [M]  drivers/gpu/drm/amd/amdgpu/../display/dc/hwss/dcn10/dcn10_init.o
  LD [M]  drivers/infiniband/hw/ocrdma/ocrdma.o
  CC [M]  drivers/mtd/nand/raw/tegra_nand.o
  CC [M]  drivers/infiniband/hw/mlx5/fs.o
  CC [M]  drivers/ata/pata_ixp4xx_cf.o
  CC [M]  drivers/infiniband/hw/mlx4/alias_GUID.o
  CC [M]  drivers/gpu/drm/nouveau/nvkm/engine/mpeg/nv44.o
  CC [M]  drivers/bcma/core.o
  CC [M]  drivers/infiniband/sw/rxe/rxe_mcast.o
  CC [M]  drivers/infiniband/hw/vmw_pvrdma/pvrdma_cq.o
  CC [M]  drivers/hwmon/g762.o
  CC [M]  drivers/infiniband/hw/irdma/utils.o
  CC [M]  drivers/net/ethernet/netronome/nfp/flower/metadata.o
  CC [M]  drivers/ata/pata_mpiix.o
  CC [M]  drivers/ata/pata_ns87410.o
  CC [M]  drivers/bcma/sprom.o
  CC [M]  drivers/mtd/nand/raw/stm32_fmc2_nand.o
  CC [M]  drivers/infiniband/hw/hns/hns_roce_main.o
  CC [M]  drivers/gpu/drm/nouveau/nvkm/engine/mpeg/nv50.o
  CC [M]  drivers/vhost/net.o
  CC [M]  drivers/hwmon/gigabyte_waterforce.o
  CC [M]  drivers/infiniband/sw/rxe/rxe_task.o
  CC [M]  drivers/infiniband/hw/vmw_pvrdma/pvrdma_doorbell.o
  CC [M]  drivers/infiniband/hw/mlx4/sysfs.o
  CC [M]  drivers/infiniband/hw/hns/hns_roce_cmd.o
  CC [M]  drivers/ata/pata_opti.o
  CC [M]  drivers/gpu/drm/nouveau/nvkm/engine/mpeg/g84.o
  CC [M]  drivers/bcma/driver_chipcommon.o
  CC [M]  drivers/hwmon/gl518sm.o
  CC [M]  drivers/infiniband/hw/mlx5/gsi.o
  CC [M]  drivers/ata/pata_pcmcia.o
  CC [M]  drivers/mtd/nand/raw/meson_nand.o
  CC [M]  drivers/hwmon/gl520sm.o
  CC [M]  drivers/infiniband/hw/vmw_pvrdma/pvrdma_main.o
  CC [M]  drivers/infiniband/sw/rxe/rxe_net.o
  CC [M]  drivers/infiniband/hw/hns/hns_roce_pd.o
  CC [M]  drivers/gpu/drm/nouveau/nvkm/engine/mspdec/base.o
  CC [M]  drivers/infiniband/hw/irdma/verbs.o
  CC [M]  drivers/bcma/driver_chipcommon_pmu.o
  CC [M]  drivers/vhost/scsi.o
  LD [M]  drivers/infiniband/hw/mlx4/mlx4_ib.o
  CC [M]  drivers/infiniband/hw/hns/hns_roce_ah.o
  CC [M]  drivers/net/ethernet/netronome/nfp/flower/offload.o
  CC [M]  drivers/gpu/drm/amd/amdgpu/../display/dc/hwss/dcn20/dcn20_hwseq.o
  CC [M]  drivers/infiniband/core/iwcm.o
  CC [M]  drivers/infiniband/hw/mlx5/ib_virt.o
  CC [M]  drivers/ata/pata_platform.o
  CC [M]  drivers/gpu/drm/nouveau/nvkm/engine/mspdec/g98.o
  CC [M]  drivers/hwmon/gsc-hwmon.o
  CC [M]  drivers/infiniband/hw/hns/hns_roce_hem.o
  CC [M]  drivers/bcma/driver_chipcommon_b.o
  CC [M]  drivers/ata/pata_of_platform.o
  CC [M]  drivers/mtd/nand/raw/cadence-nand-controller.o
  CC [M]  drivers/gpu/drm/nouveau/nvkm/engine/mspdec/gt215.o
  CC [M]  drivers/infiniband/sw/rxe/rxe_hw_counters.o
  CC [M]  drivers/infiniband/hw/vmw_pvrdma/pvrdma_misc.o
  CC [M]  drivers/infiniband/hw/qedr/main.o
  CC [M]  drivers/infiniband/hw/qedr/verbs.o
  CC [M]  drivers/hwmon/gpio-fan.o
  CC [M]  drivers/bcma/driver_chipcommon_pflash.o
  CC [M]  drivers/infiniband/hw/mlx5/mad.o
  CC [M]  drivers/ata/pata_rz1000.o
  CC [M]  drivers/infiniband/core/iwpm_util.o
  CC [M]  drivers/vhost/vsock.o
  CC [M]  drivers/gpu/drm/nouveau/nvkm/engine/mspdec/gf100.o
  CC [M]  drivers/bcma/driver_chipcommon_sflash.o
  CC [M]  drivers/infiniband/sw/rxe/rxe_mad.o
  CC [M]  drivers/hwmon/gxp-fan-ctrl.o
  CC [M]  drivers/ata/pata_pxa.o
  CC [M]  drivers/infiniband/hw/hns/hns_roce_mr.o
  CC [M]  drivers/infiniband/hw/vmw_pvrdma/pvrdma_mr.o
  CC [M]  drivers/gpu/drm/nouveau/nvkm/engine/mspdec/gk104.o
  CC [M]  drivers/bcma/driver_chipcommon_nflash.o
  CC [M]  drivers/infiniband/sw/rxe/rxe_ns.o
  CC [M]  drivers/hwmon/hih6130.o
  CC [M]  drivers/infiniband/core/iwpm_msg.o
  CC [M]  drivers/infiniband/hw/mlx5/main.o
  CC [M]  drivers/ata/pata_acpi.o
  CC [M]  drivers/vhost/vringh.o
  CC [M]  drivers/infiniband/hw/vmw_pvrdma/pvrdma_qp.o
  CC [M]  drivers/mtd/nand/raw/arasan-nand-controller.o
  CC [M]  drivers/net/ethernet/netronome/nfp/flower/tunnel_conf.o
  CC [M]  drivers/gpu/drm/amd/amdgpu/../display/dc/hwss/dcn20/dcn20_init.o
  CC [M]  drivers/gpu/drm/nouveau/nvkm/engine/msppp/base.o
  CC [M]  drivers/infiniband/hw/hns/hns_roce_qp.o
  CC [M]  drivers/bcma/driver_pci.o
  CC [M]  drivers/infiniband/hw/irdma/virtchnl.o
  CC [M]  drivers/hwmon/hs3001.o
  CC [M]  drivers/infiniband/sw/rxe/rxe_odp.o
  CC [M]  drivers/ata/ata_generic.o
  CC [M]  drivers/ata/pata_legacy.o
  CC [M]  drivers/infiniband/core/cma.o
  CC [M]  drivers/gpu/drm/nouveau/nvkm/engine/msppp/g98.o
  CC [M]  drivers/bcma/driver_pcie2.o
  CC [M]  drivers/gpu/drm/amd/amdgpu/../display/dc/hwss/dcn201/dcn201_hwseq.o
  CC [M]  drivers/hwmon/htu31.o
  CC [M]  drivers/vhost/vdpa.o
  CC [M]  drivers/mtd/nand/raw/intel-nand-controller.o
  CC [M]  drivers/infiniband/hw/mlx5/mem.o
  CC [M]  drivers/infiniband/hw/vmw_pvrdma/pvrdma_srq.o
  CC [M]  drivers/infiniband/hw/irdma/ws.o
  CC [M]  drivers/ata/pata_parport/pata_parport.o
  CC [M]  drivers/bcma/driver_mips.o
  CC [M]  drivers/gpu/drm/nouveau/nvkm/engine/msppp/gt215.o
  CC [M]  drivers/infiniband/hw/hns/hns_roce_cq.o
  LD [M]  drivers/infiniband/sw/rxe/rdma_rxe.o
  CC [M]  drivers/ata/pata_parport/aten.o
  CC [M]  drivers/hwmon/i5k_amb.o
  CC [M]  drivers/infiniband/hw/qedr/qedr_roce_cm.o
  CC [M]  drivers/mtd/nand/raw/rockchip-nand-controller.o
  CC [M]  drivers/gpu/drm/amd/amdgpu/../display/dc/hwss/dcn201/dcn201_init.o
  CC [M]  drivers/gpu/drm/nouveau/nvkm/engine/msppp/gf100.o
  CC [M]  drivers/bcma/driver_gmac_cmn.o
  CC [M]  drivers/greybus/core.o
  CC [M]  drivers/infiniband/hw/vmw_pvrdma/pvrdma_verbs.o
  CC [M]  drivers/net/ethernet/netronome/nfp/flower/qos_conf.o
  CC [M]  drivers/infiniband/hw/bnxt_re/main.o
  LD [M]  drivers/infiniband/hw/irdma/irdma.o
  CC [M]  drivers/ata/pata_parport/bpck.o
  CC [M]  drivers/vhost/vhost.o
  CC [M]  drivers/hwmon/ibmaem.o
  CC [M]  drivers/infiniband/hw/hns/hns_roce_alloc.o
  CC [M]  drivers/comedi/comedi_pci.o
  CC [M]  drivers/bcma/driver_gpio.o
  CC [M]  drivers/gpu/drm/nouveau/nvkm/engine/msvld/base.o
  CC [M]  drivers/infiniband/hw/mlx5/mr.o
  CC [M]  drivers/gpu/drm/amd/amdgpu/../display/dc/hwss/dcn21/dcn21_hwseq.o
  CC [M]  drivers/mtd/nand/raw/pl35x-nand-controller.o
  CC [M]  drivers/comedi/comedi_pcmcia.o
  CC [M]  drivers/infiniband/hw/qedr/qedr_iw_cm.o
  CC [M]  drivers/hwmon/ibmpex.o
  CC [M]  drivers/bcma/host_pci.o
  CC [M]  drivers/gpu/drm/nouveau/nvkm/engine/msvld/g98.o
  LD [M]  drivers/infiniband/hw/vmw_pvrdma/vmw_pvrdma.o
  CC [M]  drivers/infiniband/hw/hns/hns_roce_db.o
  CC [M]  drivers/gpib/agilent_82350b/agilent_82350b.o
  CC [M]  drivers/greybus/debugfs.o
  CC [M]  drivers/comedi/comedi_usb.o
  CC [M]  drivers/gpu/drm/amd/amdgpu/../display/dc/hwss/dcn21/dcn21_init.o
  CC [M]  drivers/ata/pata_parport/comm.o
  CC [M]  drivers/mtd/nand/raw/renesas-nand-controller.o
  CC [M]  drivers/net/ethernet/netronome/nfp/flower/conntrack.o
  CC [M]  drivers/bcma/host_soc.o
  CC [M]  drivers/greybus/hd.o
  CC [M]  drivers/hwmon/iio_hwmon.o
  CC [M]  drivers/gpu/drm/nouveau/nvkm/engine/msvld/gt215.o
  CC [M]  drivers/infiniband/hw/bnxt_re/ib_verbs.o
  CC [M]  drivers/comedi/comedi_fops.o
  CC [M]  drivers/infiniband/core/cma_trace.o
  LD [M]  drivers/infiniband/hw/qedr/qedr.o
  CC [M]  drivers/ata/pata_parport/dstr.o
  CC [M]  drivers/infiniband/hw/hns/hns_roce_srq.o
  CC [M]  drivers/gpu/drm/amd/amdgpu/../display/dc/hwss/dcn30/dcn30_hwseq.o
  CC [M]  drivers/gpib/agilent_82357a/agilent_82357a.o
  CC [M]  drivers/vhost/iotlb.o
  CC [M]  drivers/hwmon/ina209.o
  CC [M]  drivers/gpib/cb7210/cb7210.o
  LD [M]  drivers/bcma/bcma.o
  CC [M]  drivers/greybus/manifest.o
  CC [M]  drivers/gpib/cec/cec_gpib.o
  CC [M]  drivers/infiniband/hw/mlx5/qp.o
  CC [M]  drivers/gpu/drm/nouveau/nvkm/engine/msvld/mcp89.o
  LD [M]  drivers/vhost/vhost_net.o
  LD [M]  drivers/vhost/vhost_scsi.o
  LD [M]  drivers/vhost/vhost_vsock.o
  LD [M]  drivers/vhost/vhost_vdpa.o
  LD [M]  drivers/vhost/vhost_iotlb.o
  CC [M]  drivers/net/ethernet/netronome/nfp/bpf/cmsg.o
  CC [M]  drivers/greybus/module.o
  CC [M]  drivers/hwmon/ina2xx.o
  CC [M]  drivers/gpu/drm/amd/amdgpu/../display/dc/hwss/dcn30/dcn30_init.o
  CC [M]  drivers/ata/pata_parport/kbic.o
  CC [M]  drivers/gpu/drm/nouveau/nvkm/engine/msvld/gf100.o
  CC [M]  drivers/infiniband/hw/hns/hns_roce_restrack.o
  CC [M]  drivers/infiniband/hw/mlx5/qpc.o
  CC [M]  drivers/mtd/nand/raw/nuvoton-ma35d1-nand-controller.o
  CC [M]  drivers/gpib/common/gpib_os.o
  CC [M]  drivers/infiniband/core/cma_configfs.o
  CC [M]  drivers/greybus/interface.o
  CC [M]  drivers/comedi/range.o
  CC [M]  drivers/gpu/drm/nouveau/nvkm/engine/msvld/gk104.o
  CC [M]  drivers/gpu/drm/amd/amdgpu/../display/dc/hwss/dcn301/dcn301_hwseq.o
  CC [M]  drivers/greybus/bundle.o
  CC [M]  drivers/hwmon/ina238.o
  CC [M]  drivers/infiniband/hw/mlx5/restrack.o
  CC [M]  drivers/infiniband/hw/hns/hns_roce_debugfs.o
  CC [M]  drivers/comedi/drivers.o
  CC [M]  drivers/ata/pata_parport/epat.o
  CC [M]  drivers/gpu/drm/nouveau/nvkm/engine/nvenc/base.o
  CC [M]  drivers/infiniband/core/user_mad.o
  CC [M]  drivers/mtd/nand/raw/loongson-nand-controller.o
  CC [M]  drivers/ata/pata_parport/epia.o
  CC [M]  drivers/gpu/drm/amd/amdgpu/../display/dc/hwss/dcn301/dcn301_init.o
  CC [M]  drivers/greybus/connection.o
  CC [M]  drivers/comedi/comedi_buf.o
  CC [M]  drivers/gpib/common/iblib.o
  CC [M]  drivers/hwmon/ina3221.o
  CC [M]  drivers/infiniband/hw/bnxt_re/qplib_res.o
  CC [M]  drivers/net/ethernet/netronome/nfp/bpf/main.o
  CC [M]  drivers/infiniband/hw/bng_re/bng_dev.o
  CC [M]  drivers/gpu/drm/nouveau/nvkm/engine/nvenc/gm107.o
  CC [M]  drivers/gpib/eastwood/fluke_gpib.o
  CC [M]  drivers/infiniband/hw/hns/hns_roce_hw_v2.o
  CC [M]  drivers/mtd/nand/raw/ingenic/ingenic_nand_drv.o
  CC [M]  drivers/comedi/proc.o
  CC [M]  drivers/gpu/drm/amd/amdgpu/../display/dc/hwss/dcn302/dcn302_hwseq.o
  CC [M]  drivers/greybus/control.o
  CC [M]  drivers/ata/pata_parport/frpw.o
  CC [M]  drivers/mtd/nand/raw/atmel/nand-controller.o
  LD [M]  drivers/gpib/common/gpib_common.o
  CC [M]  drivers/mtd/nand/raw/gpmi-nand/gpmi-nand.o
  CC [M]  drivers/hwmon/intel-m10-bmc-hwmon.o
  CC [M]  drivers/gpu/drm/nouveau/nvkm/engine/nvenc/tu102.o
  CC [M]  drivers/mtd/nand/raw/ingenic/ingenic_ecc.o
  CC [M]  drivers/comedi/kcomedilib/kcomedilib_main.o
  CC [M]  drivers/infiniband/hw/bnxt_re/qplib_rcfw.o
  CC [M]  drivers/infiniband/hw/bng_re/bng_fw.o
  CC [M]  drivers/greybus/svc.o
  CC [M]  drivers/infiniband/core/uverbs_main.o
  CC [M]  drivers/net/ethernet/netronome/nfp/bpf/offload.o
  CC [M]  drivers/gpib/fmh_gpib/fmh_gpib.o
  CC [M]  drivers/gpu/drm/amd/amdgpu/../display/dc/hwss/dcn302/dcn302_init.o
  CC [M]  drivers/hwmon/isl28022.o
  CC [M]  drivers/mtd/nand/raw/ingenic/jz4740_ecc.o
  LD [M]  drivers/comedi/kcomedilib/kcomedilib.o
  CC [M]  drivers/gpu/drm/nouveau/nvkm/engine/nvdec/base.o
  CC [M]  drivers/ata/pata_parport/friq.o
  CC [M]  drivers/infiniband/hw/mlx5/srq.o
  CC [M]  drivers/mtd/nand/raw/atmel/pmecc.o
  CC [M]  drivers/comedi/drivers/comedi_8254.o
  CC [M]  drivers/greybus/svc_watchdog.o
  CC [M]  drivers/infiniband/hw/bng_re/bng_res.o
  CC [M]  drivers/gpu/drm/amd/amdgpu/../display/dc/hwss/dcn303/dcn303_hwseq.o
  CC [M]  drivers/mtd/nand/raw/ingenic/jz4725b_bch.o
  CC [M]  drivers/hwmon/it87.o
  CC [M]  drivers/gpu/drm/nouveau/nvkm/engine/nvdec/gm107.o
  CC [M]  drivers/infiniband/hw/bnxt_re/qplib_sp.o
  LD [M]  drivers/mtd/nand/raw/atmel/atmel-nand-controller.o
  CC [M]  drivers/infiniband/hw/erdma/erdma_cm.o
  CC [M]  drivers/infiniband/core/uverbs_cmd.o
  CC [M]  drivers/comedi/drivers/comedi_bond.o
  CC [M]  drivers/gpib/gpio/gpib_bitbang.o
  CC [M]  drivers/greybus/operation.o
  LD [M]  drivers/mtd/nand/raw/atmel/atmel-pmecc.o
  CC [M]  drivers/mtd/nand/raw/bcm47xxnflash/main.o
  CC [M]  drivers/infiniband/hw/bng_re/bng_sp.o
  CC [M]  drivers/net/ethernet/netronome/nfp/bpf/verifier.o
  CC [M]  drivers/mtd/nand/raw/ingenic/jz4780_bch.o
  CC [M]  drivers/gpu/drm/amd/amdgpu/../display/dc/hwss/dcn303/dcn303_init.o
  CC [M]  drivers/gpu/drm/nouveau/nvkm/engine/nvdec/tu102.o
  CC [M]  drivers/ata/pata_parport/fit2.o
  CC [M]  drivers/infiniband/hw/mlx5/srq_cmd.o
  CC [M]  drivers/comedi/drivers/comedi_test.o
  CC [M]  drivers/mtd/nand/raw/bcm47xxnflash/ops_bcm4706.o
  LD [M]  drivers/mtd/nand/raw/ingenic/ingenic_nand.o
  CC [M]  drivers/infiniband/hw/bng_re/bng_debugfs.o
  CC [M]  drivers/infiniband/hw/erdma/erdma_main.o
  CC [M]  drivers/infiniband/hw/bnxt_re/qplib_fp.o
  CC [M]  drivers/gpu/drm/nouveau/nvkm/engine/nvdec/ga102.o
  CC [M]  drivers/gpu/drm/amd/amdgpu/../display/dc/hwss/dcn31/dcn31_hwseq.o
  CC [M]  drivers/greybus/gb-beagleplay.o
  CC [M]  drivers/gpib/ines/ines_gpib.o
  CC [M]  drivers/ata/pata_parport/fit3.o
  CC [M]  drivers/gpu/drm/nouveau/nvkm/engine/sec/g98.o
  CC [M]  drivers/net/ethernet/netronome/nfp/bpf/jit.o
  LD [M]  drivers/mtd/nand/raw/bcm47xxnflash/bcm47xxnflash.o
  CC [M]  drivers/mtd/nand/raw/brcmnand/iproc_nand.o
  CC [M]  drivers/comedi/drivers/comedi_parport.o
  CC [M]  drivers/hwmon/jc42.o
  LD [M]  drivers/infiniband/hw/bng_re/bng_re.o
  CC [M]  drivers/gpu/drm/nouveau/nvkm/engine/sec2/base.o
  CC [M]  drivers/gpib/lpvo_usb_gpib/lpvo_usb_gpib.o
  CC [M]  drivers/infiniband/hw/mlx5/umr.o
  CC [M]  drivers/greybus/es2.o
  CC [M]  drivers/infiniband/hw/erdma/erdma_cmdq.o
  CC [M]  drivers/ata/pata_parport/on20.o
  CC [M]  drivers/mtd/nand/raw/brcmnand/bcmbca_nand.o
  LD [M]  drivers/comedi/comedi.o
  CC [M]  drivers/gpu/drm/amd/amdgpu/../display/dc/hwss/dcn31/dcn31_init.o
  CC [M]  drivers/comedi/drivers/amplc_dio200.o
  CC [M]  drivers/gpu/drm/nouveau/nvkm/engine/sec2/gp102.o
  CC [M]  drivers/infiniband/core/uverbs_marshall.o
  CC [M]  drivers/hwmon/kbatt.o
  CC [M]  drivers/gpu/drm/nouveau/nvkm/engine/sec2/gp108.o
  LD [M]  drivers/greybus/greybus.o
  CC [M]  drivers/mtd/nand/raw/brcmnand/bcm6368_nand.o
  CC [M]  drivers/infiniband/hw/ionic/ionic_ibdev.o
  CC [M]  drivers/comedi/drivers/amplc_pc236.o
  LD [M]  drivers/greybus/gb-es2.o
  CC [M]  drivers/comedi/drivers/amplc_pc263.o
  CC [M]  drivers/hwmon/kfan.o
  CC [M]  drivers/infiniband/hw/ionic/ionic_lif_cfg.o
  CC [M]  drivers/gpu/drm/amd/amdgpu/../display/dc/hwss/dcn314/dcn314_hwseq.o
  CC [M]  drivers/gpib/nec7210/nec7210.o
  CC [M]  drivers/infiniband/hw/erdma/erdma_cq.o
  CC [M]  drivers/mtd/nand/raw/brcmnand/brcmstb_nand.o
  CC [M]  drivers/ata/pata_parport/on26.o
  CC [M]  drivers/gpu/drm/nouveau/nvkm/engine/sec2/tu102.o
  CC [M]  drivers/infiniband/hw/ionic/ionic_queue.o
  CC [M]  drivers/infiniband/hw/mlx5/wr.o
  CC [M]  drivers/infiniband/core/uverbs_std_types.o
  CC [M]  drivers/comedi/drivers/pcl711.o
  CC [M]  drivers/infiniband/hw/bnxt_re/hw_counters.o
  CC [M]  drivers/hwmon/lan966x-hwmon.o
  CC [M]  drivers/mtd/nand/raw/brcmnand/brcmnand.o
  CC [M]  drivers/hwmon/lineage-pem.o
  CC [M]  drivers/gpib/ni_usb/ni_usb_gpib.o
  CC [M]  drivers/infiniband/hw/ionic/ionic_pgtbl.o
  CC [M]  drivers/net/ethernet/netronome/nfp/abm/cls.o
  CC [M]  drivers/gpu/drm/nouveau/nvkm/engine/sec2/ga102.o
  CC [M]  drivers/infiniband/hw/erdma/erdma_verbs.o
  CC [M]  drivers/comedi/drivers/pcl724.o
  CC [M]  drivers/hwmon/lm63.o
  CC [M]  drivers/comedi/drivers/pcl726.o
  CC [M]  drivers/infiniband/hw/hns/hns_roce_bond.o
  CC [M]  drivers/infiniband/core/uverbs_ioctl.o
  CC [M]  drivers/gpu/drm/amd/amdgpu/../display/dc/hwss/dcn314/dcn314_init.o
  CC [M]  drivers/infiniband/core/uverbs_std_types_cq.o
  CC [M]  drivers/infiniband/hw/bnxt_re/debugfs.o
  CC [M]  drivers/infiniband/hw/ionic/ionic_admin.o
  CC [M]  drivers/infiniband/core/uverbs_std_types_dmabuf.o
  CC [M]  drivers/gpu/drm/nouveau/nvkm/engine/sec2/r535.o
  CC [M]  drivers/comedi/drivers/pcl730.o
  CC [M]  drivers/net/ethernet/netronome/nfp/abm/ctrl.o
  CC [M]  drivers/infiniband/hw/mlx5/odp.o
  CC [M]  drivers/gpu/drm/amd/amdgpu/../display/dc/hwss/dcn32/dcn32_hwseq.o
  CC [M]  drivers/ata/pata_parport/ktti.o
  CC [M]  drivers/gpib/tms9914/tms9914.o
  CC [M]  drivers/hwmon/lm70.o
  CC [M]  drivers/mtd/nand/raw/brcmnand/bcma_nand.o
  CC [M]  drivers/gpu/drm/nouveau/nvkm/engine/sw/base.o
  CC [M]  drivers/comedi/drivers/pcl812.o
  CC [M]  drivers/infiniband/hw/bnxt_re/uapi.o
  CC [M]  drivers/infiniband/hw/ionic/ionic_controlpath.o
  LD [M]  drivers/infiniband/hw/hns/hns-roce-hw-v2.o
  CC [M]  drivers/infiniband/hw/erdma/erdma_qp.o
  CC [M]  drivers/infiniband/core/uverbs_std_types_dmah.o
  CC [M]  drivers/hwmon/lm73.o
  CC [M]  drivers/rpmsg/rpmsg_core.o
  CC [M]  drivers/ata/pata_parport/bpck6.o
  LD [M]  drivers/mtd/nand/raw/omap2_nand.o
  CC [M]  drivers/infiniband/core/uverbs_std_types_flow_action.o
  CC [M]  drivers/gpu/drm/nouveau/nvkm/engine/sw/nv04.o
  CC [M]  drivers/gpib/tnt4882/tnt4882_gpib.o
  CC [M]  drivers/net/ethernet/netronome/nfp/abm/qdisc.o
  CC [M]  drivers/infiniband/hw/mlx5/ib_rep.o
  CC [M]  drivers/gpu/drm/amd/amdgpu/../display/dc/hwss/dcn32/dcn32_init.o
  CC [M]  drivers/comedi/drivers/pcl816.o
  CC [M]  drivers/rpmsg/rpmsg_char.o
  CC [M]  drivers/hwmon/lm75.o
  LD [M]  drivers/infiniband/hw/bnxt_re/bnxt_re.o
  CC [M]  drivers/infiniband/core/uverbs_std_types_dm.o
  CC [M]  drivers/gpib/tnt4882/mite.o
  CC [M]  drivers/net/ethernet/netronome/nfp/abm/main.o
  CC [M]  drivers/gpu/drm/nouveau/nvkm/engine/sw/nv10.o
  CC [M]  drivers/infiniband/hw/ionic/ionic_datapath.o
  CC [M]  drivers/infiniband/hw/erdma/erdma_eq.o
  CC [M]  drivers/gpu/drm/amd/amdgpu/../display/dc/hwss/dcn35/dcn35_hwseq.o
  CC [M]  drivers/comedi/drivers/pcl818.o
  CC [M]  drivers/infiniband/hw/ionic/ionic_hw_stats.o
  CC [M]  drivers/hwmon/lm77.o
  CC [M]  drivers/infiniband/hw/mlx5/macsec.o
  CC [M]  drivers/soundwire/bus_type.o
  CC [M]  drivers/rpmsg/rpmsg_ctrl.o
  LD [M]  drivers/gpib/tnt4882/tnt4882.o
  CC [M]  drivers/net/ethernet/netronome/nfp/crypto/ipsec.o
  CC [M]  drivers/soundwire/bus.o
  CC [M]  drivers/gpu/drm/nouveau/nvkm/engine/sw/nv50.o
  CC [M]  drivers/infiniband/core/uverbs_std_types_mr.o
  CC [M]  drivers/soundwire/master.o
  CC [M]  drivers/net/ethernet/netronome/nfp/nfd3/ipsec.o
  CC [M]  drivers/hwmon/lm78.o
  CC [M]  drivers/infiniband/hw/mlx5/devx.o
  LD [M]  drivers/infiniband/hw/erdma/erdma.o
  CC [M]  drivers/comedi/drivers/pcm3724.o
  CC [M]  drivers/infiniband/hw/mlx5/qos.o
  CC [M]  drivers/gpu/drm/nouveau/nvkm/engine/sw/gf100.o
  CC [M]  drivers/rpmsg/rpmsg_ns.o
  CC [M]  drivers/net/ethernet/netronome/nfp/nfdk/ipsec.o
  CC [M]  drivers/gpu/drm/amd/amdgpu/../display/dc/hwss/dcn35/dcn35_init.o
  CC [M]  drivers/net/ethernet/netronome/nfp/nfp_net_debugfs.o
  LD [M]  drivers/infiniband/hw/ionic/ionic_rdma.o
  CC [M]  drivers/gpu/drm/amd/amdgpu/../display/dc/hwss/dcn351/dcn351_hwseq.o
  CC [M]  drivers/gpu/drm/amd/amdgpu/../display/dc/hwss/dcn351/dcn351_init.o
  CC [M]  drivers/comedi/drivers/rti800.o
  CC [M]  drivers/iio/industrialio-core.o
  CC [M]  drivers/rpmsg/mtk_rpmsg.o
  CC [M]  drivers/infiniband/core/uverbs_std_types_counters.o
  CC [M]  drivers/soundwire/slave.o
  CC [M]  drivers/gpu/drm/nouveau/nvkm/engine/sw/chan.o
  CC [M]  drivers/soundwire/mipi_disco.o
  CC [M]  drivers/hwmon/lm80.o
  CC [M]  drivers/infiniband/core/uverbs_uapi.o
  CC [M]  drivers/infiniband/core/uverbs_std_types_device.o
  CC [M]  drivers/comedi/drivers/rti802.o
  CC [M]  drivers/infiniband/core/uverbs_std_types_async_fd.o
  CC [M]  drivers/net/ethernet/netronome/nfp/nic/dcb.o
  CC [M]  drivers/infiniband/core/uverbs_std_types_srq.o
  CC [M]  drivers/iio/industrialio-event.o
  CC [M]  drivers/gpu/drm/amd/amdgpu/../display/dc/hwss/dcn401/dcn401_hwseq.o
  CC [M]  drivers/rpmsg/qcom_glink_native.o
  CC [M]  drivers/gpu/drm/nouveau/nvkm/engine/sw/nvsw.o
  CC [M]  drivers/soundwire/stream.o
  CC [M]  drivers/hwmon/lm83.o
  CC [M]  drivers/comedi/drivers/dac02.o
  CC [M]  drivers/rpmsg/qcom_glink_ssr.o
  CC [M]  drivers/infiniband/hw/mlx5/std_types.o
  CC [M]  drivers/infiniband/core/uverbs_std_types_wq.o
  CC [M]  drivers/iio/inkern.o
  CC [M]  drivers/gpu/drm/nouveau/nvkm/engine/vp/g84.o
  CC [M]  drivers/rpmsg/qcom_glink_rpm.o
  CC [M]  drivers/rpmsg/qcom_glink_smem.o
  CC [M]  drivers/gpu/drm/amd/amdgpu/../display/dc/hwss/dcn401/dcn401_init.o
  CC [M]  drivers/hwmon/lm85.o
  CC [M]  drivers/rpmsg/qcom_smd.o
  CC [M]  drivers/iio/industrialio-buffer.o
  CC [M]  drivers/ipack/ipack.o
  LD [M]  drivers/net/ethernet/netronome/nfp/nfp.o
make[7]: *** [/home/benni/git/linux/scripts/Makefile.build:549: drivers/net/ethernet] Error 2
make[6]: *** [/home/benni/git/linux/scripts/Makefile.build:549: drivers/net] Error 2
make[6]: *** Waiting for unfinished jobs....
  CC [M]  drivers/soundwire/sysfs_slave.o
  CC [M]  drivers/comedi/drivers/das16m1.o
  CC [M]  drivers/infiniband/core/uverbs_std_types_qp.o
  CC [M]  drivers/gpu/drm/nouveau/nouveau_debugfs.o
  CC [M]  drivers/rpmsg/virtio_rpmsg_bus.o
  CC [M]  drivers/hwmon/lm87.o
  CC [M]  drivers/iio/industrialio-trigger.o
  CC [M]  drivers/comedi/drivers/das08_isa.o
  LD [M]  drivers/infiniband/hw/mlx5/mlx5_ib.o
  CC [M]  drivers/gpu/drm/amd/amdgpu/../display/dc/hwss/dcn42/dcn42_hwseq.o
  CC [M]  drivers/soundwire/sysfs_slave_dpn.o
  CC [M]  drivers/ipack/devices/ipoctal.o
  CC [M]  drivers/ipack/carriers/tpci200.o
  CC [M]  drivers/gpu/drm/nouveau/nouveau_drm.o
  CC [M]  drivers/hwmon/lm90.o
  CC [M]  drivers/comedi/drivers/das16.o
  CC [M]  drivers/gpu/drm/nouveau/nouveau_hwmon.o
  CC [M]  drivers/hwmon/lm92.o
  CC [M]  drivers/comedi/drivers/das800.o
  CC [M]  drivers/comedi/drivers/das1800.o
  CC [M]  drivers/infiniband/core/ucma.o
  CC [M]  drivers/iio/industrialio-acpi.o
  CC [M]  drivers/gpu/drm/amd/amdgpu/../display/dc/hwss/dcn42/dcn42_init.o
  CC [M]  drivers/soundwire/debugfs.o
  CC [M]  drivers/comedi/drivers/das6402.o
  LD [M]  drivers/rpmsg/qcom_glink.o
  CC [M]  drivers/soundwire/irq.o
  CC [M]  drivers/infiniband/core/rdma_core.o
  CC [M]  drivers/gpu/drm/amd/amdgpu/../display/dc/hwss/dcn42b/dcn42b_hwseq.o
  CC [M]  drivers/gpu/drm/amd/amdgpu/../display/dc/hwss/dcn42b/dcn42b_init.o
  CC [M]  drivers/gpu/drm/nouveau/nouveau_ioc32.o
  CC [M]  drivers/gpu/drm/amd/amdgpu/../display/dc/irq/irq_service.o
  CC [M]  drivers/iio/industrialio-configfs.o
  CC [M]  drivers/iio/industrialio-gts-helper.o
  CC [M]  drivers/soundwire/generic_bandwidth_allocation.o
  CC [M]  drivers/gpu/drm/nouveau/nouveau_nvif.o
  CC [M]  drivers/comedi/drivers/dt2801.o
  CC [M]  drivers/hwmon/lm93.o
  CC [M]  drivers/infiniband/core/ucaps.o
  CC [M]  drivers/gpu/drm/amd/amdgpu/../display/dc/irq/dce60/irq_service_dce60.o
  CC [M]  drivers/iio/industrialio-sw-device.o
  CC [M]  drivers/gpu/drm/nouveau/nouveau_platform.o
  CC [M]  drivers/soundwire/amd_init.o
  CC [M]  drivers/hwmon/lm95234.o
  CC [M]  drivers/comedi/drivers/dt2811.o
  CC [M]  drivers/infiniband/core/uverbs_flow.o
  LD [M]  drivers/infiniband/core/ib_core.o
  CC [M]  drivers/gpu/drm/nouveau/nouveau_vga.o
  CC [M]  drivers/soundwire/amd_manager.o
  CC [M]  drivers/iio/industrialio-sw-trigger.o
  CC [M]  drivers/comedi/drivers/dt2814.o
  CC [M]  drivers/iio/industrialio-triggered-event.o
  CC [M]  drivers/gpu/drm/nouveau/nouveau_bo.o
  CC [M]  drivers/hwmon/lm95241.o
  CC [M]  drivers/gpu/drm/amd/amdgpu/../display/dc/irq/dce80/irq_service_dce80.o
  CC [M]  drivers/iio/industrialio-backend.o
  CC [M]  drivers/gpu/drm/amd/amdgpu/../display/dc/irq/dce110/irq_service_dce110.o
  CC [M]  drivers/gpu/drm/amd/amdgpu/../display/dc/irq/dce120/irq_service_dce120.o
  CC [M]  drivers/hwmon/lm95245.o
  LD [M]  drivers/infiniband/core/ib_cm.o
  CC [M]  drivers/hwmon/ltc2945.o
  CC [M]  drivers/gpu/drm/amd/amdgpu/../display/dc/irq/dcn10/irq_service_dcn10.o
  CC [M]  drivers/hwmon/ltc2947-core.o
  CC [M]  drivers/gpu/drm/nouveau/nouveau_bo0039.o
  CC [M]  drivers/comedi/drivers/dt2815.o
  CC [M]  drivers/soundwire/cadence_master.o
  CC [M]  drivers/hwmon/ltc2947-i2c.o
  LD [M]  drivers/infiniband/core/iw_cm.o
  LD [M]  drivers/infiniband/core/rdma_cm.o
  CC [M]  drivers/gpu/drm/nouveau/nouveau_bo5039.o
  LD [M]  drivers/infiniband/core/ib_umad.o
  LD [M]  drivers/infiniband/core/ib_uverbs.o
  LD [M]  drivers/infiniband/core/rdma_ucm.o
  CC [M]  drivers/gpu/drm/nouveau/nouveau_bo74c1.o
  LD [M]  drivers/infiniband/core/ib_uverbs_support.o
  CC [M]  drivers/comedi/drivers/dt2817.o
  CC [M]  drivers/iio/accel/adis16201.o
  CC [M]  drivers/gpu/drm/nouveau/nouveau_bo85b5.o
  CC [M]  drivers/soundwire/intel.o
  CC [M]  drivers/hwmon/ltc2947-spi.o
  CC [M]  drivers/iio/adc/industrialio-adc.o
  CC [M]  drivers/iio/addac/ad74115.o
  CC [M]  drivers/gpu/drm/amd/amdgpu/../display/dc/irq/dcn20/irq_service_dcn20.o
  CC [M]  drivers/iio/accel/adis16209.o
  CC [M]  drivers/iio/adc/ad_sigma_delta.o
  CC [M]  drivers/gpu/drm/amd/amdgpu/../display/dc/irq/dcn21/irq_service_dcn21.o
  CC [M]  drivers/comedi/drivers/dt282x.o
  CC [M]  drivers/soundwire/intel_ace2x.o
  CC [M]  drivers/gpu/drm/nouveau/nouveau_bo9039.o
  CC [M]  drivers/iio/accel/adxl313_core.o
  CC [M]  drivers/iio/accel/adxl313_i2c.o
  CC [M]  drivers/iio/adc/ad4000.o
  CC [M]  drivers/gpu/drm/amd/amdgpu/../display/dc/irq/dcn201/irq_service_dcn201.o
  CC [M]  drivers/hwmon/ltc2990.o
  CC [M]  drivers/gpu/drm/nouveau/nouveau_bo90b5.o
  CC [M]  drivers/gpu/drm/amd/amdgpu/../display/dc/irq/dcn30/irq_service_dcn30.o
  CC [M]  drivers/comedi/drivers/dmm32at.o
  CC [M]  drivers/iio/afe/iio-rescale.o
  CC [M]  drivers/iio/addac/ad74413r.o
  CC [M]  drivers/gpu/drm/amd/amdgpu/../display/dc/irq/dcn302/irq_service_dcn302.o
  CC [M]  drivers/iio/accel/adxl313_spi.o
  CC [M]  drivers/iio/amplifiers/ad8366.o
  CC [M]  drivers/comedi/drivers/fl512.o
  CC [M]  drivers/soundwire/intel_ace2x_debugfs.o
  CC [M]  drivers/iio/buffer/industrialio-buffer-cb.o
  CC [M]  drivers/gpu/drm/nouveau/nouveau_boa0b5.o
  CC [M]  drivers/gpu/drm/amd/amdgpu/../display/dc/irq/dcn303/irq_service_dcn303.o
  CC [M]  drivers/iio/adc/ad4030.o
  CC [M]  drivers/hwmon/ltc2991.o
  CC [M]  drivers/iio/adc/ad4062.o
  CC [M]  drivers/iio/amplifiers/ada4250.o
  CC [M]  drivers/iio/cdc/ad7150.o
  CC [M]  drivers/iio/accel/adxl345_core.o
  CC [M]  drivers/gpu/drm/nouveau/nouveau_gem.o
  CC [M]  drivers/iio/cdc/ad7746.o
  CC [M]  drivers/comedi/drivers/aio_aio12_8.o
  CC [M]  drivers/iio/buffer/industrialio-buffer-dma.o
  CC [M]  drivers/soundwire/intel_auxdevice.o
  CC [M]  drivers/gpu/drm/amd/amdgpu/../display/dc/irq/dcn31/irq_service_dcn31.o
  CC [M]  drivers/iio/adc/ad4080.o
  CC [M]  drivers/gpu/drm/nouveau/nouveau_svm.o
  CC [M]  drivers/iio/amplifiers/adl8113.o
  CC [M]  drivers/hwmon/ltc2992.o
  CC [M]  drivers/iio/buffer/industrialio-buffer-dmaengine.o
  CC [M]  drivers/comedi/drivers/aio_iiro_16.o
  CC [M]  drivers/iio/chemical/ags02ma.o
  CC [M]  drivers/iio/common/cros_ec_sensors/cros_ec_sensors_core.o
  CC [M]  drivers/iio/accel/adxl345_i2c.o
  CC [M]  drivers/iio/chemical/atlas-sensor.o
  CC [M]  drivers/iio/buffer/industrialio-hw-consumer.o
  CC [M]  drivers/iio/common/hid-sensors/hid-sensor-attributes.o
  CC [M]  drivers/gpu/drm/amd/amdgpu/../display/dc/irq/dcn314/irq_service_dcn314.o
  CC [M]  drivers/comedi/drivers/ii_pci20kc.o
  CC [M]  drivers/soundwire/intel_init.o
  CC [M]  drivers/iio/amplifiers/hmc425a.o
  CC [M]  drivers/iio/adc/ad4130.o
  CC [M]  drivers/comedi/drivers/c6xdigio.o
  CC [M]  drivers/iio/common/hid-sensors/hid-sensor-trigger.o
  CC [M]  drivers/hwmon/ltc4151.o
  CC [M]  drivers/hwmon/ltc4215.o
  CC [M]  drivers/comedi/drivers/mpc624.o
  CC [M]  drivers/iio/buffer/industrialio-triggered-buffer.o
  CC [M]  drivers/iio/common/cros_ec_sensors/cros_ec_sensors_trace.o
  CC [M]  drivers/iio/accel/adxl345_spi.o
  CC [M]  drivers/gpu/drm/nouveau/nouveau_dmem.o
  CC [M]  drivers/iio/buffer/kfifo_buf.o
  CC [M]  drivers/gpu/drm/amd/amdgpu/../display/dc/irq/dcn315/irq_service_dcn315.o
  CC [M]  drivers/iio/chemical/atlas-ezo-sensor.o
  CC [M]  drivers/soundwire/dmi-quirks.o
  CC [M]  drivers/iio/adc/ad4134.o
  CC [M]  drivers/iio/dac/ad3530r.o
  CC [M]  drivers/iio/accel/adxl355_core.o
  CC [M]  drivers/comedi/drivers/adq12b.o
  CC [M]  drivers/iio/chemical/bme680_core.o
  CC [M]  drivers/soundwire/intel_bus_common.o
  LD [M]  drivers/iio/common/hid-sensors/hid-sensor-iio-common.o
  CC [M]  drivers/gpu/drm/amd/amdgpu/../display/dc/irq/dcn32/irq_service_dcn32.o
  CC [M]  drivers/hwmon/ltc4222.o
  CC [M]  drivers/iio/dac/ad3552r-hs.o
  CC [M]  drivers/gpu/drm/nouveau/nouveau_mem.o
  CC [M]  drivers/iio/common/cros_ec_sensors/cros_ec_sensors.o
  CC [M]  drivers/soundwire/qcom.o
  CC [M]  drivers/iio/adc/ad4170-4.o
  CC [M]  drivers/comedi/drivers/ni_at_a2150.o
  CC [M]  drivers/iio/dummy/iio_simple_dummy.o
  CC [M]  drivers/iio/accel/adxl355_i2c.o
  CC [M]  drivers/iio/gyro/adis16080.o
  CC [M]  drivers/iio/filter/admv8818.o
  CC [M]  drivers/gpu/drm/nouveau/nouveau_prime.o
  CC [M]  drivers/iio/accel/adxl355_spi.o
  CC [M]  drivers/hwmon/ltc4245.o
  CC [M]  drivers/iio/common/cros_ec_sensors/cros_ec_lid_angle.o
  CC [M]  drivers/gpu/drm/amd/amdgpu/../display/dc/irq/dcn35/irq_service_dcn35.o
  CC [M]  drivers/iio/dac/ad3552r-common.o
  CC [M]  drivers/iio/chemical/bme680_i2c.o
  CC [M]  drivers/gpu/drm/amd/amdgpu/../display/dc/irq/dcn351/irq_service_dcn351.o
  CC [M]  drivers/iio/chemical/bme680_spi.o
  CC [M]  drivers/iio/dummy/iio_simple_dummy_events.o
  CC [M]  drivers/iio/gyro/adis16130.o
  CC [M]  drivers/iio/dummy/iio_simple_dummy_buffer.o
  CC [M]  drivers/comedi/drivers/ni_at_ao.o
  CC [M]  drivers/iio/accel/adxl367.o
  CC [M]  drivers/gpu/drm/nouveau/nouveau_sgdma.o
  CC [M]  drivers/gpu/drm/amd/amdgpu/../display/dc/irq/dcn36/irq_service_dcn36.o
  CC [M]  drivers/iio/common/cros_ec_sensors/cros_ec_activity.o
  LD [M]  drivers/soundwire/soundwire-bus.o
  LD [M]  drivers/soundwire/soundwire-generic-allocation.o
  CC [M]  drivers/hwmon/ltc4260.o
  LD [M]  drivers/soundwire/soundwire-amd.o
  LD [M]  drivers/soundwire/soundwire-cadence.o
  LD [M]  drivers/soundwire/soundwire-intel.o
  LD [M]  drivers/soundwire/soundwire-qcom.o
  CC [M]  drivers/iio/chemical/ccs811.o
  CC [M]  drivers/iio/adc/ad4691.o
  CC [M]  drivers/iio/dac/ad3552r.o
  CC [M]  drivers/comedi/drivers/ni_atmio.o
  CC [M]  drivers/iio/dummy/iio_dummy_evgen.o
  CC [M]  drivers/iio/gyro/adis16136.o
  CC [M]  drivers/comedi/drivers/ni_atmio16d.o
  CC [M]  drivers/gpu/drm/amd/amdgpu/../display/dc/irq/dcn401/irq_service_dcn401.o
  LD [M]  drivers/iio/dummy/iio_dummy.o
  CC [M]  drivers/iio/accel/adxl367_i2c.o
  CC [M]  drivers/iio/frequency/ad9523.o
  LD [M]  drivers/iio/common/cros_ec_sensors/cros-ec-sensors-core.o
  CC [M]  drivers/gpu/drm/nouveau/nouveau_ttm.o
  CC [M]  drivers/iio/common/inv_sensors/inv_sensors_timestamp.o
  CC [M]  drivers/iio/frequency/adf4350.o
  CC [M]  drivers/hwmon/ltc4261.o
  CC [M]  drivers/gpu/drm/nouveau/nouveau_vmm.o
  CC [M]  drivers/comedi/drivers/ni_labpc.o
  CC [M]  drivers/iio/chemical/ens160_core.o
  CC [M]  drivers/comedi/drivers/pcmad.o
  CC [M]  drivers/iio/gyro/adis16260.o
  CC [M]  drivers/iio/dac/ad5360.o
  CC [M]  drivers/iio/gyro/adxrs290.o
  CC [M]  drivers/iio/accel/adxl367_spi.o
  CC [M]  drivers/iio/common/ms_sensors/ms_sensors_i2c.o
  CC [M]  drivers/gpu/drm/amd/amdgpu/../display/dc/irq/dcn42/irq_service_dcn42.o
  CC [M]  drivers/gpu/drm/amd/amdgpu/../display/dc/link/link_detection.o
  CC [M]  drivers/gpu/drm/amd/amdgpu/../display/dc/link/link_dpms.o
  CC [M]  drivers/iio/adc/ad4695.o
  CC [M]  drivers/iio/chemical/ens160_i2c.o
  CC [M]  drivers/hwmon/ltc4282.o
  CC [M]  drivers/iio/adc/ad4851.o
  CC [M]  drivers/iio/frequency/adf4371.o
  CC [M]  drivers/iio/health/afe4403.o
  CC [M]  drivers/iio/adc/ad7091r-base.o
  CC [M]  drivers/gpu/drm/nouveau/nouveau_exec.o
  CC [M]  drivers/iio/accel/adxl372.o
  CC [M]  drivers/iio/dac/ad5380.o
  CC [M]  drivers/iio/gyro/adxrs450.o
  CC [M]  drivers/iio/common/scmi_sensors/scmi_iio.o
  CC [M]  drivers/iio/health/afe4404.o
  CC [M]  drivers/iio/chemical/ens160_spi.o
  CC [M]  drivers/iio/frequency/adf4377.o
  CC [M]  drivers/iio/common/ssp_sensors/ssp_dev.o
  CC [M]  drivers/iio/health/max30100.o
  CC [M]  drivers/comedi/drivers/pcmda12.o
  CC [M]  drivers/gpu/drm/nouveau/nouveau_sched.o
  CC [M]  drivers/iio/chemical/ams-iaq-core.o
  CC [M]  drivers/iio/gyro/bmg160_core.o
  CC [M]  drivers/hwmon/ltc4283.o
  CC [M]  drivers/iio/dac/ad5421.o
  CC [M]  drivers/iio/accel/adxl372_i2c.o
  CC [M]  drivers/iio/adc/ad7091r5.o
  CC [M]  drivers/iio/health/max30102.o
  CC [M]  drivers/iio/dac/ad5624r_spi.o
  CC [M]  drivers/iio/dac/ad5064.o
  CC [M]  drivers/iio/frequency/admfm2000.o
  CC [M]  drivers/comedi/drivers/pcmmio.o
  CC [M]  drivers/gpu/drm/amd/amdgpu/../display/dc/link/link_factory.o
  CC [M]  drivers/iio/common/ssp_sensors/ssp_spi.o
  CC [M]  drivers/iio/accel/adxl372_spi.o
  CC [M]  drivers/iio/chemical/mhz19b.o
  CC [M]  drivers/hwmon/macsmc-hwmon.o
  CC [M]  drivers/iio/gyro/bmg160_i2c.o
  CC [M]  drivers/gpu/drm/nouveau/nouveau_uvmm.o
  CC [M]  drivers/iio/adc/ad7091r8.o
  CC [M]  drivers/iio/frequency/admv1013.o
  CC [M]  drivers/iio/common/st_sensors/st_sensors_i2c.o
  CC [M]  drivers/iio/humidity/am2315.o
  CC [M]  drivers/iio/humidity/dht11.o
  CC [M]  drivers/hwmon/max1111.o
  CC [M]  drivers/iio/dac/ad5504.o
  CC [M]  drivers/iio/accel/adxl380.o
  CC [M]  drivers/comedi/drivers/pcmuio.o
  CC [M]  drivers/gpu/drm/nouveau/nouveau_backlight.o
  CC [M]  drivers/iio/chemical/pms7003.o
  CC [M]  drivers/iio/common/ssp_sensors/ssp_iio.o
  CC [M]  drivers/iio/gyro/bmg160_spi.o
  CC [M]  drivers/iio/adc/ad7124.o
  CC [M]  drivers/iio/frequency/admv1014.o
  CC [M]  drivers/gpu/drm/amd/amdgpu/../display/dc/link/link_resource.o
  CC [M]  drivers/iio/common/st_sensors/st_sensors_spi.o
  CC [M]  drivers/hwmon/max127.o
  CC [M]  drivers/iio/humidity/ens210.o
  CC [M]  drivers/iio/imu/adis16400.o
  LD [M]  drivers/iio/common/ssp_sensors/sensorhub.o
  CC [M]  drivers/iio/imu/adis16460.o
  CC [M]  drivers/iio/dac/ad5446.o
  CC [M]  drivers/iio/chemical/scd30_core.o
  CC [M]  drivers/iio/dac/ad5446-spi.o
  CC [M]  drivers/comedi/drivers/multiq3.o
  CC [M]  drivers/iio/gyro/fxas21002c_core.o
  CC [M]  drivers/iio/imu/adis16475.o
  CC [M]  drivers/gpu/drm/nouveau/nouveau_bios.o
  CC [M]  drivers/iio/accel/adxl380_i2c.o
  CC [M]  drivers/iio/common/st_sensors/st_sensors_core.o
  CC [M]  drivers/hwmon/max16065.o
  CC [M]  drivers/iio/humidity/hdc100x.o
  CC [M]  drivers/gpu/drm/amd/amdgpu/../display/dc/link/link_validation.o
  CC [M]  drivers/hwmon/max1619.o
  CC [M]  drivers/iio/frequency/admv4420.o
  CC [M]  drivers/hwmon/max1668.o
  CC [M]  drivers/iio/accel/adxl380_spi.o
  CC [M]  drivers/iio/dac/ad5446-i2c.o
  CC [M]  drivers/comedi/drivers/s526.o
  CC [M]  drivers/iio/chemical/scd30_i2c.o
  CC [M]  drivers/iio/adc/ad7173.o
  CC [M]  drivers/iio/gyro/fxas21002c_i2c.o
  CC [M]  drivers/hwmon/max197.o
  CC [M]  drivers/iio/imu/adis16480.o
  CC [M]  drivers/iio/light/acpi-als.o
  CC [M]  drivers/iio/accel/bma220_core.o
  CC [M]  drivers/iio/humidity/hdc2010.o
  CC [M]  drivers/iio/frequency/adrf6780.o
  CC [M]  drivers/iio/light/adjd_s311.o
  CC [M]  drivers/iio/common/st_sensors/st_sensors_buffer.o
  CC [M]  drivers/comedi/drivers/8255_pci.o
  CC [M]  drivers/iio/dac/ad5449.o
  CC [M]  drivers/iio/chemical/scd30_serial.o
  CC [M]  drivers/iio/humidity/hdc3020.o
  CC [M]  drivers/hwmon/max31722.o
  CC [M]  drivers/iio/gyro/fxas21002c_spi.o
  CC [M]  drivers/gpu/drm/amd/amdgpu/../display/dc/link/accessories/link_dp_trace.o
  CC [M]  drivers/iio/magnetometer/af8133j.o
  CC [M]  drivers/gpu/drm/nouveau/nouveau_connector.o
  CC [M]  drivers/comedi/drivers/addi_watchdog.o
  CC [M]  drivers/iio/adc/ad7191.o
  CC [M]  drivers/iio/accel/bma220_i2c.o
  CC [M]  drivers/iio/common/st_sensors/st_sensors_trigger.o
  CC [M]  drivers/iio/light/adux1020.o
  CC [M]  drivers/iio/magnetometer/ak8974.o
  CC [M]  drivers/iio/dac/ad5592r-base.o
  CC [M]  drivers/iio/chemical/scd4x.o
  CC [M]  drivers/gpu/drm/nouveau/nouveau_display.o
  CC [M]  drivers/iio/imu/adis16550.o
  CC [M]  drivers/hwmon/max31730.o
  CC [M]  drivers/iio/gyro/hid-sensor-gyro-3d.o
  CC [M]  drivers/iio/humidity/hid-sensor-humidity.o
  CC [M]  drivers/comedi/drivers/addi_apci_1032.o
  CC [M]  drivers/gpu/drm/amd/amdgpu/../display/dc/link/accessories/link_dp_cts.o
  CC [M]  drivers/iio/light/al3000a.o
  CC [M]  drivers/iio/accel/bma220_spi.o
  CC [M]  drivers/iio/adc/ad7192.o
  LD [M]  drivers/iio/common/st_sensors/st_sensors.o
  CC [M]  drivers/gpu/drm/amd/amdgpu/../display/dc/link/hwss/link_hwss_dio.o
  CC [M]  drivers/iio/accel/bma400_core.o
  CC [M]  drivers/iio/magnetometer/ak8975.o
  CC [M]  drivers/iio/chemical/sen0322.o
  CC [M]  drivers/iio/dac/ad5592r.o
  CC [M]  drivers/iio/gyro/mpu3050-core.o
  CC [M]  drivers/hwmon/max31760.o
  CC [M]  drivers/iio/humidity/hts221_core.o
  CC [M]  drivers/iio/imu/adis.o
  CC [M]  drivers/comedi/drivers/addi_apci_1500.o
  CC [M]  drivers/iio/dac/ad5593r.o
  CC [M]  drivers/gpu/drm/nouveau/nouveau_dp.o
  CC [M]  drivers/hwmon/max6620.o
  CC [M]  drivers/iio/light/al3010.o
  CC [M]  drivers/iio/magnetometer/als31300.o
  CC [M]  drivers/iio/chemical/sunrise_co2.o
  CC [M]  drivers/gpu/drm/amd/amdgpu/../display/dc/link/hwss/link_hwss_dpia.o
  CC [M]  drivers/iio/multiplexer/iio-mux.o
  CC [M]  drivers/iio/adc/ad7266.o
  CC [M]  drivers/iio/dac/ad5706r.o
  CC [M]  drivers/iio/humidity/hts221_buffer.o
  CC [M]  drivers/hwmon/max6621.o
  CC [M]  drivers/iio/gyro/mpu3050-i2c.o
  CC [M]  drivers/iio/accel/bma400_i2c.o
  CC [M]  drivers/iio/imu/adis_trigger.o
  CC [M]  drivers/iio/accel/bma400_spi.o
  CC [M]  drivers/comedi/drivers/addi_apci_1516.o
  CC [M]  drivers/iio/dac/ad5755.o
  CC [M]  drivers/iio/light/al3320a.o
  CC [M]  drivers/gpu/drm/nouveau/dispnv04/arb.o
  CC [M]  drivers/iio/chemical/sgp30.o
  CC [M]  drivers/iio/magnetometer/bmc150_magn.o
  CC [M]  drivers/iio/orientation/hid-sensor-incl-3d.o
  CC [M]  drivers/iio/humidity/hts221_i2c.o
  CC [M]  drivers/iio/orientation/hid-sensor-rotation.o
  CC [M]  drivers/iio/adc/ad7280a.o
  CC [M]  drivers/iio/imu/adis_buffer.o
  CC [M]  drivers/gpu/drm/amd/amdgpu/../display/dc/link/hwss/link_hwss_hpo_dp.o
  CC [M]  drivers/iio/gyro/itg3200_core.o
  CC [M]  drivers/iio/gyro/itg3200_buffer.o
  CC [M]  drivers/iio/accel/bmc150-accel-core.o
  CC [M]  drivers/comedi/drivers/addi_apci_1564.o
  CC [M]  drivers/hwmon/max6639.o
  CC [M]  drivers/iio/light/apds9160.o
  CC [M]  drivers/iio/dac/ad5758.o
  CC [M]  drivers/gpu/drm/nouveau/dispnv04/crtc.o
  CC [M]  drivers/iio/humidity/hts221_spi.o
  CC [M]  drivers/iio/position/hid-sensor-custom-intel-hinge.o
  CC [M]  drivers/iio/chemical/sgp40.o
  CC [M]  drivers/iio/chemical/sps30.o
  CC [M]  drivers/iio/imu/fxos8700_core.o
  CC [M]  drivers/iio/magnetometer/bmc150_magn_i2c.o
  CC [M]  drivers/gpu/drm/amd/amdgpu/../display/dc/link/hwss/link_hwss_dio_fixed_vs_pe_retimer.o
  CC [M]  drivers/iio/gyro/ssp_gyro_sensor.o
  CC [M]  drivers/comedi/drivers/addi_apci_16xx.o
  CC [M]  drivers/hwmon/max6650.o
  CC [M]  drivers/gpu/drm/amd/amdgpu/../display/dc/link/hwss/link_hwss_hpo_fixed_vs_pe_retimer_dp.o
  CC [M]  drivers/iio/dac/ad5761.o
  CC [M]  drivers/iio/adc/ad7291.o
  CC [M]  drivers/iio/accel/bmc150-accel-i2c.o
  CC [M]  drivers/iio/light/apds9300.o
  CC [M]  drivers/iio/humidity/htu21.o
  CC [M]  drivers/iio/gyro/st_gyro_core.o
  CC [M]  drivers/iio/imu/fxos8700_i2c.o
  CC [M]  drivers/hwmon/max6697.o
  CC [M]  drivers/iio/position/iqs624-pos.o
  CC [M]  drivers/iio/magnetometer/bmc150_magn_spi.o
  CC [M]  drivers/iio/chemical/sps30_i2c.o
  CC [M]  drivers/comedi/drivers/addi_apci_2032.o
  CC [M]  drivers/iio/humidity/si7005.o
  CC [M]  drivers/hwmon/max31790.o
  CC [M]  drivers/gpu/drm/amd/amdgpu/../display/dc/link/hwss/link_hwss_virtual.o
  CC [M]  drivers/iio/dac/ad5764.o
  CC [M]  drivers/iio/accel/bmc150-accel-spi.o
  CC [M]  drivers/iio/adc/ad7292.o
  CC [M]  drivers/iio/accel/bmi088-accel-core.o
  CC [M]  drivers/iio/dac/ad5766.o
  CC [M]  drivers/iio/light/apds9306.o
  CC [M]  drivers/iio/imu/fxos8700_spi.o
  CC [M]  drivers/iio/gyro/st_gyro_buffer.o
  CC [M]  drivers/iio/magnetometer/mag3110.o
  CC [M]  drivers/gpu/drm/nouveau/dispnv04/cursor.o
  CC [M]  drivers/comedi/drivers/addi_apci_2200.o
  CC [M]  drivers/iio/chemical/sps30_serial.o
  CC [M]  drivers/iio/dac/ad5770r.o
  CC [M]  drivers/iio/humidity/si7020.o
  CC [M]  drivers/iio/magnetometer/hid-sensor-magn-3d.o
  CC [M]  drivers/iio/magnetometer/mmc35240.o
  CC [M]  drivers/hwmon/max31827.o
  CC [M]  drivers/gpu/drm/amd/amdgpu/../display/dc/link/hwss/link_hwss_hpo_frl.o
  CC [M]  drivers/iio/accel/bmi088-accel-i2c.o
  CC [M]  drivers/iio/imu/kmx61.o
  CC [M]  drivers/iio/adc/ad7298.o
  CC [M]  drivers/iio/gyro/st_gyro_i2c.o
  CC [M]  drivers/comedi/drivers/addi_apci_3120.o
  CC [M]  drivers/iio/chemical/vz89x.o
  CC [M]  drivers/iio/imu/smi240.o
  CC [M]  drivers/iio/potentiometer/ad5110.o
  CC [M]  drivers/iio/light/apds9960.o
  CC [M]  drivers/gpu/drm/nouveau/dispnv04/dac.o
  CC [M]  drivers/iio/dac/ad5791.o
  LD [M]  drivers/iio/humidity/hts221.o
  CC [M]  drivers/hwmon/max77705-hwmon.o
  CC [M]  drivers/gpu/drm/amd/amdgpu/../display/dc/link/protocols/link_hpd.o
  CC [M]  drivers/iio/magnetometer/mmc5633.o
  CC [M]  drivers/iio/accel/bmi088-accel-spi.o
  CC [M]  drivers/comedi/drivers/addi_apci_3501.o
  CC [M]  drivers/iio/adc/ad7380.o
  CC [M]  drivers/iio/gyro/st_gyro_spi.o
  CC [M]  drivers/iio/light/apds9999.o
  CC [M]  drivers/iio/potentiometer/ad5272.o
  CC [M]  drivers/gpu/drm/nouveau/dispnv04/dfp.o
  CC [M]  drivers/hwmon/mc13783-adc.o
  CC [M]  drivers/iio/dac/ad5686.o
  CC [M]  drivers/iio/imu/bmi160/bmi160_core.o
  CC [M]  drivers/gpu/drm/nouveau/dispnv04/disp.o
  CC [M]  drivers/iio/light/as73211.o
  CC [M]  drivers/iio/imu/bmi160/bmi160_i2c.o
  CC [M]  drivers/iio/accel/da280.o
  CC [M]  drivers/comedi/drivers/addi_apci_3xxx.o
  CC [M]  drivers/gpu/drm/amd/amdgpu/../display/dc/link/protocols/link_ddc.o
  CC [M]  drivers/iio/magnetometer/mmc5983.o
  CC [M]  drivers/iio/adc/ad7405.o
  CC [M]  drivers/comedi/drivers/adl_pci6208.o
  LD [M]  drivers/iio/gyro/mpu3050.o
  LD [M]  drivers/iio/gyro/itg3200.o
  LD [M]  drivers/iio/gyro/st_gyro.o
  CC [M]  drivers/iio/potentiostat/lmp91000.o
  CC [M]  drivers/hwmon/mc33xs2410_hwmon.o
  CC [M]  drivers/iio/potentiometer/ds1803.o
  CC [M]  drivers/iio/dac/ad5686-spi.o
  CC [M]  drivers/iio/imu/bmi160/bmi160_spi.o
  CC [M]  drivers/iio/accel/da311.o
  CC [M]  drivers/iio/imu/bmi270/bmi270_core.o
  CC [M]  drivers/gpu/drm/nouveau/dispnv04/hw.o
  CC [M]  drivers/gpu/drm/amd/amdgpu/../display/dc/link/protocols/link_dpcd.o
  CC [M]  drivers/iio/light/bh1745.o
  CC [M]  drivers/comedi/drivers/adl_pci7250.o
  CC [M]  drivers/iio/adc/ad7476.o
  CC [M]  drivers/iio/pressure/abp060mg.o
  CC [M]  drivers/iio/imu/bmi323/bmi323_core.o
  CC [M]  drivers/iio/magnetometer/st_magn_core.o
  CC [M]  drivers/hwmon/mc34vr500.o
  CC [M]  drivers/iio/imu/bmi323/bmi323_i2c.o
  CC [M]  drivers/iio/potentiometer/max5432.o
  CC [M]  drivers/iio/magnetometer/st_magn_buffer.o
  CC [M]  drivers/iio/dac/ad5696-i2c.o
  CC [M]  drivers/iio/potentiometer/max5481.o
  CC [M]  drivers/iio/accel/dmard06.o
  CC [M]  drivers/comedi/drivers/adl_pci7x3x.o
  CC [M]  drivers/gpu/drm/amd/amdgpu/../display/dc/link/protocols/link_dp_dpia.o
  CC [M]  drivers/iio/pressure/abp2030pa.o
  CC [M]  drivers/iio/adc/ad7606_par.o
  CC [M]  drivers/comedi/drivers/adl_pci8164.o
  CC [M]  drivers/hwmon/mcp3021.o
  CC [M]  drivers/iio/imu/bmi270/bmi270_i2c.o
  CC [M]  drivers/iio/light/bh1750.o
  CC [M]  drivers/iio/imu/bmi323/bmi323_spi.o
  CC [M]  drivers/iio/magnetometer/st_magn_i2c.o
  CC [M]  drivers/iio/imu/bno055/bno055.o
  CC [M]  drivers/iio/dac/ad7293.o
  CC [M]  drivers/iio/potentiometer/max5487.o
  CC [M]  drivers/iio/accel/dmard09.o
  CC [M]  drivers/iio/proximity/as3935.o
  CC [M]  drivers/iio/adc/ad7606_spi.o
  CC [M]  drivers/comedi/drivers/adl_pci9111.o
  CC [M]  drivers/iio/adc/ad7606.o
  CC [M]  drivers/iio/pressure/abp2030pa_i2c.o
  CC [M]  drivers/gpu/drm/amd/amdgpu/../display/dc/link/protocols/link_dp_training.o
  CC [M]  drivers/hwmon/mcp9982.o
  CC [M]  drivers/hwmon/tc654.o
  CC [M]  drivers/iio/imu/bmi270/bmi270_spi.o
  CC [M]  drivers/iio/light/bh1780.o
  CC [M]  drivers/iio/magnetometer/st_magn_spi.o
  CC [M]  drivers/iio/potentiometer/mcp4018.o
  CC [M]  drivers/iio/imu/bno055/bno055_ser_core.o
  CC [M]  drivers/iio/accel/dmard10.o
  CC [M]  drivers/gpu/drm/nouveau/dispnv04/nouveau_i2c_encoder.o
  CC [M]  drivers/iio/proximity/cros_ec_mkbp_proximity.o
  CC [M]  drivers/iio/dac/ad7303.o
  CC [M]  drivers/iio/imu/bno055/bno055_ser_trace.o
  CC [M]  drivers/iio/pressure/abp2030pa_spi.o
  CC [M]  drivers/comedi/drivers/adl_pci9118.o
  CC [M]  drivers/iio/dac/ad8460.o
  CC [M]  drivers/iio/magnetometer/tlv493d.o
  CC [M]  drivers/iio/light/cm32181.o
  CC [M]  drivers/iio/resolver/ad2s90.o
  CC [M]  drivers/iio/potentiometer/mcp4131.o
  CC [M]  drivers/hwmon/tps23861.o
  CC [M]  drivers/iio/resolver/ad2s1200.o
  CC [M]  drivers/iio/proximity/d3323aa.o
  CC [M]  drivers/iio/accel/fxls8962af-core.o
  CC [M]  drivers/gpu/drm/nouveau/dispnv04/overlay.o
  CC [M]  drivers/iio/adc/ad7625.o
  CC [M]  drivers/iio/pressure/adp810.o
  CC [M]  drivers/gpu/drm/nouveau/dispnv04/tvmodesnv17.o
  CC [M]  drivers/iio/imu/bno055/bno055_i2c.o
  CC [M]  drivers/comedi/drivers/adv_pci1710.o
  CC [M]  drivers/gpu/drm/amd/amdgpu/../display/dc/link/protocols/link_dp_training_8b_10b.o
  CC [M]  drivers/iio/potentiometer/mcp4531.o
  CC [M]  drivers/iio/dac/ad8801.o
  CC [M]  drivers/iio/light/cm3232.o
  CC [M]  drivers/hwmon/mlxreg-fan.o
  CC [M]  drivers/iio/magnetometer/hmc5843_core.o
  CC [M]  drivers/iio/resolver/ad2s1210.o
  CC [M]  drivers/iio/proximity/hx9023s.o
  CC [M]  drivers/iio/adc/ad7766.o
  CC [M]  drivers/iio/pressure/rohm-bm1390.o
  CC [M]  drivers/iio/accel/fxls8962af-i2c.o
  CC [M]  drivers/gpu/drm/nouveau/dispnv04/tvnv04.o
  CC [M]  drivers/iio/accel/fxls8962af-spi.o
  LD [M]  drivers/iio/imu/bno055/bno055_ser.o
  CC [M]  drivers/iio/imu/inv_icm42600/inv_icm42600_core.o
  CC [M]  drivers/iio/potentiometer/mcp41010.o
  CC [M]  drivers/iio/dac/ad9739a.o
  CC [M]  drivers/iio/magnetometer/hmc5843_i2c.o
  CC [M]  drivers/hwmon/menf21bmc_hwmon.o
  CC [M]  drivers/comedi/drivers/adv_pci1720.o
  CC [M]  drivers/iio/imu/inv_icm45600/inv_icm45600_core.o
  CC [M]  drivers/iio/light/cm3323.o
  CC [M]  drivers/gpu/drm/amd/amdgpu/../display/dc/link/protocols/link_dp_training_128b_132b.o
  CC [M]  drivers/iio/adc/ad7768-1.o
  CC [M]  drivers/hwmon/mr75203.o
  CC [M]  drivers/iio/imu/inv_mpu6050/inv_mpu_core.o
  CC [M]  drivers/iio/accel/hid-sensor-accel-3d.o
  CC [M]  drivers/iio/pressure/bmp280-core.o
  CC [M]  drivers/iio/potentiometer/tpl0102.o
  CC [M]  drivers/iio/dac/adi-axi-dac.o
  CC [M]  drivers/iio/proximity/irsd200.o
  CC [M]  drivers/gpu/drm/nouveau/dispnv04/tvnv17.o
  CC [M]  drivers/comedi/drivers/adv_pci1723.o
  CC [M]  drivers/iio/magnetometer/hmc5843_spi.o
  CC [M]  drivers/iio/dac/rohm-bd79703.o
  CC [M]  drivers/iio/imu/inv_icm42600/inv_icm42600_gyro.o
  CC [M]  drivers/iio/light/cm3605.o
  CC [M]  drivers/gpu/drm/amd/amdgpu/../display/dc/link/protocols/link_dp_training_dpia.o
  CC [M]  drivers/iio/imu/inv_icm45600/inv_icm45600_buffer.o
  CC [M]  drivers/hwmon/nct6683.o
  CC [M]  drivers/iio/accel/kionix-kx022a.o
  CC [M]  drivers/comedi/drivers/adv_pci1724.o
  CC [M]  drivers/iio/magnetometer/rm3100-core.o
  CC [M]  drivers/iio/potentiometer/x9250.o
  CC [M]  drivers/iio/accel/kionix-kx022a-i2c.o
  CC [M]  drivers/iio/dac/dpot-dac.o
  CC [M]  drivers/iio/light/cm36651.o
  CC [M]  drivers/iio/proximity/isl29501.o
  CC [M]  drivers/iio/imu/inv_mpu6050/inv_mpu_ring.o
  CC [M]  drivers/iio/adc/ad7779.o
  CC [M]  drivers/iio/imu/inv_icm42600/inv_icm42600_accel.o
  CC [M]  drivers/comedi/drivers/adv_pci1760.o
  CC [M]  drivers/iio/imu/inv_icm45600/inv_icm45600_gyro.o
  CC [M]  drivers/gpu/drm/nouveau/dispnv50/disp.o
  CC [M]  drivers/iio/magnetometer/rm3100-i2c.o
  CC [M]  drivers/gpu/drm/amd/amdgpu/../display/dc/link/protocols/link_dp_training_auxless.o
  CC [M]  drivers/hwmon/nct6694-hwmon.o
  CC [M]  drivers/iio/accel/kionix-kx022a-spi.o
  CC [M]  drivers/hwmon/nct6775-core.o
  CC [M]  drivers/iio/dac/ds4424.o
  CC [M]  drivers/iio/pressure/bmp280-regmap.o
  CC [M]  drivers/iio/proximity/pulsedlight-lidar-lite-v2.o
  CC [M]  drivers/iio/light/cros_ec_light_prox.o
  CC [M]  drivers/iio/imu/inv_mpu6050/inv_mpu_trigger.o
  CC [M]  drivers/iio/temperature/iqs620at-temp.o
  CC [M]  drivers/comedi/drivers/adv_pci_dio.o
  CC [M]  drivers/iio/imu/inv_icm42600/inv_icm42600_temp.o
  CC [M]  drivers/iio/adc/ad7780.o
  CC [M]  drivers/iio/magnetometer/rm3100-spi.o
  CC [M]  drivers/iio/imu/inv_icm45600/inv_icm45600_accel.o
  CC [M]  drivers/iio/accel/kxcjk-1013.o
  CC [M]  drivers/comedi/drivers/amplc_dio200_pci.o
  CC [M]  drivers/gpu/drm/amd/amdgpu/../display/dc/link/protocols/link_dp_training_fixed_vs_pe_retimer.o
  CC [M]  drivers/iio/temperature/ltc2983.o
  CC [M]  drivers/iio/light/gp2ap002.o
  CC [M]  drivers/iio/pressure/bmp280-i2c.o
  CC [M]  drivers/iio/dac/lpc18xx_dac.o
  CC [M]  drivers/iio/proximity/mb1232.o
  CC [M]  drivers/iio/imu/inv_mpu6050/inv_mpu_aux.o
  CC [M]  drivers/iio/imu/inv_icm42600/inv_icm42600_buffer.o
  CC [M]  drivers/iio/magnetometer/si7210.o
  CC [M]  drivers/iio/proximity/ping.o
  CC [M]  drivers/iio/adc/ad7791.o
  CC [M]  drivers/comedi/drivers/amplc_pci236.o
  CC [M]  drivers/iio/imu/inv_icm45600/inv_icm45600_i2c.o
  CC [M]  drivers/iio/pressure/bmp280-spi.o
  CC [M]  drivers/iio/dac/ltc1660.o
  CC [M]  drivers/iio/light/gp2ap020a00f.o
  CC [M]  drivers/iio/accel/kxsd9.o
  CC [M]  drivers/iio/adc/ad7793.o
  CC [M]  drivers/gpu/drm/amd/amdgpu/../display/dc/link/protocols/link_dp_phy.o
  CC [M]  drivers/iio/imu/inv_mpu6050/inv_mpu_magn.o
  CC [M]  drivers/iio/proximity/rfd77402.o
  CC [M]  drivers/gpu/drm/nouveau/dispnv50/lut.o
  CC [M]  drivers/iio/magnetometer/tmag5273.o
  CC [M]  drivers/comedi/drivers/amplc_pci263.o
  CC [M]  drivers/iio/imu/inv_icm42600/inv_icm42600_i2c.o
  CC [M]  drivers/iio/dac/ltc2632.o
  CC [M]  drivers/iio/pressure/dlhl60d.o
  CC [M]  drivers/iio/temperature/hid-sensor-temperature.o
  CC [M]  drivers/iio/imu/inv_icm45600/inv_icm45600_spi.o
  CC [M]  drivers/iio/temperature/maxim_thermocouple.o
  CC [M]  drivers/iio/accel/kxsd9-spi.o
  CC [M]  drivers/iio/imu/inv_mpu6050/inv_mpu_i2c.o
  CC [M]  drivers/iio/adc/ad7887.o
  CC [M]  drivers/gpu/drm/amd/amdgpu/../display/dc/link/protocols/link_dp_capability.o
  CC [M]  drivers/hwmon/nct6775-platform.o
  CC [M]  drivers/comedi/drivers/amplc_pci224.o
  CC [M]  drivers/iio/proximity/srf04.o
  CC [M]  drivers/iio/light/hid-sensor-als.o
  CC [M]  drivers/iio/imu/inv_icm42600/inv_icm42600_spi.o
  CC [M]  drivers/gpu/drm/nouveau/dispnv50/core.o
  CC [M]  drivers/iio/dac/ltc2664.o
  CC [M]  drivers/iio/magnetometer/yamaha-yas530.o
  CC [M]  drivers/iio/imu/inv_icm45600/inv_icm45600_i3c.o
  CC [M]  drivers/iio/pressure/dps310.o
  CC [M]  drivers/iio/proximity/srf08.o
  CC [M]  drivers/iio/temperature/max30208.o
  CC [M]  drivers/iio/accel/kxsd9-i2c.o
  CC [M]  drivers/iio/imu/inv_mpu6050/inv_mpu_acpi.o
  CC [M]  drivers/iio/imu/smi330/smi330_core.o
  CC [M]  drivers/iio/adc/ad7923.o
  LD [M]  drivers/iio/imu/inv_icm42600/inv-icm42600.o
  LD [M]  drivers/iio/imu/inv_icm42600/inv-icm42600-i2c.o
  LD [M]  drivers/iio/imu/inv_icm42600/inv-icm42600-spi.o
  CC [M]  drivers/hwmon/nct6775-i2c.o
  CC [M]  drivers/comedi/drivers/amplc_pci230.o
  CC [M]  drivers/iio/light/hid-sensor-prox.o
  CC [M]  drivers/gpu/drm/nouveau/dispnv50/core507d.o
  CC [M]  drivers/iio/imu/st_lsm6dsx/st_lsm6dsx_core.o
  LD [M]  drivers/iio/imu/inv_icm45600/inv-icm45600.o
  LD [M]  drivers/iio/imu/inv_icm45600/inv-icm45600-i2c.o
  LD [M]  drivers/iio/imu/inv_icm45600/inv-icm45600-spi.o
  LD [M]  drivers/iio/imu/inv_icm45600/inv-icm45600-i3c.o
  CC [M]  drivers/iio/adc/ad7944.o
  CC [M]  drivers/iio/temperature/max31856.o
  CC [M]  drivers/iio/dac/ltc2688.o
  CC [M]  drivers/iio/accel/mc3230.o
  CC [M]  drivers/iio/proximity/sx9310.o
  CC [M]  drivers/iio/pressure/cros_ec_baro.o
  CC [M]  drivers/iio/imu/inv_mpu6050/inv_mpu_spi.o
  CC [M]  drivers/iio/imu/smi330/smi330_i2c.o
  CC [M]  drivers/iio/dac/m62332.o
  CC [M]  drivers/hwmon/nct7363.o
  CC [M]  drivers/iio/light/iqs621-als.o
  LD [M]  drivers/iio/magnetometer/st_magn.o
  CC [M]  drivers/iio/pressure/hid-sensor-press.o
  CC [M]  drivers/iio/temperature/max31865.o
  CC [M]  drivers/iio/accel/mma7455_core.o
  CC [M]  drivers/iio/test/iio-test-rescale.o
  CC [M]  drivers/gpu/drm/amd/amdgpu/../display/dc/link/protocols/link_edp_panel_control.o
  CC [M]  drivers/gpu/drm/nouveau/dispnv50/core827d.o
  CC [M]  drivers/iio/adc/ad7949.o
  LD [M]  drivers/iio/imu/inv_mpu6050/inv-mpu6050.o
  LD [M]  drivers/iio/imu/inv_mpu6050/inv-mpu6050-i2c.o
  LD [M]  drivers/iio/imu/inv_mpu6050/inv-mpu6050-spi.o
  CC [M]  drivers/iio/pressure/hp03.o
  CC [M]  drivers/iio/proximity/sx9324.o
  CC [M]  drivers/iio/test/iio-test-format.o
  CC [M]  drivers/iio/imu/smi330/smi330_spi.o
  CC [M]  drivers/comedi/drivers/contec_pci_dio.o
  CC [M]  drivers/iio/imu/st_lsm6dsx/st_lsm6dsx_buffer.o
  CC [M]  drivers/iio/dac/max517.o
  CC [M]  drivers/hwmon/nct7802.o
  CC [M]  drivers/iio/light/isl29018.o
  CC [M]  drivers/iio/accel/mma7455_i2c.o
  CC [M]  drivers/iio/imu/st_lsm6dsx/st_lsm6dsx_shub.o
  CC [M]  drivers/iio/temperature/mcp9600.o
  CC [M]  drivers/iio/trigger/iio-trig-hrtimer.o
  CC [M]  drivers/gpu/drm/nouveau/dispnv50/core907d.o
  CC [M]  drivers/comedi/drivers/das08_pci.o
  CC [M]  drivers/iio/adc/ad799x.o
  CC [M]  drivers/iio/imu/st_lsm6dsx/st_lsm6dsx_fusion.o
  CC [M]  drivers/iio/pressure/hp206c.o
  CC [M]  drivers/iio/test/iio-test-gts.o
  CC [M]  drivers/iio/dac/max22007.o
  CC [M]  drivers/iio/proximity/sx9360.o
  CC [M]  drivers/iio/trigger/stm32-lptimer-trigger.o
  CC [M]  drivers/iio/accel/mma7455_spi.o
  CC [M]  drivers/iio/dac/max5522.o
  CC [M]  drivers/gpu/drm/amd/amdgpu/../display/dc/link/protocols/link_dp_panel_replay.o
  CC [M]  drivers/iio/light/isl29028.o
  CC [M]  drivers/iio/temperature/mlx90614.o
  CC [M]  drivers/gpu/drm/nouveau/dispnv50/core917d.o
  CC [M]  drivers/comedi/drivers/dt3000.o
  CC [M]  drivers/hwmon/nct7904.o
  LD [M]  drivers/iio/industrialio.o
  CC [M]  drivers/iio/adc/ad9467.o
  CC [M]  drivers/iio/imu/st_lsm6dsx/st_lsm6dsx_i2c.o
  CC [M]  drivers/iio/pressure/hsc030pa.o
  CC [M]  drivers/iio/trigger/stm32-timer-trigger.o
  CC [M]  drivers/gpu/drm/nouveau/dispnv50/corec37d.o
  CC [M]  drivers/iio/test/iio-test-multiply.o
  CC [M]  drivers/iio/accel/mma7660.o
  CC [M]  drivers/gpu/drm/nouveau/dispnv50/corec57d.o
  CC [M]  drivers/iio/dac/max5821.o
  CC [M]  drivers/iio/proximity/sx_common.o
  CC [M]  drivers/iio/imu/st_lsm9ds0/st_lsm9ds0_core.o
  CC [M]  drivers/iio/light/isl29125.o
  CC [M]  drivers/comedi/drivers/dyna_pci10xx.o
  CC [M]  drivers/iio/temperature/mlx90632.o
  CC [M]  drivers/gpu/drm/amd/amdgpu/../display/dc/link/protocols/link_dp_irq_handler.o
  CC [M]  drivers/iio/imu/st_lsm6dsx/st_lsm6dsx_spi.o
  CC [M]  drivers/iio/pressure/hsc030pa_i2c.o
  CC [M]  drivers/hwmon/npcm750-pwm-fan.o
  CC [M]  drivers/iio/trigger/iio-trig-sysfs.o
  CC [M]  drivers/iio/adc/ade9000.o
  CC [M]  drivers/iio/accel/mma8452.o
  LD [M]  drivers/iio/imu/adis_lib.o
  CC [M]  drivers/iio/pressure/hsc030pa_spi.o
  CC [M]  drivers/iio/dac/mcp4725.o
  CC [M]  drivers/iio/dac/mcp4728.o
  CC [M]  drivers/gpu/drm/nouveau/dispnv50/coreca7d.o
  CC [M]  drivers/iio/imu/st_lsm9ds0/st_lsm9ds0_i2c.o
  CC [M]  drivers/iio/proximity/sx9500.o
  CC [M]  drivers/comedi/drivers/gsc_hpdi.o
  CC [M]  drivers/iio/light/isl76682.o
  CC [M]  drivers/iio/imu/st_lsm6dsx/st_lsm6dsx_i3c.o
  CC [M]  drivers/iio/trigger/iio-trig-loop.o
  CC [M]  drivers/gpu/drm/nouveau/dispnv50/crc.o
  CC [M]  drivers/iio/pressure/icp10100.o
  CC [M]  drivers/iio/temperature/mlx90635.o
  CC [M]  drivers/hwmon/nsa320-hwmon.o
  CC [M]  drivers/gpu/drm/amd/amdgpu/../display/dc/link/protocols/link_dp_dpia_bw.o
  CC [M]  drivers/iio/temperature/tmp006.o
  CC [M]  drivers/iio/adc/adi-axi-adc.o
  CC [M]  drivers/iio/imu/st_lsm9ds0/st_lsm9ds0_spi.o
  CC [M]  drivers/iio/accel/mma9551_core.o
  CC [M]  drivers/iio/dac/mcp47feb02.o
  CC [M]  drivers/hwmon/ntc_thermistor.o
  CC [M]  drivers/iio/light/jsa1212.o
  CC [M]  drivers/comedi/drivers/icp_multi.o
  LD [M]  drivers/iio/imu/st_lsm6dsx/st_lsm6dsx.o
  CC [M]  drivers/iio/proximity/vcnl3020.o
  CC [M]  drivers/iio/accel/mma9551.o
  CC [M]  drivers/iio/pressure/mpl115.o
  CC [M]  drivers/iio/proximity/vl53l0x-i2c.o
  CC [M]  drivers/iio/dac/mcp4821.o
  CC [M]  drivers/gpu/drm/nouveau/dispnv50/crc907d.o
  CC [M]  drivers/iio/proximity/vl53l1x-i2c.o
  LD [M]  drivers/iio/imu/st_lsm9ds0/st_lsm9ds0.o
  CC [M]  drivers/iio/adc/aspeed_adc.o
  CC [M]  drivers/hwmon/nzxt-kraken2.o
  CC [M]  drivers/iio/temperature/tmp007.o
  CC [M]  drivers/gpu/drm/nouveau/dispnv50/crcc37d.o
  CC [M]  drivers/gpu/drm/amd/amdgpu/../display/dc/link/protocols/link_hdmi_frl.o
  CC [M]  drivers/iio/pressure/mpl115_i2c.o
  CC [M]  drivers/iio/proximity/aw96103.o
  CC [M]  drivers/comedi/drivers/daqboard2000.o
  CC [M]  drivers/iio/light/lm3533-als.o
  CC [M]  drivers/iio/dac/mcp4922.o
  CC [M]  drivers/iio/accel/mma9553.o
  CC [M]  drivers/iio/dac/stm32-dac-core.o
  CC [M]  drivers/iio/adc/at91_adc.o
  CC [M]  drivers/iio/accel/msa311.o
  CC [M]  drivers/iio/temperature/tmp117.o
  CC [M]  drivers/hwmon/nzxt-kraken3.o
  CC [M]  drivers/gpu/drm/nouveau/dispnv50/crcc57d.o
  CC [M]  drivers/gpu/drm/amd/amdgpu/../display/dc/dsc/dcn20/dcn20_dsc.o
  CC [M]  drivers/iio/pressure/mpl115_spi.o
  CC [M]  drivers/iio/light/ltr390.o
  CC [M]  drivers/iio/adc/at91-sama5d2_adc.o
  CC [M]  drivers/comedi/drivers/jr3_pci.o
  CC [M]  drivers/iio/dac/stm32-dac.o
  CC [M]  drivers/comedi/drivers/ke_counter.o
  CC [M]  drivers/iio/temperature/tsys01.o
  CC [M]  drivers/iio/pressure/mpl3115.o
  CC [M]  drivers/iio/pressure/mprls0025pa.o
  CC [M]  drivers/iio/accel/mxc4005.o
  CC [M]  drivers/hwmon/nzxt-smart2.o
  CC [M]  drivers/gpu/drm/amd/amdgpu/../display/dc/dsc/dcn35/dcn35_dsc.o
  CC [M]  drivers/iio/light/ltr501.o
  CC [M]  drivers/gpu/drm/nouveau/dispnv50/crcca7d.o
  CC [M]  drivers/gpu/drm/nouveau/dispnv50/dac507d.o
  CC [M]  drivers/iio/dac/ti-dac082s085.o
  CC [M]  drivers/iio/accel/mxc6255.o
  CC [M]  drivers/hwmon/pc87360.o
  CC [M]  drivers/iio/temperature/tsys02d.o
  CC [M]  drivers/iio/accel/sca3000.o
  CC [M]  drivers/comedi/drivers/cb_pcidas64.o
  CC [M]  drivers/gpu/drm/amd/amdgpu/../display/dc/dsc/dcn401/dcn401_dsc.o
  CC [M]  drivers/iio/pressure/mprls0025pa_i2c.o
  CC [M]  drivers/iio/adc/axp20x_adc.o
  CC [M]  drivers/iio/dac/ti-dac5571.o
  CC [M]  drivers/gpu/drm/nouveau/dispnv50/dac907d.o
  CC [M]  drivers/hwmon/pc87427.o
  CC [M]  drivers/gpu/drm/nouveau/dispnv50/pior507d.o
  CC [M]  drivers/iio/accel/sca3300.o
  CC [M]  drivers/gpu/drm/nouveau/dispnv50/sor507d.o
  CC [M]  drivers/iio/light/ltrf216a.o
  CC [M]  drivers/iio/adc/axp288_adc.o
  CC [M]  drivers/iio/light/lv0104cs.o
  CC [M]  drivers/iio/adc/bcm_iproc_adc.o
  CC [M]  drivers/iio/adc/berlin2-adc.o
  CC [M]  drivers/iio/pressure/mprls0025pa_spi.o
  CC [M]  drivers/hwmon/pcf8591.o
  CC [M]  drivers/comedi/drivers/cb_pcidas.o
  CC [M]  drivers/iio/dac/ti-dac7311.o
  CC [M]  drivers/iio/adc/cc10001_adc.o
  CC [M]  drivers/iio/light/max44000.o
  CC [M]  drivers/gpu/drm/nouveau/dispnv50/sor907d.o
  CC [M]  drivers/hwmon/powerz.o
  CC [M]  drivers/iio/accel/stk8312.o
  CC [M]  drivers/hwmon/powr1220.o
  CC [M]  drivers/gpu/drm/amd/amdgpu/../display/dc/dsc/dc_dsc.o
  CC [M]  drivers/gpu/drm/amd/amdgpu/../display/dc/dsc/rc_calc.o
  CC [M]  drivers/comedi/drivers/cb_pcidda.o
  CC [M]  drivers/iio/pressure/ms5611_core.o
  CC [M]  drivers/iio/pressure/ms5611_i2c.o
  CC [M]  drivers/comedi/drivers/cb_pcimdas.o
  CC [M]  drivers/iio/pressure/ms5611_spi.o
  CC [M]  drivers/hwmon/prom21-xhci.o
  CC [M]  drivers/iio/dac/ti-dac7612.o
  CC [M]  drivers/iio/dac/vf610_dac.o
  CC [M]  drivers/iio/adc/cpcap-adc.o
  CC [M]  drivers/iio/light/max44009.o
  CC [M]  drivers/gpu/drm/nouveau/dispnv50/sorc37d.o
  CC [M]  drivers/iio/light/noa1305.o
  CC [M]  drivers/iio/accel/stk8ba50.o
  CC [M]  drivers/comedi/drivers/cb_pcimdda.o
  CC [M]  drivers/gpu/drm/amd/amdgpu/../display/dc/dsc/rc_calc_dpi.o
  CC [M]  drivers/gpu/drm/nouveau/dispnv50/head.o
  CC [M]  drivers/iio/pressure/ms5637.o
  CC [M]  drivers/iio/adc/da9150-gpadc.o
  CC [M]  drivers/hwmon/pt5161l.o
  CC [M]  drivers/iio/adc/dln2-adc.o
  CC [M]  drivers/iio/light/opt3001.o
  CC [M]  drivers/hwmon/pwm-fan.o
  CC [M]  drivers/hwmon/qnap-mcu-hwmon.o
  CC [M]  drivers/gpu/drm/nouveau/dispnv50/head507d.o
  CC [M]  drivers/comedi/drivers/me4000.o
  CC [M]  drivers/iio/pressure/sdp500.o
  CC [M]  drivers/gpu/drm/nouveau/dispnv50/head827d.o
  CC [M]  drivers/iio/accel/cros_ec_accel_legacy.o
  CC [M]  drivers/iio/light/opt4001.o
  CC [M]  drivers/iio/light/opt4060.o
  CC [M]  drivers/iio/pressure/st_pressure_core.o
  CC [M]  drivers/hwmon/raspberrypi-hwmon.o
  CC [M]  drivers/comedi/drivers/me_daq.o
  CC [M]  drivers/iio/adc/envelope-detector.o
  CC [M]  drivers/gpu/drm/amd/amdgpu/../display/dc/resource/dce60/dce60_resource.o
  CC [M]  drivers/iio/light/pa12203001.o
  CC [M]  drivers/gpu/drm/nouveau/dispnv50/head907d.o
  CC [M]  drivers/iio/accel/ssp_accel_sensor.o
  CC [M]  drivers/iio/adc/ep93xx_adc.o
  CC [M]  drivers/hwmon/sbtsi_temp.o
  CC [M]  drivers/gpu/drm/amd/amdgpu/../display/dc/resource/dce80/dce80_resource.o
  CC [M]  drivers/iio/pressure/st_pressure_buffer.o
  CC [M]  drivers/iio/light/rohm-bu27034.o
  CC [M]  drivers/gpu/drm/nouveau/dispnv50/head917d.o
  CC [M]  drivers/comedi/drivers/ni_6527.o
  CC [M]  drivers/iio/pressure/st_pressure_i2c.o
  CC [M]  drivers/iio/pressure/st_pressure_spi.o
  CC [M]  drivers/iio/accel/st_accel_core.o
  CC [M]  drivers/iio/adc/exynos_adc.o
  CC [M]  drivers/gpu/drm/amd/amdgpu/../display/dc/resource/dce100/dce100_resource.o
  CC [M]  drivers/gpu/drm/nouveau/dispnv50/headc37d.o
  CC [M]  drivers/comedi/drivers/ni_65xx.o
  CC [M]  drivers/hwmon/sch56xx-common.o
  CC [M]  drivers/iio/pressure/t5403.o
  CC [M]  drivers/iio/accel/st_accel_buffer.o
  CC [M]  drivers/gpu/drm/amd/amdgpu/../display/dc/resource/dce110/dce110_resource.o
  CC [M]  drivers/gpu/drm/amd/amdgpu/../display/dc/resource/dce112/dce112_resource.o
  CC [M]  drivers/comedi/drivers/ni_660x.o
  CC [M]  drivers/iio/pressure/zpa2326.o
  CC [M]  drivers/iio/adc/fsl-imx25-gcq.o
  CC [M]  drivers/iio/light/rpr0521.o
  CC [M]  drivers/iio/light/si1133.o
  CC [M]  drivers/gpu/drm/nouveau/dispnv50/headc57d.o
  CC [M]  drivers/comedi/drivers/ni_670x.o
  CC [M]  drivers/hwmon/sch5627.o
  CC [M]  drivers/hwmon/sch5636.o
  CC [M]  drivers/iio/accel/st_accel_i2c.o
  CC [M]  drivers/iio/pressure/zpa2326_i2c.o
  CC [M]  drivers/gpu/drm/amd/amdgpu/../display/dc/resource/dce120/dce120_resource.o
  CC [M]  drivers/iio/light/si1145.o
  CC [M]  drivers/iio/adc/gehc-pmc-adc.o
  CC [M]  drivers/gpu/drm/nouveau/dispnv50/headca7d.o
  CC [M]  drivers/iio/pressure/zpa2326_spi.o
  CC [M]  drivers/gpu/drm/nouveau/dispnv50/wimm.o
  CC [M]  drivers/comedi/drivers/ni_labpc_pci.o
  CC [M]  drivers/hwmon/sfctemp.o
  CC [M]  drivers/gpu/drm/nouveau/dispnv50/wimmc37b.o
  CC [M]  drivers/gpu/drm/amd/amdgpu/../display/dc/resource/dcn10/dcn10_resource.o
  CC [M]  drivers/iio/adc/hi8435.o
  CC [M]  drivers/hwmon/sg2042-mcu.o
  CC [M]  drivers/iio/accel/st_accel_spi.o
  CC [M]  drivers/comedi/drivers/ni_pcidio.o
  CC [M]  drivers/hwmon/sl28cpld-hwmon.o
  CC [M]  drivers/gpu/drm/nouveau/dispnv50/wndw.o
  CC [M]  drivers/iio/light/stk3310.o
  CC [M]  drivers/hwmon/sht15.o
  CC [M]  drivers/hwmon/sht21.o
  CC [M]  drivers/iio/adc/hx711.o
  CC [M]  drivers/gpu/drm/nouveau/dispnv50/wndwc37e.o
  LD [M]  drivers/iio/pressure/bmp280.o
  LD [M]  drivers/iio/pressure/st_pressure.o
  CC [M]  drivers/iio/light/st_uvis25_core.o
  CC [M]  drivers/gpu/drm/nouveau/dispnv50/wndwc57e.o
  CC [M]  drivers/comedi/drivers/ni_pcimio.o
  CC [M]  drivers/hwmon/sht3x.o
  CC [M]  drivers/iio/light/st_uvis25_i2c.o
  CC [M]  drivers/gpu/drm/nouveau/dispnv50/wndwc67e.o
  CC [M]  drivers/iio/light/st_uvis25_spi.o
  LD [M]  drivers/iio/accel/st_accel.o
  CC [M]  drivers/iio/adc/imx7d_adc.o
  CC [M]  drivers/comedi/drivers/rtd520.o
  CC [M]  drivers/iio/light/tcs3414.o
  CC [M]  drivers/iio/adc/imx8qxp-adc.o
  CC [M]  drivers/gpu/drm/amd/amdgpu/../display/dc/resource/dcn20/dcn20_resource.o
  CC [M]  drivers/hwmon/sht4x.o
  CC [M]  drivers/comedi/drivers/s626.o
  CC [M]  drivers/gpu/drm/nouveau/dispnv50/wndwca7e.o
  CC [M]  drivers/iio/light/tcs3472.o
  CC [M]  drivers/hwmon/shtc1.o
  CC [M]  drivers/iio/adc/imx93_adc.o
  CC [M]  drivers/hwmon/sis5595.o
  CC [M]  drivers/iio/adc/ina2xx-adc.o
  CC [M]  drivers/iio/light/tsl2563.o
  CC [M]  drivers/gpu/drm/amd/amdgpu/../display/dc/resource/dcn201/dcn201_resource.o
  CC [M]  drivers/comedi/drivers/ssv_dnp.o
  CC [M]  drivers/gpu/drm/nouveau/dispnv50/base.o
  CC [M]  drivers/hwmon/smpro-hwmon.o
  CC [M]  drivers/gpu/drm/amd/amdgpu/../display/dc/resource/dcn21/dcn21_resource.o
  CC [M]  drivers/iio/adc/ingenic-adc.o
  CC [M]  drivers/gpu/drm/amd/amdgpu/../display/dc/resource/dcn30/dcn30_resource.o
  CC [M]  drivers/comedi/drivers/mf6x4.o
  CC [M]  drivers/gpu/drm/nouveau/dispnv50/base507c.o
  CC [M]  drivers/hwmon/smsc47b397.o
  CC [M]  drivers/comedi/drivers/cb_das16_cs.o
  CC [M]  drivers/gpu/drm/nouveau/dispnv50/base827c.o
  CC [M]  drivers/gpu/drm/nouveau/dispnv50/base907c.o
  CC [M]  drivers/iio/light/tsl2583.o
  CC [M]  drivers/iio/adc/lpc18xx_adc.o
  CC [M]  drivers/gpu/drm/amd/amdgpu/../display/dc/resource/dcn301/dcn301_resource.o
  CC [M]  drivers/gpu/drm/nouveau/dispnv50/base917c.o
  CC [M]  drivers/hwmon/smsc47m1.o
  CC [M]  drivers/iio/adc/lpc32xx_adc.o
  CC [M]  drivers/iio/light/tsl2591.o
  CC [M]  drivers/iio/adc/ltc2309.o
  CC [M]  drivers/gpu/drm/amd/amdgpu/../display/dc/resource/dcn302/dcn302_resource.o
  CC [M]  drivers/iio/adc/ltc2471.o
  CC [M]  drivers/gpu/drm/nouveau/dispnv50/curs.o
  CC [M]  drivers/iio/light/tsl2772.o
  CC [M]  drivers/hwmon/smsc47m192.o
  CC [M]  drivers/iio/light/tsl4531.o
  CC [M]  drivers/comedi/drivers/das08_cs.o
  CC [M]  drivers/gpu/drm/amd/amdgpu/../display/dc/resource/dcn303/dcn303_resource.o
  CC [M]  drivers/hwmon/sparx5-temp.o
  CC [M]  drivers/iio/adc/ltc2485.o
  CC [M]  drivers/gpu/drm/nouveau/dispnv50/curs507a.o
  CC [M]  drivers/gpu/drm/amd/amdgpu/../display/dc/resource/dcn31/dcn31_resource.o
  CC [M]  drivers/iio/light/us5182d.o
  CC [M]  drivers/hwmon/spd5118.o
  CC [M]  drivers/iio/light/vcnl4000.o
  CC [M]  drivers/hwmon/stts751.o
  CC [M]  drivers/comedi/drivers/ni_daq_700.o
  CC [M]  drivers/iio/light/vcnl4035.o
  CC [M]  drivers/comedi/drivers/ni_daq_dio24.o
  CC [M]  drivers/iio/adc/ltc2496.o
  CC [M]  drivers/hwmon/surface_fan.o
  CC [M]  drivers/gpu/drm/amd/amdgpu/../display/dc/resource/dcn314/dcn314_resource.o
  CC [M]  drivers/gpu/drm/nouveau/dispnv50/curs907a.o
  CC [M]  drivers/iio/light/veml3235.o
  CC [M]  drivers/comedi/drivers/ni_labpc_cs.o
  CC [M]  drivers/iio/adc/ltc2497-core.o
  CC [M]  drivers/gpu/drm/amd/amdgpu/../display/dc/resource/dcn315/dcn315_resource.o
  CC [M]  drivers/gpu/drm/nouveau/dispnv50/cursc37a.o
  CC [M]  drivers/iio/light/veml3328.o
  CC [M]  drivers/gpu/drm/amd/amdgpu/../display/dc/resource/dcn316/dcn316_resource.o
  CC [M]  drivers/iio/adc/ltc2497.o
  CC [M]  drivers/gpu/drm/nouveau/dispnv50/oimm.o
  CC [M]  drivers/hwmon/surface_temp.o
  CC [M]  drivers/iio/light/veml6030.o
  CC [M]  drivers/comedi/drivers/ni_mio_cs.o
  CC [M]  drivers/gpu/drm/amd/amdgpu/../display/dc/resource/dcn32/dcn32_resource.o
  CC [M]  drivers/iio/adc/max1027.o
  CC [M]  drivers/gpu/drm/nouveau/dispnv50/oimm507b.o
  CC [M]  drivers/iio/light/veml6040.o
  CC [M]  drivers/gpu/drm/nouveau/dispnv50/ovly.o
  CC [M]  drivers/hwmon/sy7636a-hwmon.o
  CC [M]  drivers/iio/adc/max11100.o
  CC [M]  drivers/comedi/drivers/quatech_daqp_cs.o
  CC [M]  drivers/iio/light/veml6046x00.o
  CC [M]  drivers/hwmon/amc6821.o
  CC [M]  drivers/hwmon/tc74.o
  CC [M]  drivers/gpu/drm/nouveau/dispnv50/ovly507e.o
  CC [M]  drivers/iio/adc/max1118.o
  CC [M]  drivers/gpu/drm/nouveau/dispnv50/ovly827e.o
  CC [M]  drivers/iio/light/veml6070.o
  CC [M]  drivers/gpu/drm/amd/amdgpu/../display/dc/resource/dcn32/dcn32_resource_helpers.o
  CC [M]  drivers/comedi/drivers/dt9812.o
  CC [M]  drivers/comedi/drivers/ni_usb6501.o
  CC [M]  drivers/iio/adc/max11205.o
  CC [M]  drivers/iio/light/veml6075.o
  CC [M]  drivers/gpu/drm/nouveau/dispnv50/ovly907e.o
  CC [M]  drivers/gpu/drm/nouveau/dispnv50/ovly917e.o
  CC [M]  drivers/hwmon/thmc50.o
  CC [M]  drivers/iio/light/vl6180.o
  CC [M]  drivers/gpu/drm/amd/amdgpu/../display/dc/resource/dcn321/dcn321_resource.o
  CC [M]  drivers/iio/light/zopt2201.o
  CC [M]  drivers/gpu/drm/amd/amdgpu/../display/dc/resource/dcn35/dcn35_resource.o
  CC [M]  drivers/gpu/drm/nouveau/nouveau_abi16.o
  CC [M]  drivers/comedi/drivers/usbdux.o
  CC [M]  drivers/hwmon/tmp102.o
  CC [M]  drivers/iio/adc/max11410.o
  CC [M]  drivers/iio/adc/max1241.o
  CC [M]  drivers/gpu/drm/amd/amdgpu/../display/dc/resource/dcn351/dcn351_resource.o
  CC [M]  drivers/comedi/drivers/usbduxfast.o
  CC [M]  drivers/gpu/drm/nouveau/nouveau_chan.o
  CC [M]  drivers/hwmon/tmp103.o
  CC [M]  drivers/gpu/drm/nouveau/nouveau_dma.o
  CC [M]  drivers/iio/adc/max1363.o
  CC [M]  drivers/iio/adc/max14001.o
  CC [M]  drivers/comedi/drivers/usbduxsigma.o
  CC [M]  drivers/comedi/drivers/vmk80xx.o
  CC [M]  drivers/iio/adc/max34408.o
  CC [M]  drivers/gpu/drm/nouveau/nouveau_fence.o
  CC [M]  drivers/hwmon/tmp108.o
  CC [M]  drivers/gpu/drm/nouveau/nv04_fence.o
  CC [M]  drivers/hwmon/tmp401.o
  CC [M]  drivers/gpu/drm/amd/amdgpu/../display/dc/resource/dcn36/dcn36_resource.o
  CC [M]  drivers/comedi/drivers/mite.o
  CC [M]  drivers/gpu/drm/amd/amdgpu/../display/dc/resource/dcn401/dcn401_resource.o
  CC [M]  drivers/hwmon/tmp421.o
  CC [M]  drivers/gpu/drm/amd/amdgpu/../display/dc/resource/dcn42/dcn42_resource.o
  CC [M]  drivers/gpu/drm/amd/amdgpu/../display/dc/resource/dcn42/dcn42_resource_fpu.o
  CC [M]  drivers/iio/adc/max9611.o
  CC [M]  drivers/comedi/drivers/ni_tio.o
  CC [M]  drivers/gpu/drm/nouveau/nv10_fence.o
  CC [M]  drivers/hwmon/tmp464.o
  CC [M]  drivers/gpu/drm/amd/amdgpu/../display/dc/resource/dcn42b/dcn42b_resource.o
  CC [M]  drivers/gpu/drm/nouveau/nv17_fence.o
  CC [M]  drivers/gpu/drm/amd/amdgpu/../display/dc/optc/dcn10/dcn10_optc.o
  CC [M]  drivers/iio/adc/mcp320x.o
  CC [M]  drivers/hwmon/tmp513.o
  CC [M]  drivers/gpu/drm/amd/amdgpu/../display/dc/optc/dcn20/dcn20_optc.o
  CC [M]  drivers/gpu/drm/nouveau/nv50_fence.o
  CC [M]  drivers/comedi/drivers/ni_tiocmd.o
  CC [M]  drivers/gpu/drm/amd/amdgpu/../display/dc/optc/dcn201/dcn201_optc.o
  CC [M]  drivers/iio/adc/mcp3422.o
  CC [M]  drivers/iio/adc/mcp3564.o
  CC [M]  drivers/hwmon/tsc1641.o
  CC [M]  drivers/comedi/drivers/ni_routes.o
  CC [M]  drivers/gpu/drm/nouveau/nv84_fence.o
  CC [M]  drivers/gpu/drm/nouveau/nvc0_fence.o
  CC [M]  drivers/gpu/drm/amd/amdgpu/../display/dc/optc/dcn30/dcn30_optc.o
  CC [M]  drivers/iio/adc/mcp3911.o
  CC [M]  drivers/hwmon/vexpress-hwmon.o
  CC [M]  drivers/comedi/drivers/ni_routing/ni_route_values.o
  CC [M]  drivers/gpu/drm/nouveau/gv100_fence.o
  CC [M]  drivers/comedi/drivers/ni_routing/ni_route_values/ni_660x.o
  CC [M]  drivers/hwmon/via686a.o
  CC [M]  drivers/comedi/drivers/ni_routing/ni_route_values/ni_eseries.o
  CC [M]  drivers/comedi/drivers/ni_routing/ni_route_values/ni_mseries.o
  CC [M]  drivers/comedi/drivers/ni_routing/ni_device_routes.o
  CC [M]  drivers/comedi/drivers/ni_routing/ni_device_routes/pxi-6030e.o
  CC [M]  drivers/iio/adc/mt6359-auxadc.o
  CC [M]  drivers/gpu/drm/amd/amdgpu/../display/dc/optc/dcn301/dcn301_optc.o
  CC [M]  drivers/comedi/drivers/ni_routing/ni_device_routes/pci-6070e.o
  CC [M]  drivers/hwmon/vt1211.o
  CC [M]  drivers/comedi/drivers/ni_routing/ni_device_routes/pci-6220.o
  CC [M]  drivers/hwmon/vt8231.o
  CC [M]  drivers/hwmon/w83627ehf.o
  CC [M]  drivers/comedi/drivers/ni_routing/ni_device_routes/pci-6221.o
  CC [M]  drivers/comedi/drivers/ni_routing/ni_device_routes/pxi-6224.o
  CC [M]  drivers/comedi/drivers/ni_routing/ni_device_routes/pxi-6225.o
  CC [M]  drivers/gpu/drm/nouveau/nouveau_led.o
  CC [M]  drivers/iio/adc/mt6360-adc.o
  CC [M]  drivers/comedi/drivers/ni_routing/ni_device_routes/pci-6229.o
  CC [M]  drivers/hwmon/w83l785ts.o
  CC [M]  drivers/comedi/drivers/ni_routing/ni_device_routes/pci-6251.o
  CC [M]  drivers/gpu/drm/amd/amdgpu/../display/dc/optc/dcn31/dcn31_optc.o
  CC [M]  drivers/comedi/drivers/ni_routing/ni_device_routes/pxi-6251.o
  CC [M]  drivers/comedi/drivers/ni_routing/ni_device_routes/pxie-6251.o
  CC [M]  drivers/hwmon/w83l786ng.o
  CC [M]  drivers/hwmon/wm831x-hwmon.o
  CC [M]  drivers/iio/adc/mt6370-adc.o
  CC [M]  drivers/comedi/drivers/ni_routing/ni_device_routes/pci-6254.o
  CC [M]  drivers/hwmon/xgene-hwmon.o
  CC [M]  drivers/comedi/drivers/ni_routing/ni_device_routes/pci-6259.o
  LD [M]  drivers/gpu/drm/nouveau/nouveau.o
  CC [M]  drivers/comedi/drivers/ni_routing/ni_device_routes/pci-6534.o
  CC [M]  drivers/comedi/drivers/ni_routing/ni_device_routes/pxie-6535.o
  CC [M]  drivers/iio/adc/mt6577_auxadc.o
  CC [M]  drivers/iio/adc/men_z188_adc.o
  CC [M]  drivers/iio/adc/meson_saradc.o
  CC [M]  drivers/comedi/drivers/ni_routing/ni_device_routes/pci-6602.o
  CC [M]  drivers/gpu/drm/amd/amdgpu/../display/dc/optc/dcn314/dcn314_optc.o
  CC [M]  drivers/comedi/drivers/ni_routing/ni_device_routes/pci-6713.o
  CC [M]  drivers/hwmon/yogafan.o
  CC [M]  drivers/comedi/drivers/ni_routing/ni_device_routes/pci-6723.o
  CC [M]  drivers/iio/adc/mp2629_adc.o
  CC [M]  drivers/comedi/drivers/ni_routing/ni_device_routes/pci-6733.o
  CC [M]  drivers/gpu/drm/amd/amdgpu/../display/dc/optc/dcn32/dcn32_optc.o
  CC [M]  drivers/comedi/drivers/ni_routing/ni_device_routes/pxi-6733.o
  CC [M]  drivers/iio/adc/mxs-lradc-adc.o
  CC [M]  drivers/gpu/drm/amd/amdgpu/../display/dc/optc/dcn35/dcn35_optc.o
  CC [M]  drivers/comedi/drivers/ni_routing/ni_device_routes/pxie-6738.o
  CC [M]  drivers/iio/adc/nau7802.o
  CC [M]  drivers/iio/adc/nct7201.o
  CC [M]  drivers/comedi/drivers/ni_labpc_common.o
  CC [M]  drivers/hwmon/occ/common.o
  CC [M]  drivers/gpu/drm/amd/amdgpu/../display/dc/optc/dcn401/dcn401_optc.o
  CC [M]  drivers/gpu/drm/amd/amdgpu/../display/dc/optc/dcn42/dcn42_optc.o
  CC [M]  drivers/hwmon/peci/cputemp.o
  CC [M]  drivers/gpu/drm/amd/amdgpu/../display/dc/dpp/dcn10/dcn10_dpp.o
  CC [M]  drivers/hwmon/pmbus/pmbus_core.o
  CC [M]  drivers/hwmon/pmbus/pmbus.o
  CC [M]  drivers/iio/adc/npcm_adc.o
  CC [M]  drivers/iio/adc/nxp-sar-adc.o
  CC [M]  drivers/hwmon/peci/dimmtemp.o
  CC [M]  drivers/hwmon/occ/sysfs.o
  CC [M]  drivers/comedi/drivers/comedi_8255.o
  CC [M]  drivers/gpu/drm/amd/amdgpu/../display/dc/dpp/dcn10/dcn10_dpp_dscl.o
  LD [M]  drivers/hwmon/nct6775.o
  CC [M]  drivers/iio/adc/pac1921.o
  CC [M]  drivers/gpu/drm/amd/amdgpu/../display/dc/dpp/dcn10/dcn10_dpp_cm.o
  LD [M]  drivers/hwmon/peci/peci-cputemp.o
  CC [M]  drivers/gpu/drm/amd/amdgpu/../display/dc/dpp/dcn20/dcn20_dpp.o
  CC [M]  drivers/gpu/drm/amd/amdgpu/../display/dc/dpp/dcn20/dcn20_dpp_cm.o
  CC [M]  drivers/iio/adc/pac1934.o
  CC [M]  drivers/hwmon/occ/p8_i2c.o
  LD [M]  drivers/hwmon/peci/peci-dimmtemp.o
  CC [M]  drivers/comedi/drivers/8255.o
  CC [M]  drivers/gpu/drm/amd/amdgpu/../display/dc/dpp/dcn201/dcn201_dpp.o
  CC [M]  drivers/hwmon/pmbus/acbel-fsg032.o
  CC [M]  drivers/iio/adc/qcom-pm8xxx-xoadc.o
  CC [M]  drivers/hwmon/occ/p9_sbe.o
  CC [M]  drivers/comedi/drivers/amplc_dio200_common.o
  CC [M]  drivers/iio/adc/qcom-spmi-adc5.o
  CC [M]  drivers/comedi/drivers/amplc_pc236_common.o
  CC [M]  drivers/gpu/drm/amd/amdgpu/../display/dc/dpp/dcn30/dcn30_dpp.o
  CC [M]  drivers/hwmon/pmbus/adm1266.o
  LD [M]  drivers/hwmon/occ/occ-hwmon-common.o
  CC [M]  drivers/comedi/drivers/das08.o
  CC [M]  drivers/iio/adc/qcom-spmi-adc5-gen3.o
  CC [M]  drivers/gpu/drm/amd/amdgpu/../display/dc/dpp/dcn30/dcn30_dpp_cm.o
  CC [M]  drivers/iio/adc/qcom-spmi-iadc.o
  CC [M]  drivers/hwmon/pmbus/adm1275.o
  LD [M]  drivers/hwmon/occ/occ-p8-hwmon.o
  LD [M]  drivers/hwmon/occ/occ-p9-hwmon.o
  CC [M]  drivers/gpu/drm/amd/amdgpu/../display/dc/dpp/dcn32/dcn32_dpp.o
  CC [M]  drivers/hwmon/pmbus/adp1050.o
  CC [M]  drivers/gpu/drm/amd/amdgpu/../display/dc/dpp/dcn35/dcn35_dpp.o
  CC [M]  drivers/iio/adc/qcom-spmi-rradc.o
  CC [M]  drivers/hwmon/pmbus/aps-379.o
  CC [M]  drivers/gpu/drm/amd/amdgpu/../display/dc/dpp/dcn401/dcn401_dpp.o
  CC [M]  drivers/iio/adc/qcom-spmi-vadc.o
  CC [M]  drivers/gpu/drm/amd/amdgpu/../display/dc/dpp/dcn401/dcn401_dpp_cm.o
  CC [M]  drivers/hwmon/pmbus/bel-pfe.o
  CC [M]  drivers/gpu/drm/amd/amdgpu/../display/dc/dpp/dcn401/dcn401_dpp_dscl.o
  CC [M]  drivers/iio/adc/qcom-vadc-common.o
  CC [M]  drivers/hwmon/pmbus/bpa-rs600.o
  CC [M]  drivers/gpu/drm/amd/amdgpu/../display/dc/dpp/dcn42/dcn42_dpp.o
  CC [M]  drivers/hwmon/pmbus/delta-ahe50dc-fan.o
  CC [M]  drivers/gpu/drm/amd/amdgpu/../display/dc/hubbub/dcn10/dcn10_hubbub.o
  CC [M]  drivers/iio/adc/rcar-gyroadc.o
  CC [M]  drivers/comedi/drivers/tests/comedi_example_test.o
  LD [M]  drivers/comedi/drivers/ni_routing.o
  CC [M]  drivers/comedi/drivers/tests/ni_routes_test.o
  CC [M]  drivers/hwmon/pmbus/fsp-3y.o
  CC [M]  drivers/iio/adc/rtq6056.o
  CC [M]  drivers/gpu/drm/amd/amdgpu/../display/dc/hubbub/dcn20/dcn20_hubbub.o
  CC [M]  drivers/hwmon/pmbus/hac300s.o
  CC [M]  drivers/iio/adc/rn5t618-adc.o
  CC [M]  drivers/gpu/drm/amd/amdgpu/../display/dc/hubbub/dcn201/dcn201_hubbub.o
  CC [M]  drivers/iio/adc/rohm-bd79112.o
  CC [M]  drivers/iio/adc/rohm-bd79124.o
  CC [M]  drivers/gpu/drm/amd/amdgpu/../display/dc/hubbub/dcn21/dcn21_hubbub.o
  CC [M]  drivers/iio/adc/rockchip_saradc.o
  CC [M]  drivers/hwmon/pmbus/ibm-cffps.o
  CC [M]  drivers/gpu/drm/amd/amdgpu/../display/dc/hubbub/dcn30/dcn30_hubbub.o
  CC [M]  drivers/iio/adc/rzg2l_adc.o
  CC [M]  drivers/hwmon/pmbus/dps920ab.o
  CC [M]  drivers/gpu/drm/amd/amdgpu/../display/dc/hubbub/dcn301/dcn301_hubbub.o
  CC [M]  drivers/iio/adc/rzn1-adc.o
  CC [M]  drivers/hwmon/pmbus/e50sn12051.o
  CC [M]  drivers/gpu/drm/amd/amdgpu/../display/dc/hubbub/dcn31/dcn31_hubbub.o
  CC [M]  drivers/iio/adc/rzt2h_adc.o
  CC [M]  drivers/hwmon/pmbus/ina233.o
  CC [M]  drivers/gpu/drm/amd/amdgpu/../display/dc/hubbub/dcn32/dcn32_hubbub.o
  CC [M]  drivers/hwmon/pmbus/inspur-ipsps.o
  CC [M]  drivers/iio/adc/sc27xx_adc.o
  CC [M]  drivers/gpu/drm/amd/amdgpu/../display/dc/hubbub/dcn35/dcn35_hubbub.o
  CC [M]  drivers/hwmon/pmbus/ir35221.o
  CC [M]  drivers/gpu/drm/amd/amdgpu/../display/dc/hubbub/dcn401/dcn401_hubbub.o
  CC [M]  drivers/iio/adc/sd_adc_modulator.o
  CC [M]  drivers/hwmon/pmbus/ir36021.o
  CC [M]  drivers/iio/adc/sophgo-cv1800b-adc.o
  CC [M]  drivers/gpu/drm/amd/amdgpu/../display/dc/hubbub/dcn42/dcn42_hubbub.o
  CC [M]  drivers/iio/adc/spear_adc.o
  CC [M]  drivers/gpu/drm/amd/amdgpu/../display/dc/dccg/dcn20/dcn20_dccg.o
  CC [M]  drivers/hwmon/pmbus/ir38064.o
  CC [M]  drivers/iio/adc/stm32-adc-core.o
  CC [M]  drivers/gpu/drm/amd/amdgpu/../display/dc/dccg/dcn201/dcn201_dccg.o
  CC [M]  drivers/iio/adc/stm32-adc.o
  CC [M]  drivers/iio/adc/stm32-dfsdm-adc.o
  CC [M]  drivers/gpu/drm/amd/amdgpu/../display/dc/dccg/dcn21/dcn21_dccg.o
  CC [M]  drivers/hwmon/pmbus/irps5401.o
  CC [M]  drivers/iio/adc/stm32-dfsdm-core.o
  CC [M]  drivers/hwmon/pmbus/isl68137.o
  CC [M]  drivers/gpu/drm/amd/amdgpu/../display/dc/dccg/dcn30/dcn30_dccg.o
  CC [M]  drivers/iio/adc/stmpe-adc.o
  CC [M]  drivers/iio/adc/sun20i-gpadc-iio.o
  CC [M]  drivers/gpu/drm/amd/amdgpu/../display/dc/dccg/dcn301/dcn301_dccg.o
  CC [M]  drivers/iio/adc/sun4i-gpadc-iio.o
  CC [M]  drivers/hwmon/pmbus/lm25066.o
  CC [M]  drivers/gpu/drm/amd/amdgpu/../display/dc/dccg/dcn31/dcn31_dccg.o
  CC [M]  drivers/iio/adc/ti-adc081c.o
  CC [M]  drivers/gpu/drm/amd/amdgpu/../display/dc/dccg/dcn314/dcn314_dccg.o
  CC [M]  drivers/gpu/drm/amd/amdgpu/../display/dc/dccg/dcn32/dcn32_dccg.o
  CC [M]  drivers/iio/adc/ti-adc0832.o
  CC [M]  drivers/hwmon/pmbus/lt3074.o
  CC [M]  drivers/gpu/drm/amd/amdgpu/../display/dc/dccg/dcn35/dcn35_dccg.o
  CC [M]  drivers/iio/adc/ti-adc084s021.o
  CC [M]  drivers/hwmon/pmbus/lt7182s.o
  CC [M]  drivers/hwmon/pmbus/ltc2978.o
  CC [M]  drivers/gpu/drm/amd/amdgpu/../display/dc/dccg/dcn401/dcn401_dccg.o
  CC [M]  drivers/hwmon/pmbus/ltc3815.o
  CC [M]  drivers/iio/adc/ti-adc108s102.o
  CC [M]  drivers/gpu/drm/amd/amdgpu/../display/dc/dccg/dcn42/dcn42_dccg.o
  CC [M]  drivers/iio/adc/ti-adc12138.o
  CC [M]  drivers/hwmon/pmbus/lx1308.o
  CC [M]  drivers/iio/adc/ti-adc128s052.o
  CC [M]  drivers/gpu/drm/amd/amdgpu/../display/dc/hubp/dcn10/dcn10_hubp.o
  CC [M]  drivers/iio/adc/ti-adc161s626.o
  CC [M]  drivers/hwmon/pmbus/max15301.o
  CC [M]  drivers/gpu/drm/amd/amdgpu/../display/dc/hubp/dcn20/dcn20_hubp.o
  CC [M]  drivers/iio/adc/ti-ads1015.o
  CC [M]  drivers/gpu/drm/amd/amdgpu/../display/dc/hubp/dcn201/dcn201_hubp.o
  CC [M]  drivers/iio/adc/ti-ads1018.o
  CC [M]  drivers/iio/adc/ti-ads1100.o
  CC [M]  drivers/hwmon/pmbus/max16064.o
  CC [M]  drivers/gpu/drm/amd/amdgpu/../display/dc/hubp/dcn21/dcn21_hubp.o
  CC [M]  drivers/iio/adc/ti-ads1119.o
  CC [M]  drivers/iio/adc/ti-ads124s08.o
  CC [M]  drivers/gpu/drm/amd/amdgpu/../display/dc/hubp/dcn30/dcn30_hubp.o
  CC [M]  drivers/iio/adc/ti-ads1298.o
  CC [M]  drivers/hwmon/pmbus/max16601.o
  CC [M]  drivers/gpu/drm/amd/amdgpu/../display/dc/hubp/dcn31/dcn31_hubp.o
  CC [M]  drivers/iio/adc/ti-ads131e08.o
  CC [M]  drivers/gpu/drm/amd/amdgpu/../display/dc/hubp/dcn32/dcn32_hubp.o
  CC [M]  drivers/hwmon/pmbus/max17616.o
  CC [M]  drivers/iio/adc/ti-ads131m02.o
  CC [M]  drivers/gpu/drm/amd/amdgpu/../display/dc/hubp/dcn35/dcn35_hubp.o
  CC [M]  drivers/hwmon/pmbus/max20730.o
  CC [M]  drivers/gpu/drm/amd/amdgpu/../display/dc/hubp/dcn401/dcn401_hubp.o
  CC [M]  drivers/iio/adc/ti-ads7138.o
  CC [M]  drivers/hwmon/pmbus/max20751.o
  CC [M]  drivers/iio/adc/ti-ads7924.o
  CC [M]  drivers/hwmon/pmbus/max20830.o
  CC [M]  drivers/gpu/drm/amd/amdgpu/../display/dc/hubp/dcn42/dcn42_hubp.o
  CC [M]  drivers/iio/adc/ti-ads7950.o
  CC [M]  drivers/hwmon/pmbus/max20860a.o
  CC [M]  drivers/gpu/drm/amd/amdgpu/../display/dc/dio/virtual/virtual_link_encoder.o
  CC [M]  drivers/iio/adc/ti-ads8344.o
  CC [M]  drivers/gpu/drm/amd/amdgpu/../display/dc/dio/virtual/virtual_stream_encoder.o
  CC [M]  drivers/hwmon/pmbus/max31785.o
  CC [M]  drivers/iio/adc/ti-ads8688.o
  CC [M]  drivers/gpu/drm/amd/amdgpu/../display/dc/dio/dcn10/dcn10_link_encoder.o
  CC [M]  drivers/iio/adc/ti_am335x_adc.o
  CC [M]  drivers/gpu/drm/amd/amdgpu/../display/dc/dio/dcn10/dcn10_stream_encoder.o
  CC [M]  drivers/hwmon/pmbus/max34440.o
  CC [M]  drivers/hwmon/pmbus/max8688.o
  CC [M]  drivers/iio/adc/ti-lmp92064.o
  CC [M]  drivers/gpu/drm/amd/amdgpu/../display/dc/dio/dcn10/dcn10_dio.o
  CC [M]  drivers/hwmon/pmbus/mp2856.o
  CC [M]  drivers/iio/adc/ti-tlc4541.o
  CC [M]  drivers/hwmon/pmbus/mp2869.o
  CC [M]  drivers/hwmon/pmbus/mp2888.o
  CC [M]  drivers/iio/adc/ti-tsc2046.o
  CC [M]  drivers/hwmon/pmbus/mp2891.o
  CC [M]  drivers/gpu/drm/amd/amdgpu/../display/dc/dio/dcn20/dcn20_link_encoder.o
  CC [M]  drivers/iio/adc/vf610_adc.o
  CC [M]  drivers/gpu/drm/amd/amdgpu/../display/dc/dio/dcn20/dcn20_stream_encoder.o
  CC [M]  drivers/iio/adc/viperboard_adc.o
  CC [M]  drivers/hwmon/pmbus/mp2925.o
  CC [M]  drivers/gpu/drm/amd/amdgpu/../display/dc/dio/dcn30/dcn30_dio_link_encoder.o
  CC [M]  drivers/iio/adc/xilinx-ams.o
  CC [M]  drivers/hwmon/pmbus/mp29502.o
  CC [M]  drivers/gpu/drm/amd/amdgpu/../display/dc/dio/dcn30/dcn30_dio_stream_encoder.o
  CC [M]  drivers/hwmon/pmbus/mp2975.o
  CC [M]  drivers/gpu/drm/amd/amdgpu/../display/dc/dio/dcn301/dcn301_dio_link_encoder.o
  CC [M]  drivers/hwmon/pmbus/mp2985.o
  CC [M]  drivers/gpu/drm/amd/amdgpu/../display/dc/dio/dcn31/dcn31_dio_link_encoder.o
  CC [M]  drivers/hwmon/pmbus/mp2993.o
  CC [M]  drivers/iio/adc/xilinx-xadc-core.o
  CC [M]  drivers/hwmon/pmbus/mp5023.o
  CC [M]  drivers/iio/adc/xilinx-xadc-events.o
  CC [M]  drivers/gpu/drm/amd/amdgpu/../display/dc/dio/dcn314/dcn314_dio_stream_encoder.o
  CC [M]  drivers/hwmon/pmbus/mp5920.o
  CC [M]  drivers/hwmon/pmbus/mp5926.o
  CC [M]  drivers/gpu/drm/amd/amdgpu/../display/dc/dio/dcn32/dcn32_dio_link_encoder.o
  CC [M]  drivers/hwmon/pmbus/mp5990.o
  CC [M]  drivers/gpu/drm/amd/amdgpu/../display/dc/dio/dcn32/dcn32_dio_stream_encoder.o
  CC [M]  drivers/hwmon/pmbus/mp9941.o
  CC [M]  drivers/gpu/drm/amd/amdgpu/../display/dc/dio/dcn35/dcn35_dio_link_encoder.o
  CC [M]  drivers/hwmon/pmbus/mp9945.o
  CC [M]  drivers/gpu/drm/amd/amdgpu/../display/dc/dio/dcn35/dcn35_dio_stream_encoder.o
  CC [M]  drivers/hwmon/pmbus/mpq7932.o
  CC [M]  drivers/hwmon/pmbus/mpq8785.o
  CC [M]  drivers/gpu/drm/amd/amdgpu/../display/dc/dio/dcn321/dcn321_dio_link_encoder.o
  CC [M]  drivers/hwmon/pmbus/pli1209bc.o
  CC [M]  drivers/gpu/drm/amd/amdgpu/../display/dc/dio/dcn401/dcn401_dio_link_encoder.o
  CC [M]  drivers/hwmon/pmbus/pm6764tr.o
  CC [M]  drivers/gpu/drm/amd/amdgpu/../display/dc/dio/dcn401/dcn401_dio_stream_encoder.o
  CC [M]  drivers/hwmon/pmbus/pxe1610.o
  CC [M]  drivers/gpu/drm/amd/amdgpu/../display/dc/dio/dcn42/dcn42_dio_link_encoder.o
  CC [M]  drivers/gpu/drm/amd/amdgpu/../display/dc/dio/dcn42/dcn42_dio_stream_encoder.o
  CC [M]  drivers/gpu/drm/amd/amdgpu/../display/dc/dwb/dcn30/dcn30_dwb.o
  CC [M]  drivers/hwmon/pmbus/q54sj108a2.o
  CC [M]  drivers/gpu/drm/amd/amdgpu/../display/dc/dwb/dcn30/dcn30_dwb_cm.o
  CC [M]  drivers/hwmon/pmbus/stef48h28.o
  CC [M]  drivers/gpu/drm/amd/amdgpu/../display/dc/dwb/dcn35/dcn35_dwb.o
  CC [M]  drivers/hwmon/pmbus/stpddc60.o
  CC [M]  drivers/gpu/drm/amd/amdgpu/../display/dc/hpo/dcn30/dcn30_hpo_frl_link_encoder.o
  CC [M]  drivers/hwmon/pmbus/tda38640.o
  CC [M]  drivers/hwmon/pmbus/tps25990.o
  CC [M]  drivers/gpu/drm/amd/amdgpu/../display/dc/hpo/dcn30/dcn30_hpo_frl_stream_encoder.o
  LD [M]  drivers/iio/adc/xilinx-xadc.o
  CC [M]  drivers/hwmon/pmbus/tps40422.o
  CC [M]  drivers/gpu/drm/amd/amdgpu/../display/dc/hpo/dcn31/dcn31_hpo_dp_stream_encoder.o
  CC [M]  drivers/hwmon/pmbus/tps53679.o
  CC [M]  drivers/gpu/drm/amd/amdgpu/../display/dc/hpo/dcn31/dcn31_hpo_dp_link_encoder.o
  CC [M]  drivers/hwmon/pmbus/tps546d24.o
  CC [M]  drivers/gpu/drm/amd/amdgpu/../display/dc/hpo/dcn32/dcn32_hpo_dp_link_encoder.o
  CC [M]  drivers/hwmon/pmbus/ucd9000.o
  CC [M]  drivers/gpu/drm/amd/amdgpu/../display/dc/hpo/dcn401/dcn401_hpo_frl_stream_encoder.o
  CC [M]  drivers/hwmon/pmbus/ucd9200.o
  CC [M]  drivers/gpu/drm/amd/amdgpu/../display/dc/hpo/dcn42/dcn42_hpo_dp_link_encoder.o
  CC [M]  drivers/hwmon/pmbus/xdp710.o
  CC [M]  drivers/gpu/drm/amd/amdgpu/../display/dc/hpo/dcn42/dcn42_hpo_frl_stream_encoder.o
  CC [M]  drivers/hwmon/pmbus/xdp720.o
  CC [M]  drivers/gpu/drm/amd/amdgpu/../display/dc/mmhubbub/dcn20/dcn20_mmhubbub.o
  CC [M]  drivers/hwmon/pmbus/xdpe12284.o
  CC [M]  drivers/gpu/drm/amd/amdgpu/../display/dc/mmhubbub/dcn32/dcn32_mmhubbub.o
  CC [M]  drivers/gpu/drm/amd/amdgpu/../display/dc/mmhubbub/dcn35/dcn35_mmhubbub.o
  CC [M]  drivers/hwmon/pmbus/xdpe152c4.o
  CC [M]  drivers/gpu/drm/amd/amdgpu/../display/dc/mmhubbub/dcn42/dcn42_mmhubbub.o
  CC [M]  drivers/hwmon/pmbus/xdpe1a2g7b.o
  CC [M]  drivers/gpu/drm/amd/amdgpu/../display/dc/mpc/dcn10/dcn10_mpc.o
  CC [M]  drivers/hwmon/pmbus/zl6100.o
  CC [M]  drivers/gpu/drm/amd/amdgpu/../display/dc/mpc/dcn20/dcn20_mpc.o
  CC [M]  drivers/hwmon/pmbus/pim4328.o
  CC [M]  drivers/gpu/drm/amd/amdgpu/../display/dc/mpc/dcn30/dcn30_mpc.o
  CC [M]  drivers/hwmon/pmbus/crps.o
  CC [M]  drivers/gpu/drm/amd/amdgpu/../display/dc/mpc/dcn32/dcn32_mpc.o
  CC [M]  drivers/gpu/drm/amd/amdgpu/../display/dc/mpc/dcn401/dcn401_mpc.o
  CC [M]  drivers/hwmon/pmbus/d1u74t.o
  CC [M]  drivers/gpu/drm/amd/amdgpu/../display/dc/mpc/dcn42/dcn42_mpc.o
  CC [M]  drivers/gpu/drm/amd/amdgpu/../display/dc/opp/dcn10/dcn10_opp.o
  CC [M]  drivers/gpu/drm/amd/amdgpu/../display/dc/opp/dcn20/dcn20_opp.o
  CC [M]  drivers/gpu/drm/amd/amdgpu/../display/dc/opp/dcn35/dcn35_opp.o
  CC [M]  drivers/gpu/drm/amd/amdgpu/../display/dc/pg/dcn35/dcn35_pg_cntl.o
  CC [M]  drivers/gpu/drm/amd/amdgpu/../display/dc/pg/dcn42/dcn42_pg_cntl.o
  CC [M]  drivers/gpu/drm/amd/amdgpu/../display/dc/dcn10/dcn10_ipp.o
  CC [M]  drivers/gpu/drm/amd/amdgpu/../display/dc/dcn10/dcn10_hw_sequencer_debug.o
  CC [M]  drivers/gpu/drm/amd/amdgpu/../display/dc/dcn10/dcn10_cm_common.o
  CC [M]  drivers/gpu/drm/amd/amdgpu/../display/dc/dcn20/dcn20_vmid.o
  CC [M]  drivers/gpu/drm/amd/amdgpu/../display/dc/dcn20/dcn20_dwb.o
  CC [M]  drivers/gpu/drm/amd/amdgpu/../display/dc/dcn20/dcn20_dwb_scl.o
  CC [M]  drivers/gpu/drm/amd/amdgpu/../display/dc/dcn21/dcn21_link_encoder.o
  CC [M]  drivers/gpu/drm/amd/amdgpu/../display/dc/dcn201/dcn201_mpc.o
  CC [M]  drivers/gpu/drm/amd/amdgpu/../display/dc/dcn201/dcn201_opp.o
  CC [M]  drivers/gpu/drm/amd/amdgpu/../display/dc/dcn201/dcn201_link_encoder.o
  CC [M]  drivers/gpu/drm/amd/amdgpu/../display/dc/dcn30/dcn30_vpg.o
  CC [M]  drivers/gpu/drm/amd/amdgpu/../display/dc/dcn30/dcn30_afmt.o
  CC [M]  drivers/gpu/drm/amd/amdgpu/../display/dc/dcn30/dcn30_cm_common.o
  CC [M]  drivers/gpu/drm/amd/amdgpu/../display/dc/dcn30/dcn30_mmhubbub.o
  CC [M]  drivers/gpu/drm/amd/amdgpu/../display/dc/dcn301/dcn301_panel_cntl.o
  CC [M]  drivers/gpu/drm/amd/amdgpu/../display/dc/dcn31/dcn31_panel_cntl.o
  CC [M]  drivers/gpu/drm/amd/amdgpu/../display/dc/dcn31/dcn31_apg.o
  CC [M]  drivers/gpu/drm/amd/amdgpu/../display/dc/dcn31/dcn31_afmt.o
  CC [M]  drivers/gpu/drm/amd/amdgpu/../display/dc/dcn31/dcn31_vpg.o
  CC [M]  drivers/gpu/drm/amd/amdgpu/../display/dc/dml2_0/display_mode_core.o
  CC [M]  drivers/gpu/drm/amd/amdgpu/../display/dc/dml2_0/display_mode_util.o
  CC [M]  drivers/gpu/drm/amd/amdgpu/../display/dc/dml2_0/dml2_wrapper_fpu.o
  CC [M]  drivers/gpu/drm/amd/amdgpu/../display/dc/dml2_0/dml2_wrapper.o
  CC [M]  drivers/gpu/drm/amd/amdgpu/../display/dc/dml2_0/dml2_utils.o
  CC [M]  drivers/gpu/drm/amd/amdgpu/../display/dc/dml2_0/dml2_policy.o
  CC [M]  drivers/gpu/drm/amd/amdgpu/../display/dc/dml2_0/dml2_translation_helper.o
  CC [M]  drivers/gpu/drm/amd/amdgpu/../display/dc/dml2_0/dml2_dc_resource_mgmt.o
  CC [M]  drivers/gpu/drm/amd/amdgpu/../display/dc/dml2_0/dml2_mall_phantom.o
  CC [M]  drivers/gpu/drm/amd/amdgpu/../display/dc/dml2_0/dml_display_rq_dlg_calc.o
  CC [M]  drivers/gpu/drm/amd/amdgpu/../display/dc/dml2_0/dml_frl_cap_chk.o
  CC [M]  drivers/gpu/drm/amd/amdgpu/../display/dc/dml2_0/dml21/src/dml2_top/dml2_top_interfaces.o
  CC [M]  drivers/gpu/drm/amd/amdgpu/../display/dc/dml2_0/dml21/src/dml2_top/dml2_top_soc15.o
  CC [M]  drivers/gpu/drm/amd/amdgpu/../display/dc/dml2_0/dml21/src/dml2_core/dml2_core_dcn4.o
  CC [M]  drivers/gpu/drm/amd/amdgpu/../display/dc/dml2_0/dml21/src/dml2_core/dml2_core_utils.o
  CC [M]  drivers/gpu/drm/amd/amdgpu/../display/dc/dml2_0/dml21/src/dml2_core/dml2_core_factory.o
  CC [M]  drivers/gpu/drm/amd/amdgpu/../display/dc/dml2_0/dml21/src/dml2_core/dml2_core_dcn4_calcs.o
  CC [M]  drivers/gpu/drm/amd/amdgpu/../display/dc/dml2_0/dml21/src/dml2_dpmm/dml2_dpmm_dcn4.o
  CC [M]  drivers/gpu/drm/amd/amdgpu/../display/dc/dml2_0/dml21/src/dml2_dpmm/dml2_dpmm_factory.o
  CC [M]  drivers/gpu/drm/amd/amdgpu/../display/dc/dml2_0/dml21/src/dml2_mcg/dml2_mcg_dcn4.o
  CC [M]  drivers/gpu/drm/amd/amdgpu/../display/dc/dml2_0/dml21/src/dml2_mcg/dml2_mcg_dcn42.o
  CC [M]  drivers/gpu/drm/amd/amdgpu/../display/dc/dml2_0/dml21/src/dml2_mcg/dml2_mcg_factory.o
  CC [M]  drivers/gpu/drm/amd/amdgpu/../display/dc/dml2_0/dml21/src/dml2_pmo/dml2_pmo_dcn3.o
  CC [M]  drivers/gpu/drm/amd/amdgpu/../display/dc/dml2_0/dml21/src/dml2_pmo/dml2_pmo_factory.o
  CC [M]  drivers/gpu/drm/amd/amdgpu/../display/dc/dml2_0/dml21/src/dml2_pmo/dml2_pmo_dcn4_fams2.o
  CC [M]  drivers/gpu/drm/amd/amdgpu/../display/dc/dml2_0/dml21/src/dml2_pmo/dml2_pmo_dcn42.o
  CC [M]  drivers/gpu/drm/amd/amdgpu/../display/dc/dml2_0/dml21/src/dml2_standalone_libraries/lib_float_math.o
  CC [M]  drivers/gpu/drm/amd/amdgpu/../display/dc/dml2_0/dml21/src/dml2_standalone_libraries/lib_frl_cap_check.o
  CC [M]  drivers/gpu/drm/amd/amdgpu/../display/dc/dml2_0/dml21/dml21_translation_helper.o
  CC [M]  drivers/gpu/drm/amd/amdgpu/../display/dc/dml2_0/dml21/dml21_wrapper.o
  CC [M]  drivers/gpu/drm/amd/amdgpu/../display/dc/dml2_0/dml21/dml21_wrapper_fpu.o
  CC [M]  drivers/gpu/drm/amd/amdgpu/../display/dc/dml2_0/dml21/dml21_utils.o
  CC [M]  drivers/gpu/drm/amd/amdgpu/../display/dc/soc_and_ip_translator/soc_and_ip_translator.o
  CC [M]  drivers/gpu/drm/amd/amdgpu/../display/dc/soc_and_ip_translator/dcn401/dcn401_soc_and_ip_translator.o
  CC [M]  drivers/gpu/drm/amd/amdgpu/../display/dc/soc_and_ip_translator/dcn42/dcn42_soc_and_ip_translator.o
  CC [M]  drivers/gpu/drm/amd/amdgpu/../display/dc/dce120/dce120_timing_generator.o
  CC [M]  drivers/gpu/drm/amd/amdgpu/../display/dc/dce112/dce112_compressor.o
  CC [M]  drivers/gpu/drm/amd/amdgpu/../display/dc/dce110/dce110_timing_generator.o
  CC [M]  drivers/gpu/drm/amd/amdgpu/../display/dc/dce110/dce110_compressor.o
  CC [M]  drivers/gpu/drm/amd/amdgpu/../display/dc/dce110/dce110_opp_regamma_v.o
  CC [M]  drivers/gpu/drm/amd/amdgpu/../display/dc/dce110/dce110_opp_csc_v.o
  CC [M]  drivers/gpu/drm/amd/amdgpu/../display/dc/dce110/dce110_timing_generator_v.o
  CC [M]  drivers/gpu/drm/amd/amdgpu/../display/dc/dce110/dce110_mem_input_v.o
  CC [M]  drivers/gpu/drm/amd/amdgpu/../display/dc/dce110/dce110_opp_v.o
  CC [M]  drivers/gpu/drm/amd/amdgpu/../display/dc/dce110/dce110_transform_v.o
  CC [M]  drivers/gpu/drm/amd/amdgpu/../display/dc/dce80/dce80_timing_generator.o
  CC [M]  drivers/gpu/drm/amd/amdgpu/../display/dc/dce60/dce60_timing_generator.o
  CC [M]  drivers/gpu/drm/amd/amdgpu/../display/dc/hdcp/hdcp_msg.o
  CC [M]  drivers/gpu/drm/amd/amdgpu/../display/dc/sspl/dc_spl.o
  CC [M]  drivers/gpu/drm/amd/amdgpu/../display/dc/sspl/dc_spl_scl_filters.o
  CC [M]  drivers/gpu/drm/amd/amdgpu/../display/dc/sspl/dc_spl_scl_easf_filters.o
  CC [M]  drivers/gpu/drm/amd/amdgpu/../display/dc/sspl/dc_spl_isharp_filters.o
  CC [M]  drivers/gpu/drm/amd/amdgpu/../display/dc/sspl/dc_spl_filters.o
  CC [M]  drivers/gpu/drm/amd/amdgpu/../display/dc/sspl/spl_fixpt31_32.o
  CC [M]  drivers/gpu/drm/amd/amdgpu/../display/dc/sspl/spl_custom_float.o
  CC [M]  drivers/gpu/drm/amd/amdgpu/../display/dc/dc_dmub_srv.o
  CC [M]  drivers/gpu/drm/amd/amdgpu/../display/dc/dc_edid_parser.o
  CC [M]  drivers/gpu/drm/amd/amdgpu/../display/dc/dc_fused_io.o
  CC [M]  drivers/gpu/drm/amd/amdgpu/../display/dc/dc_helper.o
  CC [M]  drivers/gpu/drm/amd/amdgpu/../display/dc/core/dc.o
  CC [M]  drivers/gpu/drm/amd/amdgpu/../display/dc/core/dc_debug.o
  CC [M]  drivers/gpu/drm/amd/amdgpu/../display/dc/core/dc_hw_sequencer.o
  CC [M]  drivers/gpu/drm/amd/amdgpu/../display/dc/core/dc_link_enc_cfg.o
  CC [M]  drivers/gpu/drm/amd/amdgpu/../display/dc/core/dc_link_exports.o
  CC [M]  drivers/gpu/drm/amd/amdgpu/../display/dc/core/dc_resource.o
  CC [M]  drivers/gpu/drm/amd/amdgpu/../display/dc/core/dc_sink.o
  CC [M]  drivers/gpu/drm/amd/amdgpu/../display/dc/core/dc_stat.o
  CC [M]  drivers/gpu/drm/amd/amdgpu/../display/dc/core/dc_state.o
  CC [M]  drivers/gpu/drm/amd/amdgpu/../display/dc/core/dc_stream.o
  CC [M]  drivers/gpu/drm/amd/amdgpu/../display/dc/core/dc_surface.o
  CC [M]  drivers/gpu/drm/amd/amdgpu/../display/dc/core/dc_vm_helper.o
  CC [M]  drivers/gpu/drm/amd/amdgpu/../display/modules/freesync/freesync.o
  CC [M]  drivers/gpu/drm/amd/amdgpu/../display/modules/color/color_gamma.o
  CC [M]  drivers/gpu/drm/amd/amdgpu/../display/modules/color/color_table.o
  CC [M]  drivers/gpu/drm/amd/amdgpu/../display/modules/info_packet/info_packet.o
  CC [M]  drivers/gpu/drm/amd/amdgpu/../display/modules/power/power_helpers.o
  CC [M]  drivers/gpu/drm/amd/amdgpu/../display/modules/power/power.o
  CC [M]  drivers/gpu/drm/amd/amdgpu/../display/modules/power/power_abm.o
  CC [M]  drivers/gpu/drm/amd/amdgpu/../display/modules/power/power_psr.o
  CC [M]  drivers/gpu/drm/amd/amdgpu/../display/modules/power/power_replay.o
  CC [M]  drivers/gpu/drm/amd/amdgpu/../display/dmub/src/dmub_srv.o
  CC [M]  drivers/gpu/drm/amd/amdgpu/../display/dmub/src/dmub_srv_stat.o
  CC [M]  drivers/gpu/drm/amd/amdgpu/../display/dmub/src/dmub_reg.o
  CC [M]  drivers/gpu/drm/amd/amdgpu/../display/dmub/src/dmub_dcn20.o
  CC [M]  drivers/gpu/drm/amd/amdgpu/../display/dmub/src/dmub_dcn21.o
  CC [M]  drivers/gpu/drm/amd/amdgpu/../display/dmub/src/dmub_dcn30.o
  CC [M]  drivers/gpu/drm/amd/amdgpu/../display/dmub/src/dmub_dcn301.o
  CC [M]  drivers/gpu/drm/amd/amdgpu/../display/dmub/src/dmub_dcn302.o
  CC [M]  drivers/gpu/drm/amd/amdgpu/../display/dmub/src/dmub_dcn303.o
  CC [M]  drivers/gpu/drm/amd/amdgpu/../display/dmub/src/dmub_dcn31.o
  CC [M]  drivers/gpu/drm/amd/amdgpu/../display/dmub/src/dmub_dcn314.o
  CC [M]  drivers/gpu/drm/amd/amdgpu/../display/dmub/src/dmub_dcn315.o
  CC [M]  drivers/gpu/drm/amd/amdgpu/../display/dmub/src/dmub_dcn316.o
  CC [M]  drivers/gpu/drm/amd/amdgpu/../display/dmub/src/dmub_dcn32.o
  CC [M]  drivers/gpu/drm/amd/amdgpu/../display/dmub/src/dmub_dcn35.o
  CC [M]  drivers/gpu/drm/amd/amdgpu/../display/dmub/src/dmub_dcn351.o
  CC [M]  drivers/gpu/drm/amd/amdgpu/../display/dmub/src/dmub_dcn36.o
  CC [M]  drivers/gpu/drm/amd/amdgpu/../display/dmub/src/dmub_dcn401.o
  CC [M]  drivers/gpu/drm/amd/amdgpu/../display/dmub/src/dmub_dcn42.o
  CC [M]  drivers/gpu/drm/amd/amdgpu/../display/dmub/src/dmub_dcn42b.o
  CC [M]  drivers/gpu/drm/amd/amdgpu/../display/modules/hdcp/hdcp_ddc.o
  CC [M]  drivers/gpu/drm/amd/amdgpu/../display/modules/hdcp/hdcp_log.o
  CC [M]  drivers/gpu/drm/amd/amdgpu/../display/modules/hdcp/hdcp_psp.o
  CC [M]  drivers/gpu/drm/amd/amdgpu/../display/modules/hdcp/hdcp.o
  CC [M]  drivers/gpu/drm/amd/amdgpu/../display/modules/hdcp/hdcp1_execution.o
  CC [M]  drivers/gpu/drm/amd/amdgpu/../display/modules/hdcp/hdcp1_transition.o
  CC [M]  drivers/gpu/drm/amd/amdgpu/../display/modules/hdcp/hdcp2_execution.o
  CC [M]  drivers/gpu/drm/amd/amdgpu/../display/modules/hdcp/hdcp2_transition.o
  CC [M]  drivers/gpu/drm/amd/amdgpu/amdgpu_isp.o
  CC [M]  drivers/gpu/drm/amd/amdgpu/isp_v4_1_0.o
  CC [M]  drivers/gpu/drm/amd/amdgpu/isp_v4_1_1.o
  CC [M]  drivers/gpu/drm/amd/amdgpu/../ras/ras_mgr/amdgpu_ras_sys.o
  CC [M]  drivers/gpu/drm/amd/amdgpu/../ras/ras_mgr/amdgpu_ras_mgr.o
  CC [M]  drivers/gpu/drm/amd/amdgpu/../ras/ras_mgr/amdgpu_ras_eeprom_i2c.o
  CC [M]  drivers/gpu/drm/amd/amdgpu/../ras/ras_mgr/amdgpu_ras_mp1_v13_0.o
  CC [M]  drivers/gpu/drm/amd/amdgpu/../ras/ras_mgr/amdgpu_ras_cmd.o
  CC [M]  drivers/gpu/drm/amd/amdgpu/../ras/ras_mgr/amdgpu_virt_ras_cmd.o
  CC [M]  drivers/gpu/drm/amd/amdgpu/../ras/ras_mgr/amdgpu_ras_process.o
  CC [M]  drivers/gpu/drm/amd/amdgpu/../ras/ras_mgr/amdgpu_ras_nbio_v7_9.o
  CC [M]  drivers/gpu/drm/amd/amdgpu/../ras/rascore/ras_core.o
  CC [M]  drivers/gpu/drm/amd/amdgpu/../ras/rascore/ras_mp1.o
  CC [M]  drivers/gpu/drm/amd/amdgpu/../ras/rascore/ras_mp1_v13_0.o
  CC [M]  drivers/gpu/drm/amd/amdgpu/../ras/rascore/ras_aca.o
  CC [M]  drivers/gpu/drm/amd/amdgpu/../ras/rascore/ras_aca_v1_0.o
  CC [M]  drivers/gpu/drm/amd/amdgpu/../ras/rascore/ras_eeprom.o
  CC [M]  drivers/gpu/drm/amd/amdgpu/../ras/rascore/ras_umc.o
  CC [M]  drivers/gpu/drm/amd/amdgpu/../ras/rascore/ras_umc_v12_0.o
  CC [M]  drivers/gpu/drm/amd/amdgpu/../ras/rascore/ras_cmd.o
  CC [M]  drivers/gpu/drm/amd/amdgpu/../ras/rascore/ras_gfx.o
  CC [M]  drivers/gpu/drm/amd/amdgpu/../ras/rascore/ras_gfx_v9_0.o
  CC [M]  drivers/gpu/drm/amd/amdgpu/../ras/rascore/ras_process.o
  CC [M]  drivers/gpu/drm/amd/amdgpu/../ras/rascore/ras_nbio.o
  CC [M]  drivers/gpu/drm/amd/amdgpu/../ras/rascore/ras_nbio_v7_9.o
  CC [M]  drivers/gpu/drm/amd/amdgpu/../ras/rascore/ras_log_ring.o
  CC [M]  drivers/gpu/drm/amd/amdgpu/../ras/rascore/ras_cper.o
  CC [M]  drivers/gpu/drm/amd/amdgpu/../ras/rascore/ras_psp.o
  CC [M]  drivers/gpu/drm/amd/amdgpu/../ras/rascore/ras_psp_v13_0.o
  CC [M]  drivers/gpu/drm/amd/amdgpu/../ras/rascore/ras_eeprom_fw.o
  CC [M]  drivers/gpu/drm/amd/amdgpu/../display/amdgpu_dm/tests/amdgpu_dm_crc_test.o
  CC [M]  drivers/gpu/drm/amd/amdgpu/../display/amdgpu_dm/tests/amdgpu_dm_hdcp_test.o
  CC [M]  drivers/gpu/drm/amd/amdgpu/../display/amdgpu_dm/tests/amdgpu_dm_color_test.o
  CC [M]  drivers/gpu/drm/amd/amdgpu/../display/amdgpu_dm/tests/amdgpu_dm_colorop_test.o
  CC [M]  drivers/gpu/drm/amd/amdgpu/../display/amdgpu_dm/tests/amdgpu_dm_psr_test.o
  CC [M]  drivers/gpu/drm/amd/amdgpu/../display/amdgpu_dm/tests/amdgpu_dm_replay_test.o
  CC [M]  drivers/gpu/drm/amd/amdgpu/../display/amdgpu_dm/tests/amdgpu_dm_ism_test.o
  LD [M]  drivers/gpu/drm/amd/amdgpu/amdgpu.o
  AR      drivers/gpu/built-in.a
make[5]: *** [/home/benni/git/linux/scripts/Makefile.build:549: drivers] Error 2
make[4]: *** [/home/benni/git/linux/Makefile:2187: .] Error 2
make[3]: *** [/home/benni/git/linux/Makefile:248: __sub-make] Error 2
make[3]: Leaving directory '/home/benni/git/kernel-test/build/allmodconfig-arm64'
make[2]: *** [Makefile:248: __sub-make] Error 2
make[2]: Leaving directory '/home/benni/git/linux'
