make[2]: Entering directory '/home/benni/git/linux-stable-rc'
make[3]: Entering directory '/home/benni/git/kernel-test-stable-rc/build/randdefconfig-i386'
*** Default configuration is based on 'i386_defconfig'
#
# configuration written to .config
#
make[3]: Leaving directory '/home/benni/git/kernel-test-stable-rc/build/randdefconfig-i386'
make[2]: Leaving directory '/home/benni/git/linux-stable-rc'
make[2]: Entering directory '/home/benni/git/linux-stable-rc'
make[3]: Entering directory '/home/benni/git/kernel-test-stable-rc/build/randdefconfig-i386'
.config:5269:warning: override: reassigning to symbol INPUT_TOUCHSCREEN
.config:5270:warning: override: reassigning to symbol HAVE_GENERIC_VDSO
.config:5271:warning: override: reassigning to symbol CONTEXT_TRACKING
.config:5272:warning: override: reassigning to symbol X86_INTEL_PSTATE
.config:5273:warning: override: reassigning to symbol X86_PKG_TEMP_THERMAL
.config:5274:warning: override: reassigning to symbol MTRR
.config:5275:warning: override: reassigning to symbol IOMMU_DEFAULT_DMA_LAZY
.config:5276:warning: override: reassigning to symbol AIO
.config:5277:warning: override: reassigning to symbol SCSI_PROC_FS
.config:5278:warning: override: reassigning to symbol VIRTUALIZATION
.config:5279:warning: override: reassigning to symbol 9P_FS
.config:5280:warning: override: reassigning to symbol X86_DISABLED_FEATURE_FRED
.config:5281:warning: override: reassigning to symbol ARCH_HAS_DEVMEM_IS_ALLOWED
.config:5282:warning: override: reassigning to symbol WLAN
.config:5283:warning: override: reassigning to symbol TICK_CPU_ACCOUNTING
.config:5284:warning: override: reassigning to symbol X86_16BIT
.config:5285:warning: override: reassigning to symbol RD_LZO
.config:5286:warning: override: reassigning to symbol CLKEVT_I8253
.config:5287:warning: override: reassigning to symbol HOTPLUG_SPLIT_STARTUP
.config:5288:warning: override: reassigning to symbol MEMBARRIER
.config:5289:warning: override: reassigning to symbol ACPI_BUTTON
.config:5290:warning: override: reassigning to symbol NET_VENDOR_ARC
.config:5291:warning: override: reassigning to symbol ACPI_NHLT
.config:5292:warning: override: reassigning to symbol QUEUED_SPINLOCKS
.config:5293:warning: override: reassigning to symbol GLOB
.config:5294:warning: override: reassigning to symbol ARCH_MHP_MEMMAP_ON_MEMORY_ENABLE
.config:5295:warning: override: reassigning to symbol ARCH_WANT_LD_ORPHAN_WARN
.config:5296:warning: override: reassigning to symbol RTC_INTF_SYSFS
.config:5297:warning: override: reassigning to symbol CRYPTO_LIB_AES_ARCH
.config:5298:warning: override: reassigning to symbol MSDOS_PARTITION
.config:5299:warning: override: reassigning to symbol MICROCODE_INITRD32
.config:5300:warning: override: reassigning to symbol AMD_NB
.config:5301:warning: override: reassigning to symbol NET_VENDOR_VERTEXCOM
.config:5302:warning: override: reassigning to symbol MAC80211_RC_MINSTREL
.config:5303:warning: override: reassigning to symbol HAVE_ARCH_JUMP_LABEL
.config:5304:warning: override: reassigning to symbol DECOMPRESS_BZIP2
.config:5305:warning: override: reassigning to symbol ARCH_HAS_PREEMPT_LAZY
.config:5306:warning: override: reassigning to symbol PCI_QUIRKS
.config:5307:warning: override: reassigning to symbol FUTEX_PRIVATE_HASH
.config:5308:warning: override: reassigning to symbol BUG
.config:5309:warning: override: reassigning to symbol XZ_DEC_SPARC
.config:5310:warning: override: reassigning to symbol DRM_DISPLAY_DP_HELPER
.config:5311:warning: override: reassigning to symbol ACPI_EC
.config:5312:warning: override: reassigning to symbol PARAVIRT
.config:5313:warning: override: reassigning to symbol GENERIC_ISA_DMA
.config:5314:warning: override: reassigning to symbol NET_TULIP
.config:5315:warning: override: reassigning to symbol DM_MIRROR
.config:5316:warning: override: reassigning to symbol AS_WRUSS
.config:5317:warning: override: reassigning to symbol DIMLIB
.config:5318:warning: override: reassigning to symbol ARCH_SUPPORTS_KEXEC
.config:5319:warning: override: reassigning to symbol GENERIC_GETTIMEOFDAY
.config:5320:warning: override: reassigning to symbol NET_VENDOR_ADAPTEC
.config:5321:warning: override: reassigning to symbol MOUSE_PS2_SYNAPTICS_SMBUS
.config:5322:warning: override: reassigning to symbol DRM_KMS_HELPER
.config:5323:warning: override: reassigning to symbol BLK_DEV_DM
.config:5324:warning: override: reassigning to symbol R8169
.config:5325:warning: override: reassigning to symbol ASYMMETRIC_KEY_TYPE
.config:5326:warning: override: reassigning to symbol X86_DISABLED_FEATURE_PCID
.config:5327:warning: override: reassigning to symbol USB_PCI_AMD
.config:5328:warning: override: reassigning to symbol PREVENT_FIRMWARE_BUILD
.config:5329:warning: override: reassigning to symbol NET_INGRESS
.config:5330:warning: override: reassigning to symbol MAC80211_HAS_RC
.config:5331:warning: override: reassigning to symbol GENERIC_BUG_RELATIVE_POINTERS
.config:5332:warning: override: reassigning to symbol GENERIC_PCI_IOMAP
.config:5333:warning: override: reassigning to symbol NET_VENDOR_NATSEMI
.config:5334:warning: override: reassigning to symbol MOUSE_PS2_FOCALTECH
.config:5335:warning: override: reassigning to symbol NET_VENDOR_SEEQ
.config:5336:warning: override: reassigning to symbol SCHED_MC
.config:5337:warning: override: reassigning to symbol ARCH_SUPPORTS_HUGETLBFS
.config:5338:warning: override: reassigning to symbol EFI_STUB
.config:5339:warning: override: reassigning to symbol ARCH_CLOCKSOURCE_INIT
.config:5340:warning: override: reassigning to symbol INPUT_EVDEV
.config:5341:warning: override: reassigning to symbol USB_SUPPORT
.config:5342:warning: override: reassigning to symbol CRYPTO_LZO
.config:5343:warning: override: reassigning to symbol FTRACE
.config:5344:warning: override: reassigning to symbol MITIGATION_GDS
.config:5345:warning: override: reassigning to symbol HAVE_KERNEL_LZMA
.config:5346:warning: override: reassigning to symbol PM_SLEEP
.config:5347:warning: override: reassigning to symbol CRYPTO_MANAGER
.config:5348:warning: override: reassigning to symbol UNION_FIND
.config:5349:warning: override: reassigning to symbol NET_SCHED
.config:5350:warning: override: reassigning to symbol DYNAMIC_EVENTS
.config:5351:warning: override: reassigning to symbol NET_VENDOR_MUCSE
.config:5352:warning: override: reassigning to symbol DMI
.config:5353:warning: override: reassigning to symbol VGA_CONSOLE
.config:5354:warning: override: reassigning to symbol XZ_DEC_BCJ
.config:5355:warning: override: reassigning to symbol TOOLS_SUPPORT_RELR
.config:5356:warning: override: reassigning to symbol NFS_V3
.config:5357:warning: override: reassigning to symbol RUSTC_HAS_SPAN_FILE
.config:5358:warning: override: reassigning to symbol MODULES_USE_ELF_REL
.config:5359:warning: override: reassigning to symbol TRACE_IRQFLAGS_SUPPORT
.config:5360:warning: override: reassigning to symbol MISC_FILESYSTEMS
.config:5361:warning: override: reassigning to symbol ARCH_USE_QUEUED_SPINLOCKS
.config:5362:warning: override: reassigning to symbol X86_BOOTPARAM_MEMORY_CORRUPTION_CHECK
.config:5363:warning: override: reassigning to symbol CRYPTO_HASH
.config:5364:warning: override: reassigning to symbol HAVE_ARCH_RANDOMIZE_KSTACK_OFFSET
.config:5365:warning: override: reassigning to symbol BLK_DEV_DM_BUILTIN
.config:5366:warning: override: reassigning to symbol WLAN_VENDOR_MARVELL
.config:5367:warning: override: reassigning to symbol AGP_INTEL
.config:5368:warning: override: reassigning to symbol BINARY_PRINTF
.config:5369:warning: override: reassigning to symbol VIRTIO_DMA_SHARED_BUFFER
.config:5370:warning: override: reassigning to symbol HAS_IOMEM
.config:5371:warning: override: reassigning to symbol KERNFS
.config:5372:warning: override: reassigning to symbol HAVE_NMI
.config:5373:warning: override: reassigning to symbol PHY_PACKAGE
.config:5374:warning: override: reassigning to symbol ALLOW_DEV_COREDUMP
.config:5375:warning: override: reassigning to symbol DMA_VIRTUAL_CHANNELS
.config:5376:warning: override: reassigning to symbol BNX2
.config:5377:warning: override: reassigning to symbol ACPI_VIDEO
.config:5378:warning: override: reassigning to symbol RD_GZIP
.config:5379:warning: override: reassigning to symbol DRM_CLIENT_SELECTION
.config:5380:warning: override: reassigning to symbol NVRAM
.config:5381:warning: override: reassigning to symbol PCI_DOMAINS
.config:5382:warning: override: reassigning to symbol ROOT_NFS
.config:5383:warning: override: reassigning to symbol RPCSEC_GSS_KRB5
.config:5384:warning: override: reassigning to symbol SG_POOL
.config:5385:warning: override: reassigning to symbol ARCH_MIGHT_HAVE_ACPI_PDC
.config:5386:warning: override: reassigning to symbol HAVE_DYNAMIC_FTRACE_WITH_DIRECT_CALLS
.config:5387:warning: override: reassigning to symbol ARCH_SELECT_MEMORY_MODEL
.config:5388:warning: override: reassigning to symbol SECURITY
.config:5389:warning: override: reassigning to symbol USB
.config:5390:warning: override: reassigning to symbol EPROBE_EVENTS
.config:5391:warning: override: reassigning to symbol VIRTIO_NET
.config:5392:warning: override: reassigning to symbol HAVE_KRETPROBES
.config:5393:warning: override: reassigning to symbol EDAC_ATOMIC_SCRUB
.config:5394:warning: override: reassigning to symbol ARCH_SUPPORTS_SCHED_SMT
.config:5395:warning: override: reassigning to symbol SCSI_SPI_ATTRS
.config:5396:warning: override: reassigning to symbol NET_CORE
.config:5397:warning: override: reassigning to symbol CRYPTO_CTR
.config:5398:warning: override: reassigning to symbol JBD2
.config:5399:warning: override: reassigning to symbol NET_EGRESS
.config:5400:warning: override: reassigning to symbol UPROBES
.config:5401:warning: override: reassigning to symbol BLK_DEV
.config:5402:warning: override: reassigning to symbol HAVE_SOFTIRQ_ON_OWN_STACK
.config:5403:warning: override: reassigning to symbol DEBUG_MEMORY_INIT
.config:5404:warning: override: reassigning to symbol HAVE_ARCH_WITHIN_STACK_FRAMES
.config:5405:warning: override: reassigning to symbol HID_SAMSUNG
.config:5406:warning: override: reassigning to symbol HID
.config:5407:warning: override: reassigning to symbol CPU_RMAP
.config:5408:warning: override: reassigning to symbol ZSTD_DECOMPRESS
.config:5409:warning: override: reassigning to symbol HAVE_IRQ_TIME_ACCOUNTING
.config:5410:warning: override: reassigning to symbol HAVE_MMIOTRACE_SUPPORT
.config:5411:warning: override: reassigning to symbol EARLY_PRINTK
.config:5412:warning: override: reassigning to symbol NETFILTER_XT_MATCH_CONNTRACK
.config:5413:warning: override: reassigning to symbol POWER_SUPPLY
.config:5414:warning: override: reassigning to symbol SERIAL_8250_LPSS
.config:5415:warning: override: reassigning to symbol STACKTRACE
.config:5416:warning: override: reassigning to symbol BLK_DEV_WRITE_MOUNTED
.config:5417:warning: override: reassigning to symbol HAVE_USER_RETURN_NOTIFIER
.config:5418:warning: override: reassigning to symbol VIRTIO_PCI_LIB
.config:5419:warning: override: reassigning to symbol X86_PAT
.config:5420:warning: override: reassigning to symbol MITIGATION_TAA
.config:5421:warning: override: reassigning to symbol HAVE_DYNAMIC_FTRACE
.config:5422:warning: override: reassigning to symbol TCP_CONG_CUBIC
.config:5423:warning: override: reassigning to symbol NETFS_SUPPORT
.config:5424:warning: override: reassigning to symbol ARCH_HAS_CURRENT_STACK_POINTER
.config:5425:warning: override: reassigning to symbol DRM_BUDDY
.config:5426:warning: override: reassigning to symbol HAVE_EISA
.config:5427:warning: override: reassigning to symbol HAVE_ARCH_THREAD_STRUCT_WHITELIST
.config:5428:warning: override: reassigning to symbol SND_VERBOSE_PROCFS
.config:5429:warning: override: reassigning to symbol TMPFS_POSIX_ACL
.config:5430:warning: override: reassigning to symbol SERIAL_8250_RSA
.config:5431:warning: override: reassigning to symbol CC_HAS_IBT
.config:5432:warning: override: reassigning to symbol MMU_GATHER_MERGE_VMAS
.config:5433:warning: override: reassigning to symbol CC_HAS_MULTIDIMENSIONAL_NONSTRING
.config:5434:warning: override: reassigning to symbol RING_BUFFER
.config:5435:warning: override: reassigning to symbol HAVE_UNSTABLE_SCHED_CLOCK
.config:5436:warning: override: reassigning to symbol KEYS
.config:5437:warning: override: reassigning to symbol HPET
.config:5438:warning: override: reassigning to symbol MMU
.config:5439:warning: override: reassigning to symbol HIBERNATION_SNAPSHOT_DEV
.config:5440:warning: override: reassigning to symbol ETHTOOL_NETLINK
.config:5441:warning: override: reassigning to symbol KRETPROBES
.config:5442:warning: override: reassigning to symbol CGROUPS
.config:5443:warning: override: reassigning to symbol CRYPTO_GCM
.config:5444:warning: override: reassigning to symbol VMAP_PFN
.config:5445:warning: override: reassigning to symbol YENTA_TI
.config:5446:warning: override: reassigning to symbol HAVE_KCSAN_COMPILER
.config:5447:warning: override: reassigning to symbol ELF_CORE
.config:5448:warning: override: reassigning to symbol PERF_EVENTS_AMD_UNCORE
.config:5449:warning: override: reassigning to symbol PCIEPORTBUS
.config:5450:warning: override: reassigning to symbol WLAN_VENDOR_MICROCHIP
.config:5451:warning: override: reassigning to symbol DRM_BRIDGE
.config:5452:warning: override: reassigning to symbol TRACE_IRQFLAGS_NMI_SUPPORT
.config:5453:warning: override: reassigning to symbol MODULE_UNLOAD
.config:5454:warning: override: reassigning to symbol SND_DRIVERS
.config:5455:warning: override: reassigning to symbol ARCH_HAS_STRICT_KERNEL_RWX
.config:5456:warning: override: reassigning to symbol DYNAMIC_SIGFRAME
.config:5457:warning: override: reassigning to symbol VMCORE_INFO
.config:5458:warning: override: reassigning to symbol ELFCORE
.config:5459:warning: override: reassigning to symbol X86_DISABLED_FEATURE_ENQCMD
.config:5460:warning: override: reassigning to symbol NET_VENDOR_CHELSIO
.config:5461:warning: override: reassigning to symbol MIGRATION
.config:5462:warning: override: reassigning to symbol ARCH_HAVE_NMI_SAFE_CMPXCHG
.config:5463:warning: override: reassigning to symbol HID_PID
.config:5464:warning: override: reassigning to symbol BLK_DEV_BSG
.config:5465:warning: override: reassigning to symbol IOMMU_API
.config:5466:warning: override: reassigning to symbol SND_JACK
.config:5467:warning: override: reassigning to symbol NET_VENDOR_8390
.config:5468:warning: override: reassigning to symbol EARLY_PRINTK_USB
.config:5469:warning: override: reassigning to symbol GENERIC_CPU_AUTOPROBE
.config:5470:warning: override: reassigning to symbol SND_TIMER
.config:5471:warning: override: reassigning to symbol MITIGATION_L1TF
.config:5472:warning: override: reassigning to symbol VFAT_FS
.config:5473:warning: override: reassigning to symbol GENERIC_SYSCALL
.config:5474:warning: override: reassigning to symbol ARCH_FLATMEM_ENABLE
.config:5475:warning: override: reassigning to symbol BSD_PROCESS_ACCT
.config:5476:warning: override: reassigning to symbol KEXEC
.config:5477:warning: override: reassigning to symbol CHECK_SIGNATURE
.config:5478:warning: override: reassigning to symbol NET_IP_TUNNEL
.config:5479:warning: override: reassigning to symbol SKB_EXTENSIONS
.config:5480:warning: override: reassigning to symbol PM_SLEEP_DEBUG
.config:5481:warning: override: reassigning to symbol CC_HAS_KASAN_SW_TAGS
.config:5482:warning: override: reassigning to symbol CC_NO_STRINGOP_OVERFLOW
.config:5483:warning: override: reassigning to symbol NET_VENDOR_ATHEROS
.config:5484:warning: override: reassigning to symbol NET_VENDOR_SILAN
.config:5485:warning: override: reassigning to symbol PACKET
.config:5486:warning: override: reassigning to symbol HIBERNATION
.config:5487:warning: override: reassigning to symbol RTC_INTF_PROC
.config:5488:warning: override: reassigning to symbol SCSI_DMA
.config:5489:warning: override: reassigning to symbol HAVE_IOREMAP_PROT
.config:5490:warning: override: reassigning to symbol IPV6_SIT
.config:5491:warning: override: reassigning to symbol DECOMPRESS_XZ
.config:5492:warning: override: reassigning to symbol X86_TSC
.config:5493:warning: override: reassigning to symbol MITIGATION_SPECTRE_V2
.config:5494:warning: override: reassigning to symbol EFIVAR_FS
.config:5495:warning: override: reassigning to symbol AUTOFS_FS
.config:5496:warning: override: reassigning to symbol POSIX_MQUEUE_SYSCTL
.config:5497:warning: override: reassigning to symbol PM_TRACE
.config:5498:warning: override: reassigning to symbol ACPI_SYSTEM_POWER_STATES_SUPPORT
.config:5499:warning: override: reassigning to symbol SERIAL_NONSTANDARD
.config:5500:warning: override: reassigning to symbol TRACEPOINTS
.config:5501:warning: override: reassigning to symbol PNFS_FILE_LAYOUT
.config:5502:warning: override: reassigning to symbol SCREEN_INFO
.config:5503:warning: override: reassigning to symbol SCHED_HRTICK
.config:5504:warning: override: reassigning to symbol DUMMY_CONSOLE
.config:5505:warning: override: reassigning to symbol HAVE_DYNAMIC_FTRACE_WITH_REGS
.config:5506:warning: override: reassigning to symbol NET_VENDOR_CAVIUM
.config:5507:warning: override: reassigning to symbol MOUSE_PS2_LIFEBOOK
.config:5508:warning: override: reassigning to symbol IRQ_DOMAIN_HIERARCHY
.config:5509:warning: override: reassigning to symbol NETLABEL
.config:5510:warning: override: reassigning to symbol COMPAT_32
.config:5511:warning: override: reassigning to symbol PCMCIA
.config:5512:warning: override: reassigning to symbol MAC_EMUMOUSEBTN
.config:5513:warning: override: reassigning to symbol EFI_DXE_MEM_ATTRIBUTES
.config:5514:warning: override: reassigning to symbol CRYPTO_LIB_MD5
.config:5515:warning: override: reassigning to symbol SYSCTL_EXCEPTION_TRACE
.config:5516:warning: override: reassigning to symbol ARCH_HAS_DEBUG_VIRTUAL
.config:5517:warning: override: reassigning to symbol HAVE_ASM_MODVERSIONS
.config:5518:warning: override: reassigning to symbol USE_X86_SEG_SUPPORT
.config:5519:warning: override: reassigning to symbol DEVTMPFS_MOUNT
.config:5520:warning: override: reassigning to symbol STRICT_DEVMEM
.config:5521:warning: override: reassigning to symbol NLATTR
.config:5522:warning: override: reassigning to symbol PCI_BIOS
.config:5523:warning: override: reassigning to symbol HID_NTRIG
.config:5524:warning: override: reassigning to symbol FLATMEM
.config:5525:warning: override: reassigning to symbol WLAN_VENDOR_ZYDAS
.config:5526:warning: override: reassigning to symbol FUNCTION_ALIGNMENT_4B
.config:5527:warning: override: reassigning to symbol X86_DISABLED_FEATURE_INVLPGB
.config:5528:warning: override: reassigning to symbol ARCH_WANTS_DYNAMIC_TASK_STRUCT
.config:5529:warning: override: reassigning to symbol NETFILTER_XT_MATCH_STATE
.config:5530:warning: override: reassigning to symbol PROBE_EVENTS
.config:5531:warning: override: reassigning to symbol CLKBLD_I8253
.config:5532:warning: override: reassigning to symbol BLK_DEBUG_FS
.config:5533:warning: override: reassigning to symbol ARCH_HAS_CPU_ATTACK_VECTORS
.config:5534:warning: override: reassigning to symbol CC_HAS_NAMED_AS_FIXED_SANITIZERS
.config:5535:warning: override: reassigning to symbol X86_DISABLED_FEATURE_IBT
.config:5536:warning: override: reassigning to symbol QUOTA_TREE
.config:5537:warning: override: reassigning to symbol HAVE_PAGE_SIZE_4KB
.config:5538:warning: override: reassigning to symbol I2C_BOARDINFO
.config:5539:warning: override: reassigning to symbol VIRTIO
.config:5540:warning: override: reassigning to symbol USB_OHCI_HCD
.config:5541:warning: override: reassigning to symbol JUMP_LABEL
.config:5542:warning: override: reassigning to symbol EXPORTFS
.config:5543:warning: override: reassigning to symbol ARCH_HAS_NON_OVERLAPPING_ADDRESS_SPACE
.config:5544:warning: override: reassigning to symbol NET_VENDOR_MICROSEMI
.config:5545:warning: override: reassigning to symbol MODIFY_LDT_SYSCALL
.config:5546:warning: override: reassigning to symbol HIBERNATE_CALLBACKS
.config:5547:warning: override: reassigning to symbol XFRM
.config:5548:warning: override: reassigning to symbol PARAVIRT_CLOCK
.config:5549:warning: override: reassigning to symbol RTC_SYSTOHC
.config:5550:warning: override: reassigning to symbol USB_DEFAULT_PERSIST
.config:5551:warning: override: reassigning to symbol ARCH_SUPPORTS_KMAP_LOCAL_FORCE_MAP
.config:5552:warning: override: reassigning to symbol SND_VMASTER
.config:5553:warning: override: reassigning to symbol SCSI
.config:5554:warning: override: reassigning to symbol STRICT_MODULE_RWX
.config:5555:warning: override: reassigning to symbol GENERIC_IRQ_MATRIX_ALLOCATOR
.config:5556:warning: override: reassigning to symbol MITIGATION_TSA
.config:5557:warning: override: reassigning to symbol ATA_ACPI
.config:5558:warning: override: reassigning to symbol FIX_EARLYCON_MEM
.config:5559:warning: override: reassigning to symbol ACPI_BATTERY
.config:5560:warning: override: reassigning to symbol E1000E_HWTS
.config:5561:warning: override: reassigning to symbol HAVE_ARCH_KFENCE
.config:5562:warning: override: reassigning to symbol HAVE_GCC_PLUGINS
.config:5563:warning: override: reassigning to symbol PNPACPI
.config:5564:warning: override: reassigning to symbol DRM_TTM
.config:5565:warning: override: reassigning to symbol YENTA_RICOH
.config:5566:warning: override: reassigning to symbol LOCK_SPIN_ON_OWNER
.config:5567:warning: override: reassigning to symbol NO_HZ_COMMON
.config:5568:warning: override: reassigning to symbol HAVE_KERNEL_LZO
.config:5582:warning: override: reassigning to symbol PRINTK
.config:5586:warning: override: reassigning to symbol TTY
.config:5589:warning: override: reassigning to symbol BLK_DEV_INITRD
.config:5590:warning: override: reassigning to symbol RD_GZIP
.config:5593:warning: override: reassigning to symbol BINFMT_ELF
.config:5594:warning: override: reassigning to symbol BINFMT_SCRIPT
.config:5597:warning: override: reassigning to symbol TMPFS
.config:5600:warning: override: reassigning to symbol KERNEL_GZIP
.config:5603:warning: override: reassigning to symbol DRM
.config:5604:warning: override: reassigning to symbol SOUND
.config:5605:warning: override: reassigning to symbol STAGING
.config:5606:warning: override: reassigning to symbol INFINIBAND
.config:5607:warning: override: reassigning to symbol MEDIA_SUPPORT
.config:5609:warning: override: reassigning to symbol SERIAL_8250
.config:5610:warning: override: reassigning to symbol SERIAL_8250_CONSOLE
#
# configuration written to .config
#
make[3]: Leaving directory '/home/benni/git/kernel-test-stable-rc/build/randdefconfig-i386'
make[2]: Leaving directory '/home/benni/git/linux-stable-rc'
make[2]: Entering directory '/home/benni/git/linux-stable-rc'
make[3]: Entering directory '/home/benni/git/kernel-test-stable-rc/build/randdefconfig-i386'
  SYNC    include/config/auto.conf
  UPD     arch/x86/include/generated/asm/cpufeaturemasks.h
  HOSTCC  arch/x86/tools/relocs_32.o
  HOSTCC  arch/x86/tools/relocs_64.o
  HOSTCC  arch/x86/tools/relocs_common.o
  HOSTCC  arch/x86/tools/vdso2c
  HOSTCC  scripts/kallsyms
  HOSTCC  scripts/sorttable.o
  HOSTCC  scripts/elf-parse.o
  HOSTCC  scripts/asn1_compiler
  HOSTLD  arch/x86/tools/relocs
  HOSTLD  scripts/sorttable
  CC      scripts/mod/empty.o
  HOSTCC  scripts/mod/mk_elfconfig
  CC      scripts/mod/devicetable-offsets.s
  MKELF   scripts/mod/elfconfig.h
  HOSTCC  scripts/mod/modpost.o
  HOSTCC  scripts/mod/sumversion.o
  HOSTCC  scripts/mod/symsearch.o
  HOSTCC  scripts/mod/file2alias.o
  HOSTLD  scripts/mod/modpost
  CC      kernel/bounds.s
  CC      arch/x86/kernel/asm-offsets.s
  UPD     include/generated/asm-offsets.h
  CC      kernel/sched/rq-offsets.s
  UPD     include/generated/rq-offsets.h
  CALL    /home/benni/git/linux-stable-rc/scripts/checksyscalls.sh 
  HOSTCC  usr/gen_init_cpio
  CC      certs/system_keyring.o
  CC      arch/x86/realmode/init.o
  AS      arch/x86/entry/entry.o
  CC      arch/x86/events/core.o
  CC      init/main.o
  CC      ipc/util.o
  AS      arch/x86/lib/atomic64_cx8_32.o
  CC      security/keys/gc.o
  AS      arch/x86/entry/entry_32.o
  AS      arch/x86/lib/checksum_32.o
  CC      block/bdev.o
  CC      crypto/api.o
  CC      io_uring/io_uring.o
  CC      arch/x86/entry/syscall_32.o
  CC      arch/x86/lib/cmdline.o
  CC      fs/open.o
  CC      mm/filemap.o
  CC      kernel/fork.o
  CC      lib/argv_split.o
  GEN     usr/initramfs_data.cpio
  AS      arch/x86/lib/cmpxchg8b_emu.o
  COPY    usr/initramfs_inc_data
  AS      usr/initramfs_data.o
  CC      arch/x86/lib/cpu.o
  AR      usr/built-in.a
  CC      lib/bug.o
  HOSTCC  certs/extract-cert
  CC      arch/x86/lib/delay.o
  AS      arch/x86/realmode/rm/header.o
  CERT    certs/x509_certificate_list
  CERT    certs/signing_key.x509
  AS      arch/x86/realmode/rm/trampoline_32.o
  AS      certs/system_certificates.o
  CC      lib/buildid.o
  AR      certs/built-in.a
  AS      arch/x86/realmode/rm/stack.o
  CC      ipc/msgutil.o
  CC      security/keys/key.o
  AS      arch/x86/realmode/rm/reboot.o
  AS      arch/x86/lib/getuser.o
  CC      crypto/cipher.o
  AS      arch/x86/realmode/rm/wakeup_asm.o
  CC      arch/x86/lib/inat.o
  CC      arch/x86/realmode/rm/wakemain.o
  CC      lib/clz_tab.o
  CC      fs/read_write.o
  CC      arch/x86/realmode/rm/video-mode.o
  CC      arch/x86/lib/insn-eval.o
  CC      block/fops.o
  AS      arch/x86/realmode/rm/copy.o
  UPD     init/utsversion-tmp.h
  CC      init/do_mounts.o
  AS      arch/x86/realmode/rm/bioscall.o
  AS      arch/x86/kernel/head_32.o
  CC      arch/x86/realmode/rm/regs.o
  CC      arch/x86/entry/common.o
  CC      arch/x86/kernel/head32.o
  CC      arch/x86/realmode/rm/video-vga.o
  CC      arch/x86/events/probe.o
  CC      lib/cmdline.o
  CC      arch/x86/realmode/rm/video-vesa.o
  CC      crypto/algapi.o
  CC      ipc/msg.o
  CC      arch/x86/realmode/rm/video-bios.o
  CC      lib/cpumask.o
  CC      block/bio.o
  PASYMS  arch/x86/realmode/rm/pasyms.h
  CC      security/keys/keyring.o
  LDS     arch/x86/realmode/rm/realmode.lds
  LD      arch/x86/realmode/rm/realmode.elf
  RELOCS  arch/x86/realmode/rm/realmode.relocs
  OBJCOPY arch/x86/realmode/rm/realmode.bin
  AS      arch/x86/realmode/rmpiggy.o
  CC      arch/x86/events/utils.o
  AR      arch/x86/realmode/built-in.a
  CC      kernel/exec_domain.o
  CC      arch/x86/lib/insn.o
  CC      mm/mempool.o
  CC      arch/x86/kernel/ebda.o
  CC      io_uring/opdef.o
  CC      arch/x86/entry/vdso/vma.o
  CC      block/elevator.o
  CC      arch/x86/lib/kaslr.o
  CC      lib/ctype.o
  CC      lib/dec_and_lock.o
  CC      init/do_mounts_initrd.o
  CC      fs/file_table.o
  CC      arch/x86/lib/memcpy_32.o
  CC      lib/decompress.o
  CC      crypto/scatterwalk.o
  AS      arch/x86/lib/memmove_32.o
  CC      arch/x86/kernel/platform-quirks.o
  CC      lib/decompress_bunzip2.o
  CC      ipc/sem.o
  CC      arch/x86/lib/misc.o
  CC      arch/x86/kernel/process_32.o
  CC      arch/x86/events/rapl.o
  CC      mm/oom_kill.o
  CC      arch/x86/lib/pc-conf-reg.o
  CC      kernel/panic.o
  CC      security/keys/keyctl.o
  CC      arch/x86/entry/vdso/extable.o
  CC      io_uring/kbuf.o
  AS      arch/x86/lib/putuser.o
  CC      security/keys/permission.o
  AS      arch/x86/lib/retpoline.o
  CC      arch/x86/lib/string_32.o
  CC      security/keys/process_keys.o
  CC      block/blk-core.o
  CC      arch/x86/lib/strstr_32.o
  CC      lib/decompress_inflate.o
  CC      arch/x86/lib/usercopy.o
  CC      init/initramfs.o
  CC      crypto/proc.o
  CC      fs/super.o
  CC      arch/x86/kernel/signal.o
  CC      kernel/cpu.o
  CC      arch/x86/events/amd/core.o
  CC      arch/x86/lib/usercopy_32.o
  CC      arch/x86/events/amd/lbr.o
  CC      arch/x86/entry/vdso/vdso32-setup.o
  CC      mm/fadvise.o
  CC      lib/decompress_unlz4.o
  CC      io_uring/rsrc.o
  CC      arch/x86/kernel/signal_32.o
  CC      crypto/aead.o
  CC      ipc/shm.o
  CC      security/keys/request_key.o
  CC      arch/x86/lib/msr-smp.o
  LDS     arch/x86/entry/vdso/vdso32/vdso32.lds
  AS      arch/x86/entry/vdso/vdso32/note.o
  CC      init/calibrate.o
  CC      arch/x86/entry/vdso/vdso32/vclock_gettime.o
  CC      lib/decompress_unlzma.o
  CC      block/blk-sysfs.o
  CC      init/init_task.o
  CC      arch/x86/lib/cache-smp.o
  CC      ipc/syscall.o
  CC      mm/maccess.o
  CC      fs/char_dev.o
  CC      arch/x86/lib/msr.o
  CC      mm/page-writeback.o
  CC      arch/x86/kernel/traps.o
  CC      arch/x86/events/amd/ibs.o
  CC      crypto/geniv.o
  CC      arch/x86/entry/vdso/vdso32/vgetcpu.o
  CC      security/keys/request_key_auth.o
  AS      arch/x86/entry/vdso/vdso32/system_call.o
  CC      kernel/exit.o
  CC      lib/decompress_unxz.o
  AS      arch/x86/entry/vdso/vdso32/sigreturn.o
  AS      arch/x86/lib/msr-reg.o
  VDSO    arch/x86/entry/vdso/vdso32/vdso32.so.dbg
  CC      init/version.o
  OBJCOPY arch/x86/entry/vdso/vdso32/vdso32.so
  VDSO2C  arch/x86/entry/vdso/vdso32/vdso32-image.c
  CC      arch/x86/entry/vdso/vdso32/vdso32-image.o
  CC      io_uring/notif.o
  CC      arch/x86/lib/msr-reg-export.o
  CC      fs/stat.o
  CC      ipc/ipc_sysctl.o
  CC      block/blk-flush.o
  CC      security/keys/user_defined.o
  CC      drivers/leds/led-core.o
  AS      arch/x86/lib/hweight.o
  AR      arch/x86/entry/vdso/vdso32/built-in.a
  AR      arch/x86/entry/vdso/built-in.a
  AS      arch/x86/entry/thunk.o
  CC      arch/x86/lib/iomem.o
  CC      arch/x86/lib/atomic64_32.o
  AR      arch/x86/entry/built-in.a
  CC      lib/decompress_unzstd.o
  AR      init/built-in.a
  CC      lib/dump_stack.o
  CC      arch/x86/mm/init.o
  CC      arch/x86/events/msr.o
  CC      crypto/lskcipher.o
  CC      ipc/mqueue.o
  CC      arch/x86/kernel/idt.o
  AR      arch/x86/lib/lib.a
  AR      arch/x86/lib/built-in.a
  CC      arch/x86/kernel/irq.o
  CC      drivers/leds/led-class.o
  CC      security/keys/proc.o
  AR      arch/x86/events/amd/built-in.a
  CC      drivers/leds/led-triggers.o
  CC      block/blk-settings.o
  CC      mm/folio-compat.o
  CC      arch/x86/kernel/irq_32.o
  CC      io_uring/tctx.o
  CC      fs/exec.o
  CC      lib/earlycpio.o
  CC      kernel/softirq.o
  CC      lib/extable.o
  CC      mm/readahead.o
  CC      arch/x86/events/intel/core.o
  CC      arch/x86/mm/init_32.o
  CC      crypto/skcipher.o
  CC      security/keys/sysctl.o
  CC      lib/flex_proportions.o
  CC      fs/pipe.o
  CC      lib/idr.o
  AR      drivers/leds/built-in.a
  CC      arch/x86/kernel/dumpstack_32.o
  CC      security/commoncap.o
  CC      io_uring/filetable.o
  CC      drivers/pci/access.o
  CC      block/blk-ioc.o
  CC      mm/swap.o
  CC      ipc/namespace.o
  CC      kernel/resource.o
  CC      security/keys/keyctl_pkey.o
  CC      lib/iomem_copy.o
  CC      arch/x86/mm/fault.o
  CC      io_uring/rw.o
  CC      lib/irq_regs.o
  CC      arch/x86/kernel/time.o
  CC      drivers/pci/bus.o
  CC      crypto/seqiv.o
  CC      lib/is_single_threaded.o
  CC      ipc/mq_sysctl.o
  CC      arch/x86/platform/efi/memmap.o
  CC      block/blk-map.o
  CC      arch/x86/platform/efi/quirks.o
  AR      security/keys/built-in.a
  CC      fs/namei.o
  CC      drivers/pci/probe.o
  CC      security/min_addr.o
  CC      arch/x86/kernel/ioport.o
  CC      mm/truncate.o
  CC      lib/klist.o
  AR      ipc/built-in.a
  CC      lib/kobject.o
  CC      kernel/sysctl.o
  CC      crypto/echainiv.o
  CC      kernel/capability.o
  CC      block/blk-merge.o
  CC      arch/x86/mm/ioremap.o
  CC      io_uring/poll.o
  CC      io_uring/tw.o
  CC      block/blk-timeout.o
  CC      arch/x86/platform/efi/efi.o
  AR      security/built-in.a
  CC      block/blk-lib.o
  CC      lib/kobject_uevent.o
  CC      arch/x86/kernel/dumpstack.o
  CC      crypto/ahash.o
  CC      mm/vmscan.o
  CC      kernel/ptrace.o
  CC      block/blk-mq.o
  CC      arch/x86/mm/extable.o
  CC      fs/fcntl.o
  CC      drivers/pci/host-bridge.o
  CC      drivers/pci/remove.o
  CC      arch/x86/platform/intel/iosf_mbi.o
  CC      arch/x86/platform/efi/efi_32.o
  CC      arch/x86/events/zhaoxin/core.o
  CC      arch/x86/kernel/nmi.o
  CC      arch/x86/events/intel/bts.o
  CC      lib/logic_pio.o
  CC      io_uring/wait.o
  AS      arch/x86/platform/efi/efi_stub_32.o
  CC      crypto/shash.o
  CC      drivers/pci/pci.o
  AR      arch/x86/platform/intel/built-in.a
  CC      arch/x86/kernel/ldt.o
  CC      crypto/akcipher.o
  CC      arch/x86/mm/mmap.o
  CC      arch/x86/mm/pgtable.o
  CC      kernel/user.o
  AR      arch/x86/platform/efi/built-in.a
  AR      arch/x86/platform/built-in.a
  CC      lib/maple_tree.o
  CC      fs/ioctl.o
  AR      arch/x86/events/zhaoxin/built-in.a
  CC      net/devres.o
  CC      arch/x86/events/intel/ds.o
  CC      mm/shrinker.o
  CC      mm/shmem.o
  CC      io_uring/eventfd.o
  CC      io_uring/uring_cmd.o
  CC      kernel/signal.o
  CC      arch/x86/mm/physaddr.o
  CC      lib/memcat_p.o
  CC      drivers/pci/pci-driver.o
  CC      crypto/sig.o
  CC      arch/x86/kernel/setup.o
  ASN.1   crypto/rsapubkey.asn1.[ch]
  CC      net/socket.o
  CC      arch/x86/kernel/x86_init.o
  CC      fs/readdir.o
  CC      arch/x86/pci/i386.o
  CC      arch/x86/power/cpu.o
  CC      block/blk-mq-tag.o
  CC      arch/x86/mm/tlb.o
  CC      io_uring/openclose.o
  ASN.1   crypto/rsaprivkey.asn1.[ch]
  CC      crypto/rsa.o
  CC      arch/x86/pci/init.o
  CC      arch/x86/kernel/i8259.o
  CC      net/ethernet/eth.o
  CC      drivers/pci/search.o
  CC      fs/select.o
  CC      net/core/sock.o
  AR      arch/x86/power/built-in.a
  CC      arch/x86/events/intel/knc.o
  CC      arch/x86/kernel/irqinit.o
  CC      block/blk-mq-dma.o
  CC      arch/x86/mm/cpu_entry_area.o
  CC      io_uring/sqpoll.o
  CC      crypto/rsa_helper.o
  CC      mm/util.o
  CC      kernel/sys.o
  CC      drivers/video/screen_info_generic.o
  CC      arch/x86/pci/pcbios.o
  CC      drivers/video/screen_info_pci.o
  CC      crypto/rsa-pkcs1pad.o
  CC      drivers/pci/rebar.o
  CC      block/blk-stat.o
  CC      arch/x86/mm/maccess.o
  CC      arch/x86/events/intel/lbr.o
  CC      arch/x86/kernel/irq_work.o
  AR      net/ethernet/built-in.a
  CC      drivers/video/console/dummycon.o
  CC      lib/nmi_backtrace.o
  CC      arch/x86/pci/mmconfig_32.o
  CC      drivers/video/backlight/backlight.o
  CC      arch/x86/mm/pgprot.o
  CC      crypto/rsassa-pkcs1.o
  CC      fs/dcache.o
  CC      mm/mmzone.o
  CC      arch/x86/pci/direct.o
  CC      drivers/pci/rom.o
  CC      block/blk-mq-sysfs.o
  CC      io_uring/xattr.o
  CC      drivers/video/console/vgacon.o
  CC      lib/objpool.o
  CC      drivers/pci/setup-res.o
  AR      drivers/video/backlight/built-in.a
  CC      arch/x86/mm/pat/set_memory.o
  CC      arch/x86/mm/pat/memtype.o
  CC      arch/x86/kernel/probe_roms.o
  CC      kernel/umh.o
  CC      arch/x86/events/intel/p4.o
  CC      mm/vmstat.o
  CC      crypto/algboss.o
  CC      arch/x86/pci/mmconfig-shared.o
  CC      arch/x86/mm/pat/memtype_interval.o
  CC      lib/plist.o
  CC      lib/radix-tree.o
  CC      io_uring/nop.o
  CC      block/blk-mq-cpumap.o
  CC      net/core/skbuff.o
  CC      arch/x86/kernel/sys_ia32.o
  AR      drivers/video/console/built-in.a
  CC      arch/x86/kernel/ksysfs.o
  CC      drivers/pci/irq.o
  AR      drivers/video/built-in.a
  CC      lib/ratelimit.o
  CC      net/core/datagram.o
  CC      kernel/workqueue.o
  CC      fs/inode.o
  CC      arch/x86/events/intel/p6.o
  CC      crypto/testmgr.o
  CC      arch/x86/pci/fixup.o
  CC      io_uring/fs.o
  AR      arch/x86/mm/pat/built-in.a
  CC      arch/x86/mm/pgtable_32.o
  CC      arch/x86/events/intel/pt.o
  CC      mm/backing-dev.o
  CC      block/blk-mq-sched.o
  CC      lib/rbtree.o
  CC      arch/x86/events/intel/uncore.o
  CC      drivers/pci/vpd.o
  CC      arch/x86/kernel/bootflag.o
  CC      crypto/hmac.o
  CC      lib/seq_buf.o
  CC      net/core/stream.o
  CC      io_uring/splice.o
  CC      arch/x86/mm/iomap_32.o
  CC      arch/x86/pci/acpi.o
  CC      mm/mm_init.o
  CC      arch/x86/kernel/e820.o
  CC      block/ioctl.o
  CC      drivers/pci/setup-bus.o
  CC      arch/x86/mm/hugetlbpage.o
  CC      lib/siphash.o
  CC      fs/attr.o
  CC      crypto/sha256.o
  CC      drivers/pnp/core.o
  CC      io_uring/sync.o
  CC      drivers/acpi/tables.o
  CC      lib/string.o
  CC      arch/x86/events/intel/uncore_nhmex.o
  CC      arch/x86/pci/legacy.o
  CC      drivers/acpi/osi.o
  CC      lib/sys_info.o
  CC      arch/x86/kernel/pci-dma.o
  AR      arch/x86/mm/built-in.a
  CC      crypto/ecb.o
  CC      drivers/pnp/card.o
  CC      kernel/pid.o
  CC      block/genhd.o
  CC      mm/percpu.o
  CC      drivers/pci/vc.o
  CC      fs/bad_inode.o
  CC      drivers/pci/mmap.o
  CC      io_uring/msg_ring.o
  CC      arch/x86/pci/irq.o
  CC      lib/timerqueue.o
  CC      crypto/cbc.o
  CC      drivers/acpi/osl.o
  CC      arch/x86/virt/svm/cmdline.o
  CC      arch/x86/events/intel/uncore_snb.o
  CC      arch/x86/kernel/quirks.o
  CC      drivers/pnp/driver.o
  AR      arch/x86/virt/svm/built-in.a
  CC      lib/vsprintf.o
  AR      arch/x86/virt/built-in.a
  CC      fs/file.o
  CC      drivers/dma/dmaengine.o
  CC      net/core/scm.o
  CC      crypto/ctr.o
  CC      drivers/dma/virt-dma.o
  CC      drivers/pci/devres.o
  CC      block/ioprio.o
  CC      io_uring/advise.o
  CC      kernel/task_work.o
  CC      drivers/pnp/resource.o
  CC      arch/x86/kernel/kdebugfs.o
  CC      crypto/gcm.o
  CC      arch/x86/pci/common.o
  CC      mm/slab_common.o
  CC      arch/x86/events/intel/uncore_snbep.o
  CC      drivers/pci/msi/pcidev_msi.o
  CC      drivers/acpi/utils.o
  CC      drivers/dma/acpi-dma.o
  CC      io_uring/statx.o
  CC      drivers/acpi/reboot.o
  CC      kernel/extable.o
  CC      arch/x86/kernel/alternative.o
  CC      block/badblocks.o
  CC      net/core/gen_stats.o
  CC      fs/filesystems.o
  CC      arch/x86/pci/early.o
  CC      crypto/ccm.o
  CC      drivers/pnp/manager.o
  CC      drivers/pci/msi/api.o
  CC      arch/x86/events/intel/uncore_discovery.o
  CC      drivers/dma/hsu/hsu.o
  CC      mm/compaction.o
  CC      drivers/acpi/nvs.o
  CC      io_uring/timeout.o
  CC      block/partitions/core.o
  CC      lib/win_minmax.o
  CC      kernel/params.o
  CC      arch/x86/pci/bus_numa.o
  CC      drivers/pnp/support.o
  CC      fs/namespace.o
  CC      crypto/aes.o
  CC      drivers/pci/msi/msi.o
  CC      net/core/gen_estimator.o
  CC      arch/x86/kernel/i8253.o
  CC      lib/xarray.o
  CC      drivers/acpi/wakeup.o
  AR      drivers/dma/hsu/built-in.a
  CC      block/partitions/msdos.o
  CC      arch/x86/events/intel/cstate.o
  AR      drivers/dma/built-in.a
  CC      lib/lockref.o
  CC      io_uring/cancel.o
  CC      arch/x86/pci/amd_bus.o
  CC      drivers/pnp/interface.o
  CC      crypto/authenc.o
  CC      arch/x86/kernel/hw_breakpoint.o
  CC      net/sched/sch_generic.o
  CC      net/sched/sch_mq.o
  CC      drivers/acpi/sleep.o
  CC      kernel/kthread.o
  CC      net/core/net_namespace.o
  CC      drivers/pci/msi/irqdomain.o
  CC      mm/show_mem.o
  CC      drivers/pnp/quirks.o
  CC      lib/bcd.o
  CC      block/partitions/efi.o
  AR      arch/x86/pci/built-in.a
  CC      arch/x86/kernel/tsc.o
  CC      lib/sort.o
  AR      arch/x86/events/intel/built-in.a
  AR      arch/x86/events/built-in.a
  CC      drivers/acpi/device_sysfs.o
  CC      io_uring/waitid.o
  CC      crypto/authencesn.o
  CC      lib/parser.o
  CC      block/blk-rq-qos.o
  CC      lib/debug_locks.o
  CC      net/sched/sch_frag.o
  CC      kernel/sys_ni.o
  AR      drivers/pci/msi/built-in.a
  CC      drivers/pci/pcie/aspm.o
  CC      drivers/pnp/system.o
  CC      mm/interval_tree.o
  CC      lib/random32.o
  CC      kernel/nsproxy.o
  CC      drivers/acpi/device_pm.o
  CC      net/netlink/af_netlink.o
  AR      block/partitions/built-in.a
  CC      block/disk-events.o
  CC      io_uring/register.o
  CC      mm/list_lru.o
  CC      arch/x86/kernel/tsc_msr.o
  CC      net/core/secure_seq.o
  CC      lib/bust_spinlocks.o
  CC      lib/kasprintf.o
  CC      drivers/pnp/pnpacpi/core.o
  CC      fs/seq_file.o
  CC      crypto/asymmetric_keys/asymmetric_type.o
  CC      arch/x86/kernel/io_delay.o
  CC      mm/workingset.o
  CC      block/blk-ia-ranges.o
  CC      drivers/virtio/virtio.o
  AR      net/sched/built-in.a
  CC      block/early-lookup.o
  AR      drivers/pci/pcie/built-in.a
  CC      kernel/nstree.o
  CC      block/mq-deadline.o
  CC      drivers/acpi/proc.o
  CC      drivers/pci/proc.o
  CC      lib/bitmap.o
  CC      drivers/pnp/pnpacpi/rsparser.o
  CC      arch/x86/kernel/rtc.o
  CC      crypto/asymmetric_keys/restrict.o
  CC      fs/xattr.o
  CC      net/core/flow_dissector.o
  CC      io_uring/truncate.o
  CC      kernel/nscommon.o
  CC      mm/debug.o
  CC      drivers/virtio/virtio_ring.o
  CC      crypto/asymmetric_keys/signature.o
  CC      lib/scatterlist.o
  CC      drivers/acpi/bus.o
  CC      drivers/tty/tty_io.o
  CC      arch/x86/kernel/resource.o
  CC      net/netlink/genetlink.o
  CC      drivers/pci/pci-sysfs.o
  CC      fs/libfs.o
  CC      block/kyber-iosched.o
  AR      drivers/pnp/pnpacpi/built-in.a
  AR      drivers/pnp/built-in.a
  AS      arch/x86/kernel/irqflags.o
  CC      arch/x86/kernel/static_call.o
  CC      drivers/tty/n_tty.o
  CC      kernel/notifier.o
  CC      crypto/asymmetric_keys/public_key.o
  CC      io_uring/memmap.o
  CC      mm/gup.o
  CC      arch/x86/kernel/process.o
  CC      lib/list_sort.o
  CC      drivers/acpi/glue.o
  CC      lib/uuid.o
  CC      lib/iov_iter.o
  ASN.1   crypto/asymmetric_keys/x509.asn1.[ch]
  ASN.1   crypto/asymmetric_keys/x509_akid.asn1.[ch]
  CC      crypto/asymmetric_keys/x509_loader.o
  CC      arch/x86/kernel/fpu/init.o
  CC      block/blk-pm.o
  CC      kernel/ksysfs.o
  CC      drivers/pci/slot.o
  CC      fs/fs-writeback.o
  CC      crypto/asymmetric_keys/x509_public_key.o
  CC      io_uring/alloc_cache.o
  CC      arch/x86/kernel/fpu/bugs.o
  CC      net/netlink/policy.o
  CC      drivers/tty/tty_ioctl.o
  CC      net/core/sysctl_net_core.o
  CC      net/ethtool/ioctl.o
  CC      arch/x86/kernel/fpu/core.o
  CC      drivers/virtio/virtio_anchor.o
  CC      drivers/acpi/scan.o
  CC      kernel/cred.o
  CC      block/holder.o
  CC      drivers/pci/pci-acpi.o
  CC      drivers/acpi/mipi-disco-img.o
  ASN.1   crypto/asymmetric_keys/pkcs7.asn1.[ch]
  CC      crypto/asymmetric_keys/pkcs7_trust.o
  CC      io_uring/query.o
  CC      drivers/tty/tty_ldisc.o
  CC      mm/mmap_lock.o
  AR      net/netlink/built-in.a
  CC      kernel/reboot.o
  CC      drivers/virtio/virtio_pci_modern_dev.o
  CC      fs/pnode.o
  CC      crypto/asymmetric_keys/pkcs7_verify.o
  CC      arch/x86/kernel/fpu/regset.o
  AR      block/built-in.a
  CC      drivers/char/mem.o
  CC      net/core/dev.o
  CC      lib/clz_ctz.o
  CC      drivers/char/random.o
  CC      drivers/iommu/iommu.o
  CC      lib/bsearch.o
  CC      io_uring/loop.o
  CC      drivers/acpi/resource.o
  CC      drivers/pci/iomap.o
  CC      mm/vma_init.o
  CC      drivers/tty/tty_buffer.o
  CC      crypto/asymmetric_keys/x509.asn1.o
  CC      crypto/asymmetric_keys/x509_akid.asn1.o
  CC      fs/splice.o
  CC      drivers/virtio/virtio_pci_legacy_dev.o
  CC      crypto/asymmetric_keys/x509_cert_parser.o
  CC      arch/x86/kernel/fpu/signal.o
  CC      kernel/async.o
  CC      lib/find_bit.o
  CC      net/core/dev_api.o
  CC      io_uring/io-wq.o
  CC      drivers/acpi/acpi_processor.o
  CC      drivers/pci/quirks.o
  CC      crypto/asymmetric_keys/pkcs7.asn1.o
  CC      kernel/range.o
  CC      drivers/tty/tty_port.o
  CC      crypto/asymmetric_keys/pkcs7_parser.o
  CC      lib/llist.o
  CC      net/ethtool/common.o
  CC      drivers/virtio/virtio_pci_modern.o
  CC      mm/highmem.o
  CC      kernel/smpboot.o
  CC      lib/lwq.o
  CC      drivers/char/misc.o
  CC      arch/x86/kernel/fpu/xstate.o
  CC      lib/memweight.o
  CC      drivers/iommu/iommu-pages.o
  CC      lib/kfifo.o
  AR      crypto/asymmetric_keys/built-in.a
  CC      crypto/rsapubkey.asn1.o
  CC      crypto/rsaprivkey.asn1.o
  AR      crypto/built-in.a
  CC      kernel/ucount.o
  CC      fs/sync.o
  CC      drivers/tty/tty_mutex.o
  CC      arch/x86/kernel/ptrace.o
  CC      drivers/acpi/processor_core.o
  CC      mm/memory.o
  CC      drivers/char/virtio_console.o
  CC      drivers/virtio/virtio_pci_common.o
  CC      io_uring/futex.o
  CC      drivers/iommu/iommu-traces.o
  CC      kernel/regset.o
  AR      arch/x86/kernel/fpu/built-in.a
  AR      net/ethtool/built-in.a
  CC      drivers/acpi/processor_pdc.o
  CC      kernel/ksyms_common.o
  CC      net/netfilter/core.o
  CC      lib/percpu-refcount.o
  CC      drivers/tty/tty_ldsem.o
  CC      drivers/iommu/iommu-sysfs.o
  CC      drivers/pci/hotplug/pci_hotplug_core.o
  CC      net/netfilter/nf_log.o
  CC      fs/utimes.o
  CC      drivers/acpi/dock.o
  CC      arch/x86/kernel/tls.o
  CC      io_uring/epoll.o
  CC      fs/d_path.o
  CC      drivers/virtio/virtio_pci_legacy.o
  CC      lib/rhashtable.o
  CC      kernel/groups.o
  CC      drivers/tty/tty_baudrate.o
  CC      drivers/iommu/dma-iommu.o
  CC      drivers/char/hw_random/core.o
  CC      drivers/acpi/pci_root.o
  CC      drivers/pci/hotplug/acpi_pcihp.o
  CC      io_uring/napi.o
  CC      drivers/acpi/pci_link.o
  CC      drivers/virtio/virtio_pci_admin_legacy_io.o
  CC      drivers/tty/tty_jobctrl.o
  CC      arch/x86/kernel/step.o
  CC      fs/stack.o
  CC      net/netfilter/nf_queue.o
  CC      kernel/sched/core.o
  CC      kernel/sched/fair.o
  CC      drivers/char/hw_random/intel-rng.o
  CC      lib/base64.o
  CC      lib/once.o
  AR      drivers/pci/hotplug/built-in.a
  CC      drivers/pci/pci-label.o
  CC      fs/fs_struct.o
  CC      arch/x86/kernel/i8237.o
  CC      drivers/iommu/iova.o
  CC      drivers/virtio/virtio_input.o
  CC      drivers/tty/n_null.o
  CC      drivers/acpi/pci_irq.o
  CC      kernel/sched/build_policy.o
  CC      mm/mincore.o
  CC      lib/refcount.o
  CC      drivers/char/hw_random/amd-rng.o
  CC      arch/x86/kernel/stacktrace.o
  CC      net/core/dev_addr_lists.o
  CC      io_uring/net.o
  CC      lib/rcuref.o
  CC      drivers/tty/pty.o
  CC      net/netfilter/nf_sockopt.o
  CC      drivers/pci/vgaarb.o
  CC      fs/statfs.o
  AR      drivers/virtio/built-in.a
  AR      drivers/iommu/built-in.a
  CC      mm/mlock.o
  CC      lib/usercopy.o
  CC      drivers/connector/cn_queue.o
  CC      drivers/acpi/acpi_apd.o
  CC      drivers/char/hw_random/geode-rng.o
  CC      drivers/acpi/acpi_platform.o
  CC      arch/x86/kernel/cpu/cacheinfo.o
  CC      lib/errseq.o
  CC      lib/bucket_locks.o
  CC      net/core/dst.o
  CC      drivers/tty/tty_audit.o
  CC      fs/fs_pin.o
  CC      net/netfilter/utils.o
  CC      drivers/pci/setup-cardbus.o
  CC      drivers/char/hw_random/via-rng.o
  CC      drivers/char/agp/backend.o
  CC      drivers/connector/connector.o
  CC      io_uring/cmd_net.o
  CC      drivers/acpi/acpi_pnp.o
  CC      mm/mmap.o
  CC      arch/x86/kernel/cpu/scattered.o
  CC      drivers/acpi/power.o
  CC      lib/generic-radix-tree.o
  CC      fs/nsfs.o
  AR      drivers/char/hw_random/built-in.a
  CC      drivers/tty/sysrq.o
  CC      kernel/locking/mutex.o
  CC      arch/x86/kernel/cpu/topology_common.o
  CC      lib/bitmap-str.o
  AR      drivers/pci/built-in.a
  CC      drivers/connector/cn_proc.o
  CC      drivers/char/agp/generic.o
  CC      io_uring/fdinfo.o
  CC      net/core/netevent.o
  CC      net/ipv4/route.o
  CC      drivers/acpi/event.o
  CC      arch/x86/kernel/cpu/topology_ext.o
  CC      net/netfilter/nfnetlink.o
  CC      arch/x86/kernel/cpu/topology_amd.o
  CC      net/netfilter/nfnetlink_log.o
  CC      fs/fs_dirent.o
  CC      lib/string_helpers.o
  CC      drivers/tty/vt/vt_ioctl.o
  CC      kernel/locking/semaphore.o
  CC      mm/mmu_gather.o
  CC      kernel/sched/build_utility.o
  CC      io_uring/bpf_filter.o
  CC      drivers/tty/vt/vc_screen.o
  CC      fs/fs_context.o
  CC      arch/x86/kernel/cpu/common.o
  CC      drivers/char/agp/isoch.o
  CC      net/core/neighbour.o
  AR      drivers/connector/built-in.a
  CC      drivers/acpi/evged.o
  CC      kernel/locking/rwsem.o
  CC      kernel/locking/percpu-rwsem.o
  CC      lib/hexdump.o
  CC      drivers/tty/vt/selection.o
  CC      mm/mprotect.o
  CC      lib/kstrtox.o
  CC      arch/x86/kernel/acpi/boot.o
  CC      net/netfilter/nf_conntrack_core.o
  CC      fs/fs_parser.o
  CC      drivers/char/agp/amd64-agp.o
  CC      drivers/acpi/sysfs.o
  CC      net/xfrm/xfrm_policy.o
  CC      arch/x86/kernel/acpi/sleep.o
  AR      io_uring/built-in.a
  CC      net/xfrm/xfrm_state.o
  CC      kernel/locking/spinlock.o
  CC      lib/math/div64.o
  CC      drivers/tty/vt/keyboard.o
  CC      lib/math/gcd.o
  CC      kernel/locking/osq_lock.o
  CC      arch/x86/kernel/cpu/rdrand.o
  CC      net/ipv4/inetpeer.o
  CC      drivers/acpi/property.o
  CC      lib/math/lcm.o
  CC      arch/x86/kernel/cpu/match.o
  CC      lib/math/int_log.o
  AR      drivers/char/agp/built-in.a
  CC      lib/math/int_pow.o
  CC      fs/fsopen.o
  AR      drivers/char/built-in.a
  CC      kernel/locking/qspinlock.o
  CC      net/core/rtnetlink.o
  CC      fs/init.o
  AS      arch/x86/kernel/acpi/wakeup_32.o
  CC      lib/math/int_sqrt.o
  CC      arch/x86/kernel/acpi/cstate.o
  CC      mm/mremap.o
  CC      lib/math/reciprocal_div.o
  CC      arch/x86/kernel/cpu/bugs.o
  CC      lib/math/rational.o
  CC      kernel/locking/rtmutex_api.o
  CC      lib/crc/crc16.o
  CC      drivers/acpi/debugfs.o
  AR      arch/x86/kernel/acpi/built-in.a
  CC      fs/kernel_read_file.o
  AR      lib/math/built-in.a
  CC      net/ipv4/protocol.o
  CC      drivers/tty/vt/vt.o
  CC      kernel/power/qos.o
  CC      arch/x86/kernel/reboot.o
  CC      drivers/tty/hvc/hvc_console.o
  CC      net/netfilter/nf_conntrack_standalone.o
  HOSTCC  lib/crc/gen_crc32table
  AS      lib/crc/x86/crc32-pclmul.o
  AR      kernel/sched/built-in.a
  GEN     lib/crc/crc32table.h
  CC      lib/crc/crc32-main.o
  CC      drivers/acpi/acpi_lpat.o
  CC      kernel/power/main.o
  CC      mm/msync.o
  CC      kernel/locking/qrwlock.o
  CC      fs/mnt_idmapping.o
  AR      drivers/tty/hvc/built-in.a
  CC      net/xfrm/xfrm_hash.o
  CC      net/netfilter/nf_conntrack_expect.o
  AR      lib/crc/built-in.a
  CC      net/unix/af_unix.o
  CC      lib/crypto/hash_info.o
  CC      net/ipv4/ip_input.o
  AR      drivers/block/built-in.a
  CC      drivers/tty/vt/defkeymap.o
  CC      drivers/misc/eeprom/eeprom_93cx6.o
  CC      drivers/base/component.o
  AR      kernel/locking/built-in.a
  CC      lib/crypto/memneq.o
  CC      arch/x86/kernel/cpu/aperfmperf.o
  CC      lib/crypto/utils.o
  CC      drivers/acpi/acpica/dsargs.o
  CC      fs/remap_range.o
  CC      mm/page_vma_mapped.o
  CC      net/xfrm/xfrm_input.o
  AR      drivers/misc/eeprom/built-in.a
  AR      drivers/misc/built-in.a
  CC      drivers/acpi/acpica/dscontrol.o
  CC      kernel/power/console.o
  CC      net/unix/garbage.o
  CC      lib/crypto/aes.o
  AS      lib/crypto/x86/aes-aesni.o
  CC      arch/x86/kernel/cpu/cpuid-deps.o
  CC      drivers/base/core.o
  CC      lib/vdso/datastore.o
  CC      net/ipv6/af_inet6.o
  CC      drivers/tty/vt/consolemap.o
  CC      net/netfilter/nf_conntrack_helper.o
  CC      drivers/acpi/acpica/dsdebug.o
  CC      mm/pagewalk.o
  CC      arch/x86/kernel/cpu/cpuid_0x2_table.o
  CC      net/core/utils.o
  CC      lib/crypto/arc4.o
  CC      kernel/power/process.o
  AR      lib/vdso/built-in.a
  CC      net/ipv4/ip_fragment.o
  CC      fs/pidfs.o
  CC      lib/crypto/blake2s.o
  CC      drivers/acpi/acpica/dsfield.o
  CC      arch/x86/kernel/cpu/umwait.o
  CC      drivers/acpi/acpica/dsinit.o
  CC      arch/x86/kernel/msr.o
  HOSTCC  drivers/tty/vt/conmakehash
  CC      net/xfrm/xfrm_output.o
  CC      net/unix/sysctl_net_unix.o
  CC      drivers/tty/vt/ucs.o
  CC      mm/pgtable-generic.o
  CC      drivers/base/bus.o
  CC      net/netfilter/nf_conntrack_proto.o
  CONMK   drivers/tty/vt/consolemap_deftbl.c
  CC      drivers/tty/vt/consolemap_deftbl.o
  CC      lib/crypto/chacha-block-generic.o
  AR      drivers/tty/vt/built-in.a
  CC      drivers/acpi/acpica/dsmethod.o
  CC      drivers/tty/serial/serial_core.o
  CC      kernel/power/suspend.o
  CC      lib/crypto/gf128hash.o
  CC      net/ipv6/anycast.o
  CC      arch/x86/kernel/cpu/capflags.o
  CC      net/core/link_watch.o
  CC      arch/x86/kernel/cpu/powerflags.o
  CC      net/ipv4/ip_forward.o
  CC      arch/x86/kernel/cpu/topology.o
  CC      fs/file_attr.o
  CC      lib/crypto/md5.o
  CC      drivers/acpi/acpica/dsmthdat.o
  CC      drivers/tty/serial/serial_base_bus.o
  CC      arch/x86/kernel/cpuid.o
  CC      drivers/base/dd.o
  AR      net/unix/built-in.a
  CC      mm/rmap.o
  CC      drivers/tty/serial/serial_ctrl.o
  CC      drivers/acpi/acpica/dsobject.o
  CC      kernel/power/poweroff.o
  CC      arch/x86/kernel/cpu/proc.o
  CC      net/xfrm/xfrm_sysctl.o
  CC      mm/vmalloc.o
  CC      net/core/filter.o
  CC      lib/crypto/sha1.o
  CC      lib/crypto/sha256.o
  AR      kernel/power/built-in.a
  CC      net/netfilter/nf_conntrack_proto_generic.o
  CC      fs/fserror.o
  CC      kernel/printk/printk.o
  CC      net/ipv6/ip6_output.o
  CC      net/core/sock_diag.o
  CC      drivers/acpi/acpica/dsopcode.o
  CC      drivers/base/syscore.o
  CC      net/ipv4/ip_options.o
  CC      arch/x86/kernel/cpu/feat_ctl.o
  CC      drivers/acpi/acpica/dspkginit.o
  CC      drivers/acpi/ac.o
  CC      drivers/tty/serial/serial_port.o
  CC      fs/nullfs.o
  CC      lib/crypto/mpi/generic_mpih-lshift.o
  CC      drivers/acpi/fan_core.o
  CC      net/xfrm/xfrm_replay.o
  CC      arch/x86/kernel/cpu/intel.o
  CC      net/netfilter/nf_conntrack_proto_tcp.o
  CC      drivers/base/driver.o
  CC      drivers/acpi/acpica/dsutils.o
  CC      net/netfilter/nf_conntrack_proto_udp.o
  CC      arch/x86/kernel/early-quirks.o
  CC      drivers/tty/serial/earlycon.o
  CC      lib/crypto/mpi/generic_mpih-mul1.o
  CC      fs/buffer.o
  CC      arch/x86/kernel/cpu/tsx.o
  CC      net/ipv4/ip_output.o
  CC      drivers/base/class.o
  CC      drivers/dma-buf/dma-buf.o
  CC      drivers/acpi/acpica/dswexec.o
  CC      kernel/printk/printk_safe.o
  CC      arch/x86/kernel/cpu/intel_epb.o
  CC      lib/crypto/mpi/generic_mpih-mul2.o
  CC      net/xfrm/xfrm_device.o
  CC      drivers/acpi/acpica/dswload.o
  CC      drivers/tty/serial/8250/8250_core.o
  CC      mm/vma.o
  CC      drivers/tty/serial/8250/8250_platform.o
  CC      net/ipv6/ip6_input.o
  CC      drivers/base/platform.o
  CC      arch/x86/kernel/cpu/amd.o
  CC      arch/x86/kernel/cpu/amd_cache_disable.o
  CC      net/netfilter/nf_conntrack_proto_icmp.o
  CC      kernel/printk/nbcon.o
  CC      drivers/acpi/acpica/dswload2.o
  CC      lib/crypto/mpi/generic_mpih-mul3.o
  CC      drivers/dma-buf/dma-fence.o
  CC      drivers/acpi/acpica/dswscope.o
  CC      net/xfrm/xfrm_nat_keepalive.o
  CC      drivers/tty/serial/8250/8250_pnp.o
  CC      drivers/tty/serial/8250/8250_port.o
  CC      drivers/tty/serial/8250/8250_dma.o
  CC      fs/mpage.o
  CC      lib/crypto/mpi/generic_mpih-rshift.o
  CC      kernel/printk/printk_ringbuffer.o
  CC      drivers/base/cpu.o
  CC      drivers/acpi/acpica/dswstate.o
  CC      arch/x86/kernel/cpu/hygon.o
  CC      drivers/dma-buf/dma-fence-array.o
  CC      net/ipv4/ip_sockglue.o
  CC      net/netfilter/nf_conntrack_extend.o
  CC      mm/vma_exec.o
  CC      drivers/acpi/acpica/evevent.o
  CC      net/ipv6/addrconf.o
  CC      lib/crypto/mpi/generic_mpih-sub1.o
  CC      net/xfrm/xfrm_algo.o
  CC      arch/x86/kernel/cpu/centaur.o
  CC      net/ipv4/inet_hashtables.o
  CC      drivers/dma-buf/dma-fence-chain.o
  CC      drivers/base/firmware.o
  CC      kernel/printk/sysctl.o
  CC      lib/crypto/mpi/generic_mpih-add1.o
  CC      fs/proc_namespace.o
  CC      drivers/acpi/acpica/evgpe.o
  CC      net/netfilter/nf_conntrack_acct.o
  CC      arch/x86/kernel/cpu/transmeta.o
  AR      kernel/printk/built-in.a
  CC      drivers/base/init.o
  CC      mm/process_vm_access.o
  CC      arch/x86/kernel/cpu/zhaoxin.o
  CC      drivers/dma-buf/dma-fence-unwrap.o
  CC      kernel/irq/irqdesc.o
  CC      drivers/tty/serial/8250/8250_pcilib.o
  CC      lib/crypto/mpi/mpicoder.o
  CC      drivers/acpi/acpica/evgpeblk.o
  CC      net/core/dev_ioctl.o
  CC      fs/direct-io.o
  CC      net/netfilter/nf_conntrack_seqadj.o
  CC      net/xfrm/xfrm_user.o
  CC      drivers/acpi/acpica/evgpeinit.o
  CC      drivers/base/map.o
  CC      arch/x86/kernel/cpu/vortex.o
  CC      drivers/dma-buf/dma-resv.o
  CC      drivers/tty/serial/8250/8250_early.o
  CC      kernel/irq/handle.o
  CC      kernel/rcu/update.o
  CC      mm/page_alloc.o
  CC      kernel/rcu/sync.o
  CC      lib/crypto/mpi/mpi-add.o
  CC      drivers/acpi/acpica/evgpeutil.o
  CC      net/ipv4/inet_timewait_sock.o
  CC      arch/x86/kernel/cpu/mce/core.o
  CC      drivers/base/devres.o
  CC      drivers/acpi/acpica/evglock.o
  CC      drivers/tty/serial/8250/8250_exar.o
  CC      fs/notify/fsnotify.o
  CC      kernel/irq/manage.o
  CC      fs/notify/notification.o
  CC      drivers/dma-buf/dma-buf-mapping.o
  CC      drivers/acpi/acpica/evhandler.o
  CC      lib/crypto/mpi/mpi-bit.o
  CC      net/core/tso.o
  CC      net/netfilter/nf_conntrack_proto_icmpv6.o
  CC      kernel/rcu/srcutree.o
  CC      drivers/base/attribute_container.o
  CC      drivers/acpi/acpica/evmisc.o
  CC      drivers/acpi/acpica/evregion.o
  CC      drivers/dma-buf/sync_file.o
  CC      drivers/tty/serial/8250/8250_mid.o
  CC      net/ipv4/inet_connection_sock.o
  CC      lib/crypto/mpi/mpi-cmp.o
  CC      fs/notify/group.o
  CC      drivers/base/transport_class.o
  CC      net/ipv6/addrlabel.o
  CC      kernel/irq/spurious.o
  AR      net/xfrm/built-in.a
  CC      arch/x86/kernel/cpu/mce/severity.o
  CC      kernel/irq/resend.o
  CC      drivers/acpi/acpica/evrgnini.o
  CC      net/sunrpc/clnt.o
  CC      net/core/sock_reuseport.o
  CC      drivers/base/topology.o
  CC      kernel/rcu/tree.o
  AR      drivers/dma-buf/built-in.a
  CC      lib/crypto/mpi/mpi-sub-ui.o
  AR      drivers/macintosh/built-in.a
  CC      arch/x86/kernel/smp.o
  CC      net/netfilter/nf_conntrack_netlink.o
  CC      drivers/tty/serial/8250/8250_pci.o
  CC      drivers/acpi/acpica/evsci.o
  CC      fs/notify/mark.o
  CC      fs/eventpoll.o
  CC      kernel/irq/chip.o
  CC      mm/page_frag_cache.o
  CC      arch/x86/kernel/cpu/mce/genpool.o
  CC      drivers/acpi/acpica/evxface.o
  CC      drivers/base/container.o
  CC      lib/crypto/mpi/mpi-div.o
  CC      net/ipv6/route.o
  CC      net/ipv4/tcp.o
  CC      mm/init-mm.o
  CC      drivers/base/property.o
  CC      fs/notify/fdinfo.o
  CC      drivers/acpi/acpica/evxfevnt.o
  CC      arch/x86/kernel/cpu/mce/intel.o
  CC      net/core/fib_notifier.o
  CC      kernel/irq/dummychip.o
  CC      drivers/acpi/acpica/evxfgpe.o
  CC      lib/crypto/mpi/mpi-mod.o
  CC      drivers/tty/serial/8250/8250_pericom.o
  CC      net/sunrpc/xprt.o
  CC      arch/x86/kernel/cpu/mtrr/mtrr.o
  CC      arch/x86/kernel/cpu/mce/amd.o
  CC      mm/memblock.o
  CC      drivers/acpi/acpica/evxfregn.o
  CC      net/netfilter/nf_conntrack_ftp.o
  CC      fs/notify/dnotify/dnotify.o
  CC      kernel/irq/devres.o
  CC      mm/slub.o
  CC      lib/crypto/mpi/mpi-mul.o
  CC      net/core/xdp.o
  AR      drivers/tty/serial/8250/built-in.a
  AR      drivers/tty/serial/built-in.a
  CC      drivers/acpi/acpica/exconcat.o
  AR      drivers/tty/built-in.a
  CC      drivers/base/cacheinfo.o
  CC      drivers/scsi/scsi.o
  CC      kernel/irq/kexec.o
  CC      arch/x86/kernel/cpu/mtrr/if.o
  CC      kernel/rcu/rcu_segcblist.o
  CC      lib/crypto/mpi/mpih-cmp.o
  CC      drivers/acpi/acpica/exconfig.o
  AR      fs/notify/dnotify/built-in.a
  CC      fs/notify/inotify/inotify_fsnotify.o
  CC      arch/x86/kernel/cpu/mce/threshold.o
  CC      fs/notify/inotify/inotify_user.o
  CC      net/sunrpc/socklib.o
  CC      drivers/base/swnode.o
  CC      kernel/irq/autoprobe.o
  AR      kernel/rcu/built-in.a
  CC      kernel/irq/irqdomain.o
  CC      arch/x86/kernel/cpu/mtrr/generic.o
  CC      net/netfilter/nf_conntrack_irc.o
  CC      drivers/acpi/acpica/exconvrt.o
  CC      lib/crypto/mpi/mpih-div.o
  CC      drivers/scsi/hosts.o
  CC      mm/madvise.o
  CC      net/core/flow_offload.o
  CC      net/sunrpc/xprtsock.o
  CC      drivers/acpi/acpica/excreate.o
  CC      net/ipv6/ip6_fib.o
  CC      drivers/base/faux.o
  AR      arch/x86/kernel/cpu/mce/built-in.a
  AR      fs/notify/inotify/built-in.a
  CC      arch/x86/kernel/cpu/mtrr/cleanup.o
  AR      fs/notify/built-in.a
  CC      fs/anon_inodes.o
  CC      kernel/irq/proc.o
  CC      net/netfilter/nf_conntrack_sip.o
  CC      drivers/base/auxiliary.o
  CC      lib/crypto/mpi/mpih-mul.o
  CC      drivers/scsi/scsi_ioctl.o
  CC      drivers/acpi/acpica/exdebug.o
  CC      drivers/acpi/fan_attr.o
  CC      net/ipv4/tcp_input.o
  CC      arch/x86/kernel/cpu/microcode/core.o
  CC      drivers/base/devtmpfs.o
  CC      drivers/acpi/acpica/exdump.o
  CC      net/core/gro.o
  CC      arch/x86/kernel/cpu/mtrr/amd.o
  CC      kernel/irq/migration.o
  CC      lib/iomap.o
  CC      fs/signalfd.o
  CC      net/ipv4/tcp_output.o
  CC      lib/crypto/mpi/mpi-pow.o
  CC      mm/page_io.o
  CC      drivers/scsi/scsicam.o
  CC      arch/x86/kernel/cpu/microcode/intel.o
  CC      drivers/acpi/acpica/exfield.o
  CC      arch/x86/kernel/cpu/mtrr/cyrix.o
  CC      kernel/irq/cpuhotplug.o
  CC      net/ipv6/ipv6_sockglue.o
  CC      drivers/base/power/sysfs.o
  CC      net/sunrpc/sched.o
  CC      drivers/base/firmware_loader/main.o
  CC      lib/crypto/mpi/mpiutil.o
  CC      fs/timerfd.o
  CC      drivers/acpi/acpica/exfldio.o
  CC      net/netfilter/nf_nat_core.o
  CC      drivers/scsi/scsi_error.o
  CC      arch/x86/kernel/cpu/mtrr/centaur.o
  CC      kernel/irq/pm.o
  CC      arch/x86/kernel/cpu/microcode/amd.o
  CC      mm/swap_state.o
  CC      drivers/base/power/generic_ops.o
  CC      net/core/netdev-genl.o
  AR      lib/crypto/mpi/built-in.a
  AR      lib/crypto/built-in.a
  CC      drivers/acpi/acpica/exmisc.o
  CC      lib/iomap_copy.o
  CC      lib/devres.o
  CC      arch/x86/kernel/cpu/mtrr/legacy.o
  CC      drivers/base/power/common.o
  CC      drivers/base/firmware_loader/builtin/main.o
  CC      fs/eventfd.o
  CC      drivers/acpi/acpica/exmutex.o
  CC      kernel/irq/msi.o
  AR      arch/x86/kernel/cpu/mtrr/built-in.a
  CC      net/sunrpc/auth.o
  AR      arch/x86/kernel/cpu/microcode/built-in.a
  CC      net/ipv4/tcp_timer.o
  AR      drivers/base/firmware_loader/builtin/built-in.a
  CC      arch/x86/kernel/cpu/perfctr-watchdog.o
  AR      drivers/base/firmware_loader/built-in.a
  CC      lib/check_signature.o
  CC      drivers/base/power/qos.o
  CC      drivers/scsi/scsi_lib.o
  CC      net/ipv6/ndisc.o
  CC      mm/swapfile.o
  CC      drivers/scsi/constants.o
  CC      drivers/acpi/acpica/exnames.o
  CC      lib/assoc_array.o
  CC      net/netfilter/nf_nat_proto.o
  CC      fs/aio.o
  CC      kernel/irq/affinity.o
  CC      drivers/acpi/acpica/exoparg1.o
  CC      arch/x86/kernel/cpu/vmware.o
  CC      net/core/netdev-genl-gen.o
  CC      net/ipv6/udp.o
  CC      kernel/irq/matrix.o
  CC      lib/bitrev.o
  CC      arch/x86/kernel/smpboot.o
  CC      drivers/base/power/runtime.o
  CC      arch/x86/kernel/tsc_sync.o
  CC      net/sunrpc/auth_null.o
  CC      drivers/acpi/acpica/exoparg2.o
  CC      lib/xxhash.o
  CC      arch/x86/kernel/cpu/hypervisor.o
  CC      net/ipv4/tcp_ipv4.o
  CC      net/core/gso.o
  CC      drivers/scsi/scsi_lib_dma.o
  AR      kernel/irq/built-in.a
  CC      drivers/acpi/acpica/exoparg3.o
  CC      net/netfilter/nf_nat_helper.o
  CC      kernel/dma/mapping.o
  CC      net/ipv4/tcp_minisocks.o
  CC      arch/x86/kernel/cpu/mshyperv.o
  CC      lib/genalloc.o
  CC      drivers/base/power/wakeirq.o
  CC      mm/dmapool.o
  CC      lib/zlib_inflate/inffast.o
  CC      net/sunrpc/auth_tls.o
  CC      fs/locks.o
  CC      drivers/acpi/acpica/exoparg6.o
  CC      lib/zlib_inflate/inflate.o
  CC      fs/binfmt_misc.o
  CC      drivers/scsi/scsi_scan.o
  CC      drivers/base/power/main.o
  CC      lib/zlib_inflate/infutil.o
  CC      drivers/acpi/acpica/exprep.o
  CC      mm/hugetlb.o
  CC      kernel/dma/direct.o
  CC      net/core/net-sysfs.o
  CC      drivers/acpi/acpica/exregion.o
  CC      arch/x86/kernel/cpu/debugfs.o
  CC      net/ipv6/raw.o
  CC      net/netfilter/nf_nat_masquerade.o
  CC      lib/zlib_inflate/inftrees.o
  CC      net/netfilter/nf_nat_ftp.o
  CC      net/sunrpc/auth_unix.o
  CC      drivers/acpi/acpica/exresnte.o
  CC      lib/zlib_inflate/inflate_syms.o
  CC      kernel/entry/common.o
  CC      net/ipv6/icmp.o
  CC      drivers/scsi/scsi_sysfs.o
  CC      arch/x86/kernel/cpu/bus_lock.o
  CC      fs/binfmt_script.o
  CC      kernel/dma/ops_helpers.o
  CC      drivers/acpi/acpica/exresolv.o
  AR      lib/zlib_inflate/built-in.a
  CC      lib/lz4/lz4_decompress.o
  CC      net/ipv4/tcp_cong.o
  CC      drivers/base/power/wakeup.o
  CC      drivers/acpi/acpica/exresop.o
  CC      fs/binfmt_elf.o
  CC      drivers/scsi/scsi_devinfo.o
  CC      kernel/dma/remap.o
  CC      kernel/entry/syscall-common.o
  CC      net/netfilter/nf_nat_irc.o
  CC      net/sunrpc/svc.o
  CC      net/core/hotdata.o
  AR      arch/x86/kernel/cpu/built-in.a
  CC      arch/x86/kernel/setup_percpu.o
  CC      net/sunrpc/svcsock.o
  CC      arch/x86/kernel/mpparse.o
  CC      drivers/acpi/acpica/exserial.o
  CC      net/ipv6/mcast.o
  AR      lib/lz4/built-in.a
  CC      lib/zstd/zstd_decompress_module.o
  CC      mm/hugetlb_sysfs.o
  CC      drivers/base/power/wakeup_stats.o
  AR      kernel/dma/built-in.a
  CC      lib/zstd/decompress/huf_decompress.o
  CC      drivers/scsi/scsi_sysctl.o
  CC      drivers/acpi/acpica/exstore.o
  CC      kernel/entry/syscall_user_dispatch.o
  CC      net/ipv4/tcp_metrics.o
  CC      net/wireless/core.o
  CC      net/netfilter/nf_nat_sip.o
  CC      net/core/netdev_config.o
  CC      net/ipv4/tcp_fastopen.o
  CC      fs/mbcache.o
  CC      drivers/base/power/trace.o
  CC      drivers/acpi/acpica/exstoren.o
  CC      arch/x86/kernel/apic/apic.o
  CC      mm/hugetlb_sysctl.o
  CC      drivers/scsi/scsi_trace.o
  CC      drivers/acpi/acpica/exstorob.o
  AR      kernel/entry/built-in.a
  CC      arch/x86/kernel/apic/apic_common.o
  CC      kernel/module/main.o
  CC      net/sunrpc/svcauth.o
  CC      fs/posix_acl.o
  CC      drivers/acpi/acpica/exsystem.o
  AR      drivers/base/power/built-in.a
  CC      drivers/base/module.o
  CC      net/core/netdev_rx_queue.o
  CC      mm/migrate.o
  CC      drivers/scsi/scsi_logging.o
  CC      net/netfilter/x_tables.o
  CC      drivers/base/auxiliary_sysfs.o
  CC      lib/zstd/decompress/zstd_ddict.o
  CC      drivers/acpi/acpica/extrace.o
  CC      lib/zstd/decompress/zstd_decompress.o
  CC      net/core/netdev_queues.o
  CC      net/ipv4/tcp_recovery.o
  CC      drivers/base/platform-msi.o
  CC      net/wireless/sysfs.o
  CC      arch/x86/kernel/apic/apic_noop.o
  CC      arch/x86/kernel/apic/ipi.o
  CC      net/ipv6/reassembly.o
  CC      drivers/scsi/scsi_pm.o
  CC      drivers/acpi/acpica/exutils.o
  CC      fs/nfs_common/grace.o
  CC      net/sunrpc/svcauth_unix.o
  CC      lib/zstd/decompress/zstd_decompress_block.o
  CC      drivers/base/physical_location.o
  CC      net/wireless/radiotap.o
  CC      net/wireless/util.o
  CC      kernel/module/strict_rwx.o
  CC      drivers/acpi/acpica/hwacpi.o
  CC      arch/x86/kernel/apic/vector.o
  CC      mm/early_ioremap.o
  CC      net/core/net-procfs.o
  CC      drivers/scsi/scsi_common.o
  CC      net/core/fib_rules.o
  AR      drivers/base/built-in.a
  CC      fs/nfs_common/common.o
  CC      lib/xz/xz_dec_syms.o
  CC      net/ipv4/tcp_ulp.o
  CC      net/netfilter/xt_tcpudp.o
  CC      drivers/acpi/acpica/hwesleep.o
  CC      kernel/module/kmod.o
  CC      drivers/scsi/virtio_scsi.o
  CC      lib/xz/xz_dec_stream.o
  CC      net/ipv6/tcp_ipv6.o
  CC      drivers/acpi/acpica/hwgpe.o
  CC      mm/secretmem.o
  CC      net/sunrpc/addr.o
  CC      net/mac80211/main.o
  AR      fs/nfs_common/built-in.a
  CC      fs/coredump.o
  CC      arch/x86/kernel/apic/init.o
  CC      net/mac80211/status.o
  CC      lib/xz/xz_dec_lzma2.o
  CC      drivers/acpi/acpica/hwregs.o
  CC      kernel/module/tree_lookup.o
  CC      net/ipv4/tcp_offload.o
  CC      net/netfilter/xt_CONNSECMARK.o
  CC      arch/x86/kernel/apic/hw_nmi.o
  CC      net/core/selftests.o
  CC      drivers/scsi/sd.o
  CC      mm/memfd.o
  CC      drivers/acpi/acpica/hwsleep.o
  CC      net/wireless/reg.o
  CC      lib/xz/xz_dec_bcj.o
  CC      kernel/module/kallsyms.o
  CC      net/sunrpc/rpcb_clnt.o
  CC      drivers/acpi/acpica/hwvalid.o
  CC      arch/x86/kernel/apic/io_apic.o
  CC      lib/zstd/zstd_common_module.o
  CC      net/netfilter/xt_NFLOG.o
  AR      lib/xz/built-in.a
  CC      net/netfilter/xt_SECMARK.o
  CC      net/sunrpc/timer.o
  CC      fs/drop_caches.o
  CC      mm/execmem.o
  CC      lib/zstd/common/debug.o
  CC      drivers/acpi/acpica/hwxface.o
  CC      net/mac80211/driver-ops.o
  CC      lib/zstd/common/entropy_common.o
  CC      kernel/module/procfs.o
  CC      net/ipv6/ping.o
  CC      net/ipv4/tcp_plb.o
  CC      lib/zstd/common/error_private.o
  CC      net/core/ptp_classifier.o
  CC      lib/zstd/common/fse_decompress.o
  CC      drivers/acpi/acpica/hwxfsleep.o
  CC      drivers/scsi/sg.o
  CC      fs/sysctls.o
  CC      drivers/acpi/fan_hwmon.o
  CC      kernel/module/sysfs.o
  CC      net/netfilter/xt_TCPMSS.o
  AR      mm/built-in.a
  CC      arch/x86/kernel/trace_clock.o
  CC      lib/zstd/common/zstd_common.o
  CC      fs/fhandle.o
  CC      net/sunrpc/xdr.o
  AR      lib/zstd/built-in.a
  CC      drivers/acpi/acpica/hwpci.o
  CC      lib/percpu_counter.o
  CC      fs/iomap/trace.o
  CC      arch/x86/kernel/apic/msi.o
  CC      net/wireless/scan.o
  CC      net/ipv4/datagram.o
  CC      drivers/ata/libata-core.o
  CC      net/ipv6/exthdrs.o
  CC      net/core/gro_cells.o
  CC      drivers/acpi/acpica/nsaccess.o
  AR      kernel/module/built-in.a
  CC      kernel/freezer.o
  CC      net/mac80211/sta_info.o
  CC      drivers/acpi/acpica/nsalloc.o
  CC      lib/audit.o
  CC      fs/iomap/iter.o
  CC      drivers/acpi/acpica/nsarguments.o
  CC      arch/x86/kernel/apic/probe_32.o
  AR      drivers/scsi/built-in.a
  CC      net/netfilter/xt_policy.o
  CC      drivers/acpi/acpica/nsconvert.o
  CC      net/wireless/nl80211.o
  CC      net/rfkill/core.o
  CC      lib/syscall.o
  CC      arch/x86/kernel/rethook.o
  AR      arch/x86/kernel/apic/built-in.a
  CC      net/ipv4/raw.o
  CC      kernel/profile.o
  CC      fs/iomap/buffered-io.o
  CC      fs/quota/dquot.o
  CC      net/core/failover.o
  CC      drivers/acpi/acpica/nsdump.o
  CC      net/sunrpc/sunrpc_syms.o
  CC      lib/errname.o
  CC      net/ipv6/datagram.o
  CC      arch/x86/kernel/vmcore_info_32.o
  CC      lib/nlattr.o
  CC      net/rfkill/input.o
  CC      drivers/acpi/acpica/nseval.o
  AR      net/netfilter/built-in.a
  CC      kernel/stacktrace.o
  CC      drivers/net/mii.o
  CC      fs/quota/quota_v2.o
  AR      net/core/built-in.a
  CC      drivers/acpi/acpica/nsinit.o
  CC      drivers/acpi/processor_driver.o
  CC      arch/x86/kernel/kprobes/core.o
  AR      net/rfkill/built-in.a
  CC      drivers/firewire/init_ohci1394_dma.o
  CC      net/sunrpc/cache.o
  CC      drivers/ata/libata-scsi.o
  CC      net/mac80211/wep.o
  CC      fs/iomap/direct-io.o
  CC      kernel/time/time.o
  CC      net/ipv4/udp.o
  CC      drivers/acpi/acpica/nsload.o
  CC      kernel/time/timer.o
  CC      fs/quota/quota_tree.o
  CC      kernel/time/hrtimer.o
  CC      lib/cpu_rmap.o
  CC      drivers/net/loopback.o
  CC      net/ipv6/ip6_flowlabel.o
  AR      drivers/firewire/built-in.a
  CC      drivers/acpi/acpica/nsnames.o
  CC      arch/x86/kernel/kprobes/opt.o
  CC      drivers/net/phy/stubs.o
  CC      lib/dynamic_queue_limits.o
  CC      fs/iomap/ioend.o
  CC      net/ipv6/inet6_connection_sock.o
  CC      net/mac80211/aead_api.o
  CC      fs/quota/quota.o
  CC      drivers/acpi/acpica/nsobject.o
  CC      lib/glob.o
  CC      kernel/time/sleep_timeout.o
  CC      fs/iomap/fiemap.o
  CC      net/sunrpc/rpc_pipe.o
  CC      drivers/net/phy/mdio_bus.o
  AR      arch/x86/kernel/kprobes/built-in.a
  CC      drivers/ata/libata-eh.o
  CC      net/mac80211/wpa.o
  CC      arch/x86/kernel/module.o
  CC      drivers/acpi/acpica/nsparse.o
  CC      net/wireless/mlme.o
  CC      arch/x86/kernel/doublefault_32.o
  CC      net/ipv6/udp_offload.o
  CC      lib/strncpy_from_user.o
  CC      kernel/time/timekeeping.o
  CC      drivers/acpi/acpica/nspredef.o
  CC      kernel/futex/core.o
  CC      fs/quota/kqid.o
  CC      fs/iomap/seek.o
  CC      fs/iomap/bio.o
  CC      net/ipv4/udp_offload.o
  CC      lib/strnlen_user.o
  CC      drivers/acpi/acpica/nsprepkg.o
  CC      drivers/net/phy/phy.o
  CC      arch/x86/kernel/early_printk.o
  CC      fs/quota/netlink.o
  CC      net/sunrpc/sysfs.o
  CC      net/ipv6/seg6.o
  CC      net/mac80211/scan.o
  CC      drivers/acpi/acpica/nsrepair.o
  CC      net/ipv6/fib6_notifier.o
  CC      lib/net_utils.o
  CC      fs/iomap/swapfile.o
  CC      kernel/futex/syscalls.o
  CC      net/ipv6/rpl.o
  CC      kernel/time/ntp.o
  CC      drivers/ata/libata-transport.o
  CC      drivers/acpi/acpica/nsrepair2.o
  CC      arch/x86/kernel/amd_nb.o
  AR      fs/quota/built-in.a
  CC      lib/sg_pool.o
  CC      fs/proc/task_mmu.o
  CC      drivers/net/phy/phy-c45.o
  CC      net/ipv6/ioam6.o
  AR      fs/iomap/built-in.a
  CC      net/ipv4/arp.o
  CC      drivers/acpi/processor_thermal.o
  CC      net/wireless/ibss.o
  CC      drivers/acpi/acpica/nssearch.o
  CC      net/sunrpc/svc_xprt.o
  CC      kernel/futex/pi.o
  CC      arch/x86/kernel/amd_node.o
  CC      kernel/time/clocksource.o
  CC      net/mac80211/offchannel.o
  CC      drivers/ata/libata-trace.o
  CC      lib/stackdepot.o
  CC      drivers/acpi/acpica/nsutils.o
  CC      net/ipv6/sysctl_net_ipv6.o
  CC      fs/kernfs/mount.o
  CC      kernel/futex/requeue.o
  CC      drivers/acpi/acpica/nswalk.o
  CC      arch/x86/kernel/pcspeaker.o
  CC      kernel/time/jiffies.o
  CC      drivers/ata/libata-sata.o
  CC      net/wireless/sme.o
  CC      drivers/net/phy/phy-core.o
  CC      lib/asn1_decoder.o
  CC      fs/proc/inode.o
  CC      net/9p/mod.o
  CC      net/ipv4/icmp.o
  CC      drivers/acpi/acpica/nsxfeval.o
  CC      arch/x86/kernel/check.o
  CC      fs/kernfs/inode.o
  CC      drivers/net/mdio/acpi_mdio.o
  CC      net/sunrpc/xprtmultipath.o
  CC      net/ipv6/xfrm6_policy.o
  CC      kernel/time/timer_list.o
  CC      kernel/futex/waitwake.o
  CC      net/mac80211/ht.o
  CC      lib/fonts/fonts.o
  CC      net/9p/client.o
  CC      drivers/acpi/acpica/nsxfname.o
  CC      arch/x86/kernel/perf_regs.o
  CC      fs/proc/root.o
  CC      drivers/ata/libata-sff.o
  CC      drivers/net/phy/phy_device.o
  CC      lib/fonts/font_8x16.o
  CC      kernel/time/timeconv.o
  CC      fs/kernfs/dir.o
  AR      kernel/futex/built-in.a
  CC      drivers/net/mdio/fwnode_mdio.o
  CC      arch/x86/kernel/umip.o
  CC      drivers/acpi/acpica/nsxfobj.o
  AR      lib/fonts/built-in.a
  CC      net/wireless/chan.o
  CC      net/sunrpc/backchannel_rqst.o
  CC      lib/oid_registry.o
  CC      net/ipv6/xfrm6_state.o
  CC      kernel/time/timecounter.o
  CC      net/mac80211/agg-tx.o
  CC      kernel/time/alarmtimer.o
  CC      fs/proc/base.o
  CC      drivers/acpi/acpica/psargs.o
  CC      net/ipv6/xfrm6_input.o
  CC      net/ipv4/devinet.o
  CC      lib/ucs2_string.o
  CC      net/9p/error.o
  CC      arch/x86/kernel/unwind_frame.o
  CC      drivers/acpi/acpica/psloop.o
  AR      drivers/net/mdio/built-in.a
  CC      net/ipv6/xfrm6_output.o
  CC      drivers/ata/libata-pmp.o
  CC      kernel/time/posix-timers.o
  CC      lib/sbitmap.o
  CC      net/9p/protocol.o
  CC      fs/kernfs/file.o
  CC      drivers/acpi/processor_idle.o
  CC      net/sunrpc/stats.o
  CC      drivers/acpi/acpica/psobject.o
  CC      drivers/net/phy/linkmode.o
  LDS     arch/x86/kernel/vmlinux.lds
  AR      arch/x86/kernel/built-in.a
  AR      arch/x86/built-in.a
  CC      drivers/acpi/acpica/psopcode.o
  CC      net/mac80211/agg-rx.o
  CC      fs/proc/generic.o
  CC      net/wireless/ethtool.o
  CC      net/9p/trans_common.o
  CC      net/mac80211/vht.o
  CC      lib/group_cpus.o
  CC      lib/fw_table.o
  CC      drivers/ata/libata-pata-timings.o
  CC      drivers/acpi/acpica/psopinfo.o
  CC      fs/kernfs/symlink.o
  CC      net/ipv6/xfrm6_protocol.o
  CC      drivers/net/phy/phy_link_topology.o
  CC      kernel/time/posix-cpu-timers.o
  CC      net/ipv4/af_inet.o
  CC      net/sysctl_net.o
  AR      lib/lib.a
  CC      net/sunrpc/sysctl.o
  CC      net/ipv6/netfilter.o
  CC      drivers/acpi/acpica/psparse.o
  CC      net/9p/trans_fd.o
  AR      lib/built-in.a
  CC      fs/proc/array.o
  CC      net/9p/trans_virtio.o
  CC      net/wireless/mesh.o
  CC      drivers/ata/ahci.o
  CC      fs/sysfs/file.o
  AR      fs/kernfs/built-in.a
  CC      fs/sysfs/dir.o
  CC      drivers/acpi/acpica/psscope.o
  CC      net/mac80211/he.o
  CC      kernel/time/posix-clock.o
  CC      drivers/net/phy/phy_caps.o
  CC      drivers/acpi/acpica/pstree.o
  CC      fs/sysfs/symlink.o
  AR      net/sunrpc/built-in.a
  CC      fs/sysfs/mount.o
  CC      drivers/acpi/acpica/psutils.o
  CC      fs/proc/fd.o
  CC      drivers/net/phy/mdio_bus_provider.o
  CC      net/mac80211/s1g.o
  CC      drivers/ata/libahci.o
  AR      net/9p/built-in.a
  CC      net/mac80211/ibss.o
  CC      drivers/net/phy/phy_port.o
  CC      net/ipv6/proc.o
  CC      net/wireless/ap.o
  CC      net/dns_resolver/dns_key.o
  CC      drivers/acpi/acpica/pswalk.o
  CC      kernel/time/itimer.o
  CC      net/ipv4/igmp.o
  CC      net/mac80211/iface.o
  CC      kernel/time/clockevents.o
  CC      fs/sysfs/group.o
  CC      drivers/acpi/processor_throttling.o
  CC      drivers/acpi/acpica/psxface.o
  CC      fs/proc/proc_tty.o
  CC      net/dns_resolver/dns_query.o
  CC      drivers/acpi/acpica/rsaddr.o
  CC      drivers/net/phy/mdio_device.o
  CC      fs/devpts/inode.o
  CC      net/ipv6/syncookies.o
  CC      net/wireless/trace.o
  CC      drivers/ata/ata_piix.o
  CC      kernel/time/tick-common.o
  AR      fs/sysfs/built-in.a
  CC      drivers/acpi/acpica/rscalc.o
  CC      fs/proc/cmdline.o
  CC      net/ipv4/fib_frontend.o
  CC      fs/proc/consoles.o
  CC      drivers/net/ethernet/broadcom/tg3.o
  CC      drivers/acpi/processor_perflib.o
  CC      net/mac80211/link.o
  AR      net/dns_resolver/built-in.a
  CC      drivers/net/phy/mdio_devres.o
  CC      drivers/acpi/acpica/rscreate.o
  CC      drivers/net/phy/phy_package.o
  CC      net/wireless/ocb.o
  AR      fs/devpts/built-in.a
  CC      fs/proc/cpuinfo.o
  CC      drivers/pcmcia/cs.o
  CC      kernel/time/tick-broadcast.o
  CC      net/ipv6/ah6.o
  CC      drivers/ata/pata_amd.o
  CC      net/ipv4/fib_semantics.o
  CC      kernel/dma.o
  CC      drivers/acpi/acpica/rsdumpinfo.o
  CC      kernel/time/tick-broadcast-hrtimer.o
  CC      net/handshake/alert.o
  CC      drivers/usb/early/ehci-dbgp.o
  CC      fs/proc/devices.o
  CC      drivers/pcmcia/socket_sysfs.o
  CC      drivers/acpi/acpica/rsinfo.o
  CC      drivers/acpi/container.o
  CC      drivers/net/phy/realtek/realtek_main.o
  CC      kernel/time/tick-oneshot.o
  CC      fs/netfs/buffered_read.o
  CC      net/mac80211/rate.o
  CC      net/wireless/michael-mic.o
  CC      net/mac80211/tkip.o
  CC      drivers/ata/pata_oldpiix.o
  CC      drivers/acpi/acpica/rsio.o
  CC      fs/proc/interrupts.o
  AR      drivers/usb/early/built-in.a
  AR      drivers/usb/built-in.a
  CC      kernel/time/tick-sched.o
  CC      drivers/net/net_failover.o
  CC      drivers/acpi/acpica/rsirq.o
  CC      net/ipv6/esp6.o
  CC      drivers/pcmcia/cardbus.o
  CC      net/ipv6/netfilter/nf_defrag_ipv6_hooks.o
  CC      net/handshake/genl.o
  CC      drivers/acpi/acpica/rslist.o
  CC      fs/proc/loadavg.o
  CC      fs/netfs/buffered_write.o
  CC      drivers/ata/pata_sch.o
  CC      net/wireless/pmsr.o
  CC      net/ipv4/fib_trie.o
  CC      drivers/pcmcia/rsrc_mgr.o
  CC      drivers/acpi/acpica/rsmemory.o
  AR      drivers/net/phy/realtek/built-in.a
  AR      drivers/net/phy/built-in.a
  CC      kernel/smp.o
  CC      kernel/time/timer_migration.o
  CC      net/mac80211/aes_cmac.o
  CC      fs/proc/meminfo.o
  CC      fs/ext4/balloc.o
  CC      net/handshake/netlink.o
  CC      fs/ext4/bitmap.o
  CC      drivers/acpi/acpica/rsmisc.o
  CC      fs/netfs/direct_read.o
  CC      drivers/ata/pata_mpiix.o
  CC      drivers/pcmcia/yenta_socket.o
  CC      net/ipv6/netfilter/nf_conntrack_reasm.o
  CC      drivers/acpi/acpica/rsserial.o
  CC      drivers/acpi/acpica/rsutils.o
  AR      drivers/net/ethernet/dec/built-in.a
  CC      fs/netfs/direct_write.o
  CC      fs/proc/stat.o
  CC      kernel/time/vsyscall.o
  CC      net/wireless/shipped-certs.o
  CC      kernel/time/timekeeping_debug.o
  CC      net/mac80211/aes_gmac.o
  CC      kernel/time/namespace.o
  CC      fs/proc/uptime.o
  CC      net/handshake/request.o
  CC      drivers/acpi/acpica/rsxface.o
  CC      drivers/ata/ata_generic.o
  CC      fs/ext4/block_validity.o
  CC      kernel/time/namespace_vdso.o
  CC      fs/proc/util.o
  CC      fs/netfs/iterator.o
  AR      drivers/pcmcia/built-in.a
  CC      net/ipv4/fib_notifier.o
  CC      drivers/acpi/thermal_lib.o
  CC      drivers/acpi/acpica/tbdata.o
  CC      fs/proc/version.o
  CC      kernel/uid16.o
  CC      net/ipv6/netfilter/ip6t_ipv6header.o
  AR      net/wireless/built-in.a
  CC      kernel/kallsyms.o
  AR      kernel/time/built-in.a
  CC      kernel/vmcore_info.o
  CC      drivers/acpi/acpica/tbfadt.o
  AR      drivers/ata/built-in.a
  CC      net/mac80211/fils_aead.o
  CC      fs/ext4/dir.o
  CC      net/handshake/tlshd.o
  CC      fs/netfs/locking.o
  CC      drivers/acpi/acpica/tbfind.o
  CC      net/ipv4/inet_fragment.o
  CC      fs/proc/softirqs.o
  CC      net/ipv6/addrconf_core.o
  CC      fs/jbd2/transaction.o
  CC      net/handshake/trace.o
  CC      drivers/acpi/acpica/tbinstal.o
  CC      fs/proc/namespaces.o
  CC      fs/proc/self.o
  CC      fs/ext4/ext4_jbd2.o
  CC      fs/netfs/main.o
  CC      kernel/elfcorehdr.o
  CC      drivers/acpi/thermal.o
  CC      net/ipv6/exthdrs_core.o
  AR      net/ipv6/netfilter/built-in.a
  CC      drivers/acpi/acpica/tbprint.o
  CC      net/mac80211/cfg.o
  CC      kernel/utsname.o
  CC      fs/ramfs/inode.o
  CC      drivers/input/serio/serio.o
  CC      fs/ext4/extents.o
  AR      drivers/net/ethernet/broadcom/built-in.a
  AR      net/handshake/built-in.a
  CC      fs/proc/thread_self.o
  CC      net/ipv4/ping.o
  CC      drivers/net/ethernet/intel/e100.o
  CC      fs/netfs/misc.o
  CC      drivers/acpi/platform_profile.o
  CC      drivers/acpi/acpica/tbutils.o
  CC      drivers/input/input.o
  CC      fs/jbd2/commit.o
  CC      drivers/acpi/acpi_memhotplug.o
  CC      drivers/net/ethernet/intel/e1000/e1000_main.o
  CC      kernel/pid_namespace.o
  CC      drivers/input/serio/i8042.o
  CC      drivers/acpi/acpica/tbxface.o
  CC      fs/proc/proc_sysctl.o
  CC      fs/ramfs/file-mmu.o
  CC      fs/netfs/objects.o
  CC      net/ipv6/ip6_checksum.o
  CC      drivers/net/ethernet/intel/e1000/e1000_hw.o
  CC      drivers/net/ethernet/intel/e1000/e1000_ethtool.o
  CC      drivers/acpi/acpica/tbxfload.o
  CC      fs/jbd2/recovery.o
  AR      fs/ramfs/built-in.a
  CC      net/ipv4/ip_tunnel_core.o
  CC      kernel/stop_machine.o
  CC      drivers/net/ethernet/intel/e1000/e1000_param.o
  CC      drivers/input/input-compat.o
  CC      drivers/acpi/acpica/tbxfroot.o
  CC      fs/netfs/read_collect.o
  CC      fs/proc/proc_net.o
  CC      net/ipv6/ip6_icmp.o
  CC      drivers/input/serio/serport.o
  CC      drivers/acpi/acpica/utaddress.o
  CC      drivers/input/input-mt.o
  CC      fs/jbd2/checkpoint.o
  CC      fs/ext4/extents_status.o
  CC      kernel/audit.o
  CC      net/mac80211/ethtool.o
  CC      fs/netfs/read_pgpriv2.o
  CC      drivers/acpi/ioapic.o
  CC      fs/proc/kcore.o
  CC      drivers/acpi/acpica/utalloc.o
  CC      drivers/input/serio/libps2.o
  CC      drivers/input/input-poller.o
  CC      net/ipv4/gre_offload.o
  CC      drivers/rtc/lib.o
  CC      net/ipv6/output_core.o
  CC      net/mac80211/rx.o
  CC      net/ipv6/protocol.o
  AR      drivers/net/ethernet/intel/e1000/built-in.a
  CC      fs/jbd2/revoke.o
  CC      drivers/acpi/acpica/utascii.o
  CC      drivers/net/ethernet/intel/e1000e/82571.o
  CC      drivers/input/ff-core.o
  AR      drivers/input/serio/built-in.a
  CC      fs/jbd2/journal.o
  CC      fs/netfs/read_retry.o
  CC      drivers/rtc/class.o
  CC      drivers/acpi/acpica/utbuffer.o
  CC      fs/proc/kmsg.o
  CC      fs/ext4/file.o
  CC      drivers/net/ethernet/intel/e1000e/ich8lan.o
  CC      drivers/rtc/interface.o
  CC      drivers/rtc/nvmem.o
  CC      net/ipv4/metrics.o
  CC      drivers/net/ethernet/intel/e1000e/80003es2lan.o
  CC      kernel/auditfilter.o
  CC      net/ipv6/ip6_offload.o
  CC      drivers/input/touchscreen.o
  CC      drivers/acpi/acpica/utcksum.o
  CC      fs/proc/page.o
  CC      fs/ext4/fsmap.o
  CC      fs/netfs/read_single.o
  CC      fs/hugetlbfs/inode.o
  CC      drivers/acpi/acpica/utcopy.o
  CC      drivers/rtc/dev.o
  CC      fs/fat/cache.o
  CC      fs/fat/dir.o
  CC      drivers/input/touch-overlay.o
  AR      fs/proc/built-in.a
  AR      fs/jbd2/built-in.a
  CC      drivers/input/ff-memless.o
  CC      drivers/acpi/bgrt.o
  CC      drivers/acpi/acpica/utexcep.o
  CC      fs/netfs/rolling_buffer.o
  CC      net/ipv4/netlink.o
  CC      drivers/net/ethernet/intel/e1000e/mac.o
  CC      drivers/rtc/rtc-mc146818-lib.o
  CC      net/mac80211/spectmgmt.o
  CC      fs/ext4/fsync.o
  CC      kernel/auditsc.o
  CC      drivers/i2c/i2c-boardinfo.o
  CC      drivers/acpi/acpica/utdebug.o
  CC      net/ipv6/exthdrs_offload.o
  CC      drivers/acpi/spcr.o
  AR      fs/hugetlbfs/built-in.a
  CC      net/ipv4/nexthop.o
  CC      fs/isofs/namei.o
  CC      drivers/input/sparse-keymap.o
  CC      drivers/input/vivaldi-fmap.o
  CC      fs/netfs/write_collect.o
  CC      drivers/acpi/acpica/utdecode.o
  CC      drivers/rtc/rtc-cmos.o
  CC      fs/fat/fatent.o
  CC      fs/ext4/hash.o
  CC      drivers/i2c/i2c-core-base.o
  CC      net/ipv4/udp_tunnel_stub.o
  CC      fs/isofs/inode.o
  CC      fs/fat/file.o
  CC      drivers/acpi/acpica/utdelete.o
  CC      drivers/input/input-leds.o
  CC      net/mac80211/tx.o
  CC      fs/fat/inode.o
  CC      net/ipv6/inet6_hashtables.o
  CC      drivers/net/ethernet/intel/e1000e/manage.o
  CC      fs/netfs/write_issue.o
  CC      drivers/acpi/acpica/uterror.o
  AR      drivers/rtc/built-in.a
  CC      net/ipv4/sysctl_net_ipv4.o
  CC      fs/ext4/ialloc.o
  CC      kernel/audit_watch.o
  CC      drivers/input/keyboard/atkbd.o
  CC      kernel/audit_fsnotify.o
  CC      drivers/acpi/acpica/uteval.o
  CC      drivers/i2c/i2c-core-smbus.o
  CC      fs/isofs/dir.o
  CC      fs/fat/misc.o
  CC      net/ipv4/proc.o
  CC      drivers/net/ethernet/intel/e1000e/nvm.o
  CC      fs/netfs/write_retry.o
  CC      drivers/net/ethernet/intel/e1000e/phy.o
  CC      net/mac80211/key.o
  CC      net/ipv6/mcast_snoop.o
  CC      drivers/acpi/acpica/utglobal.o
  CC      net/mac80211/util.o
  CC      kernel/audit_tree.o
  AR      drivers/input/keyboard/built-in.a
  CC      drivers/input/mouse/psmouse-base.o
  CC      fs/isofs/util.o
  CC      fs/ext4/indirect.o
  CC      drivers/input/mouse/synaptics.o
  CC      drivers/acpi/acpica/uthex.o
  CC      fs/fat/nfs.o
  AR      fs/netfs/built-in.a
  CC      drivers/i2c/i2c-core-acpi.o
  CC      fs/nfs/client.o
  CC      drivers/acpi/acpica/utids.o
  CC      fs/exportfs/expfs.o
  CC      net/ipv4/fib_rules.o
  CC      fs/isofs/rock.o
  AR      net/ipv6/built-in.a
  CC      drivers/net/ethernet/marvell/sky2.o
  CC      kernel/kprobes.o
  CC      drivers/input/mouse/focaltech.o
  CC      fs/fat/namei_msdos.o
  CC      drivers/acpi/acpica/utinit.o
  CC      drivers/net/ethernet/intel/e1000e/param.o
  CC      drivers/i2c/i2c-smbus.o
  AR      fs/exportfs/built-in.a
  CC      net/mac80211/parse.o
  CC      fs/ext4/inline.o
  CC      drivers/acpi/acpica/utlock.o
  CC      net/ipv4/ipmr.o
  CC      fs/nfs/dir.o
  CC      fs/isofs/export.o
  CC      drivers/input/mouse/alps.o
  CC      drivers/acpi/acpica/utmath.o
  AR      fs/fat/built-in.a
  CC      fs/nfs/file.o
  CC      drivers/pps/pps.o
  CC      net/ipv4/ipmr_base.o
  CC      drivers/acpi/acpica/utmisc.o
  CC      drivers/i2c/busses/i2c-i801.o
  CC      drivers/acpi/acpica/utmutex.o
  CC      drivers/net/ethernet/intel/e1000e/ethtool.o
  CC      kernel/seccomp.o
  CC      fs/isofs/joliet.o
  CC      fs/isofs/compress.o
  CC      drivers/input/mouse/byd.o
  CC      fs/ext4/inode.o
  CC      drivers/pps/kapi.o
  CC      drivers/acpi/acpica/utnonansi.o
  CC      net/mac80211/wme.o
  CC      fs/nfs/getroot.o
  CC      drivers/acpi/acpica/utobject.o
  AR      drivers/i2c/busses/built-in.a
  CC      drivers/acpi/acpica/utosi.o
  CC      drivers/input/mouse/logips2pp.o
  AR      drivers/i2c/built-in.a
  CC      drivers/pps/sysfs.o
  CC      fs/nfs/inode.o
  CC      fs/ext4/ioctl.o
  CC      fs/lockd/clntlock.o
  AR      drivers/net/ethernet/marvell/built-in.a
  CC      net/ipv4/syncookies.o
  CC      drivers/acpi/acpica/utownerid.o
  AR      fs/isofs/built-in.a
  CC      net/mac80211/chan.o
  CC      kernel/relay.o
  CC      net/mac80211/trace.o
  CC      fs/nls/nls_base.o
  AR      drivers/pps/built-in.a
  CC      fs/nls/nls_cp437.o
  CC      fs/nls/nls_ascii.o
  CC      drivers/acpi/acpica/utpredef.o
  CC      drivers/input/mouse/lifebook.o
  CC      fs/lockd/clntproc.o
  CC      net/mac80211/mlme.o
  CC      drivers/net/ethernet/intel/e1000e/netdev.o
  CC      net/mac80211/tdls.o
  CC      drivers/net/ethernet/intel/e1000e/ptp.o
  CC      fs/nls/nls_iso8859-1.o
  CC      drivers/acpi/acpica/utresdecode.o
  CC      kernel/utsname_sysctl.o
  CC      drivers/acpi/acpica/utresrc.o
  CC      drivers/input/mouse/trackpoint.o
  CC      kernel/delayacct.o
  CC      fs/nls/nls_utf8.o
  CC      net/mac80211/ocb.o
  CC      net/ipv4/ipconfig.o
  CC      fs/lockd/clntxdr.o
  CC      fs/nfs/super.o
  CC      drivers/acpi/acpica/utstate.o
  AR      fs/nls/built-in.a
  CC      drivers/ptp/ptp_clock.o
  CC      drivers/ptp/ptp_chardev.o
  CC      fs/ext4/mballoc.o
  CC      kernel/taskstats.o
  CC      drivers/input/mouse/cypress_ps2.o
  CC      fs/lockd/host.o
  CC      drivers/acpi/x86/apple.o
  CC      drivers/acpi/acpica/utstring.o
  CC      fs/lockd/svc.o
  CC      drivers/acpi/acpica/utstrsuppt.o
  CC      drivers/acpi/acpica/utstrtoul64.o
  CC      net/mac80211/airtime.o
  CC      fs/nfs/io.o
  CC      drivers/acpi/x86/cmos_rtc.o
  CC      drivers/input/mouse/psmouse-smbus.o
  CC      net/ipv4/netfilter.o
  CC      kernel/tsacct.o
  CC      drivers/ptp/ptp_sysfs.o
  CC      net/ipv4/netfilter/nf_defrag_ipv4.o
  CC      net/mac80211/eht.o
  CC      drivers/acpi/acpica/utxface.o
  CC      drivers/acpi/acpica/utxfinit.o
  CC      drivers/acpi/x86/lpss.o
  CC      fs/ext4/migrate.o
  CC      drivers/acpi/acpica/utxferror.o
  CC      drivers/ptp/ptp_vclock.o
  CC      fs/lockd/svclock.o
  CC      fs/nfs/direct.o
  AR      drivers/input/mouse/built-in.a
  CC      kernel/trace/trace_clock.o
  AR      drivers/input/built-in.a
  CC      drivers/acpi/x86/s2idle.o
  CC      drivers/acpi/acpica/utxfmutex.o
  CC      fs/nfs/pagelist.o
  AR      net/ipv4/netfilter/built-in.a
  CC      drivers/net/ethernet/nvidia/forcedeth.o
  CC      net/ipv4/xfrm4_policy.o
  AR      drivers/net/ethernet/intel/e1000e/built-in.a
  AR      drivers/net/ethernet/intel/built-in.a
  CC      fs/ext4/mmp.o
  CC      kernel/trace/rethook.o
  CC      fs/lockd/svcshare.o
  AR      drivers/acpi/acpica/built-in.a
  CC      drivers/power/supply/power_supply_core.o
  CC      drivers/power/supply/power_supply_sysfs.o
  CC      kernel/irq_work.o
  AR      drivers/ptp/built-in.a
  CC      fs/ext4/move_extent.o
  CC      drivers/acpi/x86/utils.o
  CC      drivers/power/supply/power_supply_leds.o
  AR      kernel/trace/built-in.a
  CC      fs/debugfs/inode.o
  CC      kernel/bpf/core.o
  CC      fs/debugfs/file.o
  CC      drivers/power/supply/power_supply_hwmon.o
  CC      fs/nfs/read.o
  CC      net/ipv4/xfrm4_state.o
  CC      net/mac80211/uhr.o
  CC      drivers/hwmon/hwmon.o
  CC      drivers/acpi/x86/blacklist.o
  CC      fs/lockd/svcproc.o
  CC      fs/ext4/namei.o
  CC      kernel/static_call.o
  CC      net/mac80211/nan.o
  AR      drivers/power/supply/built-in.a
  AR      drivers/power/built-in.a
  CC      net/ipv4/xfrm4_input.o
  CC      fs/lockd/svcsubs.o
  AR      drivers/acpi/x86/built-in.a
  AR      drivers/acpi/built-in.a
  CC      drivers/thermal/thermal_core.o
  CC      fs/ext4/page-io.o
  CC      kernel/events/core.o
  AR      drivers/hwmon/built-in.a
  AR      fs/debugfs/built-in.a
  CC      kernel/events/ring_buffer.o
  CC      fs/lockd/mon.o
  CC      net/ipv4/xfrm4_output.o
  CC      kernel/padata.o
  CC      fs/nfs/symlink.o
  AR      drivers/net/ethernet/nvidia/built-in.a
  CC      fs/lockd/trace.o
  CC      drivers/net/ethernet/realtek/8139too.o
  CC      fs/nfs/unlink.o
  CC      drivers/thermal/thermal_sysfs.o
  CC      fs/ext4/readpage.o
  CC      net/mac80211/led.o
  CC      drivers/thermal/thermal_trip.o
  AR      kernel/bpf/built-in.a
  CC      kernel/events/callchain.o
  CC      net/ipv4/xfrm4_protocol.o
  CC      fs/nfs/write.o
  CC      kernel/context_tracking.o
  CC      drivers/md/md.o
  CC      drivers/md/md-bitmap.o
  CC      drivers/md/md-autodetect.o
  CC      drivers/thermal/thermal_helpers.o
  CC      fs/nfs/namespace.o
  CC      net/mac80211/pm.o
  CC      fs/lockd/xdr.o
  CC      fs/ext4/resize.o
  CC      drivers/cpufreq/cpufreq.o
  CC      drivers/thermal/thermal_thresholds.o
  AR      drivers/net/ethernet/realtek/built-in.a
  CC      kernel/iomem.o
  CC      fs/ext4/super.o
  CC      fs/nfs/mount_clnt.o
  AR      drivers/net/ethernet/built-in.a
  AR      drivers/net/built-in.a
  CC      kernel/events/hw_breakpoint.o
  AR      net/ipv4/built-in.a
  CC      net/mac80211/rc80211_minstrel_ht.o
  CC      fs/ext4/symlink.o
  CC      drivers/thermal/thermal_netlink.o
  CC      drivers/thermal/thermal_hwmon.o
  CC      drivers/thermal/gov_step_wise.o
  CC      fs/ext4/sysfs.o
  CC      fs/lockd/netlink.o
  CC      kernel/rseq.o
  CC      net/mac80211/wbrf.o
  CC      fs/lockd/procfs.o
  CC      drivers/cpuidle/cpuidle.o
  CC      drivers/cpuidle/driver.o
  CC      fs/nfs/nfstrace.o
  CC      fs/ext4/xattr.o
  CC      drivers/cpufreq/freq_table.o
  CC      drivers/cpuidle/governor.o
  CC      fs/nfs/export.o
  CC      drivers/thermal/intel/therm_throt.o
  CC      drivers/firmware/dmi_scan.o
  CC      drivers/firmware/dmi-id.o
  AR      fs/lockd/built-in.a
  CC      drivers/cpufreq/cpufreq_performance.o
  CC      drivers/clocksource/acpi_pm.o
  CC      fs/ext4/xattr_hurd.o
  CC      drivers/cpuidle/sysfs.o
  CC      fs/nfs/sysfs.o
  CC      drivers/firmware/memmap.o
  CC      drivers/clocksource/i8253.o
  CC      drivers/cpufreq/cpufreq_userspace.o
  CC      fs/nfs/fs_context.o
  AR      kernel/events/built-in.a
  AR      kernel/built-in.a
  CC      drivers/cpuidle/governors/menu.o
  AR      net/mac80211/built-in.a
  AR      drivers/hid/built-in.a
  CC      fs/nfs/sysctl.o
  AR      net/built-in.a
  CC      fs/nfs/nfs4proc.o
  CC      fs/nfs/nfs4xdr.o
  AR      drivers/clocksource/built-in.a
  CC      drivers/cpufreq/cpufreq_ondemand.o
  CC      fs/ext4/xattr_trusted.o
  CC      drivers/cpufreq/cpufreq_governor.o
  AR      drivers/thermal/intel/built-in.a
  CC      drivers/cpuidle/poll_state.o
  CC      fs/ext4/xattr_user.o
  CC      fs/ext4/fast_commit.o
  AR      drivers/thermal/built-in.a
  CC      drivers/firmware/efi/efi-bgrt.o
  AR      drivers/cpuidle/governors/built-in.a
  AR      drivers/md/built-in.a
  CC      drivers/cpufreq/cpufreq_governor_attr_set.o
  CC      fs/nfs/nfs4state.o
  CC      drivers/platform/x86/wmi-bmof.o
  CC      drivers/firmware/efi/efi.o
  CC      drivers/firmware/efi/vars.o
  AR      drivers/cpuidle/built-in.a
  CC      fs/ext4/orphan.o
  CC      fs/nfs/nfs4renewd.o
  CC      drivers/platform/wmi/core.o
  CC      drivers/cpufreq/acpi-cpufreq.o
  CC      drivers/platform/wmi/marshalling.o
  CC      drivers/firmware/efi/reboot.o
  CC      drivers/cpufreq/amd-pstate.o
  CC      fs/ext4/acl.o
  CC      fs/nfs/nfs4super.o
  CC      drivers/platform/x86/p2sb.o
  CC      drivers/firmware/efi/memattr.o
  CC      drivers/cpufreq/amd-pstate-trace.o
  CC      fs/nfs/nfs4file.o
  CC      fs/ext4/xattr_security.o
  CC      drivers/firmware/efi/tpm.o
  CC      drivers/firmware/efi/memmap.o
  CC      fs/nfs/delegation.o
  CC      drivers/platform/wmi/string.o
  AR      drivers/platform/x86/built-in.a
  CC      drivers/firmware/efi/capsule.o
  CC      drivers/nvmem/core.o
  CC      fs/nfs/nfs4idmap.o
  CC      drivers/firmware/efi/esrt.o
  CC      fs/nfs/callback.o
  CC      drivers/firmware/efi/runtime-wrappers.o
  AR      drivers/platform/wmi/built-in.a
  CC      fs/nfs/callback_xdr.o
  AR      drivers/platform/built-in.a
  CC      drivers/firmware/efi/capsule-loader.o
  CC      fs/nfs/callback_proc.o
  CC      drivers/firmware/efi/earlycon.o
  AR      fs/ext4/built-in.a
  CC      fs/nfs/nfs4namespace.o
  AR      drivers/cpufreq/built-in.a
  CC      fs/nfs/nfs4getroot.o
  CC      fs/nfs/nfs4client.o
  CC      fs/nfs/nfs4session.o
  AR      drivers/nvmem/built-in.a
  CC      fs/nfs/dns_resolve.o
  CC      fs/nfs/nfs4trace.o
  CC      fs/nfs/pnfs.o
  CC      fs/nfs/pnfs_dev.o
  CC      fs/nfs/pnfs_nfs.o
  CC      fs/nfs/nfs4sysctl.o
  AR      drivers/firmware/efi/built-in.a
  AR      drivers/firmware/built-in.a
  CC      fs/nfs/nfs40client.o
  AR      drivers/built-in.a
  CC      fs/nfs/nfs40proc.o
  CC      fs/nfs/filelayout/filelayout.o
  CC      fs/nfs/flexfilelayout/flexfilelayout.o
  CC      fs/nfs/flexfilelayout/flexfilelayoutdev.o
  CC      fs/nfs/filelayout/filelayoutdev.o
  AR      fs/nfs/filelayout/built-in.a
  AR      fs/nfs/flexfilelayout/built-in.a
  AR      fs/nfs/built-in.a
  AR      fs/built-in.a
  AR      built-in.a
  AR      vmlinux.a
  LD      vmlinux.o
  MODPOST vmlinux.symvers
  CC      .vmlinux.export.o
  UPD     include/generated/utsversion.h
  CC      init/version-timestamp.o
  KSYMS   .tmp_vmlinux0.kallsyms.S
  AS      .tmp_vmlinux0.kallsyms.o
  LD      .tmp_vmlinux1
  NM      .tmp_vmlinux1.syms
  KSYMS   .tmp_vmlinux1.kallsyms.S
  AS      .tmp_vmlinux1.kallsyms.o
  LD      .tmp_vmlinux2
  NM      .tmp_vmlinux2.syms
  KSYMS   .tmp_vmlinux2.kallsyms.S
  AS      .tmp_vmlinux2.kallsyms.o
  LD      vmlinux.unstripped
  NM      System.map
  SORTTAB vmlinux.unstripped
  OBJCOPY vmlinux
  GEN     modules.builtin.modinfo
  GEN     modules.builtin
  CC      arch/x86/boot/a20.o
  AS      arch/x86/boot/bioscall.o
  CC      arch/x86/boot/cmdline.o
  AS      arch/x86/boot/copy.o
  CC      arch/x86/boot/cpuflags.o
  HOSTCC  arch/x86/boot/mkcpustr
  CC      arch/x86/boot/cpucheck.o
  CC      arch/x86/boot/early_serial_console.o
  CC      arch/x86/boot/edd.o
  CC      arch/x86/boot/main.o
  CC      arch/x86/boot/memory.o
  CC      arch/x86/boot/pm.o
  AS      arch/x86/boot/pmjump.o
  CC      arch/x86/boot/printf.o
  CC      arch/x86/boot/regs.o
  CC      arch/x86/boot/string.o
  CC      arch/x86/boot/tty.o
  CC      arch/x86/boot/video.o
  CC      arch/x86/boot/video-mode.o
  CC      arch/x86/boot/version.o
  CC      arch/x86/boot/video-vga.o
  CC      arch/x86/boot/video-vesa.o
  LDS     arch/x86/boot/compressed/vmlinux.lds
  CC      arch/x86/boot/video-bios.o
  CPUSTR  arch/x86/boot/cpustr.h
  AS      arch/x86/boot/compressed/kernel_info.o
  CC      arch/x86/boot/cpu.o
  AS      arch/x86/boot/compressed/head_32.o
  VOFFSET arch/x86/boot/compressed/../voffset.h
  CC      arch/x86/boot/compressed/string.o
  CC      arch/x86/boot/compressed/cmdline.o
  CC      arch/x86/boot/compressed/error.o
  OBJCOPY arch/x86/boot/compressed/vmlinux.bin
  RELOCS  arch/x86/boot/compressed/vmlinux.relocs
  CC      arch/x86/boot/compressed/cpuflags.o
  HOSTCC  arch/x86/boot/compressed/mkpiggy
  CC      arch/x86/boot/compressed/early_serial_console.o
  CC      arch/x86/boot/compressed/kaslr.o
  CC      arch/x86/boot/compressed/acpi.o
  CC      arch/x86/boot/compressed/efi.o
  GZIP    arch/x86/boot/compressed/vmlinux.bin.gz
  CC      arch/x86/boot/compressed/misc.o
  MKPIGGY arch/x86/boot/compressed/piggy.S
  AS      arch/x86/boot/compressed/piggy.o
  LD      arch/x86/boot/compressed/vmlinux
  ZOFFSET arch/x86/boot/zoffset.h
  OBJCOPY arch/x86/boot/vmlinux.bin
  AS      arch/x86/boot/header.o
  LD      arch/x86/boot/setup.elf
  OBJCOPY arch/x86/boot/setup.bin
  BUILD   arch/x86/boot/bzImage
Kernel: arch/x86/boot/bzImage is ready  (#16)
make[3]: Leaving directory '/home/benni/git/kernel-test-stable-rc/build/randdefconfig-i386'
make[2]: Leaving directory '/home/benni/git/linux-stable-rc'
