make[3]: Entering directory '/home/benni/git/linux-stable'
make[4]: Entering directory '/home/benni/git/kernel-test-stable/build/randdefconfig-x86_64'
  HOSTCC  scripts/kconfig/confdata.o
  HOSTLD  scripts/kconfig/conf
.config:5482:warning: override: reassigning to symbol NFS_V4_0
.config:5483:warning: override: reassigning to symbol SYNC_FILE
.config:5484:warning: override: reassigning to symbol SKY2
.config:5485:warning: override: reassigning to symbol RD_XZ
.config:5486:warning: override: reassigning to symbol NET_VENDOR_MYRI
.config:5487:warning: override: reassigning to symbol BINFMT_SCRIPT
.config:5488:warning: override: reassigning to symbol MIGRATION
.config:5489:warning: override: reassigning to symbol AUDIT_ARCH
.config:5490:warning: override: reassigning to symbol CPU_MITIGATIONS
.config:5491:warning: override: reassigning to symbol NET_VENDOR_XILINX
.config:5492:warning: override: reassigning to symbol MMU_GATHER_RCU_TABLE_FREE
.config:5493:warning: override: reassigning to symbol HAVE_ARCH_VMAP_STACK
.config:5494:warning: override: reassigning to symbol CRC32_ARCH
.config:5495:warning: override: reassigning to symbol KPROBE_EVENTS
.config:5496:warning: override: reassigning to symbol ARCH_HAS_DEBUG_VM_PGTABLE
.config:5497:warning: override: reassigning to symbol HAVE_ARCH_GET_SECUREBOOT
.config:5498:warning: override: reassigning to symbol GENERIC_IRQ_ENTRY
.config:5499:warning: override: reassigning to symbol MAC80211_LEDS
.config:5500:warning: override: reassigning to symbol TMPFS_XATTR
.config:5501:warning: override: reassigning to symbol GENERIC_BUG
.config:5502:warning: override: reassigning to symbol DEFAULT_SECURITY_SELINUX
.config:5503:warning: override: reassigning to symbol PARAVIRT
.config:5504:warning: override: reassigning to symbol NET_INGRESS
.config:5505:warning: override: reassigning to symbol ARCH_SPARSEMEM_DEFAULT
.config:5506:warning: override: reassigning to symbol ARCH_HAS_ADD_PAGES
.config:5507:warning: override: reassigning to symbol UNION_FIND
.config:5508:warning: override: reassigning to symbol JUMP_LABEL
.config:5509:warning: override: reassigning to symbol HID_PANTHERLORD
.config:5510:warning: override: reassigning to symbol OPENSSL_SUPPORTS_ML_DSA
.config:5511:warning: override: reassigning to symbol INITRAMFS_PRESERVE_MTIME
.config:5512:warning: override: reassigning to symbol DECOMPRESS_ZSTD
.config:5513:warning: override: reassigning to symbol NF_DEFRAG_IPV4
.config:5514:warning: override: reassigning to symbol X86_REQUIRED_FEATURE_CX8
.config:5515:warning: override: reassigning to symbol TCP_CONG_ADVANCED
.config:5516:warning: override: reassigning to symbol NET_VENDOR_NVIDIA
.config:5517:warning: override: reassigning to symbol PROC_MEM_FORCE_PTRACE
.config:5518:warning: override: reassigning to symbol X86_DISABLED_FEATURE_USER_SHSTK
.config:5519:warning: override: reassigning to symbol SECCOMP_FILTER
.config:5520:warning: override: reassigning to symbol TREE_RCU
.config:5521:warning: override: reassigning to symbol RUSTC_HAS_UNNECESSARY_TRANSMUTES
.config:5522:warning: override: reassigning to symbol HAVE_USER_RETURN_NOTIFIER
.config:5523:warning: override: reassigning to symbol NETFS_SUPPORT
.config:5524:warning: override: reassigning to symbol GENERIC_IRQ_MATRIX_ALLOCATOR
.config:5525:warning: override: reassigning to symbol SERIAL_8250_PNP
.config:5526:warning: override: reassigning to symbol LZ4_COMPRESS
.config:5527:warning: override: reassigning to symbol EXCLUSIVE_SYSTEM_RAM
.config:5528:warning: override: reassigning to symbol ACPI_HOTPLUG_CPU
.config:5529:warning: override: reassigning to symbol PCI_LABEL
.config:5530:warning: override: reassigning to symbol INTEL_MEI
.config:5531:warning: override: reassigning to symbol EFI_DXE_MEM_ATTRIBUTES
.config:5532:warning: override: reassigning to symbol PTDUMP
.config:5533:warning: override: reassigning to symbol INPUT_JOYSTICK
.config:5534:warning: override: reassigning to symbol HID
.config:5535:warning: override: reassigning to symbol EFI_ESRT
.config:5536:warning: override: reassigning to symbol PCPU_DEV_REFCNT
.config:5537:warning: override: reassigning to symbol NUMA
.config:5538:warning: override: reassigning to symbol ACPI_SYSTEM_POWER_STATES_SUPPORT
.config:5539:warning: override: reassigning to symbol CRYPTO_LIB_GF128HASH
.config:5540:warning: override: reassigning to symbol ARCH_USE_QUEUED_SPINLOCKS
.config:5541:warning: override: reassigning to symbol FS_POSIX_ACL
.config:5542:warning: override: reassigning to symbol BROADCAST_TLB_FLUSH
.config:5543:warning: override: reassigning to symbol NETLABEL
.config:5544:warning: override: reassigning to symbol IP_ROUTE_VERBOSE
.config:5545:warning: override: reassigning to symbol ARCH_HAS_CPU_PASID
.config:5546:warning: override: reassigning to symbol WLAN_VENDOR_ATH
.config:5547:warning: override: reassigning to symbol BLK_DEV_BSG_COMMON
.config:5548:warning: override: reassigning to symbol CRYPTO_LZO
.config:5549:warning: override: reassigning to symbol X86_VMX_FEATURE_NAMES
.config:5550:warning: override: reassigning to symbol ACPI_BATTERY
.config:5551:warning: override: reassigning to symbol IP_MROUTE
.config:5552:warning: override: reassigning to symbol HAVE_JUMP_LABEL_HACK
.config:5553:warning: override: reassigning to symbol ARCH_SUPPORTS_INT128
.config:5554:warning: override: reassigning to symbol LOCKD
.config:5555:warning: override: reassigning to symbol FS_IOMAP
.config:5556:warning: override: reassigning to symbol IRQ_WORK
.config:5557:warning: override: reassigning to symbol MITIGATION_CALL_DEPTH_TRACKING
.config:5558:warning: override: reassigning to symbol ACPI_PRMT
.config:5559:warning: override: reassigning to symbol X86_DISABLED_FEATURE_CENTAUR_MCR
.config:5560:warning: override: reassigning to symbol GENERIC_CLOCKEVENTS_BROADCAST
.config:5561:warning: override: reassigning to symbol IRQ_DOMAIN
.config:5562:warning: override: reassigning to symbol MITIGATION_SRBDS
.config:5563:warning: override: reassigning to symbol PROFILING
.config:5564:warning: override: reassigning to symbol HARDLOCKUP_CHECK_TIMESTAMP
.config:5565:warning: override: reassigning to symbol ROOT_NFS
.config:5566:warning: override: reassigning to symbol SCSI_VIRTIO
.config:5567:warning: override: reassigning to symbol MITIGATION_IBPB_ENTRY
.config:5568:warning: override: reassigning to symbol HAVE_ARCH_COMPAT_MMAP_BASES
.config:5569:warning: override: reassigning to symbol HAVE_KERNEL_ZSTD
.config:5570:warning: override: reassigning to symbol OBJTOOL
.config:5571:warning: override: reassigning to symbol XFRM_USER
.config:5572:warning: override: reassigning to symbol FILE_LOCKING
.config:5573:warning: override: reassigning to symbol ARCH_SUPPORTS_NUMA_BALANCING
.config:5574:warning: override: reassigning to symbol PTP_1588_CLOCK_OPTIONAL
.config:5575:warning: override: reassigning to symbol WLAN_VENDOR_PURELIFI
.config:5576:warning: override: reassigning to symbol E1000
.config:5577:warning: override: reassigning to symbol SCHED_HRTICK
.config:5578:warning: override: reassigning to symbol GENERIC_NET_UTILS
.config:5579:warning: override: reassigning to symbol ACPI_PLATFORM_PROFILE
.config:5580:warning: override: reassigning to symbol GENERIC_CMOS_UPDATE
.config:5581:warning: override: reassigning to symbol NF_LOG_ARP
.config:5582:warning: override: reassigning to symbol ARCH_HAS_GENERIC_CRASHKERNEL_RESERVATION
.config:5583:warning: override: reassigning to symbol HAVE_ARCH_HUGE_VMALLOC
.config:5584:warning: override: reassigning to symbol CROSS_MEMORY_ATTACH
.config:5585:warning: override: reassigning to symbol INET
.config:5586:warning: override: reassigning to symbol SCSI_SPI_ATTRS
.config:5587:warning: override: reassigning to symbol I2C_I801
.config:5588:warning: override: reassigning to symbol CPU_FREQ_GOV_ATTR_SET
.config:5589:warning: override: reassigning to symbol AS_WRUSS
.config:5590:warning: override: reassigning to symbol PCCARD_NONSTATIC
.config:5591:warning: override: reassigning to symbol CRYPTO_ALGAPI2
.config:5592:warning: override: reassigning to symbol DEBUG_ENTRY
.config:5593:warning: override: reassigning to symbol HAVE_IOREMAP_PROT
.config:5594:warning: override: reassigning to symbol HAVE_DYNAMIC_FTRACE_WITH_ARGS
.config:5595:warning: override: reassigning to symbol SYSVIPC_COMPAT
.config:5596:warning: override: reassigning to symbol PREVENT_FIRMWARE_BUILD
.config:5597:warning: override: reassigning to symbol MQ_IOSCHED_DEADLINE
.config:5598:warning: override: reassigning to symbol BINARY_PRINTF
.config:5599:warning: override: reassigning to symbol INPUT_MOUSE
.config:5600:warning: override: reassigning to symbol X86_VSYSCALL_EMULATION
.config:5601:warning: override: reassigning to symbol ARCH_WANT_GENERAL_HUGETLB
.config:5602:warning: override: reassigning to symbol HOTPLUG_CORE_SYNC_FULL
.config:5603:warning: override: reassigning to symbol SCSI_DMA
.config:5604:warning: override: reassigning to symbol X86_REQUIRED_FEATURE_PGE
.config:5605:warning: override: reassigning to symbol HID_SAMSUNG
.config:5606:warning: override: reassigning to symbol BUFFER_HEAD
.config:5607:warning: override: reassigning to symbol 64BIT
.config:5608:warning: override: reassigning to symbol HAVE_VIRT_CPU_ACCOUNTING_GEN
.config:5609:warning: override: reassigning to symbol HZ_1000
.config:5610:warning: override: reassigning to symbol IPC_NS
.config:5611:warning: override: reassigning to symbol HUGETLB_PAGE
.config:5612:warning: override: reassigning to symbol ACPI_MADT_WAKEUP
.config:5613:warning: override: reassigning to symbol ARCH_CPUIDLE_HALTPOLL
.config:5614:warning: override: reassigning to symbol HAVE_RELIABLE_STACKTRACE
.config:5615:warning: override: reassigning to symbol SCHED_SMT
.config:5616:warning: override: reassigning to symbol NEED_PER_CPU_EMBED_FIRST_CHUNK
.config:5617:warning: override: reassigning to symbol ARCH_SUPPORTS_PAGE_TABLE_CHECK
.config:5618:warning: override: reassigning to symbol CRYPTO_SIG
.config:5619:warning: override: reassigning to symbol XFRM
.config:5620:warning: override: reassigning to symbol LOCALVERSION_AUTO
.config:5621:warning: override: reassigning to symbol SLAB_MERGE_DEFAULT
.config:5622:warning: override: reassigning to symbol CPU_ISOLATION
.config:5623:warning: override: reassigning to symbol X86_BOOTPARAM_MEMORY_CORRUPTION_CHECK
.config:5624:warning: override: reassigning to symbol IP_PNP_BOOTP
.config:5625:warning: override: reassigning to symbol SERIAL_8250_PCI
.config:5626:warning: override: reassigning to symbol CRYPTO_CTS
.config:5627:warning: override: reassigning to symbol ARCH_SUPPORTS_KEXEC_BZIMAGE_VERIFY_SIG
.config:5628:warning: override: reassigning to symbol SECURITY_NETWORK
.config:5629:warning: override: reassigning to symbol LD_CAN_USE_KEEP_IN_OVERLAY
.config:5630:warning: override: reassigning to symbol RD_GZIP
.config:5631:warning: override: reassigning to symbol NET_VENDOR_MICROSOFT
.config:5632:warning: override: reassigning to symbol HAVE_KERNEL_LZ4
.config:5633:warning: override: reassigning to symbol HAVE_RETHOOK
.config:5634:warning: override: reassigning to symbol GENERIC_EARLY_IOREMAP
.config:5635:warning: override: reassigning to symbol MD
.config:5636:warning: override: reassigning to symbol ARCH_DEFAULT_CRASH_DUMP
.config:5637:warning: override: reassigning to symbol MOUSE_PS2_BYD
.config:5638:warning: override: reassigning to symbol REGMAP
.config:5639:warning: override: reassigning to symbol DECOMPRESS_XZ
.config:5640:warning: override: reassigning to symbol X86_DISABLED_FEATURE_K6_MTRR
.config:5641:warning: override: reassigning to symbol ARCH_MIGHT_HAVE_PC_PARPORT
.config:5642:warning: override: reassigning to symbol KVM_GUEST
.config:5643:warning: override: reassigning to symbol XZ_DEC
.config:5644:warning: override: reassigning to symbol CRYPTO_ECHAINIV
.config:5645:warning: override: reassigning to symbol MULTIUSER
.config:5646:warning: override: reassigning to symbol NEED_DMA_MAP_STATE
.config:5647:warning: override: reassigning to symbol EARLY_PRINTK_USB
.config:5648:warning: override: reassigning to symbol NET_FAILOVER
.config:5649:warning: override: reassigning to symbol X86_BUS_LOCK_DETECT
.config:5650:warning: override: reassigning to symbol CC_NO_STRINGOP_OVERFLOW
.config:5651:warning: override: reassigning to symbol ZSTD_COMMON
.config:5652:warning: override: reassigning to symbol EXT4_FS_POSIX_ACL
.config:5653:warning: override: reassigning to symbol ZSTD_DECOMPRESS
.config:5654:warning: override: reassigning to symbol X86_IOPL_IOPERM
.config:5655:warning: override: reassigning to symbol HAVE_KLP_BUILD
.config:5656:warning: override: reassigning to symbol PM_TRACE_RTC
.config:5657:warning: override: reassigning to symbol LD_ORPHAN_WARN
.config:5658:warning: override: reassigning to symbol PATA_TIMINGS
.config:5659:warning: override: reassigning to symbol USB_OHCI_HCD_PCI
.config:5660:warning: override: reassigning to symbol HAVE_GENERIC_VDSO
.config:5661:warning: override: reassigning to symbol ASN1
.config:5662:warning: override: reassigning to symbol NF_REJECT_IPV4
.config:5663:warning: override: reassigning to symbol PCIEPORTBUS
.config:5664:warning: override: reassigning to symbol CRYPTO_HASH2
.config:5665:warning: override: reassigning to symbol TASK_XACCT
.config:5666:warning: override: reassigning to symbol SCHEDSTATS
.config:5667:warning: override: reassigning to symbol EXT4_USE_FOR_EXT2
.config:5668:warning: override: reassigning to symbol NET_VENDOR_AQUANTIA
.config:5669:warning: override: reassigning to symbol PCC
.config:5670:warning: override: reassigning to symbol DEBUG_KERNEL
.config:5671:warning: override: reassigning to symbol HIBERNATION_SNAPSHOT_DEV
.config:5672:warning: override: reassigning to symbol SYSCTL_EXCEPTION_TRACE
.config:5673:warning: override: reassigning to symbol WLAN_VENDOR_ATMEL
.config:5674:warning: override: reassigning to symbol SECTION_MISMATCH_WARN_ONLY
.config:5675:warning: override: reassigning to symbol HID_GENERIC
.config:5676:warning: override: reassigning to symbol DRM_I915_CAPTURE_ERROR
.config:5677:warning: override: reassigning to symbol VIRTUALIZATION
.config:5678:warning: override: reassigning to symbol CRC_CCITT
.config:5679:warning: override: reassigning to symbol NET_VENDOR_VIA
.config:5680:warning: override: reassigning to symbol SPARSE_IRQ
.config:5681:warning: override: reassigning to symbol SND_HDA_I915
.config:5682:warning: override: reassigning to symbol ARCH_USE_CMPXCHG_LOCKREF
.config:5683:warning: override: reassigning to symbol ARCH_PROC_KCORE_TEXT
.config:5684:warning: override: reassigning to symbol USB_XHCI_PCI
.config:5685:warning: override: reassigning to symbol CPU_FREQ_GOV_COMMON
.config:5686:warning: override: reassigning to symbol HID_SUNPLUS
.config:5687:warning: override: reassigning to symbol GENERIC_CLOCKEVENTS_COUPLED
.config:5688:warning: override: reassigning to symbol GRACE_PERIOD
.config:5689:warning: override: reassigning to symbol PCMCIA
.config:5690:warning: override: reassigning to symbol RWSEM_SPIN_ON_OWNER
.config:5691:warning: override: reassigning to symbol HAVE_ARCH_KFENCE
.config:5692:warning: override: reassigning to symbol NET_VENDOR_XIRCOM
.config:5693:warning: override: reassigning to symbol MSDOS_PARTITION
.config:5694:warning: override: reassigning to symbol NET_VENDOR_AMAZON
.config:5695:warning: override: reassigning to symbol PM_SLEEP_DEBUG
.config:5696:warning: override: reassigning to symbol SCSI_PROC_FS
.config:5697:warning: override: reassigning to symbol NFS_USE_KERNEL_DNS
.config:5698:warning: override: reassigning to symbol CARDBUS
.config:5699:warning: override: reassigning to symbol IPV6_SIT
.config:5700:warning: override: reassigning to symbol HAVE_FUNCTION_ERROR_INJECTION
.config:5701:warning: override: reassigning to symbol NET_VENDOR_AMD
.config:5702:warning: override: reassigning to symbol NET_RX_BUSY_POLL
.config:5703:warning: override: reassigning to symbol BLK_DEV_MD
.config:5704:warning: override: reassigning to symbol MSDOS_FS
.config:5705:warning: override: reassigning to symbol ARCH_USE_BUILTIN_BSWAP
.config:5706:warning: override: reassigning to symbol IP_ROUTE_MULTIPATH
.config:5707:warning: override: reassigning to symbol GPU_BUDDY
.config:5708:warning: override: reassigning to symbol ARCH_SUPPORTS_HUGETLBFS
.config:5709:warning: override: reassigning to symbol X86_MPPARSE
.config:5710:warning: override: reassigning to symbol HAVE_CONTEXT_TRACKING_USER
.config:5711:warning: override: reassigning to symbol BLK_CGROUP_IOPRIO
.config:5712:warning: override: reassigning to symbol MODIFY_LDT_SYSCALL
.config:5713:warning: override: reassigning to symbol ACPI_WMI
.config:5714:warning: override: reassigning to symbol DUMMY_CONSOLE
.config:5715:warning: override: reassigning to symbol RUNTIME_TESTING_MENU
.config:5716:warning: override: reassigning to symbol WLAN_VENDOR_MEDIATEK
.config:5717:warning: override: reassigning to symbol I2C_ALGOBIT
.config:5718:warning: override: reassigning to symbol ARCH_SUPPORTS_KEXEC_SIG
.config:5719:warning: override: reassigning to symbol NET_VENDOR_RDC
.config:5720:warning: override: reassigning to symbol USB_HIDDEV
.config:5721:warning: override: reassigning to symbol SCHED_OMIT_FRAME_POINTER
.config:5722:warning: override: reassigning to symbol ACPI_NHLT
.config:5723:warning: override: reassigning to symbol NET_VENDOR_TEHUTI
.config:5724:warning: override: reassigning to symbol CPU_IDLE_GOV_HALTPOLL
.config:5725:warning: override: reassigning to symbol USB_MON
.config:5726:warning: override: reassigning to symbol CFG80211_USE_KERNEL_REGDB_KEYS
.config:5727:warning: override: reassigning to symbol FIB_RULES
.config:5728:warning: override: reassigning to symbol I8253_LOCK
.config:5729:warning: override: reassigning to symbol NF_LOG_SYSLOG
.config:5730:warning: override: reassigning to symbol USER_STACKTRACE_SUPPORT
.config:5731:warning: override: reassigning to symbol TRACEPOINTS
.config:5732:warning: override: reassigning to symbol TOOLS_SUPPORT_RELR
.config:5733:warning: override: reassigning to symbol CFG80211
.config:5734:warning: override: reassigning to symbol DRM_PANEL
.config:5735:warning: override: reassigning to symbol HUGETLB_PAGE_OPTIMIZE_VMEMMAP
.config:5736:warning: override: reassigning to symbol MD_BITMAP_FILE
.config:5737:warning: override: reassigning to symbol HAVE_PV_STEAL_CLOCK_GEN
.config:5738:warning: override: reassigning to symbol HAVE_ACPI_APEI_NMI
.config:5739:warning: override: reassigning to symbol ARCH_SUPPORTS_KEXEC
.config:5740:warning: override: reassigning to symbol SCSI
.config:5741:warning: override: reassigning to symbol STRICT_MODULE_RWX
.config:5742:warning: override: reassigning to symbol NET_VENDOR_GOOGLE
.config:5743:warning: override: reassigning to symbol IO_URING_BPF
.config:5744:warning: override: reassigning to symbol CACHESTAT_SYSCALL
.config:5745:warning: override: reassigning to symbol HAVE_MOD_ARCH_SPECIFIC
.config:5746:warning: override: reassigning to symbol ARCH_HAS_NMI_SAFE_THIS_CPU_OPS
.config:5747:warning: override: reassigning to symbol INTEL_TCC
.config:5748:warning: override: reassigning to symbol LOCKDEP_SUPPORT
.config:5749:warning: override: reassigning to symbol ARCH_SUPPORTS_PER_VMA_LOCK
.config:5750:warning: override: reassigning to symbol NVMEM_SYSFS
.config:5751:warning: override: reassigning to symbol FAIR_GROUP_SCHED
.config:5752:warning: override: reassigning to symbol NET_VENDOR_MELLANOX
.config:5753:warning: override: reassigning to symbol NLS_ISO8859_1
.config:5754:warning: override: reassigning to symbol CRYPTO_LIB_AES
.config:5755:warning: override: reassigning to symbol DRM_DISPLAY_DSC_HELPER
.config:5756:warning: override: reassigning to symbol CGROUP_NET_PRIO
.config:5757:warning: override: reassigning to symbol EARLY_PRINTK_DBGP
.config:5758:warning: override: reassigning to symbol CONSOLE_TRANSLATIONS
.config:5759:warning: override: reassigning to symbol DRM_TTM
.config:5760:warning: override: reassigning to symbol HVC_DRIVER
.config:5761:warning: override: reassigning to symbol VIRTIO_DMA_SHARED_BUFFER
.config:5762:warning: override: reassigning to symbol DRM_DISPLAY_HDCP_HELPER
.config:5763:warning: override: reassigning to symbol INET6_ESP
.config:5764:warning: override: reassigning to symbol CRYPTO_LIB_AES_ARCH
.config:5765:warning: override: reassigning to symbol NUMA_MIGRATION
.config:5766:warning: override: reassigning to symbol NET_9P_VIRTIO
.config:5767:warning: override: reassigning to symbol ARCH_HAS_CPU_CACHE_INVALIDATE_MEMREGION
.config:5768:warning: override: reassigning to symbol ARCH_HAS_FAST_MULTIPLIER
.config:5769:warning: override: reassigning to symbol SND_PCM
.config:5770:warning: override: reassigning to symbol VIRTIO
.config:5771:warning: override: reassigning to symbol ADVISE_SYSCALLS
.config:5772:warning: override: reassigning to symbol COMPAT_32BIT_TIME
.config:5773:warning: override: reassigning to symbol NET_VENDOR_REALTEK
.config:5774:warning: override: reassigning to symbol PROVIDE_OHCI1394_DMA_INIT
.config:5775:warning: override: reassigning to symbol MAC80211
.config:5776:warning: override: reassigning to symbol SND_DMA_SGBUF
.config:5777:warning: override: reassigning to symbol DRM_PANEL_ORIENTATION_QUIRKS
.config:5778:warning: override: reassigning to symbol HID_TOPSEED
.config:5779:warning: override: reassigning to symbol NET_SELFTESTS
.config:5780:warning: override: reassigning to symbol DRM_DISPLAY_HDMI_HELPER
.config:5781:warning: override: reassigning to symbol MITIGATION_UNRET_ENTRY
.config:5795:warning: override: reassigning to symbol PRINTK
.config:5799:warning: override: reassigning to symbol TTY
.config:5802:warning: override: reassigning to symbol BLK_DEV_INITRD
.config:5803:warning: override: reassigning to symbol RD_GZIP
.config:5806:warning: override: reassigning to symbol BINFMT_ELF
.config:5807:warning: override: reassigning to symbol BINFMT_SCRIPT
.config:5810:warning: override: reassigning to symbol TMPFS
.config:5813:warning: override: reassigning to symbol KERNEL_GZIP
.config:5816:warning: override: reassigning to symbol DRM
.config:5817:warning: override: reassigning to symbol SOUND
.config:5818:warning: override: reassigning to symbol STAGING
.config:5819:warning: override: reassigning to symbol INFINIBAND
.config:5820:warning: override: reassigning to symbol MEDIA_SUPPORT
.config:5822:warning: override: reassigning to symbol SERIAL_8250
.config:5823:warning: override: reassigning to symbol SERIAL_8250_CONSOLE
#
# configuration written to .config
#
make[4]: Leaving directory '/home/benni/git/kernel-test-stable/build/randdefconfig-x86_64'
make[3]: Leaving directory '/home/benni/git/linux-stable'
make[3]: Entering directory '/home/benni/git/linux-stable'
make[4]: Entering directory '/home/benni/git/kernel-test-stable/build/randdefconfig-x86_64'
  SYNC    include/config/auto.conf
  WRAP    arch/x86/include/generated/uapi/asm/errno.h
  WRAP    arch/x86/include/generated/uapi/asm/fcntl.h
  UPD     arch/x86/include/generated/asm/cpufeaturemasks.h
  UPD     include/generated/uapi/linux/version.h
  HOSTCC  arch/x86/tools/relocs_32.o
  UPD     include/generated/compile.h
  HOSTCC  arch/x86/tools/relocs_64.o
  DESCEND objtool
  UPD     include/config/kernel.release
  HOSTCC  arch/x86/tools/relocs_common.o
  HOSTCC  arch/x86/tools/vdso2c
  WRAP    arch/x86/include/generated/asm/device.h
  UPD     include/generated/utsrelease.h
  HOSTLD  arch/x86/tools/relocs
  HOSTCC  scripts/kallsyms
  HOSTCC  scripts/sorttable.o
  HOSTCC  scripts/elf-parse.o
  HOSTCC  scripts/asn1_compiler
  HOSTCC  scripts/tracepoint-update.o
  HOSTLD  scripts/sorttable
  HOSTLD  scripts/tracepoint-update
  CC      /home/benni/git/kernel-test-stable/build/randdefconfig-x86_64/tools/objtool/libsubcmd/exec-cmd.o
  CC      /home/benni/git/kernel-test-stable/build/randdefconfig-x86_64/tools/objtool/libsubcmd/help.o
  CC      /home/benni/git/kernel-test-stable/build/randdefconfig-x86_64/tools/objtool/libsubcmd/pager.o
  CC      /home/benni/git/kernel-test-stable/build/randdefconfig-x86_64/tools/objtool/libsubcmd/parse-options.o
  CC      /home/benni/git/kernel-test-stable/build/randdefconfig-x86_64/tools/objtool/libsubcmd/run-command.o
  CC      scripts/mod/empty.o
  HOSTCC  scripts/mod/mk_elfconfig
  CC      /home/benni/git/kernel-test-stable/build/randdefconfig-x86_64/tools/objtool/libsubcmd/sigchain.o
  CC      scripts/mod/devicetable-offsets.s
  CC      /home/benni/git/kernel-test-stable/build/randdefconfig-x86_64/tools/objtool/libsubcmd/subcmd-config.o
  MKELF   scripts/mod/elfconfig.h
  HOSTCC  scripts/mod/modpost.o
  HOSTCC  scripts/mod/sumversion.o
  HOSTCC  scripts/mod/symsearch.o
  HOSTCC  scripts/mod/file2alias.o
  HOSTLD  scripts/mod/modpost
  CC      kernel/bounds.s
  LD      /home/benni/git/kernel-test-stable/build/randdefconfig-x86_64/tools/objtool/libsubcmd/libsubcmd-in.o
  CC      arch/x86/kernel/asm-offsets.s
  AR      /home/benni/git/kernel-test-stable/build/randdefconfig-x86_64/tools/objtool/libsubcmd/libsubcmd.a
  CC      /home/benni/git/kernel-test-stable/build/randdefconfig-x86_64/tools/objtool/weak.o
  CC      /home/benni/git/kernel-test-stable/build/randdefconfig-x86_64/tools/objtool/check.o
  CC      /home/benni/git/kernel-test-stable/build/randdefconfig-x86_64/tools/objtool/arch/x86/decode.o
  CC      /home/benni/git/kernel-test-stable/build/randdefconfig-x86_64/tools/objtool/special.o
  CC      /home/benni/git/kernel-test-stable/build/randdefconfig-x86_64/tools/objtool/builtin-check.o
  UPD     include/generated/asm-offsets.h
  CC      kernel/sched/rq-offsets.s
  GEN     /home/benni/git/kernel-test-stable/build/randdefconfig-x86_64/tools/objtool/arch/x86/lib/cpu-feature-names.c
  CC      /home/benni/git/kernel-test-stable/build/randdefconfig-x86_64/tools/objtool/arch/x86/orc.o
  CC      /home/benni/git/kernel-test-stable/build/randdefconfig-x86_64/tools/objtool/elf.o
  CC      /home/benni/git/kernel-test-stable/build/randdefconfig-x86_64/tools/objtool/arch/x86/special.o
  LD      /home/benni/git/kernel-test-stable/build/randdefconfig-x86_64/tools/objtool/arch/x86/objtool-in.o
  CC      /home/benni/git/kernel-test-stable/build/randdefconfig-x86_64/tools/objtool/klp-symid.o
  CC      /home/benni/git/kernel-test-stable/build/randdefconfig-x86_64/tools/objtool/objtool.o
  CC      /home/benni/git/kernel-test-stable/build/randdefconfig-x86_64/tools/objtool/disas.o
  UPD     include/generated/rq-offsets.h
  CALL    /home/benni/git/linux-stable/scripts/checksyscalls.sh 
  CC      /home/benni/git/kernel-test-stable/build/randdefconfig-x86_64/tools/objtool/trace.o
  CC      /home/benni/git/kernel-test-stable/build/randdefconfig-x86_64/tools/objtool/orc_gen.o
  CC      /home/benni/git/kernel-test-stable/build/randdefconfig-x86_64/tools/objtool/orc_dump.o
  CC      /home/benni/git/kernel-test-stable/build/randdefconfig-x86_64/tools/objtool/builtin-klp.o
  CC      /home/benni/git/kernel-test-stable/build/randdefconfig-x86_64/tools/objtool/klp-checksum.o
  CC      /home/benni/git/kernel-test-stable/build/randdefconfig-x86_64/tools/objtool/klp-diff.o
  CC      /home/benni/git/kernel-test-stable/build/randdefconfig-x86_64/tools/objtool/klp-post-link.o
  CC      /home/benni/git/kernel-test-stable/build/randdefconfig-x86_64/tools/objtool/klp-sympos.o
  CC      /home/benni/git/kernel-test-stable/build/randdefconfig-x86_64/tools/objtool/libstring.o
  CC      /home/benni/git/kernel-test-stable/build/randdefconfig-x86_64/tools/objtool/libctype.o
  CC      /home/benni/git/kernel-test-stable/build/randdefconfig-x86_64/tools/objtool/str_error_r.o
  CC      /home/benni/git/kernel-test-stable/build/randdefconfig-x86_64/tools/objtool/librbtree.o
  CC      /home/benni/git/kernel-test-stable/build/randdefconfig-x86_64/tools/objtool/signal.o
  LD      /home/benni/git/kernel-test-stable/build/randdefconfig-x86_64/tools/objtool/objtool-in.o
  LINK    /home/benni/git/kernel-test-stable/build/randdefconfig-x86_64/tools/objtool/objtool
  HOSTCC  usr/gen_init_cpio
  AS      arch/x86/boot/startup/efi-mixed.o
  CC      init/main.o
  AS      arch/x86/boot/startup/la57toggle.o
  CC      arch/x86/boot/startup/gdt_idt.o
  GEN     usr/initramfs_data.cpio
  CC      kernel/fork.o
  COPY    usr/initramfs_inc_data
  AS      usr/initramfs_data.o
  AR      usr/built-in.a
  UPD     init/utsversion-tmp.h
  CC      certs/system_keyring.o
  CC      arch/x86/boot/startup/map_kernel.o
  HOSTCC  certs/extract-cert
  AR      arch/x86/boot/startup/lib.a
  OBJCOPY arch/x86/boot/startup/gdt_idt.pi.o
  OBJCOPY arch/x86/boot/startup/map_kernel.pi.o
  AR      arch/x86/boot/startup/built-in.a
  AS      arch/x86/entry/entry.o
  CERT    certs/x509_certificate_list
  CERT    certs/signing_key.x509
  AS      certs/system_certificates.o
  AS      arch/x86/entry/entry_64.o
  AR      certs/built-in.a
  CC      arch/x86/entry/syscall_64.o
  CC      init/do_mounts.o
  CC      mm/filemap.o
  CC      arch/x86/entry/common.o
  CC      kernel/exec_domain.o
  CC      init/do_mounts_initrd.o
  CC      arch/x86/entry/vdso/vma.o
  CC      kernel/exec_state.o
  CC      init/initramfs.o
  CC      kernel/panic.o
  CC      arch/x86/entry/vdso/extable.o
  CC      mm/mempool.o
  CC      init/calibrate.o
  CC      kernel/cpu.o
  CC      arch/x86/entry/vdso/vdso32-setup.o
  CC      init/init_task.o
  CC      mm/oom_kill.o
  LDS     arch/x86/entry/vdso/vdso64/vdso64.lds
  AS      arch/x86/entry/vdso/vdso64/note.o
  CC      arch/x86/entry/vdso/vdso64/vclock_gettime.o
  CC      init/version.o
  CC      arch/x86/entry/vdso/vdso64/vgetcpu.o
  CC      arch/x86/entry/vdso/vdso64/vgetrandom.o
  AS      arch/x86/entry/vdso/vdso64/vgetrandom-chacha.o
  CC      kernel/exit.o
  AR      init/built-in.a
  CC      arch/x86/entry/vdso/vdso64/vfutex.o
  VDSO    arch/x86/entry/vdso/vdso64/vdso64.so.dbg
  LDS     arch/x86/entry/vdso/vdso32/vdso32.lds
  OBJCOPY arch/x86/entry/vdso/vdso64/vdso64.so
  AS      arch/x86/entry/vdso/vdso32/note.o
  VDSO2C  arch/x86/entry/vdso/vdso64/vdso64-image.c
  CC      arch/x86/entry/vdso/vdso64/vdso64-image.o
  CC      arch/x86/entry/vdso/vdso32/vclock_gettime.o
  CC      mm/fadvise.o
  AR      arch/x86/entry/vdso/vdso64/built-in.a
  CC      arch/x86/events/core.o
  CC      arch/x86/entry/vdso/vdso32/vgetcpu.o
  AS      arch/x86/entry/vdso/vdso32/system_call.o
  AS      arch/x86/entry/vdso/vdso32/sigreturn.o
  CC      arch/x86/entry/vdso/vdso32/vfutex.o
  VDSO    arch/x86/entry/vdso/vdso32/vdso32.so.dbg
  CC      mm/maccess.o
  OBJCOPY arch/x86/entry/vdso/vdso32/vdso32.so
  VDSO2C  arch/x86/entry/vdso/vdso32/vdso32-image.c
  CC      arch/x86/entry/vdso/vdso32/vdso32-image.o
  AR      arch/x86/entry/vdso/vdso32/built-in.a
  CC      kernel/softirq.o
  AR      arch/x86/entry/vdso/built-in.a
  CC      arch/x86/entry/vsyscall/vsyscall_64.o
  CC      mm/page-writeback.o
  CC      arch/x86/events/probe.o
  AS      arch/x86/entry/vsyscall/vsyscall_emu_64.o
  CC      kernel/resource.o
  CC      arch/x86/events/utils.o
  AR      arch/x86/entry/vsyscall/built-in.a
  AS      arch/x86/entry/thunk.o
  AS      arch/x86/entry/entry_64_compat.o
  CC      arch/x86/entry/syscall_32.o
  CC      mm/folio-compat.o
  CC      arch/x86/events/rapl.o
  CC      kernel/sysctl.o
  AR      arch/x86/entry/built-in.a
  CC      arch/x86/events/amd/core.o
  CC      mm/readahead.o
  CC      arch/x86/events/amd/lbr.o
  CC      kernel/capability.o
  CC      arch/x86/events/msr.o
  CC      mm/swap.o
  CC      arch/x86/events/amd/ibs.o
  CC      kernel/ptrace.o
  CC      mm/truncate.o
  CC      arch/x86/events/intel/core.o
  CC      arch/x86/events/amd/uncore.o
  CC      kernel/user.o
  CC      mm/vmscan.o
  CC      kernel/signal.o
  CC      arch/x86/events/amd/iommu.o
  AR      arch/x86/events/amd/built-in.a
  CC      kernel/sys.o
  CC      mm/shrinker.o
  CC      arch/x86/events/zhaoxin/core.o
  CC      arch/x86/events/intel/bts.o
  CC      mm/shmem.o
  CC      kernel/umh.o
  AR      arch/x86/events/zhaoxin/built-in.a
  CC      mm/util.o
  CC      arch/x86/events/intel/ds.o
  CC      kernel/workqueue.o
  CC      arch/x86/realmode/init.o
  CC      mm/mmzone.o
  AS      arch/x86/realmode/rm/header.o
  AS      arch/x86/realmode/rm/trampoline_64.o
  AS      arch/x86/realmode/rm/stack.o
  AS      arch/x86/realmode/rm/reboot.o
  AS      arch/x86/realmode/rm/wakeup_asm.o
  CC      arch/x86/events/intel/knc.o
  CC      arch/x86/realmode/rm/wakemain.o
  CC      arch/x86/realmode/rm/video-mode.o
  CC      mm/vmstat.o
  AS      arch/x86/realmode/rm/copy.o
  AS      arch/x86/realmode/rm/bioscall.o
  CC      arch/x86/realmode/rm/regs.o
  CC      arch/x86/realmode/rm/video-vga.o
  CC      arch/x86/realmode/rm/video-vesa.o
  CC      arch/x86/realmode/rm/video-bios.o
  PASYMS  arch/x86/realmode/rm/pasyms.h
  LDS     arch/x86/realmode/rm/realmode.lds
  LD      arch/x86/realmode/rm/realmode.elf
  RELOCS  arch/x86/realmode/rm/realmode.relocs
  OBJCOPY arch/x86/realmode/rm/realmode.bin
  AS      arch/x86/realmode/rmpiggy.o
  AR      arch/x86/realmode/built-in.a
  CC      arch/x86/events/intel/lbr.o
  CC      fs/open.o
  CC      kernel/pid.o
  CC      mm/backing-dev.o
  CC      arch/x86/events/intel/p4.o
  CC      kernel/task_work.o
  CC      mm/mm_init.o
  CC      fs/read_write.o
  CC      arch/x86/events/intel/p6.o
  CC      kernel/extable.o
  CC      mm/percpu.o
  CC      arch/x86/events/intel/pt.o
  CC      kernel/params.o
  CC      fs/file_table.o
  CC      arch/x86/events/intel/uncore.o
  CC      kernel/kthread.o
  CC      fs/super.o
  CC      mm/slab_common.o
  CC      kernel/sys_ni.o
  CC      fs/char_dev.o
  CC      arch/x86/events/intel/uncore_nhmex.o
  CC      kernel/nsproxy.o
  CC      fs/stat.o
  CC      mm/compaction.o
  CC      arch/x86/events/intel/uncore_snb.o
  CC      kernel/nstree.o
  CC      fs/exec.o
  CC      arch/x86/events/intel/uncore_snbep.o
  CC      kernel/nscommon.o
  CC      kernel/notifier.o
  CC      mm/show_mem.o
  CC      fs/pipe.o
  CC      kernel/ksysfs.o
  CC      mm/interval_tree.o
  CC      arch/x86/events/intel/uncore_discovery.o
  CC      kernel/cred.o
  CC      fs/namei.o
  CC      mm/list_lru.o
  CC      arch/x86/events/intel/cstate.o
  CC      kernel/reboot.o
  CC      mm/workingset.o
  AR      arch/x86/events/intel/built-in.a
  AR      arch/x86/events/built-in.a
  AS      arch/x86/kernel/head_64.o
  CC      arch/x86/kernel/head64.o
  CC      kernel/async.o
  CC      mm/debug.o
  CC      arch/x86/kernel/ebda.o
  CC      kernel/range.o
  CC      kernel/smpboot.o
  CC      fs/fcntl.o
  CC      mm/gup.o
  CC      arch/x86/kernel/platform-quirks.o
  CC      kernel/ucount.o
  CC      arch/x86/kernel/process_64.o
  CC      fs/ioctl.o
  CC      kernel/regset.o
  CC      kernel/ksyms_common.o
  CC      arch/x86/kernel/signal.o
  CC      fs/readdir.o
  CC      mm/mmap_lock.o
  CC      kernel/groups.o
  CC      arch/x86/kernel/signal_64.o
  CC      fs/select.o
  CC      mm/vma_init.o
  CC      kernel/sched/core.o
  CC      arch/x86/kernel/traps.o
  CC      mm/highmem.o
  CC      fs/dcache.o
  CC      mm/memory.o
  CC      arch/x86/kernel/idt.o
  CC      arch/x86/kernel/irq.o
  CC      fs/inode.o
  CC      kernel/sched/fair.o
  CC      arch/x86/kernel/irq_64.o
  CC      fs/attr.o
  CC      arch/x86/kernel/dumpstack_64.o
  CC      mm/mincore.o
  CC      arch/x86/kernel/time.o
  CC      fs/bad_inode.o
  CC      arch/x86/kernel/ioport.o
  CC      mm/mlock.o
  CC      fs/file.o
  CC      arch/x86/kernel/dumpstack.o
  CC      kernel/sched/build_policy.o
  CC      mm/mmap.o
  CC      arch/x86/kernel/nmi.o
  CC      fs/filesystems.o
  CC      fs/namespace.o
  CC      arch/x86/kernel/ldt.o
  CC      mm/mmu_gather.o
  AS      arch/x86/kernel/ibt_selftest.o
  CC      arch/x86/kernel/setup.o
  CC      mm/mprotect.o
  CC      kernel/sched/build_utility.o
  CC      arch/x86/kernel/x86_init.o
  CC      fs/seq_file.o
  CC      mm/mremap.o
  CC      arch/x86/kernel/i8259.o
  CC      fs/xattr.o
  CC      arch/x86/kernel/irqinit.o
  CC      mm/msync.o
  CC      arch/x86/kernel/irq_work.o
  CC      mm/page_vma_mapped.o
  CC      fs/libfs.o
  AR      kernel/sched/built-in.a
  CC      kernel/locking/mutex.o
  CC      arch/x86/kernel/probe_roms.o
  CC      mm/pagewalk.o
  CC      fs/fs-writeback.o
  CC      arch/x86/kernel/sys_ia32.o
  CC      kernel/locking/semaphore.o
  CC      mm/pgtable-generic.o
  CC      arch/x86/kernel/signal_32.o
  CC      kernel/locking/rwsem.o
  CC      mm/rmap.o
  CC      arch/x86/kernel/sys_x86_64.o
  CC      kernel/locking/percpu-rwsem.o
  CC      fs/pnode.o
  CC      kernel/locking/spinlock.o
  CC      arch/x86/kernel/espfix_64.o
  CC      fs/splice.o
  CC      mm/vmalloc.o
  CC      kernel/locking/osq_lock.o
  CC      kernel/locking/qspinlock.o
  CC      arch/x86/kernel/ksysfs.o
  CC      kernel/locking/rtmutex_api.o
  CC      fs/sync.o
  CC      arch/x86/kernel/bootflag.o
  CC      arch/x86/kernel/e820.o
  CC      kernel/locking/qrwlock.o
  CC      fs/utimes.o
  CC      mm/vma.o
  AR      kernel/locking/built-in.a
  CC      kernel/power/qos.o
  CC      fs/d_path.o
  CC      arch/x86/kernel/pci-dma.o
  CC      arch/x86/kernel/quirks.o
  CC      kernel/power/main.o
  CC      fs/stack.o
  CC      mm/vma_exec.o
  CC      arch/x86/kernel/kdebugfs.o
  CC      fs/fs_struct.o
  CC      kernel/power/console.o
  CC      mm/mseal.o
  CC      arch/x86/kernel/alternative.o
  CC      fs/statfs.o
  CC      kernel/power/process.o
  CC      mm/page_alloc.o
  CC      fs/fs_pin.o
  CC      arch/x86/kernel/i8253.o
  CC      kernel/power/suspend.o
  CC      fs/nsfs.o
  CC      arch/x86/kernel/hw_breakpoint.o
  CC      kernel/power/hibernate.o
  CC      fs/fs_dirent.o
  CC      arch/x86/kernel/tsc.o
  CC      fs/fs_context.o
  CC      kernel/power/snapshot.o
  CC      mm/page_frag_cache.o
  CC      arch/x86/kernel/tsc_msr.o
  CC      fs/fs_parser.o
  CC      arch/x86/kernel/io_delay.o
  CC      mm/init-mm.o
  CC      fs/fsopen.o
  CC      arch/x86/kernel/rtc.o
  CC      kernel/power/swap.o
  CC      mm/memblock.o
  CC      arch/x86/kernel/resource.o
  CC      fs/init.o
  AS      arch/x86/kernel/irqflags.o
  CC      arch/x86/kernel/static_call.o
  CC      kernel/power/poweroff.o
  CC      arch/x86/kernel/process.o
  CC      mm/slub.o
  CC      fs/kernel_read_file.o
  AR      kernel/power/built-in.a
  CC      kernel/printk/printk.o
  CC      fs/mnt_idmapping.o
  CC      arch/x86/kernel/fpu/init.o
  CC      fs/remap_range.o
  CC      kernel/printk/printk_safe.o
  CC      arch/x86/kernel/fpu/bugs.o
  CC      arch/x86/kernel/fpu/core.o
  CC      fs/pidfs.o
  CC      kernel/printk/nbcon.o
  CC      arch/x86/kernel/fpu/regset.o
  CC      kernel/printk/printk_ringbuffer.o
  CC      mm/madvise.o
  CC      fs/file_attr.o
  CC      arch/x86/kernel/fpu/signal.o
  CC      kernel/printk/sysctl.o
  AR      kernel/printk/built-in.a
  CC      kernel/irq/irqdesc.o
  CC      arch/x86/kernel/fpu/xstate.o
  CC      mm/page_io.o
  CC      fs/fserror.o
  CC      kernel/irq/handle.o
  CC      fs/nullfs.o
  CC      mm/swap_state.o
  AR      arch/x86/kernel/fpu/built-in.a
  CC      arch/x86/kernel/ptrace.o
  CC      kernel/irq/manage.o
  CC      fs/buffer.o
  CC      mm/swapfile.o
  CC      arch/x86/kernel/tls.o
  CC      kernel/irq/spurious.o
  CC      arch/x86/kernel/step.o
  CC      fs/mpage.o
  CC      kernel/irq/resend.o
  CC      arch/x86/kernel/i8237.o
  CC      mm/dmapool.o
  CC      kernel/irq/chip.o
  CC      arch/x86/kernel/stacktrace.o
  CC      fs/proc_namespace.o
  CC      mm/hugetlb.o
  CC      arch/x86/kernel/cpu/cacheinfo.o
  CC      kernel/irq/dummychip.o
  CC      fs/direct-io.o
  CC      kernel/irq/devres.o
  CC      arch/x86/kernel/cpu/scattered.o
  CC      fs/notify/fsnotify.o
  CC      kernel/irq/kexec.o
  CC      arch/x86/kernel/cpu/topology_common.o
  CC      kernel/irq/autoprobe.o
  CC      arch/x86/kernel/cpu/topology_ext.o
  CC      fs/notify/notification.o
  CC      mm/hugetlb_sysfs.o
  CC      kernel/irq/irqdomain.o
  CC      arch/x86/kernel/cpu/topology_amd.o
  CC      fs/notify/group.o
  CC      mm/hugetlb_sysctl.o
  CC      arch/x86/kernel/cpu/cpuid_parser.o
  CC      arch/x86/kernel/cpu/common.o
  CC      kernel/irq/proc.o
  CC      fs/notify/mark.o
  CC      mm/hugetlb_vmemmap.o
  CC      kernel/irq/migration.o
  CC      fs/notify/fdinfo.o
  CC      arch/x86/kernel/cpu/rdrand.o
  CC      arch/x86/kernel/cpu/match.o
  CC      mm/sparse.o
  CC      kernel/irq/cpuhotplug.o
  CC      fs/notify/dnotify/dnotify.o
  CC      arch/x86/kernel/cpu/bugs.o
  CC      kernel/irq/pm.o
  CC      mm/sparse-vmemmap.o
  AR      fs/notify/dnotify/built-in.a
  CC      fs/notify/inotify/inotify_fsnotify.o
  CC      kernel/irq/msi.o
  CC      fs/notify/inotify/inotify_user.o
  CC      mm/mmu_notifier.o
  CC      arch/x86/kernel/cpu/aperfmperf.o
  CC      kernel/irq/affinity.o
  AR      fs/notify/inotify/built-in.a
  AR      fs/notify/built-in.a
  CC      fs/eventpoll.o
  CC      mm/migrate.o
  CC      arch/x86/kernel/cpu/cpuid-deps.o
  CC      kernel/irq/matrix.o
  CC      arch/x86/kernel/cpu/cpuid_0x2_table.o
  CC      mm/page_counter.o
  CC      fs/anon_inodes.o
  CC      arch/x86/kernel/cpu/umwait.o
  AR      kernel/irq/built-in.a
  CC      kernel/rcu/update.o
  CC      mm/hugetlb_cgroup.o
  CC      fs/signalfd.o
  MKCAP   arch/x86/kernel/cpu/capflags.c
  CC      mm/early_ioremap.o
  CC      kernel/rcu/sync.o
  CC      fs/timerfd.o
  CC      kernel/rcu/srcutree.o
  CC      mm/secretmem.o
  CC      fs/eventfd.o
  CC      kernel/rcu/tree.o
  CC      mm/memfd.o
  CC      fs/aio.o
  CC      mm/ptdump.o
  CC      mm/execmem.o
  CC      fs/locks.o
  CC      kernel/rcu/rcu_segcblist.o
  AR      mm/built-in.a
  CC      fs/binfmt_misc.o
  CC      arch/x86/kernel/cpu/powerflags.o
  AR      kernel/rcu/built-in.a
  CC      kernel/dma/mapping.o
  CC      arch/x86/kernel/cpu/topology.o
  CC      arch/x86/kernel/cpu/proc.o
  CC      kernel/entry/common.o
  CC      fs/binfmt_script.o
  CC      arch/x86/kernel/cpu/feat_ctl.o
  CC      fs/binfmt_elf.o
  CC      kernel/entry/syscall-common.o
  CC      arch/x86/kernel/cpu/intel.o
  CC      kernel/dma/direct.o
  CC      arch/x86/kernel/cpu/tsx.o
  CC      kernel/entry/syscall_user_dispatch.o
  CC      fs/compat_binfmt_elf.o
  CC      kernel/dma/ops_helpers.o
  CC      arch/x86/kernel/cpu/intel_epb.o
  CC      kernel/dma/swiotlb.o
  AR      kernel/entry/built-in.a
  CC      fs/mbcache.o
  CC      arch/x86/kernel/cpu/amd.o
  CC      arch/x86/kernel/acpi/boot.o
  CC      fs/posix_acl.o
  CC      kernel/dma/remap.o
  CC      arch/x86/kernel/cpu/amd_cache_disable.o
  CC      arch/x86/kernel/acpi/sleep.o
  AR      kernel/dma/built-in.a
  CC      kernel/unwind/user.o
  CC      fs/coredump.o
  CC      arch/x86/kernel/cpu/hygon.o
  CC      kernel/unwind/deferred.o
  AS      arch/x86/kernel/acpi/wakeup_64.o
  CC      arch/x86/kernel/acpi/cppc.o
  CC      arch/x86/kernel/cpu/centaur.o
  AR      kernel/unwind/built-in.a
  CC      kernel/module/main.o
  CC      arch/x86/kernel/cpu/zhaoxin.o
  CC      arch/x86/kernel/acpi/madt_wakeup.o
  CC      fs/drop_caches.o
  CC      arch/x86/kernel/cpu/mce/core.o
  AS      arch/x86/kernel/acpi/madt_playdead.o
  CC      arch/x86/kernel/acpi/cstate.o
  CC      fs/sysctls.o
  AR      arch/x86/kernel/acpi/built-in.a
  CC      fs/fhandle.o
  CC      fs/iomap/trace.o
  CC      kernel/module/strict_rwx.o
  CC      arch/x86/kernel/cpu/mce/severity.o
  CC      kernel/module/kmod.o
  CC      fs/iomap/iter.o
  CC      kernel/freezer.o
  CC      arch/x86/kernel/cpu/mce/genpool.o
  CC      fs/iomap/buffered-io.o
  CC      kernel/module/tree_lookup.o
  CC      kernel/module/kallsyms.o
  CC      arch/x86/kernel/cpu/mce/intel.o
  CC      arch/x86/kernel/reboot.o
  CC      kernel/module/procfs.o
  CC      arch/x86/kernel/cpu/mce/amd.o
  CC      fs/iomap/direct-io.o
  CC      fs/quota/dquot.o
  CC      kernel/module/sysfs.o
  AR      kernel/module/built-in.a
  CC      kernel/stacktrace.o
  CC      fs/iomap/ioend.o
  CC      arch/x86/kernel/cpu/mce/threshold.o
  CC      kernel/time/time.o
  CC      fs/quota/quota_v2.o
  CC      fs/iomap/fiemap.o
  AR      arch/x86/kernel/cpu/mce/built-in.a
  CC      arch/x86/kernel/cpu/mtrr/mtrr.o
  CC      fs/quota/quota_tree.o
  CC      kernel/time/timer.o
  CC      fs/iomap/seek.o
  CC      arch/x86/kernel/cpu/mtrr/if.o
  CC      fs/quota/quota.o
  CC      fs/iomap/bio.o
  CC      arch/x86/kernel/cpu/mtrr/generic.o
  CC      kernel/time/hrtimer.o
  CC      fs/iomap/swapfile.o
  CC      fs/quota/kqid.o
  CC      arch/x86/kernel/cpu/mtrr/cleanup.o
  CC      fs/quota/netlink.o
  AR      fs/iomap/built-in.a
  CC      arch/x86/kernel/cpu/microcode/core.o
  CC      kernel/time/sleep_timeout.o
  AR      arch/x86/kernel/cpu/mtrr/built-in.a
  CC      kernel/time/timekeeping.o
  CC      arch/x86/kernel/cpu/microcode/intel.o
  AR      fs/quota/built-in.a
  CC      fs/proc/task_mmu.o
  CC      ipc/compat.o
  CC      arch/x86/kernel/cpu/microcode/amd.o
  CC      kernel/time/ntp.o
  CC      ipc/util.o
  AR      arch/x86/kernel/cpu/microcode/built-in.a
  CC      arch/x86/kernel/cpu/perfctr-watchdog.o
  CC      kernel/time/clocksource.o
  CC      fs/proc/inode.o
  CC      ipc/msgutil.o
  CC      arch/x86/kernel/cpu/vmware.o
  CC      fs/proc/root.o
  CC      kernel/time/jiffies.o
  CC      ipc/msg.o
  CC      arch/x86/kernel/cpu/hypervisor.o
  CC      kernel/time/timer_list.o
  CC      fs/proc/base.o
  CC      arch/x86/kernel/cpu/mshyperv.o
  CC      kernel/time/timeconv.o
  CC      ipc/sem.o
  CC      arch/x86/kernel/cpu/debugfs.o
  CC      kernel/time/timecounter.o
  CC      kernel/time/alarmtimer.o
  CC      fs/proc/generic.o
  CC      arch/x86/kernel/cpu/capflags.o
  AR      arch/x86/kernel/cpu/built-in.a
  CC      arch/x86/kernel/msr.o
  CC      ipc/shm.o
  CC      fs/proc/array.o
  CC      kernel/time/posix-timers.o
  CC      arch/x86/kernel/cpuid.o
  CC      arch/x86/kernel/early-quirks.o
  CC      fs/proc/fd.o
  CC      kernel/time/posix-cpu-timers.o
  CC      ipc/syscall.o
  CC      arch/x86/kernel/smp.o
  CC      fs/proc/proc_tty.o
  CC      ipc/ipc_sysctl.o
  CC      kernel/time/posix-clock.o
  CC      ipc/mqueue.o
  CC      fs/proc/cmdline.o
  CC      arch/x86/kernel/smpboot.o
  CC      kernel/time/itimer.o
  CC      fs/proc/consoles.o
  CC      fs/proc/cpuinfo.o
  CC      ipc/mq_sysctl.o
  CC      kernel/time/clockevents.o
  CC      arch/x86/kernel/tsc_sync.o
  AR      ipc/built-in.a
  CC      fs/proc/devices.o
  CC      kernel/futex/core.o
  CC      arch/x86/kernel/setup_percpu.o
  CC      kernel/time/tick-common.o
  CC      fs/proc/loadavg.o
  CC      arch/x86/kernel/apic/apic.o
  CC      kernel/futex/syscalls.o
  CC      fs/proc/meminfo.o
  CC      kernel/time/tick-broadcast.o
  CC      kernel/futex/pi.o
  CC      fs/proc/stat.o
  CC      kernel/time/tick-broadcast-hrtimer.o
  CC      arch/x86/kernel/apic/apic_common.o
  CC      fs/proc/uptime.o
  CC      kernel/futex/requeue.o
  CC      arch/x86/kernel/apic/apic_noop.o
  CC      kernel/time/tick-oneshot.o
  CC      fs/proc/util.o
  CC      kernel/futex/waitwake.o
  CC      arch/x86/kernel/apic/ipi.o
  CC      kernel/time/tick-sched.o
  CC      fs/proc/version.o
  AR      kernel/futex/built-in.a
  CC      fs/proc/softirqs.o
  CC      arch/x86/kernel/apic/vector.o
  CC      arch/x86/kernel/apic/init.o
  CC      kernel/time/timer_migration.o
  CC      fs/proc/namespaces.o
  CC      fs/kernfs/mount.o
  CC      fs/proc/self.o
  CC      arch/x86/kernel/apic/hw_nmi.o
  CC      fs/kernfs/inode.o
  CC      kernel/time/vsyscall.o
  CC      arch/x86/kernel/apic/io_apic.o
  CC      fs/proc/thread_self.o
  CC      fs/kernfs/dir.o
  CC      kernel/time/timekeeping_debug.o
  CC      fs/proc/proc_sysctl.o
  CC      kernel/time/namespace.o
  CC      arch/x86/kernel/apic/msi.o
  CC      fs/kernfs/file.o
  CC      kernel/time/namespace_vdso.o
  CC      arch/x86/kernel/apic/x2apic_phys.o
  CC      fs/proc/proc_net.o
  CC      fs/kernfs/symlink.o
  AR      kernel/time/built-in.a
  CC      kernel/dma.o
  CC      arch/x86/kernel/apic/x2apic_cluster.o
  CC      fs/proc/kcore.o
  CC      kernel/smp.o
  AR      fs/kernfs/built-in.a
  CC      arch/x86/mm/init.o
  CC      arch/x86/kernel/apic/apic_flat_64.o
  CC      fs/proc/vmcore.o
  CC      kernel/uid16.o
  CC      arch/x86/kernel/apic/probe_64.o
  CC      arch/x86/mm/init_64.o
  AR      arch/x86/kernel/apic/built-in.a
  CC      arch/x86/kernel/trace_clock.o
  CC      fs/proc/kmsg.o
  CC      arch/x86/kernel/trace.o
  CC      kernel/kallsyms.o
  CC      fs/proc/page.o
  CC      arch/x86/kernel/rethook.o
  CC      arch/x86/mm/fault.o
  AR      fs/proc/built-in.a
  CC      kernel/acct.o
  CC      fs/sysfs/file.o
  CC      arch/x86/kernel/vmcore_info_64.o
  CC      arch/x86/kernel/machine_kexec_64.o
  CC      fs/sysfs/dir.o
  CC      arch/x86/mm/ioremap.o
  CC      kernel/vmcore_info.o
  CC      fs/sysfs/symlink.o
  AS      arch/x86/kernel/relocate_kernel_64.o
  CC      arch/x86/kernel/crash_dump_64.o
  CC      kernel/elfcorehdr.o
  CC      arch/x86/mm/extable.o
  CC      arch/x86/kernel/crash.o
  CC      fs/sysfs/mount.o
  CC      kernel/crash_reserve.o
  CC      arch/x86/mm/mmap.o
  CC      kernel/kexec_core.o
  CC      arch/x86/kernel/kprobes/core.o
  CC      fs/sysfs/group.o
  CC      arch/x86/mm/pgtable.o
  AR      fs/sysfs/built-in.a
  CC      fs/devpts/inode.o
  CC      arch/x86/kernel/kprobes/opt.o
  CC      kernel/crash_core.o
  CC      arch/x86/mm/physaddr.o
  AR      fs/devpts/built-in.a
  CC      fs/netfs/buffered_read.o
  AR      arch/x86/kernel/kprobes/built-in.a
  CC      kernel/kexec.o
  CC      arch/x86/kernel/module.o
  CC      arch/x86/mm/tlb.o
  CC      arch/x86/kernel/early_printk.o
  CC      kernel/compat.o
  CC      fs/netfs/buffered_write.o
  CC      arch/x86/mm/cpu_entry_area.o
  CC      arch/x86/kernel/hpet.o
  CC      kernel/cgroup/cgroup.o
  CC      arch/x86/mm/maccess.o
  CC      fs/netfs/direct_read.o
  CC      arch/x86/mm/pgprot.o
  CC      arch/x86/kernel/amd_nb.o
  CC      fs/netfs/direct_write.o
  CC      arch/x86/mm/pat/set_memory.o
  CC      arch/x86/kernel/amd_node.o
  CC      fs/netfs/iterator.o
  CC      arch/x86/kernel/pcspeaker.o
  CC      arch/x86/mm/pat/memtype.o
  CC      fs/netfs/locking.o
  CC      arch/x86/kernel/check.o
  CC      kernel/cgroup/rstat.o
  CC      arch/x86/kernel/uprobes.o
  CC      arch/x86/mm/pat/memtype_interval.o
  CC      fs/netfs/main.o
  AR      arch/x86/mm/pat/built-in.a
  CC      arch/x86/mm/hugetlbpage.o
  CC      kernel/cgroup/namespace.o
  CC      arch/x86/kernel/perf_regs.o
  CC      arch/x86/mm/dump_pagetables.o
  CC      fs/netfs/misc.o
  CC      kernel/cgroup/cgroup-v1.o
  CC      arch/x86/kernel/itmt.o
  CC      arch/x86/mm/pkeys.o
  CC      fs/netfs/objects.o
  CC      arch/x86/kernel/umip.o
  CC      kernel/cgroup/freezer.o
  CC      arch/x86/mm/kaslr.o
  CC      fs/netfs/read_collect.o
  CC      arch/x86/kernel/unwind_orc.o
  AR      arch/x86/mm/built-in.a
  CC      kernel/cgroup/legacy_freezer.o
  CC      fs/ext4/balloc.o
  CC      arch/x86/kernel/cet.o
  CC      kernel/cgroup/pids.o
  CC      fs/netfs/read_pgpriv2.o
  CC      kernel/cgroup/rdma.o
  CC      fs/ext4/bitmap.o
  CC      arch/x86/kernel/audit_64.o
  CC      fs/netfs/read_retry.o
  CC      fs/ext4/block_validity.o
  CC      arch/x86/kernel/mmconf-fam10h_64.o
  CC      kernel/cgroup/cpuset.o
  CC      fs/netfs/read_single.o
  CC      arch/x86/kernel/vsmp_64.o
  CC      fs/ext4/dir.o
  CC      fs/netfs/rolling_buffer.o
  LDS     arch/x86/kernel/vmlinux.lds
  AR      arch/x86/kernel/built-in.a
  CC      arch/x86/ia32/audit.o
  AR      arch/x86/ia32/built-in.a
  CC      arch/x86/platform/efi/memmap.o
  CC      kernel/cgroup/misc.o
  CC      fs/ext4/ext4_jbd2.o
  CC      fs/netfs/write_collect.o
  AR      kernel/cgroup/built-in.a
  CC      kernel/utsname.o
  CC      arch/x86/platform/efi/quirks.o
  CC      fs/ext4/extents.o
  CC      kernel/pid_namespace.o
  CC      fs/netfs/write_issue.o
  CC      arch/x86/platform/efi/efi.o
  CC      kernel/stop_machine.o
  CC      arch/x86/platform/efi/efi_64.o
  CC      fs/netfs/write_retry.o
  CC      kernel/audit.o
  AR      fs/netfs/built-in.a
  AS      arch/x86/platform/efi/efi_stub_64.o
  CC      fs/jbd2/transaction.o
  AS      arch/x86/platform/efi/efi_thunk_64.o
  CC      arch/x86/platform/efi/runtime-map.o
  CC      fs/ext4/extents_status.o
  AR      arch/x86/platform/efi/built-in.a
  CC      arch/x86/platform/intel/iosf_mbi.o
  CC      fs/jbd2/commit.o
  CC      kernel/auditfilter.o
  AR      arch/x86/platform/intel/built-in.a
  AR      arch/x86/platform/built-in.a
  CC      arch/x86/virt/svm/cmdline.o
  CC      fs/ext4/file.o
  AR      arch/x86/virt/svm/built-in.a
  AR      arch/x86/virt/built-in.a
  AR      arch/x86/built-in.a
  CC      kernel/auditsc.o
  CC      fs/jbd2/recovery.o
  CC      kernel/audit_watch.o
  CC      fs/ext4/fsmap.o
  CC      fs/jbd2/checkpoint.o
  CC      fs/ramfs/inode.o
  CC      kernel/audit_fsnotify.o
  CC      fs/jbd2/revoke.o
  CC      fs/ext4/fsync.o
  CC      fs/ramfs/file-mmu.o
  CC      kernel/audit_tree.o
  CC      fs/jbd2/journal.o
  AR      fs/ramfs/built-in.a
  CC      fs/hugetlbfs/inode.o
  CC      fs/ext4/hash.o
  CC      kernel/kprobes.o
  CC      fs/ext4/ialloc.o
  AR      fs/hugetlbfs/built-in.a
  CC      security/keys/gc.o
  AR      fs/jbd2/built-in.a
  CC      crypto/api.o
  CC      kernel/seccomp.o
  CC      security/keys/key.o
  CC      fs/ext4/indirect.o
  CC      crypto/cipher.o
  CC      security/keys/keyring.o
  CC      crypto/algapi.o
  CC      kernel/relay.o
  CC      fs/ext4/inline.o
  CC      kernel/utsname_sysctl.o
  CC      security/keys/keyctl.o
  CC      crypto/scatterwalk.o
  CC      kernel/delayacct.o
  CC      kernel/taskstats.o
  CC      crypto/proc.o
  CC      fs/ext4/inode.o
  CC      security/keys/permission.o
  CC      crypto/aead.o
  CC      kernel/tsacct.o
  CC      security/keys/process_keys.o
  CC      kernel/tracepoint.o
  CC      crypto/geniv.o
  CC      security/keys/request_key.o
  CC      kernel/trace/trace_clock.o
  CC      crypto/lskcipher.o
  CC      security/keys/request_key_auth.o
  CC      kernel/trace/ring_buffer.o
  CC      fs/ext4/ioctl.o
  CC      crypto/skcipher.o
  CC      security/keys/user_defined.o
  CC      security/keys/compat.o
  CC      crypto/seqiv.o
  CC      fs/ext4/mballoc.o
  CC      security/keys/proc.o
  CC      crypto/ahash.o
  CC      kernel/trace/trace.o
  CC      security/keys/sysctl.o
  CC      crypto/shash.o
  CC      security/keys/keyctl_pkey.o
  AR      security/keys/built-in.a
  CC      security/commoncap.o
  CC      crypto/akcipher.o
  CC      fs/ext4/migrate.o
  CC      kernel/trace/trace_output.o
  CC      crypto/sig.o
  CC      security/lsm_syscalls.o
  CC      fs/ext4/mmp.o
  CC      security/min_addr.o
  ASN.1   crypto/rsapubkey.asn1.[ch]
  ASN.1   crypto/rsaprivkey.asn1.[ch]
  CC      crypto/rsa.o
  CC      kernel/trace/trace_seq.o
  CC      fs/ext4/move_extent.o
  CC      crypto/rsa_helper.o
  CC      security/security.o
  CC      crypto/rsa-pkcs1pad.o
  CC      kernel/trace/trace_stat.o
  CC      fs/ext4/namei.o
  CC      crypto/rsassa-pkcs1.o
  CC      kernel/trace/trace_printk.o
  CC      security/lsm_notifier.o
  CC      crypto/acompress.o
  CC      kernel/trace/trace_pid.o
  CC      security/lsm_init.o
  CC      crypto/scompress.o
  CC      kernel/trace/pid_list.o
  CC      fs/ext4/page-io.o
  CC      security/lsm_audit.o
  CC      crypto/algboss.o
  CC      kernel/trace/trace_sched_switch.o
  CC      fs/ext4/readpage.o
  CC      security/device_cgroup.o
  CC      crypto/testmgr.o
  CC      kernel/trace/trace_nop.o
  CC      fs/ext4/resize.o
  CC      crypto/cmac.o
  CC      security/integrity/iint.o
  CC      kernel/trace/blktrace.o
  CC      crypto/hmac.o
  CC      security/integrity/integrity_audit.o
  CC      fs/ext4/super.o
  CC      crypto/sha1.o
  CC      kernel/trace/trace_events.o
  CC      security/integrity/efi_secureboot.o
  CC      crypto/sha256.o
  AR      security/integrity/built-in.a
  AR      security/built-in.a
  CC      kernel/trace/trace_export.o
  CC      crypto/sha512.o
  CC      block/bdev.o
  CC      kernel/trace/trace_event_perf.o
  CC      crypto/ecb.o
  CC      crypto/cbc.o
  CC      kernel/trace/trace_events_filter.o
  CC      block/fops.o
  CC      crypto/cts.o
  CC      crypto/ctr.o
  CC      block/bio.o
  CC      kernel/trace/trace_events_trigger.o
  CC      crypto/gcm.o
  CC      crypto/ccm.o
  CC      kernel/trace/trace_eprobe.o
  CC      block/elevator.o
  CC      fs/ext4/symlink.o
  CC      crypto/aes.o
  CC      fs/ext4/sysfs.o
  CC      block/blk-core.o
  CC      kernel/trace/error_report-traces.o
  CC      crypto/camellia_generic.o
  CC      fs/ext4/xattr.o
  CC      kernel/trace/power-traces.o
  CC      crypto/authenc.o
  CC      block/blk-sysfs.o
  CC      kernel/trace/rpm-traces.o
  CC      fs/ext4/xattr_hurd.o
  CC      crypto/authencesn.o
  CC      block/blk-flush.o
  CC      fs/ext4/xattr_trusted.o
  CC      kernel/trace/trace_dynevent.o
  CC      crypto/krb5enc.o
  CC      block/blk-settings.o
  CC      fs/ext4/xattr_user.o
  CC      kernel/trace/trace_probe.o
  CC      crypto/lzo.o
  CC      block/blk-ioc.o
  CC      fs/ext4/fast_commit.o
  CC      crypto/lzo-rle.o
  CC      block/blk-map.o
  CC      kernel/trace/trace_uprobe.o
  CC      crypto/lz4.o
  CC      block/blk-merge.o
  CC      fs/ext4/orphan.o
  CC      crypto/asymmetric_keys/asymmetric_type.o
  CC      kernel/trace/rethook.o
  CC      crypto/asymmetric_keys/restrict.o
  CC      fs/ext4/xattr_security.o
  CC      block/blk-timeout.o
  CC      crypto/asymmetric_keys/signature.o
  AR      kernel/trace/built-in.a
  CC      kernel/irq_work.o
  AR      fs/ext4/built-in.a
  CC      fs/fat/cache.o
  CC      crypto/asymmetric_keys/public_key.o
  CC      block/blk-lib.o
  CC      kernel/bpf/core.o
  ASN.1   crypto/asymmetric_keys/x509.asn1.[ch]
  ASN.1   crypto/asymmetric_keys/x509_akid.asn1.[ch]
  CC      crypto/asymmetric_keys/x509_loader.o
  CC      fs/fat/dir.o
  CC      block/blk-mq.o
  CC      crypto/asymmetric_keys/x509_public_key.o
  ASN.1   crypto/asymmetric_keys/pkcs7.asn1.[ch]
  CC      crypto/asymmetric_keys/pkcs7_trust.o
  CC      crypto/asymmetric_keys/pkcs7_verify.o
  CC      fs/fat/fatent.o
  AR      kernel/bpf/built-in.a
  CC      kernel/static_call.o
  CC      crypto/asymmetric_keys/x509.asn1.o
  CC      crypto/asymmetric_keys/x509_akid.asn1.o
  CC      crypto/asymmetric_keys/x509_cert_parser.o
  CC      kernel/static_call_inline.o
  CC      fs/fat/file.o
  CC      block/blk-mq-tag.o
  CC      crypto/asymmetric_keys/pkcs7.asn1.o
  CC      crypto/asymmetric_keys/pkcs7_parser.o
  CC      kernel/events/core.o
  CC      fs/fat/inode.o
  AR      crypto/asymmetric_keys/built-in.a
  CC      crypto/krb5/krb5_kdf.o
  CC      block/blk-mq-dma.o
  CC      crypto/krb5/krb5_api.o
  CC      block/blk-stat.o
  CC      fs/fat/misc.o
  CC      crypto/krb5/rfc3961_simplified.o
  CC      block/blk-mq-sysfs.o
  CC      fs/fat/nfs.o
  CC      crypto/krb5/rfc3962_aes.o
  CC      block/blk-mq-cpumap.o
  CC      fs/fat/namei_vfat.o
  CC      crypto/krb5/rfc6803_camellia.o
  CC      block/blk-mq-sched.o
  CC      crypto/krb5/rfc8009_aes2.o
  AR      fs/fat/built-in.a
  CC      kernel/events/ring_buffer.o
  CC      fs/isofs/namei.o
  AR      crypto/krb5/built-in.a
  CC      crypto/rsapubkey.asn1.o
  CC      crypto/rsaprivkey.asn1.o
  CC      block/ioctl.o
  AR      crypto/built-in.a
  CC      fs/exportfs/expfs.o
  CC      fs/isofs/inode.o
  AR      fs/exportfs/built-in.a
  CC      kernel/events/callchain.o
  CC      kernel/padata.o
  CC      block/genhd.o
  CC      fs/isofs/dir.o
  CC      kernel/events/hw_breakpoint.o
  CC      fs/nls/nls_base.o
  CC      block/ioprio.o
  CC      fs/isofs/util.o
  CC      fs/nls/nls_cp437.o
  CC      kernel/events/uprobes.o
  CC      fs/isofs/rock.o
  CC      fs/nls/nls_ascii.o
  CC      block/badblocks.o
  CC      fs/nls/nls_utf8.o
  CC      fs/isofs/export.o
  CC      block/partitions/core.o
  AR      fs/nls/built-in.a
  CC      fs/isofs/joliet.o
  AR      kernel/events/built-in.a
  CC      kernel/context_tracking.o
  CC      io_uring/io_uring.o
  CC      fs/isofs/compress.o
  CC      block/partitions/msdos.o
  CC      kernel/iomem.o
  AR      fs/isofs/built-in.a
  CC      fs/autofs/init.o
  CC      block/partitions/efi.o
  CC      kernel/rseq.o
  CC      fs/autofs/inode.o
  AR      block/partitions/built-in.a
  CC      block/blk-rq-qos.o
  AR      kernel/built-in.a
  CC      fs/9p/vfs_super.o
  CC      fs/autofs/root.o
  CC      block/disk-events.o
  CC      io_uring/opdef.o
  CC      fs/9p/vfs_inode.o
  CC      block/blk-ia-ranges.o
  CC      fs/autofs/symlink.o
  CC      io_uring/kbuf.o
  CC      block/early-lookup.o
  CC      fs/autofs/waitq.o
  CC      fs/9p/vfs_inode_dotl.o
  CC      io_uring/rsrc.o
  CC      block/bsg.o
  CC      fs/autofs/expire.o
  CC      fs/9p/vfs_addr.o
  CC      block/blk-cgroup.o
  CC      fs/autofs/dev-ioctl.o
  CC      fs/9p/vfs_file.o
  CC      io_uring/notif.o
  CC      block/blk-iolatency.o
  AR      fs/autofs/built-in.a
  CC      fs/9p/vfs_dir.o
  CC      block/blk-iocost.o
  CC      io_uring/tctx.o
  CC      fs/9p/vfs_dentry.o
  CC      io_uring/filetable.o
  CC      lib/argv_split.o
  CC      fs/9p/v9fs.o
  CC      lib/bug.o
  CC      block/kyber-iosched.o
  CC      io_uring/rw.o
  CC      lib/buildid.o
  CC      fs/9p/fid.o
  CC      io_uring/poll.o
  CC      lib/clz_tab.o
  CC      lib/cmdline.o
  CC      block/blk-mq-debugfs.o
  CC      fs/9p/xattr.o
  CC      lib/cpumask.o
  CC      lib/ctype.o
  CC      lib/dec_and_lock.o
  AR      fs/9p/built-in.a
  CC      fs/debugfs/inode.o
  CC      block/blk-pm.o
  CC      lib/decompress.o
  CC      lib/decompress_bunzip2.o
  CC      io_uring/tw.o
  AR      block/built-in.a
  AS      arch/x86/lib/bhi.o
  AS      arch/x86/lib/clear_page_64.o
  CC      arch/x86/lib/cmdline.o
  CC      fs/debugfs/file.o
  CC      lib/decompress_inflate.o
  AS      arch/x86/lib/cmpxchg16b_emu.o
  CC      arch/x86/lib/copy_mc.o
  CC      io_uring/wait.o
  AS      arch/x86/lib/copy_mc_64.o
  CC      lib/decompress_unlz4.o
  AS      arch/x86/lib/copy_page_64.o
  AS      arch/x86/lib/copy_user_64.o
  AS      arch/x86/lib/copy_user_uncached_64.o
  CC      arch/x86/lib/cpu.o
  AR      fs/debugfs/built-in.a
  CC      fs/tracefs/inode.o
  CC      lib/decompress_unlzma.o
  AS      arch/x86/lib/csum-copy_64.o
  CC      arch/x86/lib/csum-partial_64.o
  CC      arch/x86/lib/csum-wrappers_64.o
  CC      io_uring/eventfd.o
  CC      lib/decompress_unlzo.o
  CC      arch/x86/lib/delay.o
  CC      fs/tracefs/event_inode.o
  AS      arch/x86/lib/getuser.o
  CC      io_uring/uring_cmd.o
  CC      arch/x86/lib/inat.o
  CC      lib/decompress_unzstd.o
  CC      arch/x86/lib/insn-eval.o
  CC      lib/dump_stack.o
  AR      fs/tracefs/built-in.a
  AR      fs/built-in.a
  CC      drivers/irqchip/irq-msi-lib.o
  CC      io_uring/openclose.o
  CC      arch/x86/lib/insn.o
  AR      drivers/irqchip/built-in.a
  CC      lib/earlycpio.o
  CC      drivers/leds/led-core.o
  CC      arch/x86/lib/kaslr.o
  CC      lib/extable.o
  AS      arch/x86/lib/memcpy_64.o
  AS      arch/x86/lib/memmove_64.o
  AS      arch/x86/lib/memset_64.o
  CC      io_uring/sqpoll.o
  CC      arch/x86/lib/misc.o
  CC      arch/x86/lib/pc-conf-reg.o
  CC      lib/flex_proportions.o
  CC      drivers/leds/led-class.o
  AS      arch/x86/lib/putuser.o
  CC      arch/x86/lib/usercopy.o
  CC      lib/idr.o
  CC      arch/x86/lib/usercopy_64.o
  CC      drivers/leds/led-triggers.o
  CC      lib/iomem_copy.o
  CC      lib/irq_regs.o
  CC      io_uring/xattr.o
  CC      arch/x86/lib/msr-smp.o
  CC      lib/is_single_threaded.o
  CC      arch/x86/lib/cache-smp.o
  AR      drivers/leds/built-in.a
  CC      drivers/pci/access.o
  CC      arch/x86/lib/msr.o
  CC      lib/klist.o
  CC      io_uring/nop.o
  CC      lib/kobject.o
  CC      drivers/pci/bus.o
  AS      arch/x86/lib/msr-reg.o
  CC      arch/x86/lib/msr-reg-export.o
  CC      lib/kobject_uevent.o
  CC      io_uring/fs.o
  AS      arch/x86/lib/hweight.o
  CC      arch/x86/lib/iomem.o
  CC      drivers/pci/probe.o
  AR      arch/x86/lib/lib.a
  AR      arch/x86/lib/built-in.a
  CC      drivers/pci/host-bridge.o
  CC      io_uring/splice.o
  CC      lib/logic_pio.o
  CC      drivers/video/screen_info_generic.o
  CC      lib/maple_tree.o
  CC      drivers/video/screen_info_pci.o
  CC      io_uring/sync.o
  CC      drivers/pci/remove.o
  CC      drivers/video/console/dummycon.o
  CC      io_uring/msg_ring.o
  CC      drivers/pci/pci.o
  CC      drivers/video/console/vgacon.o
  CC      io_uring/advise.o
  AR      drivers/video/console/built-in.a
  CC      drivers/video/backlight/backlight.o
  CC      io_uring/statx.o
  AR      drivers/video/backlight/built-in.a
  AR      drivers/video/built-in.a
  CC      io_uring/timeout.o
  CC      drivers/pci/pci-driver.o
  CC      lib/memcat_p.o
  CC      net/devres.o
  CC      lib/nmi_backtrace.o
  CC      io_uring/cancel.o
  CC      lib/objpool.o
  CC      net/socket.o
  CC      drivers/pci/search.o
  CC      lib/plist.o
  CC      lib/radix-tree.o
  CC      drivers/pci/rebar.o
  CC      io_uring/waitid.o
  CC      lib/ratelimit.o
  CC      drivers/pci/rom.o
  CC      lib/rbtree.o
  CC      io_uring/register.o
  CC      lib/seq_buf.o
  CC      net/core/sock.o
  CC      drivers/pci/setup-res.o
  CC      lib/siphash.o
  CC      drivers/pci/irq.o
  CC      io_uring/truncate.o
  CC      lib/string.o
  CC      lib/sys_info.o
  CC      drivers/pci/vpd.o
  CC      io_uring/memmap.o
  CC      lib/timerqueue.o
  CC      lib/union_find.o
  CC      lib/vsprintf.o
  CC      drivers/pci/setup-bus.o
  CC      io_uring/alloc_cache.o
  CC      net/core/skbuff.o
  CC      io_uring/query.o
  CC      drivers/pci/vc.o
  CC      io_uring/loop.o
  CC      lib/win_minmax.o
  CC      drivers/pci/mmap.o
  CC      io_uring/io-wq.o
  CC      lib/xarray.o
  CC      drivers/pci/devres.o
  CC      io_uring/futex.o
  CC      drivers/pci/msi/pcidev_msi.o
  CC      lib/lockref.o
  CC      net/core/datagram.o
  CC      lib/bcd.o
  CC      lib/sort.o
  CC      lib/parser.o
  CC      drivers/pci/msi/api.o
  CC      io_uring/epoll.o
  CC      lib/debug_locks.o
  CC      lib/random32.o
  CC      drivers/pci/msi/msi.o
  CC      net/core/stream.o
  CC      io_uring/napi.o
  CC      lib/bust_spinlocks.o
  CC      drivers/pci/msi/irqdomain.o
  CC      lib/kasprintf.o
  CC      net/core/scm.o
  CC      lib/bitmap.o
  CC      io_uring/net.o
  AR      drivers/pci/msi/built-in.a
  CC      drivers/pci/pcie/aspm.o
  CC      lib/scatterlist.o
  CC      net/core/gen_stats.o
  AR      drivers/pci/pcie/built-in.a
  CC      drivers/pci/proc.o
  CC      io_uring/cmd_net.o
  CC      lib/list_sort.o
  CC      net/core/gen_estimator.o
  CC      lib/uuid.o
  CC      lib/iov_iter.o
  CC      drivers/pci/pci-sysfs.o
  CC      io_uring/fdinfo.o
  CC      net/core/net_namespace.o
  CC      io_uring/bpf_filter.o
  CC      drivers/pci/slot.o
  CC      lib/clz_ctz.o
  CC      lib/bsearch.o
  CC      net/core/secure_seq.o
  CC      drivers/pci/pci-acpi.o
  AR      io_uring/built-in.a
  CC      lib/find_bit.o
  CC      drivers/pci/iomap.o
  CC      net/core/flow_dissector.o
  CC      lib/llist.o
  CC      lib/lwq.o
  CC      lib/memweight.o
  CC      net/core/sysctl_net_core.o
  CC      lib/kfifo.o
  CC      drivers/pci/quirks.o
  CC      lib/percpu-refcount.o
  CC      drivers/pci/hotplug/pci_hotplug_core.o
  CC      net/core/dev.o
  CC      lib/rhashtable.o
  CC      drivers/pci/hotplug/acpi_pcihp.o
  CC      drivers/acpi/tables.o
  CC      lib/base64.o
  AR      drivers/pci/hotplug/built-in.a
  CC      drivers/pci/ats.o
  CC      lib/once.o
  CC      drivers/acpi/osi.o
  CC      lib/refcount.o
  CC      drivers/pci/pci-label.o
  CC      lib/rcuref.o
  CC      drivers/acpi/osl.o
  CC      lib/usercopy.o
  CC      drivers/pci/vgaarb.o
  CC      lib/errseq.o
  CC      lib/bucket_locks.o
  CC      drivers/acpi/utils.o
  CC      lib/generic-radix-tree.o
  CC      drivers/pci/setup-cardbus.o
  CC      lib/bitmap-str.o
  CC      drivers/acpi/reboot.o
  CC      drivers/pci/trace.o
  CC      lib/string_helpers.o
  CC      drivers/acpi/nvs.o
  CC      net/core/dev_api.o
  CC      lib/hexdump.o
  AR      drivers/pci/built-in.a
  CC      net/compat.o
  CC      drivers/acpi/wakeup.o
  CC      lib/kstrtox.o
  CC      net/core/dev_addr_lists.o
  CC      drivers/acpi/sleep.o
  CC      lib/math/div64.o
  CC      lib/math/gcd.o
  CC      lib/math/lcm.o
  CC      lib/math/int_log.o
  CC      lib/math/int_pow.o
  CC      lib/math/int_sqrt.o
  CC      net/core/dst.o
  CC      lib/math/reciprocal_div.o
  CC      lib/math/rational.o
  CC      arch/x86/pci/i386.o
  CC      drivers/acpi/device_sysfs.o
  AR      lib/math/built-in.a
  CC      lib/crc/crc16.o
  CC      arch/x86/pci/init.o
  CC      net/core/netevent.o
  CC      drivers/acpi/device_pm.o
  HOSTCC  lib/crc/gen_crc32table
  AS      lib/crc/x86/crc32-pclmul.o
  AS      lib/crc/x86/crc32c-3way.o
  GEN     lib/crc/crc32table.h
  CC      lib/crc/crc32-main.o
  CC      arch/x86/pci/mmconfig_64.o
  CC      net/core/neighbour.o
  AR      lib/crc/built-in.a
  CC      lib/crypto/hash_info.o
  CC      drivers/acpi/proc.o
  CC      arch/x86/pci/direct.o
  CC      lib/crypto/memneq.o
  CC      drivers/acpi/bus.o
  CC      arch/x86/pci/mmconfig-shared.o
  CC      lib/crypto/utils.o
  CC      lib/crypto/aes.o
  CC      drivers/acpi/glue.o
  CC      arch/x86/pci/fixup.o
  CC      net/core/rtnetlink.o
  AS      lib/crypto/x86/aes-aesni.o
  CC      lib/crypto/blake2s.o
  CC      drivers/acpi/scan.o
  CC      arch/x86/pci/acpi.o
  AS      lib/crypto/x86/blake2s-core.o
  CC      lib/crypto/chacha-block-generic.o
  CC      lib/crypto/gf128hash.o
  CC      arch/x86/pci/legacy.o
  CC      drivers/acpi/mipi-disco-img.o
  AS      lib/crypto/x86/ghash-pclmul.o
  AS      lib/crypto/x86/polyval-pclmul-avx.o
  CC      lib/crypto/sha1.o
  CC      arch/x86/pci/irq.o
  CC      drivers/acpi/resource.o
  AS      lib/crypto/x86/sha1-ssse3-and-avx.o
  AS      lib/crypto/x86/sha1-avx2-asm.o
  CC      net/core/utils.o
  AS      lib/crypto/x86/sha1-ni-asm.o
  CC      lib/crypto/sha256.o
  CC      arch/x86/pci/common.o
  CC      drivers/acpi/acpi_processor.o
  AS      lib/crypto/x86/sha256-ssse3-asm.o
  AS      lib/crypto/x86/sha256-avx-asm.o
  AS      lib/crypto/x86/sha256-avx2-asm.o
  AS      lib/crypto/x86/sha256-ni-asm.o
  CC      net/core/link_watch.o
  CC      arch/x86/pci/early.o
  CC      lib/crypto/sha512.o
  CC      drivers/acpi/processor_core.o
  CC      arch/x86/pci/bus_numa.o
  AS      lib/crypto/x86/sha512-ssse3-asm.o
  AS      lib/crypto/x86/sha512-avx-asm.o
  AS      lib/crypto/x86/sha512-avx2-asm.o
  CC      drivers/acpi/processor_pdc.o
  CC      lib/crypto/mpi/generic_mpih-lshift.o
  CC      net/core/filter.o
  CC      arch/x86/pci/amd_bus.o
  CC      drivers/acpi/ec.o
  CC      lib/crypto/mpi/generic_mpih-mul1.o
  CC      lib/crypto/mpi/generic_mpih-mul2.o
  AR      arch/x86/pci/built-in.a
  CC      net/core/sock_diag.o
  CC      drivers/acpi/dock.o
  CC      lib/crypto/mpi/generic_mpih-mul3.o
  CC      net/ethernet/eth.o
  CC      lib/crypto/mpi/generic_mpih-rshift.o
  CC      drivers/acpi/pci_root.o
  CC      lib/crypto/mpi/generic_mpih-sub1.o
  CC      drivers/acpi/pci_link.o
  AR      net/ethernet/built-in.a
  CC      drivers/pnp/core.o
  CC      lib/crypto/mpi/generic_mpih-add1.o
  CC      net/core/dev_ioctl.o
  CC      drivers/acpi/pci_irq.o
  CC      drivers/pnp/card.o
  CC      lib/crypto/mpi/mpicoder.o
  CC      drivers/acpi/acpi_apd.o
  CC      drivers/pnp/driver.o
  CC      lib/crypto/mpi/mpi-add.o
  CC      net/core/tso.o
  CC      drivers/acpi/acpi_platform.o
  CC      drivers/pnp/resource.o
  CC      lib/crypto/mpi/mpi-bit.o
  CC      net/core/sock_reuseport.o
  CC      drivers/acpi/acpi_pnp.o
  CC      lib/crypto/mpi/mpi-cmp.o
  CC      drivers/pnp/manager.o
  CC      drivers/acpi/power.o
  CC      lib/crypto/mpi/mpi-sub-ui.o
  CC      drivers/pnp/support.o
  CC      net/core/fib_notifier.o
  CC      lib/crypto/mpi/mpi-div.o
  CC      drivers/acpi/event.o
  CC      drivers/pnp/interface.o
  CC      lib/crypto/mpi/mpi-mod.o
  CC      net/core/xdp.o
  CC      drivers/acpi/evged.o
  CC      drivers/pnp/quirks.o
  CC      lib/crypto/mpi/mpi-mul.o
  CC      drivers/acpi/sysfs.o
  CC      drivers/pnp/system.o
  CC      lib/crypto/mpi/mpih-cmp.o
  CC      net/core/flow_offload.o
  CC      drivers/pnp/pnpacpi/core.o
  CC      lib/crypto/mpi/mpih-div.o
  CC      drivers/acpi/property.o
  CC      drivers/pnp/pnpacpi/rsparser.o
  CC      net/core/gro.o
  CC      lib/crypto/mpi/mpih-mul.o
  CC      drivers/acpi/debugfs.o
  AR      drivers/pnp/pnpacpi/built-in.a
  AR      drivers/pnp/built-in.a
  CC      drivers/acpi/acpi_lpat.o
  CC      lib/crypto/mpi/mpi-pow.o
  CC      lib/crypto/mpi/mpiutil.o
  CC      drivers/acpi/acpi_lpit.o
  CC      net/core/netdev-genl.o
  CC      arch/x86/power/cpu.o
  AR      lib/crypto/mpi/built-in.a
  AR      lib/crypto/built-in.a
  CC      lib/vdso/datastore.o
  CC      drivers/acpi/acpi_pcc.o
  AR      lib/vdso/built-in.a
  AR      lib/raid/raid6/built-in.a
  AR      lib/raid/built-in.a
  CC      lib/iomap.o
  CC      arch/x86/power/hibernate_64.o
  CC      drivers/acpi/acpi_mrrm.o
  CC      net/core/netdev-genl-gen.o
  AS      arch/x86/power/hibernate_asm_64.o
  CC      lib/iomap_copy.o
  CC      arch/x86/power/hibernate.o
  CC      lib/devres.o
  CC      drivers/acpi/acpica/dsargs.o
  CC      net/core/netdev_work.o
  CC      lib/interval_tree.o
  AR      arch/x86/power/built-in.a
  CC      net/core/gso.o
  CC      drivers/acpi/acpica/dscontrol.o
  CC      lib/assoc_array.o
  CC      drivers/acpi/acpica/dsdebug.o
  CC      net/core/net-sysfs.o
  CC      lib/bitrev.o
  CC      drivers/acpi/acpica/dsfield.o
  CC      drivers/acpi/ac.o
  CC      drivers/acpi/acpica/dsinit.o
  CC      lib/xxhash.o
  CC      lib/genalloc.o
  CC      drivers/acpi/acpica/dsmethod.o
  CC      drivers/acpi/button.o
  CC      net/core/hotdata.o
  CC      drivers/acpi/acpica/dsmthdat.o
  CC      lib/zlib_inflate/inffast.o
  CC      lib/zlib_inflate/inflate.o
  CC      drivers/acpi/acpica/dsobject.o
  CC      drivers/acpi/fan_core.o
  CC      lib/zlib_inflate/infutil.o
  CC      drivers/acpi/acpica/dsopcode.o
  CC      net/core/netdev_config.o
  CC      lib/zlib_inflate/inftrees.o
  CC      drivers/acpi/fan_attr.o
  CC      lib/zlib_inflate/inflate_syms.o
  CC      drivers/acpi/acpica/dspkginit.o
  CC      drivers/acpi/acpica/dsutils.o
  CC      net/core/netdev_rx_queue.o
  AR      lib/zlib_inflate/built-in.a
  CC      lib/lzo/lzo1x_compress.o
  CC      net/sched/sch_generic.o
  CC      drivers/acpi/acpica/dswexec.o
  CC      lib/lzo/lzo1x_compress_safe.o
  CC      drivers/acpi/acpica/dswload.o
  CC      net/core/netdev_queues.o
  CC      lib/lzo/lzo1x_decompress_safe.o
  CC      drivers/acpi/acpica/dswload2.o
  CC      net/sched/sch_mq.o
  CC      drivers/acpi/acpica/dswscope.o
  AR      lib/lzo/built-in.a
  CC      lib/lz4/lz4_compress.o
  CC      net/core/page_pool.o
  CC      drivers/acpi/acpica/dswstate.o
  CC      net/sched/sch_api.o
  CC      drivers/acpi/acpica/evevent.o
  CC      drivers/acpi/acpica/evgpe.o
  CC      lib/lz4/lz4_decompress.o
  CC      net/core/page_pool_user.o
  CC      drivers/acpi/acpica/evgpeblk.o
  CC      drivers/acpi/acpica/evgpeinit.o
  CC      net/sched/sch_blackhole.o
  CC      drivers/acpi/acpica/evgpeutil.o
  CC      net/core/net-procfs.o
  AR      lib/lz4/built-in.a
  CC      lib/zstd/zstd_decompress_module.o
  CC      drivers/acpi/acpica/evglock.o
  CC      net/sched/cls_api.o
  CC      lib/zstd/decompress/huf_decompress.o
  CC      drivers/acpi/acpica/evhandler.o
  CC      net/core/netpoll.o
  CC      drivers/acpi/acpica/evmisc.o
  CC      drivers/acpi/acpica/evregion.o
  CC      net/core/net-traces.o
  CC      drivers/acpi/acpica/evrgnini.o
  CC      net/sched/act_api.o
  CC      drivers/acpi/acpica/evsci.o
  CC      lib/zstd/decompress/zstd_ddict.o
  CC      lib/zstd/decompress/zstd_decompress.o
  CC      drivers/acpi/acpica/evxface.o
  CC      drivers/acpi/acpica/evxfevnt.o
  CC      lib/zstd/decompress/zstd_decompress_block.o
  CC      drivers/acpi/acpica/evxfgpe.o
  CC      net/sched/sch_fifo.o
  CC      drivers/acpi/acpica/evxfregn.o
  CC      drivers/acpi/acpica/exconcat.o
  CC      net/sched/cls_cgroup.o
  CC      drivers/acpi/acpica/exconfig.o
  CC      net/core/ptp_classifier.o
  CC      lib/zstd/zstd_common_module.o
  CC      drivers/acpi/acpica/exconvrt.o
  CC      lib/zstd/common/debug.o
  CC      lib/zstd/common/entropy_common.o
  CC      net/sched/ematch.o
  CC      drivers/acpi/acpica/excreate.o
  CC      net/core/netclassid_cgroup.o
  CC      lib/zstd/common/error_private.o
  CC      lib/zstd/common/fse_decompress.o
  CC      drivers/acpi/acpica/exdebug.o
  CC      lib/zstd/common/zstd_common.o
  AR      lib/zstd/built-in.a
  CC      lib/percpu_counter.o
  CC      drivers/acpi/acpica/exdump.o
  AR      net/sched/built-in.a
  CC      net/core/failover.o
  CC      drivers/acpi/acpica/exfield.o
  CC      drivers/acpi/acpica/exfldio.o
  CC      lib/syscall.o
  CC      drivers/acpi/acpica/exmisc.o
  CC      drivers/dma/dmaengine.o
  AR      net/core/built-in.a
  CC      drivers/acpi/acpica/exmutex.o
  CC      lib/errname.o
  CC      net/netlink/af_netlink.o
  CC      lib/nlattr.o
  CC      drivers/acpi/acpica/exnames.o
  CC      drivers/acpi/acpica/exoparg1.o
  CC      drivers/dma/virt-dma.o
  CC      lib/cpu_rmap.o
  CC      drivers/acpi/acpica/exoparg2.o
  CC      lib/dynamic_queue_limits.o
  CC      drivers/dma/acpi-dma.o
  CC      drivers/acpi/acpica/exoparg3.o
  CC      net/netlink/genetlink.o
  CC      drivers/acpi/acpica/exoparg6.o
  CC      drivers/dma/dw/core.o
  CC      lib/glob.o
  CC      drivers/acpi/acpica/exprep.o
  CC      drivers/acpi/acpica/exregion.o
  CC      lib/dim/dim.o
  CC      net/netlink/policy.o
  CC      drivers/dma/dw/dw.o
  CC      drivers/acpi/acpica/exresnte.o
  CC      lib/dim/net_dim.o
  CC      drivers/acpi/acpica/exresolv.o
  CC      drivers/dma/dw/idma32.o
  AR      net/netlink/built-in.a
  CC      drivers/acpi/acpica/exresop.o
  CC      net/ethtool/ioctl.o
  CC      lib/dim/rdma_dim.o
  CC      drivers/dma/dw/acpi.o
  CC      drivers/acpi/acpica/exserial.o
  AR      lib/dim/built-in.a
  CC      lib/strncpy_from_user.o
  CC      drivers/acpi/acpica/exstore.o
  AR      drivers/dma/dw/built-in.a
  CC      drivers/dma/hsu/hsu.o
  CC      drivers/acpi/acpica/exstoren.o
  CC      lib/strnlen_user.o
  CC      drivers/acpi/acpica/exstorob.o
  AR      drivers/dma/hsu/built-in.a
  AR      drivers/dma/built-in.a
  CC      drivers/acpi/acpica/exsystem.o
  CC      lib/net_utils.o
  CC      net/ethtool/common.o
  CC      drivers/acpi/fan_hwmon.o
  CC      drivers/acpi/acpica/extrace.o
  CC      lib/sg_pool.o
  CC      drivers/acpi/acpica/exutils.o
  CC      net/netfilter/core.o
  CC      drivers/acpi/acpica/hwacpi.o
  CC      net/ethtool/netlink.o
  CC      lib/stackdepot.o
  CC      drivers/acpi/acpica/hwesleep.o
  CC      net/netfilter/nf_log.o
  CC      drivers/acpi/acpica/hwgpe.o
  CC      lib/asn1_decoder.o
  CC      net/ethtool/bitset.o
  CC      drivers/acpi/acpica/hwregs.o
  CC      lib/fonts/fonts.o
  CC      net/netfilter/nf_queue.o
  CC      drivers/acpi/acpica/hwsleep.o
  CC      lib/fonts/font_8x16.o
  CC      drivers/acpi/acpica/hwvalid.o
  CC      net/ethtool/strset.o
  AR      lib/fonts/built-in.a
  CC      lib/oid_registry.o
  CC      drivers/acpi/acpica/hwxface.o
  CC      net/netfilter/nf_sockopt.o
  CC      drivers/acpi/acpica/hwxfsleep.o
  CC      lib/ucs2_string.o
  CC      net/ethtool/linkinfo.o
  CC      drivers/acpi/acpica/hwpci.o
  CC      net/netfilter/utils.o
  CC      lib/sbitmap.o
  CC      drivers/acpi/acpica/nsaccess.o
  CC      net/ethtool/linkmodes.o
  CC      drivers/acpi/acpica/nsalloc.o
  CC      lib/group_cpus.o
  AR      net/netfilter/built-in.a
  CC      drivers/acpi/acpica/nsarguments.o
  CC      net/unix/af_unix.o
  CC      net/ethtool/rss.o
  CC      lib/fw_table.o
  CC      drivers/acpi/acpica/nsconvert.o
  CC      drivers/acpi/acpica/nsdump.o
  AR      lib/lib.a
  AR      lib/built-in.a
  CC      drivers/acpi/processor_driver.o
  CC      drivers/acpi/acpica/nseval.o
  CC      net/ethtool/linkstate.o
  CC      drivers/acpi/acpica/nsinit.o
  CC      drivers/virtio/virtio.o
  CC      net/unix/garbage.o
  CC      drivers/acpi/acpica/nsload.o
  CC      net/ethtool/debug.o
  CC      drivers/virtio/virtio_ring.o
  CC      drivers/acpi/acpica/nsnames.o
  CC      net/unix/sysctl_net_unix.o
  CC      drivers/acpi/acpica/nsobject.o
  CC      net/ethtool/wol.o
  CC      drivers/acpi/acpica/nsparse.o
  CC      drivers/acpi/acpica/nspredef.o
  AR      net/unix/built-in.a
  CC      net/ipv6/addrconf_core.o
  CC      net/ethtool/features.o
  CC      drivers/acpi/acpica/nsprepkg.o
  CC      drivers/virtio/virtio_anchor.o
  CC      drivers/acpi/acpica/nsrepair.o
  CC      net/ipv6/exthdrs_core.o
  CC      drivers/virtio/virtio_pci_modern_dev.o
  CC      net/ethtool/privflags.o
  CC      drivers/acpi/acpica/nsrepair2.o
  CC      drivers/acpi/acpica/nssearch.o
  CC      drivers/virtio/virtio_pci_legacy_dev.o
  CC      net/ipv6/ip6_checksum.o
  CC      net/ethtool/rings.o
  CC      drivers/acpi/acpica/nsutils.o
  CC      drivers/virtio/virtio_pci_modern.o
  CC      drivers/acpi/acpica/nswalk.o
  CC      net/ipv6/ip6_icmp.o
  CC      drivers/acpi/acpica/nsxfeval.o
  CC      drivers/virtio/virtio_pci_common.o
  CC      net/ethtool/channels.o
  CC      drivers/acpi/acpica/nsxfname.o
  CC      drivers/virtio/virtio_pci_legacy.o
  AR      net/ipv6/built-in.a
  CC      drivers/acpi/acpica/nsxfobj.o
  CC      net/ethtool/coalesce.o
  CC      drivers/acpi/processor_thermal.o
  CC      drivers/acpi/acpica/psargs.o
  CC      drivers/virtio/virtio_pci_admin_legacy_io.o
  CC      drivers/tty/tty_io.o
  CC      drivers/acpi/acpica/psloop.o
  CC      net/ethtool/pause.o
  CC      drivers/virtio/virtio_input.o
  CC      drivers/acpi/acpica/psobject.o
  AR      drivers/virtio/built-in.a
  CC      drivers/acpi/acpica/psopcode.o
  CC      drivers/tty/n_tty.o
  CC      net/ethtool/eee.o
  CC      net/packet/af_packet.o
  CC      drivers/acpi/acpica/psopinfo.o
  CC      drivers/acpi/acpica/psparse.o
  CC      drivers/tty/tty_ioctl.o
  CC      net/ethtool/tsinfo.o
  CC      drivers/acpi/acpica/psscope.o
  CC      drivers/tty/tty_ldisc.o
  CC      net/ethtool/cabletest.o
  CC      drivers/acpi/acpica/pstree.o
  AR      net/packet/built-in.a
  CC      drivers/tty/tty_buffer.o
  CC      drivers/acpi/acpica/psutils.o
  CC      drivers/tty/tty_port.o
  AR      net/wireless/built-in.a
  CC      net/ethtool/tunnels.o
  CC      drivers/acpi/acpica/pswalk.o
  CC      net/rfkill/core.o
  CC      drivers/acpi/acpica/psxface.o
  CC      net/rfkill/input.o
  CC      net/ethtool/fec.o
  CC      drivers/tty/tty_mutex.o
  CC      drivers/acpi/acpica/rsaddr.o
  AR      net/rfkill/built-in.a
  CC      drivers/acpi/acpica/rscalc.o
  CC      drivers/tty/tty_ldsem.o
  CC      net/9p/mod.o
  CC      net/ethtool/eeprom.o
  CC      drivers/acpi/acpica/rscreate.o
  CC      drivers/tty/tty_baudrate.o
  CC      net/9p/client.o
  CC      drivers/acpi/acpica/rsdumpinfo.o
  CC      drivers/acpi/acpica/rsinfo.o
  CC      drivers/tty/tty_jobctrl.o
  CC      net/ethtool/stats.o
  CC      drivers/acpi/acpica/rsio.o
  CC      drivers/tty/n_null.o
  CC      drivers/acpi/acpica/rsirq.o
  CC      net/9p/error.o
  CC      drivers/acpi/acpica/rslist.o
  CC      drivers/tty/pty.o
  CC      net/ethtool/phc_vclocks.o
  CC      drivers/acpi/acpica/rsmemory.o
  CC      net/9p/protocol.o
  CC      drivers/acpi/acpica/rsmisc.o
  CC      drivers/tty/tty_audit.o
  CC      net/ethtool/mm.o
  CC      drivers/acpi/acpica/rsserial.o
  CC      net/9p/trans_common.o
  CC      drivers/tty/sysrq.o
  CC      drivers/acpi/acpica/rsutils.o
  CC      net/9p/trans_fd.o
  CC      net/ethtool/module.o
  CC      drivers/acpi/acpica/rsxface.o
  CC      drivers/tty/vt/vt_ioctl.o
  CC      drivers/acpi/acpica/tbdata.o
  CC      net/ethtool/cmis_fw_update.o
  AR      net/9p/built-in.a
  CC      drivers/acpi/acpica/tbfadt.o
  CC      drivers/tty/hvc/hvc_console.o
  CC      drivers/tty/vt/vc_screen.o
  CC      drivers/acpi/acpica/tbfind.o
  AR      drivers/tty/hvc/built-in.a
  CC      net/ethtool/cmis_cdb.o
  CC      drivers/acpi/acpica/tbinstal.o
  CC      drivers/char/mem.o
  CC      drivers/tty/vt/selection.o
  CC      drivers/acpi/acpica/tbprint.o
  CC      drivers/acpi/acpica/tbutils.o
  CC      drivers/char/random.o
  CC      net/ethtool/pse-pd.o
  CC      drivers/tty/vt/keyboard.o
  CC      drivers/acpi/acpica/tbxface.o
  CC      drivers/acpi/acpica/tbxfload.o
  CC      net/ethtool/plca.o
  CC      drivers/char/misc.o
  CC      drivers/acpi/acpica/tbxfroot.o
  CC      drivers/tty/vt/vt.o
  CC      drivers/acpi/acpica/utaddress.o
  CC      drivers/char/virtio_console.o
  CC      net/ethtool/phy.o
  CC      drivers/acpi/acpica/utalloc.o
  CC      drivers/acpi/acpica/utascii.o
  CC      drivers/char/hpet.o
  CC      drivers/acpi/acpica/utbuffer.o
  CC      net/ethtool/tsconfig.o
  CC      drivers/tty/vt/defkeymap.o
  CC      drivers/acpi/acpica/utcksum.o
  CC      drivers/tty/vt/consolemap.o
  CC      drivers/acpi/acpica/utcopy.o
  CC      drivers/char/nvram.o
  CC      net/ethtool/mse.o
  CC      drivers/acpi/acpica/utexcep.o
  HOSTCC  drivers/tty/vt/conmakehash
  COPY    drivers/tty/vt/ucs_width_table.h
  CONMK   drivers/tty/vt/consolemap_deftbl.c
  CC      drivers/tty/vt/ucs.o
  CC      drivers/char/hw_random/core.o
  CC      drivers/acpi/acpica/utdebug.o
  CC      drivers/tty/vt/consolemap_deftbl.o
  AR      drivers/tty/vt/built-in.a
  CC      drivers/tty/serial/serial_core.o
  AR      net/ethtool/built-in.a
  CC      net/sysctl_net.o
  CC      drivers/acpi/acpica/utdecode.o
  CC      drivers/char/hw_random/via-rng.o
  CC      drivers/acpi/acpica/utdelete.o
  AR      drivers/char/hw_random/built-in.a
  CC      net/dns_resolver/dns_key.o
  CC      drivers/char/agp/backend.o
  CC      drivers/acpi/acpica/uterror.o
  CC      drivers/acpi/acpica/uteval.o
  CC      drivers/tty/serial/serial_base_bus.o
  CC      net/dns_resolver/dns_query.o
  CC      drivers/char/agp/generic.o
  CC      drivers/acpi/acpica/utglobal.o
  CC      drivers/tty/serial/serial_ctrl.o
  CC      drivers/acpi/acpica/uthex.o
  AR      net/dns_resolver/built-in.a
  AR      net/built-in.a
  CC      drivers/acpi/acpica/utids.o
  CC      drivers/tty/serial/serial_port.o
  CC      drivers/iommu/amd/iommu.o
  CC      drivers/char/agp/isoch.o
  CC      drivers/acpi/acpica/utinit.o
  CC      drivers/acpi/acpica/utlock.o
  CC      drivers/tty/serial/earlycon.o
  CC      drivers/char/agp/amd64-agp.o
  CC      drivers/acpi/acpica/utmath.o
  CC      drivers/tty/serial/8250/8250_core.o
  CC      drivers/acpi/acpica/utmisc.o
  CC      drivers/char/agp/intel-agp.o
  CC      drivers/iommu/amd/init.o
  CC      drivers/acpi/acpica/utmutex.o
  CC      drivers/acpi/acpica/utnonansi.o
  CC      drivers/tty/serial/8250/8250_platform.o
  CC      drivers/char/agp/intel-gtt.o
  CC      drivers/acpi/acpica/utobject.o
  CC      drivers/tty/serial/8250/8250_pnp.o
  CC      drivers/acpi/acpica/utosi.o
  AR      drivers/char/agp/built-in.a
  AR      drivers/char/built-in.a
  CC      drivers/iommu/amd/quirks.o
  CC      drivers/iommu/intel/iommu.o
  CC      drivers/acpi/acpica/utownerid.o
  CC      drivers/tty/serial/8250/8250_port.o
  CC      drivers/iommu/amd/ppr.o
  CC      drivers/acpi/acpica/utpredef.o
  CC      drivers/acpi/acpica/utresdecode.o
  CC      drivers/iommu/amd/pasid.o
  CC      drivers/acpi/acpica/utresrc.o
  CC      drivers/iommu/intel/pasid.o
  CC      drivers/tty/serial/8250/8250_dma.o
  CC      drivers/acpi/acpica/utstate.o
  AR      drivers/iommu/amd/built-in.a
  CC      drivers/iommu/generic_pt/fmt/iommu_amdv1.o
  CC      drivers/acpi/acpica/utstring.o
  CC      drivers/tty/serial/8250/8250_dwlib.o
  CC      drivers/acpi/acpica/utstrsuppt.o
  CC      drivers/iommu/intel/nested.o
  CC      drivers/acpi/acpica/utstrtoul64.o
  CC      drivers/iommu/generic_pt/fmt/iommu_vtdss.o
  CC      drivers/tty/serial/8250/8250_pcilib.o
  CC      drivers/acpi/acpica/utxface.o
  CC      drivers/iommu/intel/cache.o
  CC      drivers/acpi/acpica/utxfinit.o
  CC      drivers/tty/serial/8250/8250_rsa.o
  CC      drivers/iommu/generic_pt/fmt/iommu_x86_64.o
  CC      drivers/acpi/acpica/utxferror.o
  CC      drivers/tty/serial/8250/8250_early.o
  CC      drivers/acpi/acpica/utxfmutex.o
  CC      drivers/iommu/intel/prq.o
  AR      drivers/acpi/acpica/built-in.a
  CC      drivers/acpi/processor_idle.o
  AR      drivers/iommu/generic_pt/fmt/built-in.a
  CC      drivers/acpi/processor_throttling.o
  CC      drivers/tty/serial/8250/8250_exar.o
  CC      drivers/iommu/intel/dmar.o
  CC      drivers/acpi/processor_perflib.o
  CC      drivers/tty/serial/8250/8250_lpss.o
  CC      drivers/tty/serial/8250/8250_mid.o
  CC      drivers/acpi/container.o
  CC      drivers/iommu/iommu.o
  CC      drivers/tty/serial/8250/8250_pericom.o
  CC      drivers/iommu/intel/trace.o
  CC      drivers/acpi/thermal_lib.o
  AR      drivers/tty/serial/8250/built-in.a
  AR      drivers/tty/serial/built-in.a
  AR      drivers/tty/built-in.a
  CC      drivers/iommu/iommu-pages.o
  CC      drivers/acpi/thermal.o
  CC      drivers/iommu/intel/irq_remapping.o
  CC      drivers/connector/cn_queue.o
  CC      drivers/iommu/intel/perfmon.o
  CC      drivers/acpi/platform_profile.o
  CC      drivers/connector/connector.o
  CC      drivers/iommu/iommu-traces.o
  CC      drivers/acpi/acpi_memhotplug.o
  AR      drivers/iommu/intel/built-in.a
  CC      drivers/base/component.o
  CC      drivers/acpi/ioapic.o
  CC      drivers/connector/cn_proc.o
  CC      drivers/iommu/iommu-sysfs.o
  CC      drivers/base/core.o
  CC      drivers/acpi/bgrt.o
  CC      drivers/iommu/dma-iommu.o
  AR      drivers/connector/built-in.a
  CC      drivers/block/loop.o
  CC      drivers/acpi/cppc_acpi.o
  CC      drivers/iommu/iova.o
  CC      drivers/acpi/spcr.o
  CC      drivers/base/bus.o
  CC      drivers/block/virtio_blk.o
  CC      drivers/iommu/irq_remapping.o
  CC      drivers/acpi/x86/apple.o
  CC      drivers/base/dd.o
  AR      drivers/block/built-in.a
  CC      drivers/misc/eeprom/eeprom_93cx6.o
  CC      drivers/iommu/iommu-sva.o
  CC      drivers/acpi/x86/cmos_rtc.o
  AR      drivers/misc/eeprom/built-in.a
  CC      drivers/base/syscore.o
  AR      drivers/misc/built-in.a
  CC      drivers/base/driver.o
  CC      drivers/iommu/io-pgfault.o
  CC      drivers/acpi/x86/lpss.o
  CC      drivers/base/class.o
  CC      drivers/base/platform.o
  AR      drivers/iommu/built-in.a
  CC      drivers/acpi/x86/s2idle.o
  CC      drivers/base/cpu.o
  CC      drivers/acpi/x86/utils.o
  CC      drivers/base/firmware.o
  CC      drivers/acpi/x86/blacklist.o
  CC      drivers/base/init.o
  CC      drivers/macintosh/mac_hid.o
  AR      drivers/acpi/x86/built-in.a
  AR      drivers/acpi/built-in.a
  CC      drivers/scsi/scsi.o
  CC      drivers/base/map.o
  CC      drivers/ata/libata-core.o
  AR      drivers/macintosh/built-in.a
  CC      drivers/base/devres.o
  CC      drivers/ata/libata-scsi.o
  CC      drivers/base/attribute_container.o
  CC      drivers/scsi/hosts.o
  CC      drivers/base/transport_class.o
  CC      drivers/scsi/scsi_ioctl.o
  CC      drivers/base/topology.o
  CC      drivers/net/mii.o
  CC      drivers/scsi/scsicam.o
  CC      drivers/base/container.o
  CC      drivers/ata/libata-eh.o
  CC      drivers/net/loopback.o
  CC      drivers/base/property.o
  CC      drivers/scsi/scsi_error.o
  CC      drivers/net/netconsole.o
  CC      drivers/base/cacheinfo.o
  CC      drivers/scsi/scsi_lib.o
  CC      drivers/ata/libata-transport.o
  CC      drivers/base/swnode.o
  CC      drivers/net/phy/stubs.o
  CC      drivers/ata/libata-trace.o
  CC      drivers/scsi/constants.o
  CC      drivers/base/faux.o
  CC      drivers/net/phy/mdio_bus.o
  CC      drivers/scsi/scsi_lib_dma.o
  CC      drivers/ata/libata-sata.o
  CC      drivers/base/auxiliary.o
  CC      drivers/scsi/scsi_scan.o
  CC      drivers/net/phy/phy.o
  CC      drivers/base/devtmpfs.o
  CC      drivers/ata/libata-sff.o
  CC      drivers/scsi/scsi_sysfs.o
  CC      drivers/base/power/sysfs.o
  CC      drivers/net/phy/phy-c45.o
  CC      drivers/base/power/generic_ops.o
  CC      drivers/ata/libata-pmp.o
  CC      drivers/scsi/scsi_devinfo.o
  CC      drivers/base/power/common.o
  CC      drivers/net/phy/phy-core.o
  CC      drivers/scsi/scsi_sysctl.o
  CC      drivers/ata/libata-acpi.o
  CC      drivers/base/power/qos.o
  CC      drivers/scsi/scsi_debugfs.o
  CC      drivers/net/phy/phy_device.o
  CC      drivers/ata/libata-pata-timings.o
  CC      drivers/base/power/runtime.o
  CC      drivers/scsi/scsi_trace.o
  CC      drivers/ata/ahci.o
  CC      drivers/scsi/scsi_logging.o
  CC      drivers/base/power/wakeirq.o
  CC      drivers/net/phy/linkmode.o
  CC      drivers/ata/libahci.o
  CC      drivers/scsi/scsi_pm.o
  CC      drivers/base/power/main.o
  CC      drivers/net/phy/phy_link_topology.o
  CC      drivers/scsi/scsi_bsg.o
  CC      drivers/ata/ata_piix.o
  CC      drivers/base/power/wakeup.o
  CC      drivers/scsi/scsi_common.o
  CC      drivers/net/phy/phy_caps.o
  CC      drivers/scsi/sd.o
  CC      drivers/ata/pata_amd.o
  CC      drivers/base/power/wakeup_stats.o
  CC      drivers/net/phy/mdio_bus_provider.o
  AR      drivers/base/power/built-in.a
  CC      drivers/base/firmware_loader/main.o
  CC      drivers/ata/pata_oldpiix.o
  CC      drivers/net/phy/phy_port.o
  CC      drivers/scsi/sr.o
  CC      drivers/ata/pata_sch.o
  CC      drivers/base/firmware_loader/builtin/main.o
  CC      drivers/net/phy/mdio_device.o
  AR      drivers/base/firmware_loader/builtin/built-in.a
  AR      drivers/base/firmware_loader/built-in.a
  CC      drivers/base/module.o
  CC      drivers/scsi/sr_ioctl.o
  AR      drivers/ata/built-in.a
  AR      drivers/firewire/built-in.a
  CC      drivers/net/phy/mdio_devres.o
  CC      drivers/base/auxiliary_sysfs.o
  CC      drivers/scsi/sr_vendor.o
  CC      drivers/base/platform-msi.o
  CC      drivers/net/phy/phy_package.o
  CC      drivers/scsi/sg.o
  CC      drivers/cdrom/cdrom.o
  CC      drivers/base/physical_location.o
  CC      drivers/net/phy/realtek/realtek_main.o
  CC      drivers/base/trace.o
  AR      drivers/scsi/built-in.a
  CC      drivers/net/mdio/acpi_mdio.o
  AR      drivers/cdrom/built-in.a
  CC      drivers/pcmcia/cs.o
  AR      drivers/base/built-in.a
  CC      drivers/net/mdio/fwnode_mdio.o
  CC      drivers/usb/common/common.o
  AR      drivers/net/phy/realtek/built-in.a
  AR      drivers/net/phy/built-in.a
  CC      drivers/usb/common/debug.o
  CC      drivers/pcmcia/socket_sysfs.o
  CC      drivers/input/serio/serio.o
  AR      drivers/net/mdio/built-in.a
  CC      drivers/net/virtio_net.o
  AR      drivers/usb/common/built-in.a
  CC      drivers/usb/core/usb.o
  CC      drivers/pcmcia/cardbus.o
  CC      drivers/input/serio/i8042.o
  CC      drivers/pcmcia/rsrc_mgr.o
  CC      drivers/usb/core/hub.o
  CC      drivers/pcmcia/yenta_socket.o
  CC      drivers/input/serio/serport.o
  CC      drivers/input/serio/libps2.o
  AR      drivers/pcmcia/built-in.a
  CC      drivers/input/input.o
  AR      drivers/input/serio/built-in.a
  CC      drivers/input/input-compat.o
  CC      drivers/usb/core/hcd.o
  AR      drivers/net/ethernet/3com/built-in.a
  AR      drivers/net/ethernet/8390/built-in.a
  AR      drivers/net/ethernet/alibaba/built-in.a
  AR      drivers/net/ethernet/cadence/built-in.a
  CC      drivers/net/ethernet/broadcom/tg3.o
  CC      drivers/input/input-mt.o
  CC      drivers/usb/core/urb.o
  CC      drivers/input/input-poller.o
  AR      drivers/net/wireless/built-in.a
  CC      drivers/usb/host/pci-quirks.o
  CC      drivers/usb/core/message.o
  CC      drivers/input/ff-core.o
  CC      drivers/usb/host/ehci-hcd.o
  CC      drivers/input/touchscreen.o
  CC      drivers/usb/core/driver.o
  CC      drivers/input/touch-overlay.o
  CC      drivers/input/ff-memless.o
  CC      drivers/usb/core/config.o
  CC      drivers/input/sparse-keymap.o
  CC      drivers/usb/host/ehci-pci.o
  CC      drivers/input/vivaldi-fmap.o
  CC      drivers/usb/core/file.o
  CC      drivers/usb/host/ohci-hcd.o
  CC      drivers/input/input-leds.o
  CC      drivers/usb/core/buffer.o
  AR      drivers/net/ethernet/broadcom/built-in.a
  AR      drivers/net/ethernet/dec/tulip/built-in.a
  CC      drivers/input/evdev.o
  AR      drivers/net/ethernet/dec/built-in.a
  AR      drivers/net/ethernet/emulex/built-in.a
  CC      drivers/net/ethernet/intel/e100.o
  CC      drivers/usb/core/sysfs.o
  CC      drivers/usb/host/uhci-hcd.o
  CC      drivers/input/keyboard/atkbd.o
  CC      drivers/usb/core/endpoint.o
  CC      drivers/net/ethernet/intel/e1000e/82571.o
  CC      drivers/usb/core/devio.o
  AR      drivers/input/keyboard/built-in.a
  AR      drivers/input/built-in.a
  CC      drivers/rtc/lib.o
  CC      drivers/usb/host/xhci.o
  CC      drivers/rtc/class.o
  CC      drivers/net/ethernet/intel/e1000e/ich8lan.o
  CC      drivers/rtc/interface.o
  CC      drivers/usb/core/notify.o
  CC      drivers/usb/core/generic.o
  CC      drivers/usb/host/xhci-mem.o
  CC      drivers/rtc/nvmem.o
  CC      drivers/usb/core/quirks.o
  CC      drivers/net/ethernet/intel/e1000e/80003es2lan.o
  CC      drivers/rtc/dev.o
  CC      drivers/usb/core/devices.o
  CC      drivers/rtc/proc.o
  CC      drivers/usb/host/xhci-ext-caps.o
  CC      drivers/net/ethernet/intel/e1000e/mac.o
  CC      drivers/usb/core/phy.o
  CC      drivers/rtc/sysfs.o
  CC      drivers/usb/host/xhci-ring.o
  CC      drivers/rtc/rtc-mc146818-lib.o
  CC      drivers/usb/core/port.o
  CC      drivers/net/ethernet/intel/e1000e/manage.o
  CC      drivers/rtc/rtc-cmos.o
  CC      drivers/usb/core/trace.o
  CC      drivers/net/ethernet/intel/e1000e/nvm.o
  CC      drivers/usb/host/xhci-hub.o
  AR      drivers/rtc/built-in.a
  CC      drivers/usb/class/usblp.o
  CC      drivers/usb/core/hcd-pci.o
  CC      drivers/net/ethernet/intel/e1000e/phy.o
  AR      drivers/usb/class/built-in.a
  CC      drivers/usb/storage/scsiglue.o
  CC      drivers/usb/host/xhci-dbg.o
  CC      drivers/usb/core/usb-acpi.o
  CC      drivers/usb/storage/protocol.o
  CC      drivers/usb/host/xhci-trace.o
  AR      drivers/usb/core/built-in.a
  CC      drivers/usb/host/xhci-debugfs.o
  CC      drivers/net/ethernet/intel/e1000e/param.o
  CC      drivers/usb/storage/transport.o
  CC      drivers/net/ethernet/intel/e1000e/ethtool.o
  CC      drivers/usb/storage/usb.o
  CC      drivers/usb/host/xhci-pci.o
  CC      drivers/i2c/i2c-boardinfo.o
  CC      drivers/usb/storage/initializers.o
  CC      drivers/i2c/i2c-core-base.o
  CC      drivers/net/ethernet/intel/e1000e/netdev.o
  AR      drivers/usb/host/built-in.a
  CC      drivers/i2c/i2c-core-smbus.o
  CC      drivers/usb/storage/sierra_ms.o
  CC      drivers/usb/storage/option_ms.o
  CC      drivers/net/net_failover.o
  CC      drivers/i2c/i2c-core-acpi.o
  CC      drivers/usb/storage/usual-tables.o
  AR      drivers/i2c/busses/built-in.a
  AR      drivers/usb/storage/built-in.a
  AR      drivers/i2c/built-in.a
  AR      drivers/usb/built-in.a
  CC      drivers/net/ethernet/intel/e1000e/ptp.o
  AR      drivers/media/platform/amd/isp4/built-in.a
  AR      drivers/media/platform/amd/built-in.a
  AR      drivers/net/ethernet/marvell/built-in.a
  CC      drivers/pps/pps.o
  AR      drivers/media/platform/built-in.a
  AR      drivers/media/built-in.a
  CC      drivers/ptp/ptp_clock.o
  CC      drivers/ptp/ptp_chardev.o
  AR      drivers/net/ethernet/intel/e1000e/built-in.a
  AR      drivers/net/ethernet/intel/built-in.a
  AR      drivers/net/ethernet/mscc/built-in.a
  AR      drivers/net/ethernet/oki-semi/built-in.a
  CC      drivers/pps/kapi.o
  AR      drivers/net/ethernet/seeq/built-in.a
  AR      drivers/net/ethernet/sun/built-in.a
  AR      drivers/net/ethernet/ti/built-in.a
  AR      drivers/net/ethernet/wiznet/built-in.a
  AR      drivers/net/ethernet/pensando/built-in.a
  AR      drivers/net/ethernet/built-in.a
  AR      drivers/net/built-in.a
  CC      drivers/pps/sysfs.o
  CC      drivers/power/supply/power_supply_core.o
  CC      drivers/ptp/ptp_sysfs.o
  CC      drivers/power/supply/power_supply_sysfs.o
  AR      drivers/pps/built-in.a
  CC      drivers/hwmon/hwmon.o
  CC      drivers/ptp/ptp_vclock.o
  CC      drivers/power/supply/power_supply_leds.o
  CC      drivers/ptp/ptp_vmclock.o
  CC      drivers/power/supply/power_supply_hwmon.o
  AR      drivers/hwmon/built-in.a
  CC      drivers/thermal/thermal_core.o
  CC      drivers/cpufreq/cpufreq.o
  AR      drivers/ptp/built-in.a
  CC      drivers/thermal/thermal_sysfs.o
  AR      drivers/power/supply/built-in.a
  AR      drivers/power/built-in.a
  CC      drivers/cpufreq/freq_table.o
  CC      drivers/cpuidle/cpuidle.o
  CC      drivers/cpufreq/cpufreq_performance.o
  CC      drivers/thermal/thermal_trip.o
  CC      drivers/cpufreq/cpufreq_userspace.o
  CC      drivers/cpuidle/driver.o
  CC      drivers/thermal/thermal_helpers.o
  CC      drivers/cpuidle/governor.o
  CC      drivers/cpufreq/cpufreq_ondemand.o
  CC      drivers/thermal/thermal_thresholds.o
  CC      drivers/cpuidle/sysfs.o
  CC      drivers/cpufreq/cpufreq_governor.o
  CC      drivers/cpufreq/cpufreq_governor_attr_set.o
  CC      drivers/thermal/thermal_netlink.o
  CC      drivers/cpuidle/governors/menu.o
  CC      drivers/cpufreq/acpi-cpufreq.o
  CC      drivers/firmware/dmi_scan.o
  AR      drivers/cpuidle/governors/built-in.a
  CC      drivers/cpuidle/poll_state.o
  AR      drivers/cpuidle/built-in.a
  CC      drivers/thermal/thermal_hwmon.o
  CC      drivers/firmware/dmi-id.o
  CC      drivers/cpufreq/amd-pstate.o
  CC      drivers/firmware/memmap.o
  CC      drivers/thermal/gov_step_wise.o
  CC      drivers/cpufreq/amd-pstate-trace.o
  CC      drivers/firmware/efi/efi-bgrt.o
  CC      drivers/thermal/intel/intel_tcc.o
  CC      drivers/cpufreq/intel_pstate.o
  CC      drivers/thermal/intel/therm_throt.o
  CC      drivers/firmware/efi/efi.o
  CC      drivers/clocksource/acpi_pm.o
  CC      drivers/clocksource/i8253.o
  AR      drivers/thermal/intel/built-in.a
  AR      drivers/thermal/spacemit/built-in.a
  AR      drivers/thermal/built-in.a
  CC      drivers/firmware/efi/vars.o
  CC      drivers/firmware/efi/reboot.o
  AR      drivers/clocksource/built-in.a
  AR      drivers/hid/built-in.a
  CC      drivers/platform/x86/eeepc-laptop.o
  AR      drivers/cpufreq/built-in.a
  CC      drivers/firmware/efi/memattr.o
  CC      drivers/mailbox/mailbox.o
  CC      drivers/mailbox/pcc.o
  CC      drivers/firmware/efi/tpm.o
  AR      drivers/platform/x86/built-in.a
  AR      drivers/platform/built-in.a
  CC      drivers/firmware/efi/memmap.o
  CC      drivers/nvmem/core.o
  AR      drivers/mailbox/built-in.a
  CC      drivers/firmware/efi/esrt.o
  CC      drivers/firmware/efi/runtime-wrappers.o
  CC      drivers/firmware/efi/earlycon.o
  AR      drivers/nvmem/built-in.a
  CC      drivers/firmware/efi/libstub/alignedmem.o
  CC      drivers/firmware/efi/libstub/efi-stub-helper.o
  CC      drivers/firmware/efi/libstub/file.o
  AR      drivers/firmware/efi/built-in.a
  CC      drivers/firmware/efi/libstub/gop.o
  CC      drivers/firmware/efi/libstub/lib-cmdline.o
  CC      drivers/firmware/efi/libstub/lib-ctype.o
  CC      drivers/firmware/efi/libstub/mem.o
  CC      drivers/firmware/efi/libstub/pci.o
  CC      drivers/firmware/efi/libstub/printk.o
  CC      drivers/firmware/efi/libstub/random.o
  CC      drivers/firmware/efi/libstub/randomalloc.o
  CC      drivers/firmware/efi/libstub/secureboot.o
  CC      drivers/firmware/efi/libstub/skip_spaces.o
  CC      drivers/firmware/efi/libstub/smbios.o
  CC      drivers/firmware/efi/libstub/tpm.o
  CC      drivers/firmware/efi/libstub/vsprintf.o
  CC      drivers/firmware/efi/libstub/x86-5lvl.o
  CC      drivers/firmware/efi/libstub/x86-stub.o
  STUBCPY drivers/firmware/efi/libstub/alignedmem.stub.o
  STUBCPY drivers/firmware/efi/libstub/efi-stub-helper.stub.o
  STUBCPY drivers/firmware/efi/libstub/file.stub.o
  STUBCPY drivers/firmware/efi/libstub/gop.stub.o
  STUBCPY drivers/firmware/efi/libstub/lib-cmdline.stub.o
  STUBCPY drivers/firmware/efi/libstub/lib-ctype.stub.o
  STUBCPY drivers/firmware/efi/libstub/mem.stub.o
  STUBCPY drivers/firmware/efi/libstub/pci.stub.o
  STUBCPY drivers/firmware/efi/libstub/printk.stub.o
  STUBCPY drivers/firmware/efi/libstub/random.stub.o
  STUBCPY drivers/firmware/efi/libstub/randomalloc.stub.o
  STUBCPY drivers/firmware/efi/libstub/secureboot.stub.o
  STUBCPY drivers/firmware/efi/libstub/skip_spaces.stub.o
  STUBCPY drivers/firmware/efi/libstub/smbios.stub.o
  STUBCPY drivers/firmware/efi/libstub/tpm.stub.o
  STUBCPY drivers/firmware/efi/libstub/vsprintf.stub.o
  STUBCPY drivers/firmware/efi/libstub/x86-5lvl.stub.o
  STUBCPY drivers/firmware/efi/libstub/x86-stub.stub.o
  AR      drivers/firmware/efi/libstub/lib.a
  AR      drivers/firmware/built-in.a
  AR      drivers/built-in.a
  AR      built-in.a
  AR      built-in-fixup.a
  COPY    vmlinux.a
  LD      vmlinux.o
  MODPOST vmlinux.symvers
  CC      .vmlinux.export.o
  UPD     include/generated/utsversion.h
  CC      init/version-timestamp.o
  KSYMS   .tmp_vmlinux0.kallsyms.S
  AS      .tmp_vmlinux0.kallsyms.o
  LD      .tmp_vmlinux1
  NM      .tmp_vmlinux1.syms
  KSYMS   .tmp_vmlinux1.kallsyms.S
  AS      .tmp_vmlinux1.kallsyms.o
  LD      .tmp_vmlinux2
  NM      .tmp_vmlinux2.syms
  KSYMS   .tmp_vmlinux2.kallsyms.S
  AS      .tmp_vmlinux2.kallsyms.o
  LD      vmlinux.unstripped
  NM      System.map
  SORTTAB vmlinux.unstripped
  OBJCOPY vmlinux
  GEN     modules.builtin.modinfo
  GEN     modules.builtin
  CC      arch/x86/boot/a20.o
  AS      arch/x86/boot/bioscall.o
  CC      arch/x86/boot/cmdline.o
  AS      arch/x86/boot/copy.o
  HOSTCC  arch/x86/boot/mkcpustr
  CC      arch/x86/boot/cpuflags.o
  CC      arch/x86/boot/cpucheck.o
  CC      arch/x86/boot/early_serial_console.o
  CC      arch/x86/boot/edd.o
  CC      arch/x86/boot/main.o
  CC      arch/x86/boot/memory.o
  CC      arch/x86/boot/pm.o
  LDS     arch/x86/boot/compressed/vmlinux.lds
  AS      arch/x86/boot/compressed/kernel_info.o
  AS      arch/x86/boot/compressed/head_64.o
  VOFFSET arch/x86/boot/compressed/../voffset.h
  AS      arch/x86/boot/pmjump.o
  CC      arch/x86/boot/compressed/string.o
  CC      arch/x86/boot/compressed/cmdline.o
  CC      arch/x86/boot/compressed/error.o
  CC      arch/x86/boot/printf.o
  CC      arch/x86/boot/regs.o
  OBJCOPY arch/x86/boot/compressed/vmlinux.bin
  RELOCS  arch/x86/boot/compressed/vmlinux.relocs
  HOSTCC  arch/x86/boot/compressed/mkpiggy
  CC      arch/x86/boot/compressed/cpuflags.o
  CC      arch/x86/boot/string.o
  CC      arch/x86/boot/tty.o
  CC      arch/x86/boot/compressed/early_serial_console.o
  CC      arch/x86/boot/video.o
  CC      arch/x86/boot/compressed/kaslr.o
  CC      arch/x86/boot/compressed/ident_map_64.o
  CC      arch/x86/boot/video-mode.o
  CC      arch/x86/boot/version.o
  CC      arch/x86/boot/compressed/idt_64.o
  AS      arch/x86/boot/compressed/idt_handlers_64.o
  CC      arch/x86/boot/video-vga.o
  CC      arch/x86/boot/compressed/pgtable_64.o
  CC      arch/x86/boot/video-vesa.o
  CC      arch/x86/boot/video-bios.o
  CC      arch/x86/boot/compressed/acpi.o
  CPUSTR  arch/x86/boot/cpustr.h
  CC      arch/x86/boot/cpu.o
  CC      arch/x86/boot/compressed/efi.o
  CC      arch/x86/boot/compressed/misc.o
  GZIP    arch/x86/boot/compressed/vmlinux.bin.gz
  MKPIGGY arch/x86/boot/compressed/piggy.S
  AS      arch/x86/boot/compressed/piggy.o
  LD      arch/x86/boot/compressed/vmlinux
  ZOFFSET arch/x86/boot/zoffset.h
  OBJCOPY arch/x86/boot/vmlinux.bin
  AS      arch/x86/boot/header.o
  LD      arch/x86/boot/setup.elf
  OBJCOPY arch/x86/boot/setup.bin
  BUILD   arch/x86/boot/bzImage
Kernel: arch/x86/boot/bzImage is ready  (#4)
make[4]: Leaving directory '/home/benni/git/kernel-test-stable/build/randdefconfig-x86_64'
make[3]: Leaving directory '/home/benni/git/linux-stable'
